{ "K-Best 1 Pemberton Belief": 3.592481, "K-Best 3 Pemberton Belief": 3.592481, "K-Best 5 Pemberton Belief": 3.592481, "K-Best 7 Pemberton Belief": 3.592481, "Cserna Pemberton Belief": 3.592481, "K-Best 1": 3.592481, "K-Best 3": 3.592481, "K-Best 5": 3.592481, "K-Best 7": 3.592481, "Cserna": 3.592481, "Bellman": 3.592481, "Minimin": 3.592481, "Nancy": 3.592481, "Lookahead": 15 }