{ "K-Best 1 Pemberton Belief": 3.508251, "K-Best 3 Pemberton Belief": 3.508251, "K-Best 5 Pemberton Belief": 3.508251, "K-Best 7 Pemberton Belief": 3.508251, "Cserna Pemberton Belief": 3.508251, "K-Best 1": 3.508251, "K-Best 3": 3.508251, "K-Best 5": 3.508251, "K-Best 7": 3.508251, "Cserna": 3.508251, "Bellman": 3.508251, "Minimin": 3.508251, "Nancy": 3.508251, "Lookahead": 15 }