{ "K-Best 1 Pemberton Belief": 4.311756, "K-Best 3 Pemberton Belief": 4.311756, "K-Best 5 Pemberton Belief": 4.311756, "K-Best 7 Pemberton Belief": 4.311756, "Cserna Pemberton Belief": 4.311756, "K-Best 1": 4.311756, "K-Best 3": 4.311756, "K-Best 5": 4.311756, "K-Best 7": 4.311756, "Cserna": 4.311756, "Bellman": 4.311756, "Minimin": 4.311756, "Nancy": 4.311756, "Lookahead": 15 }