{ "K-Best 1 Pemberton Belief": 3.530812, "K-Best 3 Pemberton Belief": 3.530812, "K-Best 5 Pemberton Belief": 3.530812, "K-Best 7 Pemberton Belief": 3.530812, "Cserna Pemberton Belief": 3.530812, "K-Best 1": 3.530812, "K-Best 3": 3.530812, "K-Best 5": 3.530812, "K-Best 7": 3.530812, "Cserna": 3.530812, "Bellman": 3.530812, "Minimin": 3.530812, "Nancy": 3.530812, "Lookahead": 15 }