{ "K-Best 1 Pemberton Belief": 3.681426, "K-Best 3 Pemberton Belief": 3.681426, "K-Best 5 Pemberton Belief": 3.681426, "K-Best 7 Pemberton Belief": 3.681426, "Cserna Pemberton Belief": 3.681426, "K-Best 1": 3.681426, "K-Best 3": 3.681426, "K-Best 5": 3.681426, "K-Best 7": 3.681426, "Cserna": 3.681426, "Bellman": 3.681426, "Minimin": 3.681426, "Nancy": 3.681426, "Lookahead": 14 }