{ "K-Best 1 Pemberton Belief": 3.702681, "K-Best 3 Pemberton Belief": 3.702681, "K-Best 5 Pemberton Belief": 3.702681, "K-Best 7 Pemberton Belief": 3.702681, "Cserna Pemberton Belief": 3.702681, "K-Best 1": 3.702681, "K-Best 3": 3.702681, "K-Best 5": 3.702681, "K-Best 7": 3.702681, "Cserna": 3.702681, "Bellman": 3.702681, "Minimin": 3.702681, "Nancy": 3.702681, "Lookahead": 14 }