{ "K-Best 1 Pemberton Belief": 3.015625, "K-Best 3 Pemberton Belief": 3.015625, "K-Best 5 Pemberton Belief": 3.015625, "K-Best 7 Pemberton Belief": 3.015625, "Cserna Pemberton Belief": 3.015625, "K-Best 1": 3.015625, "K-Best 3": 3.015625, "K-Best 5": 3.015625, "K-Best 7": 3.015625, "Cserna": 3.015625, "Bellman": 3.015625, "Minimin": 3.015625, "Nancy": 3.015625, "Lookahead": 15 }