{ "K-Best 1 Pemberton Belief": 4.022875, "K-Best 3 Pemberton Belief": 4.022875, "K-Best 5 Pemberton Belief": 4.022875, "K-Best 7 Pemberton Belief": 4.022875, "Cserna Pemberton Belief": 4.022875, "K-Best 1": 4.022875, "K-Best 3": 4.022875, "K-Best 5": 4.022875, "K-Best 7": 4.022875, "Cserna": 4.022875, "Bellman": 4.022875, "Minimin": 4.022875, "Nancy": 4.022875, "Lookahead": 14 }