{ "K-Best 1 Pemberton Belief": 3.178887, "K-Best 3 Pemberton Belief": 3.178887, "K-Best 5 Pemberton Belief": 3.178887, "K-Best 7 Pemberton Belief": 3.178887, "Cserna Pemberton Belief": 3.178887, "K-Best 1": 3.178887, "K-Best 3": 3.178887, "K-Best 5": 3.178887, "K-Best 7": 3.178887, "Cserna": 3.178887, "Bellman": 3.178887, "Minimin": 3.178887, "Nancy": 3.178887, "Lookahead": 15 }