{ "K-Best 1 Pemberton Belief": 3.647499, "K-Best 3 Pemberton Belief": 3.647499, "K-Best 5 Pemberton Belief": 3.647499, "K-Best 7 Pemberton Belief": 3.647499, "Cserna Pemberton Belief": 3.647499, "K-Best 1": 3.647499, "K-Best 3": 3.647499, "K-Best 5": 3.647499, "K-Best 7": 3.647499, "Cserna": 3.647499, "Bellman": 3.647499, "Minimin": 3.647499, "Nancy": 3.647499, "Lookahead": 15 }