{ "K-Best 1 Pemberton Belief": 3.028873, "K-Best 3 Pemberton Belief": 3.028873, "K-Best 5 Pemberton Belief": 3.028873, "K-Best 7 Pemberton Belief": 3.028873, "Cserna Pemberton Belief": 3.028873, "K-Best 1": 3.028873, "K-Best 3": 3.028873, "K-Best 5": 3.028873, "K-Best 7": 3.028873, "Cserna": 3.028873, "Bellman": 3.028873, "Minimin": 3.028873, "Nancy": 3.028873, "Lookahead": 15 }