{ "K-Best 1 Pemberton Belief": 3.615810, "K-Best 3 Pemberton Belief": 3.615810, "K-Best 5 Pemberton Belief": 3.615810, "K-Best 7 Pemberton Belief": 3.615810, "Cserna Pemberton Belief": 3.615810, "K-Best 1": 3.615810, "K-Best 3": 3.615810, "K-Best 5": 3.615810, "K-Best 7": 3.615810, "Cserna": 3.615810, "Bellman": 3.615810, "Minimin": 3.615810, "Nancy": 3.615810, "Lookahead": 15 }