{ "K-Best 1 Pemberton Belief": 3.961703, "K-Best 3 Pemberton Belief": 3.961703, "K-Best 5 Pemberton Belief": 3.961703, "K-Best 7 Pemberton Belief": 3.961703, "Cserna Pemberton Belief": 3.961703, "K-Best 1": 3.961703, "K-Best 3": 3.961703, "K-Best 5": 3.961703, "K-Best 7": 3.961703, "Cserna": 3.961703, "Bellman": 3.961703, "Minimin": 3.961703, "Nancy": 3.961703, "Lookahead": 15 }