{ "K-Best 1 Pemberton Belief": 3.128633, "K-Best 3 Pemberton Belief": 3.128633, "K-Best 5 Pemberton Belief": 3.128633, "K-Best 7 Pemberton Belief": 3.128633, "Cserna Pemberton Belief": 3.128633, "K-Best 1": 3.128633, "K-Best 3": 3.128633, "K-Best 5": 3.128633, "K-Best 7": 3.128633, "Cserna": 3.128633, "Bellman": 3.128633, "Minimin": 3.128633, "Nancy": 3.128633, "Lookahead": 15 }