{ "K-Best 1 Pemberton Belief": 3.610083, "K-Best 3 Pemberton Belief": 3.610083, "K-Best 5 Pemberton Belief": 3.610083, "K-Best 7 Pemberton Belief": 3.610083, "Cserna Pemberton Belief": 3.610083, "K-Best 1": 3.610083, "K-Best 3": 3.610083, "K-Best 5": 3.610083, "K-Best 7": 3.610083, "Cserna": 3.610083, "Bellman": 3.610083, "Minimin": 3.610083, "Nancy": 3.610083, "Lookahead": 14 }