{ "K-Best 1 Pemberton Belief": 3.405854, "K-Best 3 Pemberton Belief": 3.405854, "K-Best 5 Pemberton Belief": 3.405854, "K-Best 7 Pemberton Belief": 3.405854, "Cserna Pemberton Belief": 3.405854, "K-Best 1": 3.405854, "K-Best 3": 3.405854, "K-Best 5": 3.405854, "K-Best 7": 3.405854, "Cserna": 3.405854, "Bellman": 3.405854, "Minimin": 3.405854, "Nancy": 3.405854, "Lookahead": 15 }