{ "K-Best 1 Pemberton Belief": 3.553838, "K-Best 3 Pemberton Belief": 3.553838, "K-Best 5 Pemberton Belief": 3.553838, "K-Best 7 Pemberton Belief": 3.553838, "Cserna Pemberton Belief": 3.553838, "K-Best 1": 3.553838, "K-Best 3": 3.553838, "K-Best 5": 3.553838, "K-Best 7": 3.553838, "Cserna": 3.553838, "Bellman": 3.553838, "Minimin": 3.553838, "Nancy": 3.553838, "Lookahead": 14 }