{ "K-Best 1 Pemberton Belief": 3.364739, "K-Best 3 Pemberton Belief": 3.364739, "K-Best 5 Pemberton Belief": 3.364739, "K-Best 7 Pemberton Belief": 3.364739, "Cserna Pemberton Belief": 3.364739, "K-Best 1": 3.364739, "K-Best 3": 3.364739, "K-Best 5": 3.364739, "K-Best 7": 3.364739, "Cserna": 3.364739, "Bellman": 3.364739, "Minimin": 3.364739, "Nancy": 3.364739, "Lookahead": 14 }