{ "K-Best 1 Pemberton Belief": 3.241077, "K-Best 3 Pemberton Belief": 3.241077, "K-Best 5 Pemberton Belief": 3.241077, "K-Best 7 Pemberton Belief": 3.241077, "Cserna Pemberton Belief": 3.241077, "K-Best 1": 3.241077, "K-Best 3": 3.241077, "K-Best 5": 3.241077, "K-Best 7": 3.241077, "Cserna": 3.241077, "Bellman": 3.241077, "Minimin": 3.241077, "Nancy": 3.241077, "Lookahead": 15 }