{ "K-Best 1 Pemberton Belief": 3.611075, "K-Best 3 Pemberton Belief": 3.611075, "K-Best 5 Pemberton Belief": 3.611075, "K-Best 7 Pemberton Belief": 3.611075, "Cserna Pemberton Belief": 3.611075, "K-Best 1": 3.611075, "K-Best 3": 3.611075, "K-Best 5": 3.611075, "K-Best 7": 3.611075, "Cserna": 3.611075, "Bellman": 3.611075, "Minimin": 3.611075, "Nancy": 3.611075, "Lookahead": 15 }