{ "K-Best 1 Pemberton Belief": 3.652997, "K-Best 3 Pemberton Belief": 3.652997, "K-Best 5 Pemberton Belief": 3.652997, "K-Best 7 Pemberton Belief": 3.652997, "Cserna Pemberton Belief": 3.652997, "K-Best 1": 3.652997, "K-Best 3": 3.652997, "K-Best 5": 3.652997, "K-Best 7": 3.652997, "Cserna": 3.652997, "Bellman": 3.652997, "Minimin": 3.652997, "Nancy": 3.652997, "Lookahead": 15 }