{ "K-Best 1 Pemberton Belief": 3.872456, "K-Best 3 Pemberton Belief": 3.872456, "K-Best 5 Pemberton Belief": 3.872456, "K-Best 7 Pemberton Belief": 3.872456, "Cserna Pemberton Belief": 3.872456, "K-Best 1": 3.872456, "K-Best 3": 3.872456, "K-Best 5": 3.872456, "K-Best 7": 3.872456, "Cserna": 3.872456, "Bellman": 3.872456, "Minimin": 3.872456, "Nancy": 3.872456, "Lookahead": 15 }