{ "K-Best 1 Pemberton Belief": 3.056906, "K-Best 3 Pemberton Belief": 3.056906, "K-Best 5 Pemberton Belief": 3.056906, "K-Best 7 Pemberton Belief": 3.056906, "Cserna Pemberton Belief": 3.056906, "K-Best 1": 3.056906, "K-Best 3": 3.056906, "K-Best 5": 3.056906, "K-Best 7": 3.056906, "Cserna": 3.056906, "Bellman": 3.056906, "Minimin": 3.056906, "Nancy": 3.056906, "Lookahead": 15 }