{ "K-Best 1 Pemberton Belief": 3.811260, "K-Best 3 Pemberton Belief": 3.811260, "K-Best 5 Pemberton Belief": 3.811260, "K-Best 7 Pemberton Belief": 3.811260, "Cserna Pemberton Belief": 3.811260, "K-Best 1": 3.811260, "K-Best 3": 3.811260, "K-Best 5": 3.811260, "K-Best 7": 3.811260, "Cserna": 3.811260, "Bellman": 3.811260, "Minimin": 3.811260, "Nancy": 3.811260, "Lookahead": 15 }