{ "K-Best 1 Pemberton Belief": 3.237716, "K-Best 3 Pemberton Belief": 3.237716, "K-Best 5 Pemberton Belief": 3.237716, "K-Best 7 Pemberton Belief": 3.237716, "Cserna Pemberton Belief": 3.237716, "K-Best 1": 3.237716, "K-Best 3": 3.237716, "K-Best 5": 3.237716, "K-Best 7": 3.237716, "Cserna": 3.237716, "Bellman": 3.237716, "Minimin": 3.237716, "Nancy": 3.237716, "Lookahead": 14 }