{ "K-Best 1 Pemberton Belief": 3.886599, "K-Best 3 Pemberton Belief": 3.886599, "K-Best 5 Pemberton Belief": 3.886599, "K-Best 7 Pemberton Belief": 3.886599, "Cserna Pemberton Belief": 3.886599, "K-Best 1": 3.886599, "K-Best 3": 3.886599, "K-Best 5": 3.886599, "K-Best 7": 3.886599, "Cserna": 3.886599, "Bellman": 3.886599, "Minimin": 3.886599, "Nancy": 3.886599, "Lookahead": 14 }