{ "K-Best 1 Pemberton Belief": 3.262624, "K-Best 3 Pemberton Belief": 3.262624, "K-Best 5 Pemberton Belief": 3.262624, "K-Best 7 Pemberton Belief": 3.262624, "Cserna Pemberton Belief": 3.262624, "K-Best 1": 3.262624, "K-Best 3": 3.262624, "K-Best 5": 3.262624, "K-Best 7": 3.262624, "Cserna": 3.262624, "Bellman": 3.262624, "Minimin": 3.262624, "Nancy": 3.262624, "Lookahead": 15 }