{ "K-Best 1 Pemberton Belief": 2.676345, "K-Best 3 Pemberton Belief": 2.676345, "K-Best 5 Pemberton Belief": 2.676345, "K-Best 7 Pemberton Belief": 2.676345, "Cserna Pemberton Belief": 2.676345, "K-Best 1": 2.676345, "K-Best 3": 2.676345, "K-Best 5": 2.676345, "K-Best 7": 2.676345, "Cserna": 2.676345, "Bellman": 2.676345, "Minimin": 2.676345, "Nancy": 2.676345, "Lookahead": 15 }