{ "K-Best 1 Pemberton Belief": 4.811328, "K-Best 3 Pemberton Belief": 4.811328, "K-Best 5 Pemberton Belief": 4.811328, "K-Best 7 Pemberton Belief": 4.811328, "Cserna Pemberton Belief": 4.811328, "K-Best 1": 4.811328, "K-Best 3": 4.811328, "K-Best 5": 4.811328, "K-Best 7": 4.811328, "Cserna": 4.811328, "Bellman": 4.811328, "Minimin": 4.811328, "Nancy": 4.811328, "Lookahead": 15 }