{ "K-Best 1 Pemberton Belief": 4.175220, "K-Best 3 Pemberton Belief": 4.175220, "K-Best 5 Pemberton Belief": 4.175220, "K-Best 7 Pemberton Belief": 4.175220, "Cserna Pemberton Belief": 4.175220, "K-Best 1": 4.175220, "K-Best 3": 4.175220, "K-Best 5": 4.175220, "K-Best 7": 4.175220, "Cserna": 4.175220, "Bellman": 4.175220, "Minimin": 4.175220, "Nancy": 4.175220, "Lookahead": 15 }