{ "K-Best 1 Pemberton Belief": 3.348291, "K-Best 3 Pemberton Belief": 3.348291, "K-Best 5 Pemberton Belief": 3.348291, "K-Best 7 Pemberton Belief": 3.348291, "Cserna Pemberton Belief": 3.348291, "K-Best 1": 3.348291, "K-Best 3": 3.348291, "K-Best 5": 3.348291, "K-Best 7": 3.348291, "Cserna": 3.348291, "Bellman": 3.348291, "Minimin": 3.348291, "Nancy": 3.348291, "Lookahead": 15 }