{ "K-Best 1 Pemberton Belief": 3.940760, "K-Best 3 Pemberton Belief": 3.940760, "K-Best 5 Pemberton Belief": 3.940760, "K-Best 7 Pemberton Belief": 3.940760, "Cserna Pemberton Belief": 3.940760, "K-Best 1": 3.940760, "K-Best 3": 3.940760, "K-Best 5": 3.940760, "K-Best 7": 3.940760, "Cserna": 3.940760, "Bellman": 3.940760, "Minimin": 3.940760, "Nancy": 3.940760, "Lookahead": 15 }