{ "K-Best 1 Pemberton Belief": 4.398493, "K-Best 3 Pemberton Belief": 4.398493, "K-Best 5 Pemberton Belief": 4.398493, "K-Best 7 Pemberton Belief": 4.398493, "Cserna Pemberton Belief": 4.398493, "K-Best 1": 4.398493, "K-Best 3": 4.398493, "K-Best 5": 4.398493, "K-Best 7": 4.398493, "Cserna": 4.398493, "Bellman": 4.398493, "Minimin": 4.398493, "Nancy": 4.398493, "Lookahead": 15 }