{ "K-Best 1 Pemberton Belief": 4.105582, "K-Best 3 Pemberton Belief": 4.105582, "K-Best 5 Pemberton Belief": 4.105582, "K-Best 7 Pemberton Belief": 4.105582, "Cserna Pemberton Belief": 4.105582, "K-Best 1": 4.105582, "K-Best 3": 4.105582, "K-Best 5": 4.105582, "K-Best 7": 4.105582, "Cserna": 4.105582, "Bellman": 4.105582, "Minimin": 4.105582, "Nancy": 4.105582, "Lookahead": 15 }