{ "K-Best 1 Pemberton Belief": 3.685516, "K-Best 3 Pemberton Belief": 3.685516, "K-Best 5 Pemberton Belief": 3.685516, "K-Best 7 Pemberton Belief": 3.685516, "Cserna Pemberton Belief": 3.685516, "K-Best 1": 3.685516, "K-Best 3": 3.685516, "K-Best 5": 3.685516, "K-Best 7": 3.685516, "Cserna": 3.685516, "Bellman": 3.685516, "Minimin": 3.685516, "Nancy": 3.685516, "Lookahead": 14 }