{ "K-Best 1 Pemberton Belief": 3.066528, "K-Best 3 Pemberton Belief": 3.066528, "K-Best 5 Pemberton Belief": 3.066528, "K-Best 7 Pemberton Belief": 3.066528, "Cserna Pemberton Belief": 3.066528, "K-Best 1": 3.066528, "K-Best 3": 3.066528, "K-Best 5": 3.066528, "K-Best 7": 3.066528, "Cserna": 3.066528, "Bellman": 3.066528, "Minimin": 3.066528, "Nancy": 3.066528, "Lookahead": 15 }