{ "K-Best 1 Pemberton Belief": 3.455605, "K-Best 3 Pemberton Belief": 3.455605, "K-Best 5 Pemberton Belief": 3.455605, "K-Best 7 Pemberton Belief": 3.455605, "Cserna Pemberton Belief": 3.455605, "K-Best 1": 3.455605, "K-Best 3": 3.455605, "K-Best 5": 3.455605, "K-Best 7": 3.455605, "Cserna": 3.455605, "Bellman": 3.455605, "Minimin": 3.455605, "Nancy": 3.455605, "Lookahead": 15 }