{ "K-Best 1 Pemberton Belief": 4.015399, "K-Best 3 Pemberton Belief": 4.015399, "K-Best 5 Pemberton Belief": 4.015399, "K-Best 7 Pemberton Belief": 4.015399, "Cserna Pemberton Belief": 4.015399, "K-Best 1": 4.015399, "K-Best 3": 4.015399, "K-Best 5": 4.015399, "K-Best 7": 4.015399, "Cserna": 4.015399, "Bellman": 4.015399, "Minimin": 4.015399, "Nancy": 4.015399, "Lookahead": 14 }