{ "K-Best 1 Pemberton Belief": 3.332495, "K-Best 3 Pemberton Belief": 3.332495, "K-Best 5 Pemberton Belief": 3.332495, "K-Best 7 Pemberton Belief": 3.332495, "Cserna Pemberton Belief": 3.332495, "K-Best 1": 3.332495, "K-Best 3": 3.332495, "K-Best 5": 3.332495, "K-Best 7": 3.332495, "Cserna": 3.332495, "Bellman": 3.332495, "Minimin": 3.332495, "Nancy": 3.332495, "Lookahead": 15 }