{ "K-Best 1 Pemberton Belief": 3.616137, "K-Best 3 Pemberton Belief": 3.616137, "K-Best 5 Pemberton Belief": 3.616137, "K-Best 7 Pemberton Belief": 3.616137, "Cserna Pemberton Belief": 3.616137, "K-Best 1": 3.616137, "K-Best 3": 3.616137, "K-Best 5": 3.616137, "K-Best 7": 3.616137, "Cserna": 3.616137, "Bellman": 3.616137, "Minimin": 3.616137, "Nancy": 3.616137, "Lookahead": 15 }