{ "K-Best 1 Pemberton Belief": 3.411955, "K-Best 3 Pemberton Belief": 3.411955, "K-Best 5 Pemberton Belief": 3.411955, "K-Best 7 Pemberton Belief": 3.411955, "Cserna Pemberton Belief": 3.411955, "K-Best 1": 3.411955, "K-Best 3": 3.411955, "K-Best 5": 3.411955, "K-Best 7": 3.411955, "Cserna": 3.411955, "Bellman": 3.411955, "Minimin": 3.411955, "Nancy": 3.411955, "Lookahead": 14 }