{ "K-Best 1 Pemberton Belief": 3.654863, "K-Best 3 Pemberton Belief": 3.654863, "K-Best 5 Pemberton Belief": 3.654863, "K-Best 7 Pemberton Belief": 3.654863, "Cserna Pemberton Belief": 3.654863, "K-Best 1": 3.654863, "K-Best 3": 3.654863, "K-Best 5": 3.654863, "K-Best 7": 3.654863, "Cserna": 3.654863, "Bellman": 3.654863, "Minimin": 3.654863, "Nancy": 3.654863, "Lookahead": 15 }