{ "K-Best 1 Pemberton Belief": 3.460125, "K-Best 3 Pemberton Belief": 3.460125, "K-Best 5 Pemberton Belief": 3.460125, "K-Best 7 Pemberton Belief": 3.460125, "Cserna Pemberton Belief": 3.460125, "K-Best 1": 3.460125, "K-Best 3": 3.460125, "K-Best 5": 3.460125, "K-Best 7": 3.460125, "Cserna": 3.460125, "Bellman": 3.460125, "Minimin": 3.460125, "Nancy": 3.460125, "Lookahead": 15 }