{ "K-Best 1 Pemberton Belief": 3.822169, "K-Best 3 Pemberton Belief": 3.822169, "K-Best 5 Pemberton Belief": 3.822169, "K-Best 7 Pemberton Belief": 3.822169, "Cserna Pemberton Belief": 3.822169, "K-Best 1": 3.822169, "K-Best 3": 3.822169, "K-Best 5": 3.822169, "K-Best 7": 3.822169, "Cserna": 3.822169, "Bellman": 3.822169, "Minimin": 3.822169, "Nancy": 3.822169, "Lookahead": 14 }