{ "K-Best 1 Pemberton Belief": 2.765907, "K-Best 3 Pemberton Belief": 2.765907, "K-Best 5 Pemberton Belief": 2.765907, "K-Best 7 Pemberton Belief": 2.765907, "Cserna Pemberton Belief": 2.765907, "K-Best 1": 2.765907, "K-Best 3": 2.765907, "K-Best 5": 2.765907, "K-Best 7": 2.765907, "Cserna": 2.765907, "Bellman": 2.765907, "Minimin": 2.765907, "Nancy": 2.765907, "Lookahead": 14 }