{ "K-Best 1 Pemberton Belief": 3.859056, "K-Best 3 Pemberton Belief": 3.859056, "K-Best 5 Pemberton Belief": 3.859056, "K-Best 7 Pemberton Belief": 3.859056, "Cserna Pemberton Belief": 3.859056, "K-Best 1": 3.859056, "K-Best 3": 3.859056, "K-Best 5": 3.859056, "K-Best 7": 3.859056, "Cserna": 3.859056, "Bellman": 3.859056, "Minimin": 3.859056, "Nancy": 3.859056, "Lookahead": 14 }