{ "K-Best 1 Pemberton Belief": 2.623836, "K-Best 3 Pemberton Belief": 2.623836, "K-Best 5 Pemberton Belief": 2.623836, "K-Best 7 Pemberton Belief": 2.623836, "Cserna Pemberton Belief": 2.623836, "K-Best 1": 2.623836, "K-Best 3": 2.623836, "K-Best 5": 2.623836, "K-Best 7": 2.623836, "Cserna": 2.623836, "Bellman": 2.623836, "Minimin": 2.623836, "Nancy": 2.623836, "Lookahead": 15 }