{ "K-Best 1 Pemberton Belief": 3.620226, "K-Best 3 Pemberton Belief": 3.620226, "K-Best 5 Pemberton Belief": 3.620226, "K-Best 7 Pemberton Belief": 3.620226, "Cserna Pemberton Belief": 3.620226, "K-Best 1": 3.620226, "K-Best 3": 3.620226, "K-Best 5": 3.620226, "K-Best 7": 3.620226, "Cserna": 3.620226, "Bellman": 3.620226, "Minimin": 3.620226, "Nancy": 3.620226, "Lookahead": 15 }