{ "K-Best 1 Pemberton Belief": 4.203601, "K-Best 3 Pemberton Belief": 4.203601, "K-Best 5 Pemberton Belief": 4.203601, "K-Best 7 Pemberton Belief": 4.203601, "Cserna Pemberton Belief": 4.298443, "K-Best 1": 4.203601, "K-Best 3": 4.203601, "K-Best 5": 4.203601, "K-Best 7": 4.203601, "Cserna": 4.298443, "Bellman": 4.203601, "Minimin": 4.203601, "Nancy": 4.203601, "Lookahead": 14 }