{ "K-Best 1 Pemberton Belief": 3.717042, "K-Best 3 Pemberton Belief": 3.717042, "K-Best 5 Pemberton Belief": 3.717042, "K-Best 7 Pemberton Belief": 3.717042, "Cserna Pemberton Belief": 3.717042, "K-Best 1": 3.717042, "K-Best 3": 3.717042, "K-Best 5": 3.717042, "K-Best 7": 3.717042, "Cserna": 3.717042, "Bellman": 3.717042, "Minimin": 3.717042, "Nancy": 3.717042, "Lookahead": 14 }