{ "K-Best 1 Pemberton Belief": 3.525749, "K-Best 3 Pemberton Belief": 3.525749, "K-Best 5 Pemberton Belief": 3.525749, "K-Best 7 Pemberton Belief": 3.525749, "Cserna Pemberton Belief": 3.525749, "K-Best 1": 3.525749, "K-Best 3": 3.525749, "K-Best 5": 3.525749, "K-Best 7": 3.525749, "Cserna": 3.525749, "Bellman": 3.525749, "Minimin": 3.525749, "Nancy": 3.525749, "Lookahead": 15 }