{ "K-Best 1 Pemberton Belief": 2.957379, "K-Best 3 Pemberton Belief": 2.957379, "K-Best 5 Pemberton Belief": 2.957379, "K-Best 7 Pemberton Belief": 2.957379, "Cserna Pemberton Belief": 2.957379, "K-Best 1": 2.957379, "K-Best 3": 2.957379, "K-Best 5": 2.957379, "K-Best 7": 2.957379, "Cserna": 2.957379, "Bellman": 2.957379, "Minimin": 2.957379, "Nancy": 2.957379, "Lookahead": 15 }