{ "K-Best 1 Pemberton Belief": 2.972819, "K-Best 3 Pemberton Belief": 2.972819, "K-Best 5 Pemberton Belief": 2.972819, "K-Best 7 Pemberton Belief": 2.972819, "Cserna Pemberton Belief": 2.972819, "K-Best 1": 2.972819, "K-Best 3": 2.972819, "K-Best 5": 2.972819, "K-Best 7": 2.972819, "Cserna": 2.972819, "Bellman": 2.972819, "Minimin": 2.972819, "Nancy": 2.972819, "Lookahead": 14 }