{ "K-Best 1 Pemberton Belief": 3.289962, "K-Best 3 Pemberton Belief": 3.289962, "K-Best 5 Pemberton Belief": 3.289962, "K-Best 7 Pemberton Belief": 3.289962, "Cserna Pemberton Belief": 3.289962, "K-Best 1": 3.289962, "K-Best 3": 3.289962, "K-Best 5": 3.289962, "K-Best 7": 3.289962, "Cserna": 3.289962, "Bellman": 3.289962, "Minimin": 3.289962, "Nancy": 3.289962, "Lookahead": 15 }