{ "K-Best 1 Pemberton Belief": 3.513731, "K-Best 3 Pemberton Belief": 3.513731, "K-Best 5 Pemberton Belief": 3.513731, "K-Best 7 Pemberton Belief": 3.513731, "Cserna Pemberton Belief": 3.513731, "K-Best 1": 3.513731, "K-Best 3": 3.513731, "K-Best 5": 3.513731, "K-Best 7": 3.513731, "Cserna": 3.513731, "Bellman": 3.513731, "Minimin": 3.513731, "Nancy": 3.513731, "Lookahead": 15 }