{ "K-Best 1 Pemberton Belief": 2.740934, "K-Best 3 Pemberton Belief": 2.740934, "K-Best 5 Pemberton Belief": 2.740934, "K-Best 7 Pemberton Belief": 2.740934, "Cserna Pemberton Belief": 2.740934, "K-Best 1": 2.740934, "K-Best 3": 2.740934, "K-Best 5": 2.740934, "K-Best 7": 2.740934, "Cserna": 2.740934, "Bellman": 2.740934, "Minimin": 2.740934, "Nancy": 2.740934, "Lookahead": 14 }