{ "K-Best 1 Pemberton Belief": 3.520294, "K-Best 3 Pemberton Belief": 3.520294, "K-Best 5 Pemberton Belief": 3.520294, "K-Best 7 Pemberton Belief": 3.520294, "Cserna Pemberton Belief": 3.520294, "K-Best 1": 3.520294, "K-Best 3": 3.520294, "K-Best 5": 3.520294, "K-Best 7": 3.520294, "Cserna": 3.520294, "Bellman": 3.520294, "Minimin": 3.520294, "Nancy": 3.520294, "Lookahead": 15 }