{ "K-Best 1 Pemberton Belief": 3.668050, "K-Best 3 Pemberton Belief": 3.668050, "K-Best 5 Pemberton Belief": 3.668050, "K-Best 7 Pemberton Belief": 3.668050, "Cserna Pemberton Belief": 3.668050, "K-Best 1": 3.668050, "K-Best 3": 3.668050, "K-Best 5": 3.668050, "K-Best 7": 3.668050, "Cserna": 3.668050, "Bellman": 3.668050, "Minimin": 3.668050, "Nancy": 3.668050, "Lookahead": 14 }