{ "K-Best 1 Pemberton Belief": 3.647401, "K-Best 3 Pemberton Belief": 3.647401, "K-Best 5 Pemberton Belief": 3.647401, "K-Best 7 Pemberton Belief": 3.647401, "Cserna Pemberton Belief": 3.647401, "K-Best 1": 3.647401, "K-Best 3": 3.647401, "K-Best 5": 3.647401, "K-Best 7": 3.647401, "Cserna": 3.647401, "Bellman": 3.647401, "Minimin": 3.647401, "Nancy": 3.647401, "Lookahead": 15 }