{ "K-Best 1 Pemberton Belief": 3.158028, "K-Best 3 Pemberton Belief": 3.158028, "K-Best 5 Pemberton Belief": 3.158028, "K-Best 7 Pemberton Belief": 3.158028, "Cserna Pemberton Belief": 3.158028, "K-Best 1": 3.158028, "K-Best 3": 3.158028, "K-Best 5": 3.158028, "K-Best 7": 3.158028, "Cserna": 3.158028, "Bellman": 3.158028, "Minimin": 3.158028, "Nancy": 3.158028, "Lookahead": 15 }