{ "K-Best 1 Pemberton Belief": 4.211062, "K-Best 3 Pemberton Belief": 4.211062, "K-Best 5 Pemberton Belief": 4.211062, "K-Best 7 Pemberton Belief": 4.211062, "Cserna Pemberton Belief": 4.211062, "K-Best 1": 4.211062, "K-Best 3": 4.211062, "K-Best 5": 4.211062, "K-Best 7": 4.211062, "Cserna": 4.211062, "Bellman": 4.211062, "Minimin": 4.211062, "Nancy": 4.211062, "Lookahead": 14 }