{ "K-Best 1 Pemberton Belief": 2.857785, "K-Best 3 Pemberton Belief": 2.857785, "K-Best 5 Pemberton Belief": 2.857785, "K-Best 7 Pemberton Belief": 2.857785, "Cserna Pemberton Belief": 2.857785, "K-Best 1": 2.857785, "K-Best 3": 2.857785, "K-Best 5": 2.857785, "K-Best 7": 2.857785, "Cserna": 2.857785, "Bellman": 2.857785, "Minimin": 2.857785, "Nancy": 2.857785, "Lookahead": 14 }