{ "K-Best 1 Pemberton Belief": 3.749723, "K-Best 3 Pemberton Belief": 3.749723, "K-Best 5 Pemberton Belief": 3.749723, "K-Best 7 Pemberton Belief": 3.749723, "Cserna Pemberton Belief": 3.749723, "K-Best 1": 3.749723, "K-Best 3": 3.749723, "K-Best 5": 3.749723, "K-Best 7": 3.749723, "Cserna": 3.749723, "Bellman": 3.749723, "Minimin": 3.749723, "Nancy": 3.749723, "Lookahead": 15 }