{ "K-Best 1 Pemberton Belief": 3.474212, "K-Best 3 Pemberton Belief": 3.474212, "K-Best 5 Pemberton Belief": 3.474212, "K-Best 7 Pemberton Belief": 3.474212, "Cserna Pemberton Belief": 3.474212, "K-Best 1": 3.474212, "K-Best 3": 3.474212, "K-Best 5": 3.474212, "K-Best 7": 3.474212, "Cserna": 3.474212, "Bellman": 3.474212, "Minimin": 3.474212, "Nancy": 3.474212, "Lookahead": 14 }