{ "K-Best 1 Pemberton Belief": 3.280445, "K-Best 3 Pemberton Belief": 3.280445, "K-Best 5 Pemberton Belief": 3.280445, "K-Best 7 Pemberton Belief": 3.280445, "Cserna Pemberton Belief": 3.280445, "K-Best 1": 3.280445, "K-Best 3": 3.280445, "K-Best 5": 3.280445, "K-Best 7": 3.280445, "Cserna": 3.280445, "Bellman": 3.280445, "Minimin": 3.280445, "Nancy": 3.280445, "Lookahead": 14 }