{ "K-Best 1 Pemberton Belief": 3.635778, "K-Best 3 Pemberton Belief": 3.635778, "K-Best 5 Pemberton Belief": 3.635778, "K-Best 7 Pemberton Belief": 3.635778, "Cserna Pemberton Belief": 3.635778, "K-Best 1": 3.635778, "K-Best 3": 3.635778, "K-Best 5": 3.635778, "K-Best 7": 3.635778, "Cserna": 3.635778, "Bellman": 3.635778, "Minimin": 3.635778, "Nancy": 3.635778, "Lookahead": 14 }