{ "K-Best 1 Pemberton Belief": 3.584498, "K-Best 3 Pemberton Belief": 3.584498, "K-Best 5 Pemberton Belief": 3.584498, "K-Best 7 Pemberton Belief": 3.584498, "Cserna Pemberton Belief": 3.584498, "K-Best 1": 3.584498, "K-Best 3": 3.584498, "K-Best 5": 3.584498, "K-Best 7": 3.584498, "Cserna": 3.584498, "Bellman": 3.584498, "Minimin": 3.584498, "Nancy": 3.584498, "Lookahead": 15 }