{ "K-Best 1 Pemberton Belief": 3.402132, "K-Best 3 Pemberton Belief": 3.402132, "K-Best 5 Pemberton Belief": 3.402132, "K-Best 7 Pemberton Belief": 3.402132, "Cserna Pemberton Belief": 3.402132, "K-Best 1": 3.402132, "K-Best 3": 3.402132, "K-Best 5": 3.402132, "K-Best 7": 3.402132, "Cserna": 3.402132, "Bellman": 3.402132, "Minimin": 3.402132, "Nancy": 3.402132, "Lookahead": 15 }