{ "K-Best 1 Pemberton Belief": 2.590055, "K-Best 3 Pemberton Belief": 2.590055, "K-Best 5 Pemberton Belief": 2.590055, "K-Best 7 Pemberton Belief": 2.590055, "Cserna Pemberton Belief": 2.590055, "K-Best 1": 2.590055, "K-Best 3": 2.590055, "K-Best 5": 2.590055, "K-Best 7": 2.590055, "Cserna": 2.590055, "Bellman": 2.590055, "Minimin": 2.590055, "Nancy": 2.590055, "Lookahead": 15 }