{ "K-Best 1 Pemberton Belief": 3.378118, "K-Best 3 Pemberton Belief": 3.378118, "K-Best 5 Pemberton Belief": 3.378118, "K-Best 7 Pemberton Belief": 3.378118, "Cserna Pemberton Belief": 3.378118, "K-Best 1": 3.378118, "K-Best 3": 3.378118, "K-Best 5": 3.378118, "K-Best 7": 3.378118, "Cserna": 3.378118, "Bellman": 3.378118, "Minimin": 3.378118, "Nancy": 3.378118, "Lookahead": 15 }