{ "K-Best 1 Pemberton Belief": 3.290638, "K-Best 3 Pemberton Belief": 3.290638, "K-Best 5 Pemberton Belief": 3.290638, "K-Best 7 Pemberton Belief": 3.290638, "Cserna Pemberton Belief": 3.290638, "K-Best 1": 3.290638, "K-Best 3": 3.290638, "K-Best 5": 3.290638, "K-Best 7": 3.290638, "Cserna": 3.290638, "Bellman": 3.290638, "Minimin": 3.290638, "Nancy": 3.290638, "Lookahead": 15 }