{ "K-Best 1 Pemberton Belief": 3.524942, "K-Best 3 Pemberton Belief": 3.524942, "K-Best 5 Pemberton Belief": 3.524942, "K-Best 7 Pemberton Belief": 3.524942, "Cserna Pemberton Belief": 3.524942, "K-Best 1": 3.524942, "K-Best 3": 3.524942, "K-Best 5": 3.524942, "K-Best 7": 3.524942, "Cserna": 3.524942, "Bellman": 3.524942, "Minimin": 3.524942, "Nancy": 3.524942, "Lookahead": 14 }