{ "K-Best 1 Pemberton Belief": 3.938660, "K-Best 3 Pemberton Belief": 3.938660, "K-Best 5 Pemberton Belief": 3.938660, "K-Best 7 Pemberton Belief": 3.938660, "Cserna Pemberton Belief": 3.938660, "K-Best 1": 3.938660, "K-Best 3": 3.938660, "K-Best 5": 3.938660, "K-Best 7": 3.938660, "Cserna": 3.938660, "Bellman": 3.938660, "Minimin": 3.938660, "Nancy": 3.938660, "Lookahead": 15 }