{ "K-Best 1 Pemberton Belief": 3.681532, "K-Best 3 Pemberton Belief": 3.681532, "K-Best 5 Pemberton Belief": 3.681532, "K-Best 7 Pemberton Belief": 3.681532, "Cserna Pemberton Belief": 3.681532, "K-Best 1": 3.681532, "K-Best 3": 3.681532, "K-Best 5": 3.681532, "K-Best 7": 3.681532, "Cserna": 3.681532, "Bellman": 3.681532, "Minimin": 3.681532, "Nancy": 3.681532, "Lookahead": 14 }