{ "K-Best 1 Pemberton Belief": 3.483330, "K-Best 3 Pemberton Belief": 3.483330, "K-Best 5 Pemberton Belief": 3.483330, "K-Best 7 Pemberton Belief": 3.483330, "Cserna Pemberton Belief": 3.483330, "K-Best 1": 3.483330, "K-Best 3": 3.483330, "K-Best 5": 3.483330, "K-Best 7": 3.483330, "Cserna": 3.483330, "Bellman": 3.483330, "Minimin": 3.483330, "Nancy": 3.483330, "Lookahead": 15 }