{ "K-Best 1 Pemberton Belief": 3.901345, "K-Best 3 Pemberton Belief": 3.901345, "K-Best 5 Pemberton Belief": 3.901345, "K-Best 7 Pemberton Belief": 3.901345, "Cserna Pemberton Belief": 3.901345, "K-Best 1": 3.901345, "K-Best 3": 3.901345, "K-Best 5": 3.901345, "K-Best 7": 3.901345, "Cserna": 3.901345, "Bellman": 3.901345, "Minimin": 3.901345, "Nancy": 3.901345, "Lookahead": 15 }