{ "K-Best 1 Pemberton Belief": 3.981067, "K-Best 3 Pemberton Belief": 3.981067, "K-Best 5 Pemberton Belief": 3.981067, "K-Best 7 Pemberton Belief": 3.981067, "Cserna Pemberton Belief": 3.981067, "K-Best 1": 3.981067, "K-Best 3": 3.981067, "K-Best 5": 3.981067, "K-Best 7": 3.981067, "Cserna": 3.981067, "Bellman": 3.981067, "Minimin": 3.981067, "Nancy": 3.981067, "Lookahead": 15 }