{ "K-Best 1 Pemberton Belief": 4.531435, "K-Best 3 Pemberton Belief": 4.531435, "K-Best 5 Pemberton Belief": 4.531435, "K-Best 7 Pemberton Belief": 4.531435, "Cserna Pemberton Belief": 4.531435, "K-Best 1": 4.531435, "K-Best 3": 4.531435, "K-Best 5": 4.531435, "K-Best 7": 4.531435, "Cserna": 4.531435, "Bellman": 4.531435, "Minimin": 4.531435, "Nancy": 4.531435, "Lookahead": 14 }