{ "K-Best 1 Pemberton Belief": 4.114102, "K-Best 3 Pemberton Belief": 4.040255, "K-Best 5 Pemberton Belief": 4.040255, "K-Best 7 Pemberton Belief": 4.040255, "Cserna Pemberton Belief": 4.040255, "K-Best 1": 4.114102, "K-Best 3": 4.040255, "K-Best 5": 4.040255, "K-Best 7": 4.040255, "Cserna": 4.040255, "Bellman": 4.114102, "Minimin": 4.114102, "Nancy": 4.114102, "Lookahead": 14 }