{ "K-Best 1 Pemberton Belief": 3.869269, "K-Best 3 Pemberton Belief": 3.869269, "K-Best 5 Pemberton Belief": 3.869269, "K-Best 7 Pemberton Belief": 3.869269, "Cserna Pemberton Belief": 3.869269, "K-Best 1": 3.869269, "K-Best 3": 3.869269, "K-Best 5": 3.869269, "K-Best 7": 3.869269, "Cserna": 3.869269, "Bellman": 3.869269, "Minimin": 3.869269, "Nancy": 3.869269, "Lookahead": 14 }