{ "K-Best 1 Pemberton Belief": 3.600290, "K-Best 3 Pemberton Belief": 3.600290, "K-Best 5 Pemberton Belief": 3.600290, "K-Best 7 Pemberton Belief": 3.600290, "Cserna Pemberton Belief": 3.600290, "K-Best 1": 3.600290, "K-Best 3": 3.600290, "K-Best 5": 3.600290, "K-Best 7": 3.600290, "Cserna": 3.600290, "Bellman": 3.600290, "Minimin": 3.600290, "Nancy": 3.600290, "Lookahead": 15 }