{ "K-Best 1 Pemberton Belief": 2.506607, "K-Best 3 Pemberton Belief": 2.506607, "K-Best 5 Pemberton Belief": 2.506607, "K-Best 7 Pemberton Belief": 2.506607, "Cserna Pemberton Belief": 2.506607, "K-Best 1": 2.506607, "K-Best 3": 2.506607, "K-Best 5": 2.506607, "K-Best 7": 2.506607, "Cserna": 2.506607, "Bellman": 2.506607, "Minimin": 2.506607, "Nancy": 2.506607, "Lookahead": 15 }