{ "K-Best 1 Pemberton Belief": 3.003959, "K-Best 3 Pemberton Belief": 3.003959, "K-Best 5 Pemberton Belief": 3.003959, "K-Best 7 Pemberton Belief": 3.003959, "Cserna Pemberton Belief": 3.003959, "K-Best 1": 3.003959, "K-Best 3": 3.003959, "K-Best 5": 3.003959, "K-Best 7": 3.003959, "Cserna": 3.003959, "Bellman": 3.003959, "Minimin": 3.003959, "Nancy": 3.003959, "Lookahead": 15 }