{ "K-Best 1 Pemberton Belief": 3.918234, "K-Best 3 Pemberton Belief": 3.918234, "K-Best 5 Pemberton Belief": 3.918234, "K-Best 7 Pemberton Belief": 3.918234, "Cserna Pemberton Belief": 3.918234, "K-Best 1": 3.918234, "K-Best 3": 3.918234, "K-Best 5": 3.918234, "K-Best 7": 3.918234, "Cserna": 3.918234, "Bellman": 3.918234, "Minimin": 3.918234, "Nancy": 3.918234, "Lookahead": 15 }