{ "K-Best 1 Pemberton Belief": 3.348587, "K-Best 3 Pemberton Belief": 3.348587, "K-Best 5 Pemberton Belief": 3.348587, "K-Best 7 Pemberton Belief": 3.348587, "Cserna Pemberton Belief": 3.348587, "K-Best 1": 3.348587, "K-Best 3": 3.348587, "K-Best 5": 3.348587, "K-Best 7": 3.348587, "Cserna": 3.348587, "Bellman": 3.348587, "Minimin": 3.348587, "Nancy": 3.348587, "Lookahead": 14 }