{ "K-Best 1 Pemberton Belief": 3.522820, "K-Best 3 Pemberton Belief": 3.522820, "K-Best 5 Pemberton Belief": 3.522820, "K-Best 7 Pemberton Belief": 3.522820, "Cserna Pemberton Belief": 3.522820, "K-Best 1": 3.522820, "K-Best 3": 3.522820, "K-Best 5": 3.522820, "K-Best 7": 3.522820, "Cserna": 3.522820, "Bellman": 3.522820, "Minimin": 3.522820, "Nancy": 3.522820, "Lookahead": 15 }