{ "K-Best 1 Pemberton Belief": 3.393787, "K-Best 3 Pemberton Belief": 3.393787, "K-Best 5 Pemberton Belief": 3.393787, "K-Best 7 Pemberton Belief": 3.393787, "Cserna Pemberton Belief": 3.393787, "K-Best 1": 3.393787, "K-Best 3": 3.393787, "K-Best 5": 3.393787, "K-Best 7": 3.393787, "Cserna": 3.393787, "Bellman": 3.393787, "Minimin": 3.393787, "Nancy": 3.393787, "Lookahead": 15 }