{ "K-Best 1 Pemberton Belief": 4.036982, "K-Best 3 Pemberton Belief": 4.099149, "K-Best 5 Pemberton Belief": 4.099149, "K-Best 7 Pemberton Belief": 4.099149, "Cserna Pemberton Belief": 4.099149, "K-Best 1": 4.036982, "K-Best 3": 4.099149, "K-Best 5": 4.099149, "K-Best 7": 4.099149, "Cserna": 4.099149, "Bellman": 4.036982, "Minimin": 4.036982, "Nancy": 4.036982, "Lookahead": 14 }