{ "K-Best 1 Pemberton Belief": 2.647974, "K-Best 3 Pemberton Belief": 2.647974, "K-Best 5 Pemberton Belief": 2.647974, "K-Best 7 Pemberton Belief": 2.647974, "Cserna Pemberton Belief": 2.647974, "K-Best 1": 2.647974, "K-Best 3": 2.647974, "K-Best 5": 2.647974, "K-Best 7": 2.647974, "Cserna": 2.647974, "Bellman": 2.647974, "Minimin": 2.647974, "Nancy": 2.647974, "Lookahead": 15 }