{ "K-Best 1 Pemberton Belief": 3.930703, "K-Best 3 Pemberton Belief": 3.930703, "K-Best 5 Pemberton Belief": 3.930703, "K-Best 7 Pemberton Belief": 3.930703, "Cserna Pemberton Belief": 3.930703, "K-Best 1": 3.930703, "K-Best 3": 3.930703, "K-Best 5": 3.930703, "K-Best 7": 3.930703, "Cserna": 3.930703, "Bellman": 3.930703, "Minimin": 3.930703, "Nancy": 3.930703, "Lookahead": 14 }