{ "K-Best 1 Pemberton Belief": 3.337786, "K-Best 3 Pemberton Belief": 3.337786, "K-Best 5 Pemberton Belief": 3.337786, "K-Best 7 Pemberton Belief": 3.337786, "Cserna Pemberton Belief": 3.337786, "K-Best 1": 3.337786, "K-Best 3": 3.337786, "K-Best 5": 3.337786, "K-Best 7": 3.337786, "Cserna": 3.337786, "Bellman": 3.337786, "Minimin": 3.337786, "Nancy": 3.337786, "Lookahead": 15 }