{ "K-Best 1 Pemberton Belief": 3.054024, "K-Best 3 Pemberton Belief": 3.054024, "K-Best 5 Pemberton Belief": 3.054024, "K-Best 7 Pemberton Belief": 3.054024, "Cserna Pemberton Belief": 3.054024, "K-Best 1": 3.054024, "K-Best 3": 3.054024, "K-Best 5": 3.054024, "K-Best 7": 3.054024, "Cserna": 3.054024, "Bellman": 3.054024, "Minimin": 3.054024, "Nancy": 3.054024, "Lookahead": 14 }