{ "K-Best 1 Pemberton Belief": 4.108766, "K-Best 3 Pemberton Belief": 4.108766, "K-Best 5 Pemberton Belief": 4.108766, "K-Best 7 Pemberton Belief": 4.108766, "Cserna Pemberton Belief": 4.108766, "K-Best 1": 4.108766, "K-Best 3": 4.108766, "K-Best 5": 4.108766, "K-Best 7": 4.108766, "Cserna": 4.108766, "Bellman": 4.108766, "Minimin": 4.108766, "Nancy": 4.108766, "Lookahead": 14 }