{ "K-Best 1 Pemberton Belief": 3.783864, "K-Best 3 Pemberton Belief": 3.783864, "K-Best 5 Pemberton Belief": 3.783864, "K-Best 7 Pemberton Belief": 3.783864, "Cserna Pemberton Belief": 3.783864, "K-Best 1": 3.783864, "K-Best 3": 3.783864, "K-Best 5": 3.783864, "K-Best 7": 3.783864, "Cserna": 3.783864, "Bellman": 3.783864, "Minimin": 3.783864, "Nancy": 3.783864, "Lookahead": 15 }