{ "K-Best 1 Pemberton Belief": 3.825331, "K-Best 3 Pemberton Belief": 3.825331, "K-Best 5 Pemberton Belief": 3.825331, "K-Best 7 Pemberton Belief": 3.825331, "Cserna Pemberton Belief": 3.825331, "K-Best 1": 3.825331, "K-Best 3": 3.825331, "K-Best 5": 3.825331, "K-Best 7": 3.825331, "Cserna": 3.825331, "Bellman": 3.825331, "Minimin": 3.825331, "Nancy": 3.825331, "Lookahead": 15 }