{ "K-Best 1 Pemberton Belief": 3.624165, "K-Best 3 Pemberton Belief": 3.624165, "K-Best 5 Pemberton Belief": 3.624165, "K-Best 7 Pemberton Belief": 3.624165, "Cserna Pemberton Belief": 3.624165, "K-Best 1": 3.624165, "K-Best 3": 3.624165, "K-Best 5": 3.624165, "K-Best 7": 3.624165, "Cserna": 3.624165, "Bellman": 3.624165, "Minimin": 3.624165, "Nancy": 3.624165, "Lookahead": 14 }