{ "K-Best 1 Pemberton Belief": 3.349304, "K-Best 3 Pemberton Belief": 3.349304, "K-Best 5 Pemberton Belief": 3.349304, "K-Best 7 Pemberton Belief": 3.349304, "Cserna Pemberton Belief": 3.349304, "K-Best 1": 3.349304, "K-Best 3": 3.349304, "K-Best 5": 3.349304, "K-Best 7": 3.349304, "Cserna": 3.349304, "Bellman": 3.349304, "Minimin": 3.349304, "Nancy": 3.349304, "Lookahead": 14 }