{ "K-Best 1 Pemberton Belief": 2.776720, "K-Best 3 Pemberton Belief": 2.776720, "K-Best 5 Pemberton Belief": 2.776720, "K-Best 7 Pemberton Belief": 2.776720, "Cserna Pemberton Belief": 2.776720, "K-Best 1": 2.776720, "K-Best 3": 2.776720, "K-Best 5": 2.776720, "K-Best 7": 2.776720, "Cserna": 2.776720, "Bellman": 2.776720, "Minimin": 2.776720, "Nancy": 2.776720, "Lookahead": 15 }