{ "K-Best 1 Pemberton Belief": 3.816330, "K-Best 3 Pemberton Belief": 3.816330, "K-Best 5 Pemberton Belief": 3.816330, "K-Best 7 Pemberton Belief": 3.816330, "Cserna Pemberton Belief": 3.816330, "K-Best 1": 3.816330, "K-Best 3": 3.816330, "K-Best 5": 3.816330, "K-Best 7": 3.816330, "Cserna": 3.816330, "Bellman": 3.816330, "Minimin": 3.816330, "Nancy": 3.816330, "Lookahead": 15 }