{ "K-Best 1 Pemberton Belief": 3.034066, "K-Best 3 Pemberton Belief": 3.034066, "K-Best 5 Pemberton Belief": 3.034066, "K-Best 7 Pemberton Belief": 3.034066, "Cserna Pemberton Belief": 3.034066, "K-Best 1": 3.034066, "K-Best 3": 3.034066, "K-Best 5": 3.034066, "K-Best 7": 3.034066, "Cserna": 3.034066, "Bellman": 3.034066, "Minimin": 3.034066, "Nancy": 3.034066, "Lookahead": 15 }