{ "K-Best 1 Pemberton Belief": 3.211716, "K-Best 3 Pemberton Belief": 3.211716, "K-Best 5 Pemberton Belief": 3.211716, "K-Best 7 Pemberton Belief": 3.211716, "Cserna Pemberton Belief": 3.211716, "K-Best 1": 3.211716, "K-Best 3": 3.211716, "K-Best 5": 3.211716, "K-Best 7": 3.211716, "Cserna": 3.211716, "Bellman": 3.211716, "Minimin": 3.211716, "Nancy": 3.211716, "Lookahead": 15 }