{ "K-Best 1 Pemberton Belief": 3.139384, "K-Best 3 Pemberton Belief": 3.139384, "K-Best 5 Pemberton Belief": 3.139384, "K-Best 7 Pemberton Belief": 3.139384, "Cserna Pemberton Belief": 3.139384, "K-Best 1": 3.139384, "K-Best 3": 3.139384, "K-Best 5": 3.139384, "K-Best 7": 3.139384, "Cserna": 3.139384, "Bellman": 3.139384, "Minimin": 3.139384, "Nancy": 3.139384, "Lookahead": 15 }