{ "K-Best 1 Pemberton Belief": 4.368681, "K-Best 3 Pemberton Belief": 4.368681, "K-Best 5 Pemberton Belief": 4.368681, "K-Best 7 Pemberton Belief": 4.368681, "Cserna Pemberton Belief": 4.368681, "K-Best 1": 4.368681, "K-Best 3": 4.368681, "K-Best 5": 4.368681, "K-Best 7": 4.368681, "Cserna": 4.368681, "Bellman": 4.368681, "Minimin": 4.368681, "Nancy": 4.368681, "Lookahead": 14 }