{ "K-Best 1 Pemberton Belief": 4.041880, "K-Best 3 Pemberton Belief": 4.041880, "K-Best 5 Pemberton Belief": 4.041880, "K-Best 7 Pemberton Belief": 4.041880, "Cserna Pemberton Belief": 4.041880, "K-Best 1": 4.041880, "K-Best 3": 4.041880, "K-Best 5": 4.041880, "K-Best 7": 4.041880, "Cserna": 4.041880, "Bellman": 4.041880, "Minimin": 4.041880, "Nancy": 4.041880, "Lookahead": 15 }