{ "K-Best 1 Pemberton Belief": 3.654591, "K-Best 3 Pemberton Belief": 3.654591, "K-Best 5 Pemberton Belief": 3.654591, "K-Best 7 Pemberton Belief": 3.654591, "Cserna Pemberton Belief": 3.654591, "K-Best 1": 3.654591, "K-Best 3": 3.654591, "K-Best 5": 3.654591, "K-Best 7": 3.654591, "Cserna": 3.654591, "Bellman": 3.654591, "Minimin": 3.654591, "Nancy": 3.654591, "Lookahead": 14 }