{ "K-Best 1 Pemberton Belief": 4.064300, "K-Best 3 Pemberton Belief": 4.064300, "K-Best 5 Pemberton Belief": 4.064300, "K-Best 7 Pemberton Belief": 4.064300, "Cserna Pemberton Belief": 4.064300, "K-Best 1": 4.064300, "K-Best 3": 4.064300, "K-Best 5": 4.064300, "K-Best 7": 4.064300, "Cserna": 4.064300, "Bellman": 4.064300, "Minimin": 4.064300, "Nancy": 4.064300, "Lookahead": 15 }