{ "K-Best 1 Pemberton Belief": 3.374113, "K-Best 3 Pemberton Belief": 3.374113, "K-Best 5 Pemberton Belief": 3.374113, "K-Best 7 Pemberton Belief": 3.374113, "Cserna Pemberton Belief": 3.374113, "K-Best 1": 3.374113, "K-Best 3": 3.374113, "K-Best 5": 3.374113, "K-Best 7": 3.374113, "Cserna": 3.374113, "Bellman": 3.374113, "Minimin": 3.374113, "Nancy": 3.374113, "Lookahead": 15 }