{ "K-Best 1 Pemberton Belief": 3.951252, "K-Best 3 Pemberton Belief": 3.951252, "K-Best 5 Pemberton Belief": 3.951252, "K-Best 7 Pemberton Belief": 3.951252, "Cserna Pemberton Belief": 3.951252, "K-Best 1": 3.951252, "K-Best 3": 3.951252, "K-Best 5": 3.951252, "K-Best 7": 3.951252, "Cserna": 3.951252, "Bellman": 3.951252, "Minimin": 3.951252, "Nancy": 3.951252, "Lookahead": 14 }