{ "K-Best 1 Pemberton Belief": 3.252627, "K-Best 3 Pemberton Belief": 3.252627, "K-Best 5 Pemberton Belief": 3.252627, "K-Best 7 Pemberton Belief": 3.252627, "Cserna Pemberton Belief": 3.252627, "K-Best 1": 3.252627, "K-Best 3": 3.252627, "K-Best 5": 3.252627, "K-Best 7": 3.252627, "Cserna": 3.252627, "Bellman": 3.252627, "Minimin": 3.252627, "Nancy": 3.252627, "Lookahead": 15 }