{ "K-Best 1 Pemberton Belief": 4.748112, "K-Best 3 Pemberton Belief": 4.748112, "K-Best 5 Pemberton Belief": 4.748112, "K-Best 7 Pemberton Belief": 4.748112, "Cserna Pemberton Belief": 4.748112, "K-Best 1": 4.748112, "K-Best 3": 4.748112, "K-Best 5": 4.748112, "K-Best 7": 4.748112, "Cserna": 4.748112, "Bellman": 4.748112, "Minimin": 4.748112, "Nancy": 4.748112, "Lookahead": 15 }