{ "K-Best 1 Pemberton Belief": 3.105136, "K-Best 3 Pemberton Belief": 3.105136, "K-Best 5 Pemberton Belief": 3.105136, "K-Best 7 Pemberton Belief": 3.105136, "Cserna Pemberton Belief": 3.105136, "K-Best 1": 3.105136, "K-Best 3": 3.105136, "K-Best 5": 3.105136, "K-Best 7": 3.105136, "Cserna": 3.105136, "Bellman": 3.105136, "Minimin": 3.105136, "Nancy": 3.105136, "Lookahead": 14 }