{ "K-Best 1 Pemberton Belief": 3.586534, "K-Best 3 Pemberton Belief": 3.586534, "K-Best 5 Pemberton Belief": 3.586534, "K-Best 7 Pemberton Belief": 3.586534, "Cserna Pemberton Belief": 3.586534, "K-Best 1": 3.586534, "K-Best 3": 3.586534, "K-Best 5": 3.586534, "K-Best 7": 3.586534, "Cserna": 3.586534, "Bellman": 3.586534, "Minimin": 3.586534, "Nancy": 3.586534, "Lookahead": 15 }