{ "K-Best 1 Pemberton Belief": 3.657070, "K-Best 3 Pemberton Belief": 3.657070, "K-Best 5 Pemberton Belief": 3.657070, "K-Best 7 Pemberton Belief": 3.657070, "Cserna Pemberton Belief": 3.657070, "K-Best 1": 3.657070, "K-Best 3": 3.657070, "K-Best 5": 3.657070, "K-Best 7": 3.657070, "Cserna": 3.657070, "Bellman": 3.657070, "Minimin": 3.657070, "Nancy": 3.657070, "Lookahead": 14 }