{ "K-Best 1 Pemberton Belief": 3.469657, "K-Best 3 Pemberton Belief": 3.469657, "K-Best 5 Pemberton Belief": 3.469657, "K-Best 7 Pemberton Belief": 3.469657, "Cserna Pemberton Belief": 3.469657, "K-Best 1": 3.469657, "K-Best 3": 3.469657, "K-Best 5": 3.469657, "K-Best 7": 3.469657, "Cserna": 3.469657, "Bellman": 3.469657, "Minimin": 3.469657, "Nancy": 3.469657, "Lookahead": 15 }