{ "K-Best 1 Pemberton Belief": 3.842262, "K-Best 3 Pemberton Belief": 3.842262, "K-Best 5 Pemberton Belief": 3.842262, "K-Best 7 Pemberton Belief": 3.842262, "Cserna Pemberton Belief": 3.842262, "K-Best 1": 3.842262, "K-Best 3": 3.842262, "K-Best 5": 3.842262, "K-Best 7": 3.842262, "Cserna": 3.842262, "Bellman": 3.842262, "Minimin": 3.842262, "Nancy": 3.842262, "Lookahead": 15 }