{ "K-Best 1 Pemberton Belief": 3.217494, "K-Best 3 Pemberton Belief": 3.217494, "K-Best 5 Pemberton Belief": 3.217494, "K-Best 7 Pemberton Belief": 3.217494, "Cserna Pemberton Belief": 3.217494, "K-Best 1": 3.217494, "K-Best 3": 3.217494, "K-Best 5": 3.217494, "K-Best 7": 3.217494, "Cserna": 3.217494, "Bellman": 3.217494, "Minimin": 3.217494, "Nancy": 3.217494, "Lookahead": 15 }