{ "K-Best 1 Pemberton Belief": 3.744831, "K-Best 3 Pemberton Belief": 3.744831, "K-Best 5 Pemberton Belief": 3.744831, "K-Best 7 Pemberton Belief": 3.744831, "Cserna Pemberton Belief": 3.744831, "K-Best 1": 3.744831, "K-Best 3": 3.744831, "K-Best 5": 3.744831, "K-Best 7": 3.744831, "Cserna": 3.744831, "Bellman": 3.744831, "Minimin": 3.744831, "Nancy": 3.744831, "Lookahead": 15 }