{ "K-Best 1 Pemberton Belief": 3.145914, "K-Best 3 Pemberton Belief": 3.145914, "K-Best 5 Pemberton Belief": 3.145914, "K-Best 7 Pemberton Belief": 3.145914, "Cserna Pemberton Belief": 3.145914, "K-Best 1": 3.145914, "K-Best 3": 3.145914, "K-Best 5": 3.145914, "K-Best 7": 3.145914, "Cserna": 3.145914, "Bellman": 3.145914, "Minimin": 3.145914, "Nancy": 3.145914, "Lookahead": 15 }