{ "K-Best 1 Pemberton Belief": 3.879965, "K-Best 3 Pemberton Belief": 3.879965, "K-Best 5 Pemberton Belief": 3.879965, "K-Best 7 Pemberton Belief": 3.879965, "Cserna Pemberton Belief": 3.879965, "K-Best 1": 3.879965, "K-Best 3": 3.879965, "K-Best 5": 3.879965, "K-Best 7": 3.879965, "Cserna": 3.879965, "Bellman": 3.879965, "Minimin": 3.879965, "Nancy": 3.879965, "Lookahead": 15 }