{ "K-Best 1 Pemberton Belief": 3.378492, "K-Best 3 Pemberton Belief": 3.378492, "K-Best 5 Pemberton Belief": 3.378492, "K-Best 7 Pemberton Belief": 3.378492, "Cserna Pemberton Belief": 3.378492, "K-Best 1": 3.378492, "K-Best 3": 3.378492, "K-Best 5": 3.378492, "K-Best 7": 3.378492, "Cserna": 3.378492, "Bellman": 3.378492, "Minimin": 3.378492, "Nancy": 3.378492, "Lookahead": 15 }