{ "K-Best 1 Pemberton Belief": 3.457290, "K-Best 3 Pemberton Belief": 3.639695, "K-Best 5 Pemberton Belief": 3.639695, "K-Best 7 Pemberton Belief": 3.639695, "Cserna Pemberton Belief": 3.639695, "K-Best 1": 3.457290, "K-Best 3": 3.639695, "K-Best 5": 3.639695, "K-Best 7": 3.639695, "Cserna": 3.639695, "Bellman": 3.457290, "Minimin": 3.457290, "Nancy": 3.457290, "Lookahead": 14 }