{ "K-Best 1 Pemberton Belief": 3.255307, "K-Best 3 Pemberton Belief": 3.255307, "K-Best 5 Pemberton Belief": 3.255307, "K-Best 7 Pemberton Belief": 3.255307, "Cserna Pemberton Belief": 3.255307, "K-Best 1": 3.255307, "K-Best 3": 3.255307, "K-Best 5": 3.255307, "K-Best 7": 3.255307, "Cserna": 3.255307, "Bellman": 3.255307, "Minimin": 3.255307, "Nancy": 3.255307, "Lookahead": 15 }