{ "K-Best 1 Pemberton Belief": 3.571349, "K-Best 3 Pemberton Belief": 3.571349, "K-Best 5 Pemberton Belief": 3.571349, "K-Best 7 Pemberton Belief": 3.571349, "Cserna Pemberton Belief": 3.571349, "K-Best 1": 3.571349, "K-Best 3": 3.571349, "K-Best 5": 3.571349, "K-Best 7": 3.571349, "Cserna": 3.571349, "Bellman": 3.571349, "Minimin": 3.571349, "Nancy": 3.571349, "Lookahead": 15 }