{ "K-Best 1 Pemberton Belief": 3.970639, "K-Best 3 Pemberton Belief": 3.970639, "K-Best 5 Pemberton Belief": 3.970639, "K-Best 7 Pemberton Belief": 3.970639, "Cserna Pemberton Belief": 3.970639, "K-Best 1": 3.970639, "K-Best 3": 3.970639, "K-Best 5": 3.970639, "K-Best 7": 3.970639, "Cserna": 3.970639, "Bellman": 3.970639, "Minimin": 3.970639, "Nancy": 3.970639, "Lookahead": 15 }