{ "K-Best 1 Pemberton Belief": 3.471059, "K-Best 3 Pemberton Belief": 3.471059, "K-Best 5 Pemberton Belief": 3.471059, "K-Best 7 Pemberton Belief": 3.471059, "Cserna Pemberton Belief": 3.471059, "K-Best 1": 3.471059, "K-Best 3": 3.471059, "K-Best 5": 3.471059, "K-Best 7": 3.471059, "Cserna": 3.471059, "Bellman": 3.471059, "Minimin": 3.471059, "Nancy": 3.471059, "Lookahead": 15 }