{ "K-Best 1 Pemberton Belief": 3.255971, "K-Best 3 Pemberton Belief": 3.255971, "K-Best 5 Pemberton Belief": 3.255971, "K-Best 7 Pemberton Belief": 3.255971, "Cserna Pemberton Belief": 3.255971, "K-Best 1": 3.255971, "K-Best 3": 3.255971, "K-Best 5": 3.255971, "K-Best 7": 3.255971, "Cserna": 3.255971, "Bellman": 3.255971, "Minimin": 3.255971, "Nancy": 3.255971, "Lookahead": 15 }