{ "K-Best 1 Pemberton Belief": 3.982682, "K-Best 3 Pemberton Belief": 3.982682, "K-Best 5 Pemberton Belief": 3.982682, "K-Best 7 Pemberton Belief": 3.982682, "Cserna Pemberton Belief": 3.982682, "K-Best 1": 3.982682, "K-Best 3": 3.982682, "K-Best 5": 3.982682, "K-Best 7": 3.982682, "Cserna": 3.982682, "Bellman": 3.982682, "Minimin": 3.982682, "Nancy": 3.982682, "Lookahead": 15 }