{ "K-Best 1 Pemberton Belief": 3.007505, "K-Best 3 Pemberton Belief": 3.007505, "K-Best 5 Pemberton Belief": 3.007505, "K-Best 7 Pemberton Belief": 3.007505, "Cserna Pemberton Belief": 3.007505, "K-Best 1": 3.007505, "K-Best 3": 3.007505, "K-Best 5": 3.007505, "K-Best 7": 3.007505, "Cserna": 3.007505, "Bellman": 3.007505, "Minimin": 3.007505, "Nancy": 3.007505, "Lookahead": 15 }