{ "K-Best 1 Pemberton Belief": 3.333146, "K-Best 3 Pemberton Belief": 3.333146, "K-Best 5 Pemberton Belief": 3.333146, "K-Best 7 Pemberton Belief": 3.333146, "Cserna Pemberton Belief": 3.333146, "K-Best 1": 3.333146, "K-Best 3": 3.333146, "K-Best 5": 3.333146, "K-Best 7": 3.333146, "Cserna": 3.333146, "Bellman": 3.333146, "Minimin": 3.333146, "Nancy": 3.333146, "Lookahead": 15 }