{ "K-Best 1 Pemberton Belief": 3.826950, "K-Best 3 Pemberton Belief": 3.826950, "K-Best 5 Pemberton Belief": 3.826950, "K-Best 7 Pemberton Belief": 3.826950, "Cserna Pemberton Belief": 3.826950, "K-Best 1": 3.826950, "K-Best 3": 3.826950, "K-Best 5": 3.826950, "K-Best 7": 3.826950, "Cserna": 3.826950, "Bellman": 3.826950, "Minimin": 3.826950, "Nancy": 3.826950, "Lookahead": 14 }