{ "K-Best 1 Pemberton Belief": 3.210214, "K-Best 3 Pemberton Belief": 3.210214, "K-Best 5 Pemberton Belief": 3.210214, "K-Best 7 Pemberton Belief": 3.210214, "Cserna Pemberton Belief": 3.210214, "K-Best 1": 3.210214, "K-Best 3": 3.210214, "K-Best 5": 3.210214, "K-Best 7": 3.210214, "Cserna": 3.210214, "Bellman": 3.210214, "Minimin": 3.210214, "Nancy": 3.210214, "Lookahead": 15 }