{ "K-Best 1 Pemberton Belief": 3.012728, "K-Best 3 Pemberton Belief": 3.012728, "K-Best 5 Pemberton Belief": 3.012728, "K-Best 7 Pemberton Belief": 3.012728, "Cserna Pemberton Belief": 3.012728, "K-Best 1": 3.012728, "K-Best 3": 3.012728, "K-Best 5": 3.012728, "K-Best 7": 3.012728, "Cserna": 3.012728, "Bellman": 3.012728, "Minimin": 3.012728, "Nancy": 3.012728, "Lookahead": 15 }