{ "K-Best 1 Pemberton Belief": 3.261279, "K-Best 3 Pemberton Belief": 3.261279, "K-Best 5 Pemberton Belief": 3.261279, "K-Best 7 Pemberton Belief": 3.261279, "Cserna Pemberton Belief": 3.261279, "K-Best 1": 3.261279, "K-Best 3": 3.261279, "K-Best 5": 3.261279, "K-Best 7": 3.261279, "Cserna": 3.261279, "Bellman": 3.261279, "Minimin": 3.261279, "Nancy": 3.261279, "Lookahead": 15 }