{ "K-Best 1 Pemberton Belief": 3.478175, "K-Best 3 Pemberton Belief": 3.478175, "K-Best 5 Pemberton Belief": 3.478175, "K-Best 7 Pemberton Belief": 3.478175, "Cserna Pemberton Belief": 3.478175, "K-Best 1": 3.478175, "K-Best 3": 3.478175, "K-Best 5": 3.478175, "K-Best 7": 3.478175, "Cserna": 3.478175, "Bellman": 3.478175, "Minimin": 3.478175, "Nancy": 3.478175, "Lookahead": 14 }