{ "K-Best 1 Pemberton Belief": 3.270324, "K-Best 3 Pemberton Belief": 3.270324, "K-Best 5 Pemberton Belief": 3.270324, "K-Best 7 Pemberton Belief": 3.270324, "Cserna Pemberton Belief": 3.270324, "K-Best 1": 3.270324, "K-Best 3": 3.270324, "K-Best 5": 3.270324, "K-Best 7": 3.270324, "Cserna": 3.270324, "Bellman": 3.270324, "Minimin": 3.270324, "Nancy": 3.270324, "Lookahead": 14 }