{ "K-Best 1 Pemberton Belief": 3.667667, "K-Best 3 Pemberton Belief": 3.667667, "K-Best 5 Pemberton Belief": 3.667667, "K-Best 7 Pemberton Belief": 3.667667, "Cserna Pemberton Belief": 3.667667, "K-Best 1": 3.667667, "K-Best 3": 3.667667, "K-Best 5": 3.667667, "K-Best 7": 3.667667, "Cserna": 3.667667, "Bellman": 3.667667, "Minimin": 3.667667, "Nancy": 3.667667, "Lookahead": 15 }