{ "K-Best 1 Pemberton Belief": 3.557581, "K-Best 3 Pemberton Belief": 3.557581, "K-Best 5 Pemberton Belief": 3.557581, "K-Best 7 Pemberton Belief": 3.557581, "Cserna Pemberton Belief": 3.557581, "K-Best 1": 3.557581, "K-Best 3": 3.557581, "K-Best 5": 3.557581, "K-Best 7": 3.557581, "Cserna": 3.557581, "Bellman": 3.557581, "Minimin": 3.557581, "Nancy": 3.557581, "Lookahead": 14 }