{ "K-Best 1 Pemberton Belief": 3.845982, "K-Best 3 Pemberton Belief": 3.845982, "K-Best 5 Pemberton Belief": 3.845982, "K-Best 7 Pemberton Belief": 3.845982, "Cserna Pemberton Belief": 3.845982, "K-Best 1": 3.845982, "K-Best 3": 3.845982, "K-Best 5": 3.845982, "K-Best 7": 3.845982, "Cserna": 3.845982, "Bellman": 3.845982, "Minimin": 3.845982, "Nancy": 3.845982, "Lookahead": 15 }