{ "K-Best 1 Pemberton Belief": 3.842272, "K-Best 3 Pemberton Belief": 3.842272, "K-Best 5 Pemberton Belief": 3.842272, "K-Best 7 Pemberton Belief": 3.842272, "Cserna Pemberton Belief": 3.842272, "K-Best 1": 3.842272, "K-Best 3": 3.842272, "K-Best 5": 3.842272, "K-Best 7": 3.842272, "Cserna": 3.842272, "Bellman": 3.842272, "Minimin": 3.842272, "Nancy": 3.842272, "Lookahead": 15 }