{ "K-Best 1 Pemberton Belief": 3.609180, "K-Best 3 Pemberton Belief": 3.609180, "K-Best 5 Pemberton Belief": 3.609180, "K-Best 7 Pemberton Belief": 3.609180, "Cserna Pemberton Belief": 3.609180, "K-Best 1": 3.609180, "K-Best 3": 3.609180, "K-Best 5": 3.609180, "K-Best 7": 3.609180, "Cserna": 3.609180, "Bellman": 3.609180, "Minimin": 3.609180, "Nancy": 3.609180, "Lookahead": 15 }