{ "K-Best 1 Pemberton Belief": 2.902408, "K-Best 3 Pemberton Belief": 2.902408, "K-Best 5 Pemberton Belief": 2.902408, "K-Best 7 Pemberton Belief": 2.902408, "Cserna Pemberton Belief": 2.902408, "K-Best 1": 2.902408, "K-Best 3": 2.902408, "K-Best 5": 2.902408, "K-Best 7": 2.902408, "Cserna": 2.902408, "Bellman": 2.902408, "Minimin": 2.902408, "Nancy": 2.902408, "Lookahead": 14 }