{ "K-Best 1 Pemberton Belief": 3.254313, "K-Best 3 Pemberton Belief": 3.254313, "K-Best 5 Pemberton Belief": 3.254313, "K-Best 7 Pemberton Belief": 3.254313, "Cserna Pemberton Belief": 3.254313, "K-Best 1": 3.254313, "K-Best 3": 3.254313, "K-Best 5": 3.254313, "K-Best 7": 3.254313, "Cserna": 3.254313, "Bellman": 3.254313, "Minimin": 3.254313, "Nancy": 3.254313, "Lookahead": 15 }