{ "K-Best 1 Pemberton Belief": 3.459728, "K-Best 3 Pemberton Belief": 3.459728, "K-Best 5 Pemberton Belief": 3.459728, "K-Best 7 Pemberton Belief": 3.459728, "Cserna Pemberton Belief": 3.459728, "K-Best 1": 3.459728, "K-Best 3": 3.459728, "K-Best 5": 3.459728, "K-Best 7": 3.459728, "Cserna": 3.459728, "Bellman": 3.459728, "Minimin": 3.459728, "Nancy": 3.459728, "Lookahead": 14 }