{ "K-Best 1 Pemberton Belief": 3.679564, "K-Best 3 Pemberton Belief": 3.679564, "K-Best 5 Pemberton Belief": 3.679564, "K-Best 7 Pemberton Belief": 3.679564, "Cserna Pemberton Belief": 3.679564, "K-Best 1": 3.679564, "K-Best 3": 3.679564, "K-Best 5": 3.679564, "K-Best 7": 3.679564, "Cserna": 3.679564, "Bellman": 3.679564, "Minimin": 3.679564, "Nancy": 3.679564, "Lookahead": 14 }