{ "K-Best 1 Pemberton Belief": 3.978602, "K-Best 3 Pemberton Belief": 3.978602, "K-Best 5 Pemberton Belief": 3.978602, "K-Best 7 Pemberton Belief": 3.978602, "Cserna Pemberton Belief": 3.978602, "K-Best 1": 3.978602, "K-Best 3": 3.978602, "K-Best 5": 3.978602, "K-Best 7": 3.978602, "Cserna": 3.978602, "Bellman": 3.978602, "Minimin": 3.978602, "Nancy": 3.978602, "Lookahead": 14 }