{ "K-Best 1 Pemberton Belief": 2.607020, "K-Best 3 Pemberton Belief": 2.607020, "K-Best 5 Pemberton Belief": 2.607020, "K-Best 7 Pemberton Belief": 2.607020, "Cserna Pemberton Belief": 2.607020, "K-Best 1": 2.607020, "K-Best 3": 2.607020, "K-Best 5": 2.607020, "K-Best 7": 2.607020, "Cserna": 2.607020, "Bellman": 2.607020, "Minimin": 2.607020, "Nancy": 2.607020, "Lookahead": 14 }