{ "K-Best 1 Pemberton Belief": 3.486754, "K-Best 3 Pemberton Belief": 3.486754, "K-Best 5 Pemberton Belief": 3.486754, "K-Best 7 Pemberton Belief": 3.486754, "Cserna Pemberton Belief": 3.486754, "K-Best 1": 3.486754, "K-Best 3": 3.486754, "K-Best 5": 3.486754, "K-Best 7": 3.486754, "Cserna": 3.486754, "Bellman": 3.486754, "Minimin": 3.486754, "Nancy": 3.486754, "Lookahead": 15 }