{ "K-Best 1 Pemberton Belief": 3.632550, "K-Best 3 Pemberton Belief": 3.632550, "K-Best 5 Pemberton Belief": 3.632550, "K-Best 7 Pemberton Belief": 3.632550, "Cserna Pemberton Belief": 3.632550, "K-Best 1": 3.632550, "K-Best 3": 3.632550, "K-Best 5": 3.632550, "K-Best 7": 3.632550, "Cserna": 3.632550, "Bellman": 3.632550, "Minimin": 3.632550, "Nancy": 3.632550, "Lookahead": 15 }