{ "K-Best 1 Pemberton Belief": 4.003548, "K-Best 3 Pemberton Belief": 4.003548, "K-Best 5 Pemberton Belief": 4.003548, "K-Best 7 Pemberton Belief": 4.003548, "Cserna Pemberton Belief": 4.003548, "K-Best 1": 4.003548, "K-Best 3": 4.003548, "K-Best 5": 4.003548, "K-Best 7": 4.003548, "Cserna": 4.003548, "Bellman": 4.003548, "Minimin": 4.003548, "Nancy": 4.003548, "Lookahead": 14 }