{ "K-Best 1 Pemberton Belief": 3.753870, "K-Best 3 Pemberton Belief": 3.753870, "K-Best 5 Pemberton Belief": 3.753870, "K-Best 7 Pemberton Belief": 3.753870, "Cserna Pemberton Belief": 3.753870, "K-Best 1": 3.753870, "K-Best 3": 3.753870, "K-Best 5": 3.753870, "K-Best 7": 3.753870, "Cserna": 3.753870, "Bellman": 3.753870, "Minimin": 3.753870, "Nancy": 3.753870, "Lookahead": 14 }