{ "K-Best 1 Pemberton Belief": 3.229578, "K-Best 3 Pemberton Belief": 3.229578, "K-Best 5 Pemberton Belief": 3.229578, "K-Best 7 Pemberton Belief": 3.229578, "Cserna Pemberton Belief": 3.229578, "K-Best 1": 3.229578, "K-Best 3": 3.229578, "K-Best 5": 3.229578, "K-Best 7": 3.229578, "Cserna": 3.229578, "Bellman": 3.229578, "Minimin": 3.229578, "Nancy": 3.229578, "Lookahead": 15 }