{ "K-Best 1 Pemberton Belief": 1.712886, "K-Best 3 Pemberton Belief": 1.712886, "K-Best 5 Pemberton Belief": 1.712886, "K-Best 7 Pemberton Belief": 1.712886, "Cserna Pemberton Belief": 1.712886, "K-Best 1": 1.712886, "K-Best 3": 1.712886, "K-Best 5": 1.712886, "K-Best 7": 1.712886, "Cserna": 1.712886, "Bellman": 1.712886, "Minimin": 1.712886, "Nancy": 1.712886, "Lookahead": 15 }