{ "K-Best 1 Pemberton Belief": 3.374974, "K-Best 3 Pemberton Belief": 3.374974, "K-Best 5 Pemberton Belief": 3.374974, "K-Best 7 Pemberton Belief": 3.374974, "Cserna Pemberton Belief": 3.374974, "K-Best 1": 3.374974, "K-Best 3": 3.374974, "K-Best 5": 3.374974, "K-Best 7": 3.374974, "Cserna": 3.374974, "Bellman": 3.374974, "Minimin": 3.374974, "Nancy": 3.374974, "Lookahead": 14 }