{ "K-Best 1 Pemberton Belief": 3.990708, "K-Best 3 Pemberton Belief": 3.990708, "K-Best 5 Pemberton Belief": 3.990708, "K-Best 7 Pemberton Belief": 3.990708, "Cserna Pemberton Belief": 3.990708, "K-Best 1": 3.990708, "K-Best 3": 3.990708, "K-Best 5": 3.990708, "K-Best 7": 3.990708, "Cserna": 3.990708, "Bellman": 3.990708, "Minimin": 3.990708, "Nancy": 3.990708, "Lookahead": 15 }