{ "K-Best 1 Pemberton Belief": 3.377276, "K-Best 3 Pemberton Belief": 3.377276, "K-Best 5 Pemberton Belief": 3.377276, "K-Best 7 Pemberton Belief": 3.377276, "Cserna Pemberton Belief": 3.377276, "K-Best 1": 3.377276, "K-Best 3": 3.377276, "K-Best 5": 3.377276, "K-Best 7": 3.377276, "Cserna": 3.377276, "Bellman": 3.377276, "Minimin": 3.377276, "Nancy": 3.377276, "Lookahead": 14 }