{ "K-Best 1 Pemberton Belief": 3.839206, "K-Best 3 Pemberton Belief": 3.839206, "K-Best 5 Pemberton Belief": 3.839206, "K-Best 7 Pemberton Belief": 3.839206, "Cserna Pemberton Belief": 3.839206, "K-Best 1": 3.839206, "K-Best 3": 3.839206, "K-Best 5": 3.839206, "K-Best 7": 3.839206, "Cserna": 3.839206, "Bellman": 3.839206, "Minimin": 3.839206, "Nancy": 3.839206, "Lookahead": 15 }