{ "K-Best 1 Pemberton Belief": 4.119691, "K-Best 3 Pemberton Belief": 4.119691, "K-Best 5 Pemberton Belief": 4.119691, "K-Best 7 Pemberton Belief": 4.119691, "Cserna Pemberton Belief": 4.119691, "K-Best 1": 4.119691, "K-Best 3": 4.119691, "K-Best 5": 4.119691, "K-Best 7": 4.119691, "Cserna": 4.119691, "Bellman": 4.119691, "Minimin": 4.119691, "Nancy": 4.119691, "Lookahead": 14 }