{ "K-Best 1 Pemberton Belief": 4.073454, "K-Best 3 Pemberton Belief": 4.073454, "K-Best 5 Pemberton Belief": 4.073454, "K-Best 7 Pemberton Belief": 4.073454, "Cserna Pemberton Belief": 4.073454, "K-Best 1": 4.073454, "K-Best 3": 4.073454, "K-Best 5": 4.073454, "K-Best 7": 4.073454, "Cserna": 4.073454, "Bellman": 4.073454, "Minimin": 4.073454, "Nancy": 4.073454, "Lookahead": 15 }