{ "K-Best 1 Pemberton Belief": 3.636589, "K-Best 3 Pemberton Belief": 3.636589, "K-Best 5 Pemberton Belief": 3.636589, "K-Best 7 Pemberton Belief": 3.636589, "Cserna Pemberton Belief": 3.636589, "K-Best 1": 3.636589, "K-Best 3": 3.636589, "K-Best 5": 3.636589, "K-Best 7": 3.636589, "Cserna": 3.636589, "Bellman": 3.636589, "Minimin": 3.636589, "Nancy": 3.636589, "Lookahead": 14 }