{ "K-Best 1 Pemberton Belief": 3.473098, "K-Best 3 Pemberton Belief": 3.473098, "K-Best 5 Pemberton Belief": 3.473098, "K-Best 7 Pemberton Belief": 3.473098, "Cserna Pemberton Belief": 3.473098, "K-Best 1": 3.473098, "K-Best 3": 3.473098, "K-Best 5": 3.473098, "K-Best 7": 3.473098, "Cserna": 3.473098, "Bellman": 3.473098, "Minimin": 3.473098, "Nancy": 3.473098, "Lookahead": 14 }