{ "K-Best 1 Pemberton Belief": 3.423189, "K-Best 3 Pemberton Belief": 3.423189, "K-Best 5 Pemberton Belief": 3.423189, "K-Best 7 Pemberton Belief": 3.423189, "Cserna Pemberton Belief": 3.423189, "K-Best 1": 3.423189, "K-Best 3": 3.423189, "K-Best 5": 3.423189, "K-Best 7": 3.423189, "Cserna": 3.423189, "Bellman": 3.423189, "Minimin": 3.423189, "Nancy": 3.423189, "Lookahead": 15 }