{ "K-Best 1 Pemberton Belief": 3.589991, "K-Best 3 Pemberton Belief": 3.589991, "K-Best 5 Pemberton Belief": 3.589991, "K-Best 7 Pemberton Belief": 3.589991, "Cserna Pemberton Belief": 3.589991, "K-Best 1": 3.589991, "K-Best 3": 3.589991, "K-Best 5": 3.589991, "K-Best 7": 3.589991, "Cserna": 3.589991, "Bellman": 3.589991, "Minimin": 3.589991, "Nancy": 3.589991, "Lookahead": 15 }