{ "K-Best 1 Pemberton Belief": 3.816876, "K-Best 3 Pemberton Belief": 3.816876, "K-Best 5 Pemberton Belief": 3.816876, "K-Best 7 Pemberton Belief": 3.816876, "Cserna Pemberton Belief": 3.816876, "K-Best 1": 3.816876, "K-Best 3": 3.816876, "K-Best 5": 3.816876, "K-Best 7": 3.816876, "Cserna": 3.816876, "Bellman": 3.816876, "Minimin": 3.816876, "Nancy": 3.816876, "Lookahead": 15 }