{ "K-Best 1 Pemberton Belief": 3.339196, "K-Best 3 Pemberton Belief": 3.339196, "K-Best 5 Pemberton Belief": 3.339196, "K-Best 7 Pemberton Belief": 3.339196, "Cserna Pemberton Belief": 3.339196, "K-Best 1": 3.339196, "K-Best 3": 3.339196, "K-Best 5": 3.339196, "K-Best 7": 3.339196, "Cserna": 3.339196, "Bellman": 3.339196, "Minimin": 3.339196, "Nancy": 3.339196, "Lookahead": 15 }