{ "K-Best 1 Pemberton Belief": 3.308747, "K-Best 3 Pemberton Belief": 3.308747, "K-Best 5 Pemberton Belief": 3.308747, "K-Best 7 Pemberton Belief": 3.308747, "Cserna Pemberton Belief": 3.308747, "K-Best 1": 3.308747, "K-Best 3": 3.308747, "K-Best 5": 3.308747, "K-Best 7": 3.308747, "Cserna": 3.308747, "Bellman": 3.308747, "Minimin": 3.308747, "Nancy": 3.308747, "Lookahead": 15 }