{ "K-Best 1 Pemberton Belief": 3.900749, "K-Best 3 Pemberton Belief": 3.900749, "K-Best 5 Pemberton Belief": 3.900749, "K-Best 7 Pemberton Belief": 3.900749, "Cserna Pemberton Belief": 3.900749, "K-Best 1": 3.900749, "K-Best 3": 3.900749, "K-Best 5": 3.900749, "K-Best 7": 3.900749, "Cserna": 3.900749, "Bellman": 3.900749, "Minimin": 3.900749, "Nancy": 3.900749, "Lookahead": 15 }