{ "K-Best 1 Pemberton Belief": 3.468714, "K-Best 3 Pemberton Belief": 3.468714, "K-Best 5 Pemberton Belief": 3.468714, "K-Best 7 Pemberton Belief": 3.468714, "Cserna Pemberton Belief": 3.468714, "K-Best 1": 3.468714, "K-Best 3": 3.468714, "K-Best 5": 3.468714, "K-Best 7": 3.468714, "Cserna": 3.468714, "Bellman": 3.468714, "Minimin": 3.468714, "Nancy": 3.468714, "Lookahead": 15 }