{ "K-Best 1 Pemberton Belief": 3.577469, "K-Best 3 Pemberton Belief": 3.577469, "K-Best 5 Pemberton Belief": 3.577469, "K-Best 7 Pemberton Belief": 3.577469, "Cserna Pemberton Belief": 3.577469, "K-Best 1": 3.577469, "K-Best 3": 3.577469, "K-Best 5": 3.577469, "K-Best 7": 3.577469, "Cserna": 3.577469, "Bellman": 3.577469, "Minimin": 3.577469, "Nancy": 3.577469, "Lookahead": 14 }