{ "K-Best 1 Pemberton Belief": 3.481296, "K-Best 3 Pemberton Belief": 3.481296, "K-Best 5 Pemberton Belief": 3.481296, "K-Best 7 Pemberton Belief": 3.481296, "Cserna Pemberton Belief": 3.481296, "K-Best 1": 3.481296, "K-Best 3": 3.481296, "K-Best 5": 3.481296, "K-Best 7": 3.481296, "Cserna": 3.481296, "Bellman": 3.481296, "Minimin": 3.481296, "Nancy": 3.481296, "Lookahead": 15 }