{ "K-Best 1 Pemberton Belief": 3.215037, "K-Best 3 Pemberton Belief": 3.215037, "K-Best 5 Pemberton Belief": 3.215037, "K-Best 7 Pemberton Belief": 3.215037, "Cserna Pemberton Belief": 3.215037, "K-Best 1": 3.215037, "K-Best 3": 3.215037, "K-Best 5": 3.215037, "K-Best 7": 3.215037, "Cserna": 3.215037, "Bellman": 3.215037, "Minimin": 3.215037, "Nancy": 3.215037, "Lookahead": 15 }