{ "K-Best 1 Pemberton Belief": 4.143311, "K-Best 3 Pemberton Belief": 4.143311, "K-Best 5 Pemberton Belief": 4.143311, "K-Best 7 Pemberton Belief": 4.143311, "Cserna Pemberton Belief": 4.143311, "K-Best 1": 4.143311, "K-Best 3": 4.143311, "K-Best 5": 4.143311, "K-Best 7": 4.143311, "Cserna": 4.143311, "Bellman": 4.143311, "Minimin": 4.143311, "Nancy": 4.143311, "Lookahead": 15 }