{ "K-Best 1 Pemberton Belief": 4.101735, "K-Best 3 Pemberton Belief": 4.101735, "K-Best 5 Pemberton Belief": 4.101735, "K-Best 7 Pemberton Belief": 4.101735, "Cserna Pemberton Belief": 4.101735, "K-Best 1": 4.101735, "K-Best 3": 4.101735, "K-Best 5": 4.101735, "K-Best 7": 4.101735, "Cserna": 4.101735, "Bellman": 4.101735, "Minimin": 4.101735, "Nancy": 4.101735, "Lookahead": 14 }