{ "K-Best 1 Pemberton Belief": 3.676727, "K-Best 3 Pemberton Belief": 3.676727, "K-Best 5 Pemberton Belief": 3.676727, "K-Best 7 Pemberton Belief": 3.676727, "Cserna Pemberton Belief": 3.676727, "K-Best 1": 3.676727, "K-Best 3": 3.676727, "K-Best 5": 3.676727, "K-Best 7": 3.676727, "Cserna": 3.676727, "Bellman": 3.676727, "Minimin": 3.676727, "Nancy": 3.676727, "Lookahead": 14 }