{ "K-Best 1 Pemberton Belief": 2.566632, "K-Best 3 Pemberton Belief": 2.566632, "K-Best 5 Pemberton Belief": 2.566632, "K-Best 7 Pemberton Belief": 2.566632, "Cserna Pemberton Belief": 2.566632, "K-Best 1": 2.566632, "K-Best 3": 2.566632, "K-Best 5": 2.566632, "K-Best 7": 2.566632, "Cserna": 2.566632, "Bellman": 2.566632, "Minimin": 2.566632, "Nancy": 2.566632, "Lookahead": 14 }