{ "K-Best 1 Pemberton Belief": 3.606493, "K-Best 3 Pemberton Belief": 3.606493, "K-Best 5 Pemberton Belief": 3.606493, "K-Best 7 Pemberton Belief": 3.606493, "Cserna Pemberton Belief": 3.606493, "K-Best 1": 3.606493, "K-Best 3": 3.606493, "K-Best 5": 3.606493, "K-Best 7": 3.606493, "Cserna": 3.606493, "Bellman": 3.606493, "Minimin": 3.606493, "Nancy": 3.606493, "Lookahead": 15 }