{ "K-Best 1 Pemberton Belief": 3.352779, "K-Best 3 Pemberton Belief": 3.352779, "K-Best 5 Pemberton Belief": 3.352779, "K-Best 7 Pemberton Belief": 3.352779, "Cserna Pemberton Belief": 3.352779, "K-Best 1": 3.352779, "K-Best 3": 3.352779, "K-Best 5": 3.352779, "K-Best 7": 3.352779, "Cserna": 3.352779, "Bellman": 3.352779, "Minimin": 3.352779, "Nancy": 3.352779, "Lookahead": 15 }