{ "K-Best 1 Pemberton Belief": 4.058132, "K-Best 3 Pemberton Belief": 4.058132, "K-Best 5 Pemberton Belief": 4.058132, "K-Best 7 Pemberton Belief": 4.058132, "Cserna Pemberton Belief": 4.058132, "K-Best 1": 4.058132, "K-Best 3": 4.058132, "K-Best 5": 4.058132, "K-Best 7": 4.058132, "Cserna": 4.058132, "Bellman": 4.058132, "Minimin": 4.058132, "Nancy": 4.058132, "Lookahead": 15 }