{ "K-Best 1 Pemberton Belief": 4.063528, "K-Best 3 Pemberton Belief": 4.063528, "K-Best 5 Pemberton Belief": 4.063528, "K-Best 7 Pemberton Belief": 4.063528, "Cserna Pemberton Belief": 4.063528, "K-Best 1": 4.063528, "K-Best 3": 4.063528, "K-Best 5": 4.063528, "K-Best 7": 4.063528, "Cserna": 4.063528, "Bellman": 4.063528, "Minimin": 4.063528, "Nancy": 4.063528, "Lookahead": 15 }