{ "K-Best 1 Pemberton Belief": 3.514679, "K-Best 3 Pemberton Belief": 3.514679, "K-Best 5 Pemberton Belief": 3.514679, "K-Best 7 Pemberton Belief": 3.514679, "Cserna Pemberton Belief": 3.514679, "K-Best 1": 3.514679, "K-Best 3": 3.514679, "K-Best 5": 3.514679, "K-Best 7": 3.514679, "Cserna": 3.514679, "Bellman": 3.514679, "Minimin": 3.514679, "Nancy": 3.514679, "Lookahead": 14 }