{ "K-Best 1 Pemberton Belief": 3.378465, "K-Best 3 Pemberton Belief": 3.378465, "K-Best 5 Pemberton Belief": 3.378465, "K-Best 7 Pemberton Belief": 3.378465, "Cserna Pemberton Belief": 3.378465, "K-Best 1": 3.378465, "K-Best 3": 3.378465, "K-Best 5": 3.378465, "K-Best 7": 3.378465, "Cserna": 3.378465, "Bellman": 3.378465, "Minimin": 3.378465, "Nancy": 3.378465, "Lookahead": 15 }