{ "K-Best 1 Pemberton Belief": 3.441372, "K-Best 3 Pemberton Belief": 3.441372, "K-Best 5 Pemberton Belief": 3.441372, "K-Best 7 Pemberton Belief": 3.441372, "Cserna Pemberton Belief": 3.441372, "K-Best 1": 3.441372, "K-Best 3": 3.441372, "K-Best 5": 3.441372, "K-Best 7": 3.441372, "Cserna": 3.441372, "Bellman": 3.441372, "Minimin": 3.441372, "Nancy": 3.441372, "Lookahead": 15 }