{ "K-Best 1 Pemberton Belief": 4.093555, "K-Best 3 Pemberton Belief": 4.323333, "K-Best 5 Pemberton Belief": 4.323333, "K-Best 7 Pemberton Belief": 4.323333, "Cserna Pemberton Belief": 4.323333, "K-Best 1": 4.093555, "K-Best 3": 4.323333, "K-Best 5": 4.323333, "K-Best 7": 4.323333, "Cserna": 4.323333, "Bellman": 4.093555, "Minimin": 4.093555, "Nancy": 4.093555, "Lookahead": 14 }