{ "K-Best 1 Pemberton Belief": 3.755616, "K-Best 3 Pemberton Belief": 3.755616, "K-Best 5 Pemberton Belief": 3.755616, "K-Best 7 Pemberton Belief": 3.755616, "Cserna Pemberton Belief": 3.755616, "K-Best 1": 3.755616, "K-Best 3": 3.755616, "K-Best 5": 3.755616, "K-Best 7": 3.755616, "Cserna": 3.755616, "Bellman": 3.755616, "Minimin": 3.755616, "Nancy": 3.755616, "Lookahead": 15 }