{ "K-Best 1 Pemberton Belief": 2.865082, "K-Best 3 Pemberton Belief": 2.865082, "K-Best 5 Pemberton Belief": 2.865082, "K-Best 7 Pemberton Belief": 2.865082, "Cserna Pemberton Belief": 2.865082, "K-Best 1": 2.865082, "K-Best 3": 2.865082, "K-Best 5": 2.865082, "K-Best 7": 2.865082, "Cserna": 2.865082, "Bellman": 2.865082, "Minimin": 2.865082, "Nancy": 2.865082, "Lookahead": 15 }