{ "K-Best 1 Pemberton Belief": 3.968321, "K-Best 3 Pemberton Belief": 3.968321, "K-Best 5 Pemberton Belief": 3.968321, "K-Best 7 Pemberton Belief": 3.968321, "Cserna Pemberton Belief": 3.968321, "K-Best 1": 3.968321, "K-Best 3": 3.968321, "K-Best 5": 3.968321, "K-Best 7": 3.968321, "Cserna": 3.968321, "Bellman": 3.968321, "Minimin": 3.968321, "Nancy": 3.968321, "Lookahead": 15 }