{ "K-Best 1 Pemberton Belief": 3.550408, "K-Best 3 Pemberton Belief": 3.550408, "K-Best 5 Pemberton Belief": 3.550408, "K-Best 7 Pemberton Belief": 3.550408, "Cserna Pemberton Belief": 3.550408, "K-Best 1": 3.550408, "K-Best 3": 3.550408, "K-Best 5": 3.550408, "K-Best 7": 3.550408, "Cserna": 3.550408, "Bellman": 3.550408, "Minimin": 3.550408, "Nancy": 3.550408, "Lookahead": 15 }