{ "K-Best 1 Pemberton Belief": 4.055286, "K-Best 3 Pemberton Belief": 4.055286, "K-Best 5 Pemberton Belief": 4.055286, "K-Best 7 Pemberton Belief": 4.055286, "Cserna Pemberton Belief": 4.055286, "K-Best 1": 4.055286, "K-Best 3": 4.055286, "K-Best 5": 4.055286, "K-Best 7": 4.055286, "Cserna": 4.055286, "Bellman": 4.055286, "Minimin": 4.055286, "Nancy": 4.055286, "Lookahead": 14 }