{ "K-Best 1 Pemberton Belief": 2.669886, "K-Best 3 Pemberton Belief": 2.669886, "K-Best 5 Pemberton Belief": 2.669886, "K-Best 7 Pemberton Belief": 2.669886, "Cserna Pemberton Belief": 2.669886, "K-Best 1": 2.669886, "K-Best 3": 2.669886, "K-Best 5": 2.669886, "K-Best 7": 2.669886, "Cserna": 2.669886, "Bellman": 2.669886, "Minimin": 2.669886, "Nancy": 2.669886, "Lookahead": 15 }