{ "K-Best 1 Pemberton Belief": 3.766707, "K-Best 3 Pemberton Belief": 3.766707, "K-Best 5 Pemberton Belief": 3.766707, "K-Best 7 Pemberton Belief": 3.766707, "Cserna Pemberton Belief": 3.766707, "K-Best 1": 3.766707, "K-Best 3": 3.766707, "K-Best 5": 3.766707, "K-Best 7": 3.766707, "Cserna": 3.766707, "Bellman": 3.766707, "Minimin": 3.766707, "Nancy": 3.766707, "Lookahead": 14 }