{ "K-Best 1 Pemberton Belief": 4.076397, "K-Best 3 Pemberton Belief": 4.076397, "K-Best 5 Pemberton Belief": 4.076397, "K-Best 7 Pemberton Belief": 4.076397, "Cserna Pemberton Belief": 4.076397, "K-Best 1": 4.076397, "K-Best 3": 4.076397, "K-Best 5": 4.076397, "K-Best 7": 4.076397, "Cserna": 4.076397, "Bellman": 4.076397, "Minimin": 4.076397, "Nancy": 4.076397, "Lookahead": 15 }