{ "K-Best 1 Pemberton Belief": 3.867933, "K-Best 3 Pemberton Belief": 3.867933, "K-Best 5 Pemberton Belief": 3.867933, "K-Best 7 Pemberton Belief": 3.867933, "Cserna Pemberton Belief": 3.867933, "K-Best 1": 3.867933, "K-Best 3": 3.867933, "K-Best 5": 3.867933, "K-Best 7": 3.867933, "Cserna": 3.867933, "Bellman": 3.867933, "Minimin": 3.867933, "Nancy": 3.867933, "Lookahead": 14 }