{ "K-Best 1 Pemberton Belief": 3.310510, "K-Best 3 Pemberton Belief": 3.310510, "K-Best 5 Pemberton Belief": 3.310510, "K-Best 7 Pemberton Belief": 3.310510, "Cserna Pemberton Belief": 3.310510, "K-Best 1": 3.310510, "K-Best 3": 3.310510, "K-Best 5": 3.310510, "K-Best 7": 3.310510, "Cserna": 3.310510, "Bellman": 3.310510, "Minimin": 3.310510, "Nancy": 3.310510, "Lookahead": 15 }