{ "K-Best 1 Pemberton Belief": 4.049891, "K-Best 3 Pemberton Belief": 4.049891, "K-Best 5 Pemberton Belief": 4.049891, "K-Best 7 Pemberton Belief": 4.049891, "Cserna Pemberton Belief": 4.049891, "K-Best 1": 4.049891, "K-Best 3": 4.049891, "K-Best 5": 4.049891, "K-Best 7": 4.049891, "Cserna": 4.049891, "Bellman": 4.049891, "Minimin": 4.049891, "Nancy": 4.049891, "Lookahead": 15 }