{ "K-Best 1 Pemberton Belief": 3.361954, "K-Best 3 Pemberton Belief": 3.361954, "K-Best 5 Pemberton Belief": 3.361954, "K-Best 7 Pemberton Belief": 3.361954, "Cserna Pemberton Belief": 3.361954, "K-Best 1": 3.361954, "K-Best 3": 3.361954, "K-Best 5": 3.361954, "K-Best 7": 3.361954, "Cserna": 3.361954, "Bellman": 3.361954, "Minimin": 3.361954, "Nancy": 3.361954, "Lookahead": 15 }