{ "K-Best 1 Pemberton Belief": 3.286998, "K-Best 3 Pemberton Belief": 3.286998, "K-Best 5 Pemberton Belief": 3.286998, "K-Best 7 Pemberton Belief": 3.286998, "Cserna Pemberton Belief": 3.286998, "K-Best 1": 3.286998, "K-Best 3": 3.286998, "K-Best 5": 3.286998, "K-Best 7": 3.286998, "Cserna": 3.286998, "Bellman": 3.286998, "Minimin": 3.286998, "Nancy": 3.286998, "Lookahead": 15 }