{ "K-Best 1 Pemberton Belief": 3.240882, "K-Best 3 Pemberton Belief": 3.240882, "K-Best 5 Pemberton Belief": 3.240882, "K-Best 7 Pemberton Belief": 3.240882, "Cserna Pemberton Belief": 3.240882, "K-Best 1": 3.240882, "K-Best 3": 3.240882, "K-Best 5": 3.240882, "K-Best 7": 3.240882, "Cserna": 3.240882, "Bellman": 3.240882, "Minimin": 3.240882, "Nancy": 3.240882, "Lookahead": 15 }