{ "K-Best 1 Pemberton Belief": 3.848846, "K-Best 3 Pemberton Belief": 3.848846, "K-Best 5 Pemberton Belief": 3.848846, "K-Best 7 Pemberton Belief": 3.848846, "Cserna Pemberton Belief": 3.848846, "K-Best 1": 3.848846, "K-Best 3": 3.848846, "K-Best 5": 3.848846, "K-Best 7": 3.848846, "Cserna": 3.848846, "Bellman": 3.848846, "Minimin": 3.848846, "Nancy": 3.848846, "Lookahead": 15 }