{ "K-Best 1 Pemberton Belief": 3.664353, "K-Best 3 Pemberton Belief": 3.664353, "K-Best 5 Pemberton Belief": 3.664353, "K-Best 7 Pemberton Belief": 3.664353, "Cserna Pemberton Belief": 3.664353, "K-Best 1": 3.664353, "K-Best 3": 3.664353, "K-Best 5": 3.664353, "K-Best 7": 3.664353, "Cserna": 3.664353, "Bellman": 3.664353, "Minimin": 3.664353, "Nancy": 3.664353, "Lookahead": 15 }