{ "K-Best 1 Pemberton Belief": 3.382569, "K-Best 3 Pemberton Belief": 3.382569, "K-Best 5 Pemberton Belief": 3.382569, "K-Best 7 Pemberton Belief": 3.382569, "Cserna Pemberton Belief": 3.382569, "K-Best 1": 3.382569, "K-Best 3": 3.382569, "K-Best 5": 3.382569, "K-Best 7": 3.382569, "Cserna": 3.382569, "Bellman": 3.382569, "Minimin": 3.382569, "Nancy": 3.382569, "Lookahead": 15 }