{ "K-Best 1 Pemberton Belief": 3.688921, "K-Best 3 Pemberton Belief": 3.688921, "K-Best 5 Pemberton Belief": 3.688921, "K-Best 7 Pemberton Belief": 3.688921, "Cserna Pemberton Belief": 3.688921, "K-Best 1": 3.688921, "K-Best 3": 3.688921, "K-Best 5": 3.688921, "K-Best 7": 3.688921, "Cserna": 3.688921, "Bellman": 3.688921, "Minimin": 3.688921, "Nancy": 3.688921, "Lookahead": 14 }