{ "K-Best 1 Pemberton Belief": 4.009164, "K-Best 3 Pemberton Belief": 4.009164, "K-Best 5 Pemberton Belief": 4.009164, "K-Best 7 Pemberton Belief": 4.009164, "Cserna Pemberton Belief": 4.009164, "K-Best 1": 4.009164, "K-Best 3": 4.009164, "K-Best 5": 4.009164, "K-Best 7": 4.009164, "Cserna": 4.009164, "Bellman": 4.009164, "Minimin": 4.009164, "Nancy": 4.009164, "Lookahead": 15 }