{ "K-Best 1 Pemberton Belief": 3.681633, "K-Best 3 Pemberton Belief": 3.681633, "K-Best 5 Pemberton Belief": 3.681633, "K-Best 7 Pemberton Belief": 3.681633, "Cserna Pemberton Belief": 3.681633, "K-Best 1": 3.681633, "K-Best 3": 3.681633, "K-Best 5": 3.681633, "K-Best 7": 3.681633, "Cserna": 3.681633, "Bellman": 3.681633, "Minimin": 3.681633, "Nancy": 3.681633, "Lookahead": 15 }