{ "K-Best 1 Pemberton Belief": 3.179436, "K-Best 3 Pemberton Belief": 3.179436, "K-Best 5 Pemberton Belief": 3.179436, "K-Best 7 Pemberton Belief": 3.179436, "Cserna Pemberton Belief": 3.179436, "K-Best 1": 3.179436, "K-Best 3": 3.179436, "K-Best 5": 3.179436, "K-Best 7": 3.179436, "Cserna": 3.179436, "Bellman": 3.179436, "Minimin": 3.179436, "Nancy": 3.179436, "Lookahead": 15 }