{ "K-Best 1 Pemberton Belief": 2.906765, "K-Best 3 Pemberton Belief": 2.906765, "K-Best 5 Pemberton Belief": 2.906765, "K-Best 7 Pemberton Belief": 2.906765, "Cserna Pemberton Belief": 2.906765, "K-Best 1": 2.906765, "K-Best 3": 2.906765, "K-Best 5": 2.906765, "K-Best 7": 2.906765, "Cserna": 2.906765, "Bellman": 2.906765, "Minimin": 2.906765, "Nancy": 2.906765, "Lookahead": 15 }