{ "K-Best 1 Pemberton Belief": 3.194638, "K-Best 3 Pemberton Belief": 3.194638, "K-Best 5 Pemberton Belief": 3.194638, "K-Best 7 Pemberton Belief": 3.194638, "Cserna Pemberton Belief": 3.194638, "K-Best 1": 3.194638, "K-Best 3": 3.194638, "K-Best 5": 3.194638, "K-Best 7": 3.194638, "Cserna": 3.194638, "Bellman": 3.194638, "Minimin": 3.194638, "Nancy": 3.194638, "Lookahead": 15 }