{ "K-Best 1 Pemberton Belief": 2.904759, "K-Best 3 Pemberton Belief": 2.904759, "K-Best 5 Pemberton Belief": 2.904759, "K-Best 7 Pemberton Belief": 2.904759, "Cserna Pemberton Belief": 2.904759, "K-Best 1": 2.904759, "K-Best 3": 2.904759, "K-Best 5": 2.904759, "K-Best 7": 2.904759, "Cserna": 2.904759, "Bellman": 2.904759, "Minimin": 2.904759, "Nancy": 2.904759, "Lookahead": 14 }