{ "K-Best 1 Pemberton Belief": 4.472330, "K-Best 3 Pemberton Belief": 4.472330, "K-Best 5 Pemberton Belief": 4.472330, "K-Best 7 Pemberton Belief": 4.472330, "Cserna Pemberton Belief": 4.472330, "K-Best 1": 4.472330, "K-Best 3": 4.472330, "K-Best 5": 4.472330, "K-Best 7": 4.472330, "Cserna": 4.472330, "Bellman": 4.472330, "Minimin": 4.472330, "Nancy": 4.472330, "Lookahead": 15 }