{ "K-Best 1 Pemberton Belief": 4.165230, "K-Best 3 Pemberton Belief": 4.165230, "K-Best 5 Pemberton Belief": 4.165230, "K-Best 7 Pemberton Belief": 4.165230, "Cserna Pemberton Belief": 4.165230, "K-Best 1": 4.165230, "K-Best 3": 4.165230, "K-Best 5": 4.165230, "K-Best 7": 4.165230, "Cserna": 4.165230, "Bellman": 4.165230, "Minimin": 4.165230, "Nancy": 4.165230, "Lookahead": 14 }