{ "K-Best 1 Pemberton Belief": 2.656968, "K-Best 3 Pemberton Belief": 2.656968, "K-Best 5 Pemberton Belief": 2.656968, "K-Best 7 Pemberton Belief": 2.656968, "Cserna Pemberton Belief": 2.656968, "K-Best 1": 2.656968, "K-Best 3": 2.656968, "K-Best 5": 2.656968, "K-Best 7": 2.656968, "Cserna": 2.656968, "Bellman": 2.656968, "Minimin": 2.656968, "Nancy": 2.656968, "Lookahead": 15 }