{ "K-Best 1 Pemberton Belief": 4.094046, "K-Best 3 Pemberton Belief": 4.094046, "K-Best 5 Pemberton Belief": 4.094046, "K-Best 7 Pemberton Belief": 4.094046, "Cserna Pemberton Belief": 4.094046, "K-Best 1": 4.094046, "K-Best 3": 4.094046, "K-Best 5": 4.094046, "K-Best 7": 4.094046, "Cserna": 4.094046, "Bellman": 4.094046, "Minimin": 4.094046, "Nancy": 4.094046, "Lookahead": 15 }