{ "K-Best 1 Pemberton Belief": 4.165887, "K-Best 3 Pemberton Belief": 4.165887, "K-Best 5 Pemberton Belief": 4.165887, "K-Best 7 Pemberton Belief": 4.165887, "Cserna Pemberton Belief": 4.165887, "K-Best 1": 4.165887, "K-Best 3": 4.165887, "K-Best 5": 4.165887, "K-Best 7": 4.165887, "Cserna": 4.165887, "Bellman": 4.165887, "Minimin": 4.165887, "Nancy": 4.165887, "Lookahead": 15 }