{ "K-Best 1 Pemberton Belief": 3.811793, "K-Best 3 Pemberton Belief": 3.811793, "K-Best 5 Pemberton Belief": 3.811793, "K-Best 7 Pemberton Belief": 3.811793, "Cserna Pemberton Belief": 3.811793, "K-Best 1": 3.811793, "K-Best 3": 3.811793, "K-Best 5": 3.811793, "K-Best 7": 3.811793, "Cserna": 3.811793, "Bellman": 3.811793, "Minimin": 3.811793, "Nancy": 3.811793, "Lookahead": 14 }