{ "K-Best 1 Pemberton Belief": 3.722923, "K-Best 3 Pemberton Belief": 3.722923, "K-Best 5 Pemberton Belief": 3.722923, "K-Best 7 Pemberton Belief": 3.722923, "Cserna Pemberton Belief": 3.722923, "K-Best 1": 3.722923, "K-Best 3": 3.722923, "K-Best 5": 3.722923, "K-Best 7": 3.722923, "Cserna": 3.722923, "Bellman": 3.722923, "Minimin": 3.722923, "Nancy": 3.722923, "Lookahead": 14 }