{ "K-Best 1 Pemberton Belief": 3.387961, "K-Best 3 Pemberton Belief": 3.387961, "K-Best 5 Pemberton Belief": 3.387961, "K-Best 7 Pemberton Belief": 3.387961, "Cserna Pemberton Belief": 3.387961, "K-Best 1": 3.387961, "K-Best 3": 3.387961, "K-Best 5": 3.387961, "K-Best 7": 3.387961, "Cserna": 3.387961, "Bellman": 3.387961, "Minimin": 3.387961, "Nancy": 3.387961, "Lookahead": 15 }