{ "K-Best 1 Pemberton Belief": 3.200411, "K-Best 3 Pemberton Belief": 3.200411, "K-Best 5 Pemberton Belief": 3.200411, "K-Best 7 Pemberton Belief": 3.200411, "Cserna Pemberton Belief": 3.200411, "K-Best 1": 3.200411, "K-Best 3": 3.200411, "K-Best 5": 3.200411, "K-Best 7": 3.200411, "Cserna": 3.200411, "Bellman": 3.200411, "Minimin": 3.200411, "Nancy": 3.200411, "Lookahead": 14 }