{ "K-Best 1 Pemberton Belief": 3.194352, "K-Best 3 Pemberton Belief": 3.194352, "K-Best 5 Pemberton Belief": 3.194352, "K-Best 7 Pemberton Belief": 3.194352, "Cserna Pemberton Belief": 3.194352, "K-Best 1": 3.194352, "K-Best 3": 3.194352, "K-Best 5": 3.194352, "K-Best 7": 3.194352, "Cserna": 3.194352, "Bellman": 3.194352, "Minimin": 3.194352, "Nancy": 3.194352, "Lookahead": 15 }