{ "K-Best 1 Pemberton Belief": 3.083905, "K-Best 3 Pemberton Belief": 3.083905, "K-Best 5 Pemberton Belief": 3.083905, "K-Best 7 Pemberton Belief": 3.083905, "Cserna Pemberton Belief": 3.083905, "K-Best 1": 3.083905, "K-Best 3": 3.083905, "K-Best 5": 3.083905, "K-Best 7": 3.083905, "Cserna": 3.083905, "Bellman": 3.083905, "Minimin": 3.083905, "Nancy": 3.083905, "Lookahead": 15 }