{ "K-Best 1 Pemberton Belief": 3.699056, "K-Best 3 Pemberton Belief": 3.699056, "K-Best 5 Pemberton Belief": 3.699056, "K-Best 7 Pemberton Belief": 3.699056, "Cserna Pemberton Belief": 3.699056, "K-Best 1": 3.699056, "K-Best 3": 3.699056, "K-Best 5": 3.699056, "K-Best 7": 3.699056, "Cserna": 3.699056, "Bellman": 3.699056, "Minimin": 3.699056, "Nancy": 3.699056, "Lookahead": 14 }