{ "K-Best 1 Pemberton Belief": 3.487205, "K-Best 3 Pemberton Belief": 3.487205, "K-Best 5 Pemberton Belief": 3.487205, "K-Best 7 Pemberton Belief": 3.487205, "Cserna Pemberton Belief": 3.487205, "K-Best 1": 3.487205, "K-Best 3": 3.487205, "K-Best 5": 3.487205, "K-Best 7": 3.487205, "Cserna": 3.487205, "Bellman": 3.487205, "Minimin": 3.487205, "Nancy": 3.487205, "Lookahead": 14 }