{ "K-Best 1 Pemberton Belief": 4.333937, "K-Best 3 Pemberton Belief": 4.333937, "K-Best 5 Pemberton Belief": 4.333937, "K-Best 7 Pemberton Belief": 4.333937, "Cserna Pemberton Belief": 4.333937, "K-Best 1": 4.333937, "K-Best 3": 4.333937, "K-Best 5": 4.333937, "K-Best 7": 4.333937, "Cserna": 4.333937, "Bellman": 4.333937, "Minimin": 4.333937, "Nancy": 4.333937, "Lookahead": 15 }