{ "K-Best 1 Pemberton Belief": 4.199754, "K-Best 3 Pemberton Belief": 4.199754, "K-Best 5 Pemberton Belief": 4.199754, "K-Best 7 Pemberton Belief": 4.199754, "Cserna Pemberton Belief": 4.199754, "K-Best 1": 4.199754, "K-Best 3": 4.199754, "K-Best 5": 4.199754, "K-Best 7": 4.199754, "Cserna": 4.199754, "Bellman": 4.199754, "Minimin": 4.199754, "Nancy": 4.199754, "Lookahead": 15 }