{ "K-Best 1 Pemberton Belief": 3.007607, "K-Best 3 Pemberton Belief": 3.007607, "K-Best 5 Pemberton Belief": 3.007607, "K-Best 7 Pemberton Belief": 3.007607, "Cserna Pemberton Belief": 3.007607, "K-Best 1": 3.007607, "K-Best 3": 3.007607, "K-Best 5": 3.007607, "K-Best 7": 3.007607, "Cserna": 3.007607, "Bellman": 3.007607, "Minimin": 3.007607, "Nancy": 3.007607, "Lookahead": 15 }