{ "K-Best 1 Pemberton Belief": 3.549332, "K-Best 3 Pemberton Belief": 3.549332, "K-Best 5 Pemberton Belief": 3.549332, "K-Best 7 Pemberton Belief": 3.549332, "Cserna Pemberton Belief": 3.549332, "K-Best 1": 3.549332, "K-Best 3": 3.549332, "K-Best 5": 3.549332, "K-Best 7": 3.549332, "Cserna": 3.549332, "Bellman": 3.549332, "Minimin": 3.549332, "Nancy": 3.549332, "Lookahead": 15 }