{ "K-Best 1 Pemberton Belief": 3.328833, "K-Best 3 Pemberton Belief": 3.328833, "K-Best 5 Pemberton Belief": 3.328833, "K-Best 7 Pemberton Belief": 3.328833, "Cserna Pemberton Belief": 3.328833, "K-Best 1": 3.328833, "K-Best 3": 3.328833, "K-Best 5": 3.328833, "K-Best 7": 3.328833, "Cserna": 3.328833, "Bellman": 3.328833, "Minimin": 3.328833, "Nancy": 3.328833, "Lookahead": 15 }