{ "K-Best 1 Pemberton Belief": 3.790060, "K-Best 3 Pemberton Belief": 3.790060, "K-Best 5 Pemberton Belief": 3.790060, "K-Best 7 Pemberton Belief": 3.790060, "Cserna Pemberton Belief": 3.790060, "K-Best 1": 3.790060, "K-Best 3": 3.790060, "K-Best 5": 3.790060, "K-Best 7": 3.790060, "Cserna": 3.790060, "Bellman": 3.790060, "Minimin": 3.790060, "Nancy": 3.790060, "Lookahead": 14 }