{ "K-Best 1 Pemberton Belief": 4.257455, "K-Best 3 Pemberton Belief": 4.257455, "K-Best 5 Pemberton Belief": 4.257455, "K-Best 7 Pemberton Belief": 4.257455, "Cserna Pemberton Belief": 4.257455, "K-Best 1": 4.257455, "K-Best 3": 4.257455, "K-Best 5": 4.257455, "K-Best 7": 4.257455, "Cserna": 4.257455, "Bellman": 4.257455, "Minimin": 4.257455, "Nancy": 4.257455, "Lookahead": 15 }