{ "K-Best 1 Pemberton Belief": 3.285835, "K-Best 3 Pemberton Belief": 3.285835, "K-Best 5 Pemberton Belief": 3.285835, "K-Best 7 Pemberton Belief": 3.285835, "Cserna Pemberton Belief": 3.285835, "K-Best 1": 3.285835, "K-Best 3": 3.285835, "K-Best 5": 3.285835, "K-Best 7": 3.285835, "Cserna": 3.285835, "Bellman": 3.285835, "Minimin": 3.285835, "Nancy": 3.285835, "Lookahead": 14 }