{ "K-Best 1 Pemberton Belief": 2.944056, "K-Best 3 Pemberton Belief": 2.944056, "K-Best 5 Pemberton Belief": 2.944056, "K-Best 7 Pemberton Belief": 2.944056, "Cserna Pemberton Belief": 2.944056, "K-Best 1": 2.944056, "K-Best 3": 2.944056, "K-Best 5": 2.944056, "K-Best 7": 2.944056, "Cserna": 2.944056, "Bellman": 2.944056, "Minimin": 2.944056, "Nancy": 2.944056, "Lookahead": 15 }