{ "K-Best 1 Pemberton Belief": 3.170978, "K-Best 3 Pemberton Belief": 3.170978, "K-Best 5 Pemberton Belief": 3.170978, "K-Best 7 Pemberton Belief": 3.170978, "Cserna Pemberton Belief": 3.170978, "K-Best 1": 3.170978, "K-Best 3": 3.170978, "K-Best 5": 3.170978, "K-Best 7": 3.170978, "Cserna": 3.170978, "Bellman": 3.170978, "Minimin": 3.170978, "Nancy": 3.170978, "Lookahead": 15 }