{ "K-Best 1 Pemberton Belief": 3.505655, "K-Best 3 Pemberton Belief": 3.505655, "K-Best 5 Pemberton Belief": 3.505655, "K-Best 7 Pemberton Belief": 3.505655, "Cserna Pemberton Belief": 3.505655, "K-Best 1": 3.505655, "K-Best 3": 3.505655, "K-Best 5": 3.505655, "K-Best 7": 3.505655, "Cserna": 3.505655, "Bellman": 3.505655, "Minimin": 3.505655, "Nancy": 3.505655, "Lookahead": 15 }