{ "K-Best 1 Pemberton Belief": 3.255309, "K-Best 3 Pemberton Belief": 3.255309, "K-Best 5 Pemberton Belief": 3.255309, "K-Best 7 Pemberton Belief": 3.255309, "Cserna Pemberton Belief": 3.255309, "K-Best 1": 3.255309, "K-Best 3": 3.255309, "K-Best 5": 3.255309, "K-Best 7": 3.255309, "Cserna": 3.255309, "Bellman": 3.255309, "Minimin": 3.255309, "Nancy": 3.255309, "Lookahead": 15 }