{ "K-Best 1 Pemberton Belief": 3.488198, "K-Best 3 Pemberton Belief": 3.488198, "K-Best 5 Pemberton Belief": 3.488198, "K-Best 7 Pemberton Belief": 3.488198, "Cserna Pemberton Belief": 3.488198, "K-Best 1": 3.488198, "K-Best 3": 3.488198, "K-Best 5": 3.488198, "K-Best 7": 3.488198, "Cserna": 3.488198, "Bellman": 3.488198, "Minimin": 3.488198, "Nancy": 3.488198, "Lookahead": 15 }