{ "K-Best 1 Pemberton Belief": 3.568904, "K-Best 3 Pemberton Belief": 3.568904, "K-Best 5 Pemberton Belief": 3.568904, "K-Best 7 Pemberton Belief": 3.568904, "Cserna Pemberton Belief": 3.568904, "K-Best 1": 3.568904, "K-Best 3": 3.568904, "K-Best 5": 3.568904, "K-Best 7": 3.568904, "Cserna": 3.568904, "Bellman": 3.568904, "Minimin": 3.568904, "Nancy": 3.568904, "Lookahead": 14 }