{ "K-Best 1 Pemberton Belief": 2.702150, "K-Best 3 Pemberton Belief": 2.702150, "K-Best 5 Pemberton Belief": 2.702150, "K-Best 7 Pemberton Belief": 2.702150, "Cserna Pemberton Belief": 2.702150, "K-Best 1": 2.702150, "K-Best 3": 2.702150, "K-Best 5": 2.702150, "K-Best 7": 2.702150, "Cserna": 2.702150, "Bellman": 2.702150, "Minimin": 2.702150, "Nancy": 2.702150, "Lookahead": 15 }