{ "K-Best 1 Pemberton Belief": 2.704698, "K-Best 3 Pemberton Belief": 2.704698, "K-Best 5 Pemberton Belief": 2.704698, "K-Best 7 Pemberton Belief": 2.704698, "Cserna Pemberton Belief": 2.704698, "K-Best 1": 2.704698, "K-Best 3": 2.704698, "K-Best 5": 2.704698, "K-Best 7": 2.704698, "Cserna": 2.704698, "Bellman": 2.704698, "Minimin": 2.704698, "Nancy": 2.704698, "Lookahead": 15 }