{ "K-Best 1 Pemberton Belief": 4.242412, "K-Best 3 Pemberton Belief": 4.242412, "K-Best 5 Pemberton Belief": 4.242412, "K-Best 7 Pemberton Belief": 4.242412, "Cserna Pemberton Belief": 4.242412, "K-Best 1": 4.242412, "K-Best 3": 4.242412, "K-Best 5": 4.242412, "K-Best 7": 4.242412, "Cserna": 4.242412, "Bellman": 4.242412, "Minimin": 4.242412, "Nancy": 4.242412, "Lookahead": 14 }