{ "K-Best 1 Pemberton Belief": 4.115596, "K-Best 3 Pemberton Belief": 4.115596, "K-Best 5 Pemberton Belief": 4.115596, "K-Best 7 Pemberton Belief": 4.115596, "Cserna Pemberton Belief": 4.115596, "K-Best 1": 4.115596, "K-Best 3": 4.115596, "K-Best 5": 4.115596, "K-Best 7": 4.115596, "Cserna": 4.115596, "Bellman": 4.115596, "Minimin": 4.115596, "Nancy": 4.115596, "Lookahead": 15 }