{ "K-Best 1 Pemberton Belief": 3.615103, "K-Best 3 Pemberton Belief": 3.615103, "K-Best 5 Pemberton Belief": 3.615103, "K-Best 7 Pemberton Belief": 3.615103, "Cserna Pemberton Belief": 3.615103, "K-Best 1": 3.615103, "K-Best 3": 3.615103, "K-Best 5": 3.615103, "K-Best 7": 3.615103, "Cserna": 3.615103, "Bellman": 3.615103, "Minimin": 3.615103, "Nancy": 3.615103, "Lookahead": 14 }