{ "K-Best 1 Pemberton Belief": 3.041946, "K-Best 3 Pemberton Belief": 3.041946, "K-Best 5 Pemberton Belief": 3.041946, "K-Best 7 Pemberton Belief": 3.041946, "Cserna Pemberton Belief": 3.041946, "K-Best 1": 3.041946, "K-Best 3": 3.041946, "K-Best 5": 3.041946, "K-Best 7": 3.041946, "Cserna": 3.041946, "Bellman": 3.041946, "Minimin": 3.041946, "Nancy": 3.041946, "Lookahead": 15 }