{ "K-Best 1 Pemberton Belief": 3.736977, "K-Best 3 Pemberton Belief": 3.736977, "K-Best 5 Pemberton Belief": 3.736977, "K-Best 7 Pemberton Belief": 3.736977, "Cserna Pemberton Belief": 3.736977, "K-Best 1": 3.736977, "K-Best 3": 3.736977, "K-Best 5": 3.736977, "K-Best 7": 3.736977, "Cserna": 3.736977, "Bellman": 3.736977, "Minimin": 3.736977, "Nancy": 3.736977, "Lookahead": 15 }