{ "K-Best 1 Pemberton Belief": 3.630200, "K-Best 3 Pemberton Belief": 3.630200, "K-Best 5 Pemberton Belief": 3.630200, "K-Best 7 Pemberton Belief": 3.630200, "Cserna Pemberton Belief": 3.630200, "K-Best 1": 3.630200, "K-Best 3": 3.630200, "K-Best 5": 3.630200, "K-Best 7": 3.630200, "Cserna": 3.630200, "Bellman": 3.630200, "Minimin": 3.630200, "Nancy": 3.630200, "Lookahead": 14 }