{ "K-Best 1 Pemberton Belief": 3.665064, "K-Best 3 Pemberton Belief": 3.665064, "K-Best 5 Pemberton Belief": 3.665064, "K-Best 7 Pemberton Belief": 3.665064, "Cserna Pemberton Belief": 3.665064, "K-Best 1": 3.665064, "K-Best 3": 3.665064, "K-Best 5": 3.665064, "K-Best 7": 3.665064, "Cserna": 3.665064, "Bellman": 3.665064, "Minimin": 3.665064, "Nancy": 3.665064, "Lookahead": 14 }