{ "K-Best 1 Pemberton Belief": 3.697310, "K-Best 3 Pemberton Belief": 3.697310, "K-Best 5 Pemberton Belief": 3.697310, "K-Best 7 Pemberton Belief": 3.697310, "Cserna Pemberton Belief": 3.697310, "K-Best 1": 3.697310, "K-Best 3": 3.697310, "K-Best 5": 3.697310, "K-Best 7": 3.697310, "Cserna": 3.697310, "Bellman": 3.697310, "Minimin": 3.697310, "Nancy": 3.697310, "Lookahead": 15 }