{ "K-Best 1 Pemberton Belief": 3.713934, "K-Best 3 Pemberton Belief": 3.713934, "K-Best 5 Pemberton Belief": 3.713934, "K-Best 7 Pemberton Belief": 3.713934, "Cserna Pemberton Belief": 3.713934, "K-Best 1": 3.713934, "K-Best 3": 3.713934, "K-Best 5": 3.713934, "K-Best 7": 3.713934, "Cserna": 3.713934, "Bellman": 3.713934, "Minimin": 3.713934, "Nancy": 3.713934, "Lookahead": 15 }