{ "K-Best 1 Pemberton Belief": 4.281909, "K-Best 3 Pemberton Belief": 4.281909, "K-Best 5 Pemberton Belief": 4.281909, "K-Best 7 Pemberton Belief": 4.281909, "Cserna Pemberton Belief": 4.281909, "K-Best 1": 4.281909, "K-Best 3": 4.281909, "K-Best 5": 4.281909, "K-Best 7": 4.281909, "Cserna": 4.281909, "Bellman": 4.281909, "Minimin": 4.281909, "Nancy": 4.281909, "Lookahead": 14 }