{ "K-Best 1 Pemberton Belief": 3.154836, "K-Best 3 Pemberton Belief": 3.154836, "K-Best 5 Pemberton Belief": 3.154836, "K-Best 7 Pemberton Belief": 3.154836, "Cserna Pemberton Belief": 3.154836, "K-Best 1": 3.154836, "K-Best 3": 3.154836, "K-Best 5": 3.154836, "K-Best 7": 3.154836, "Cserna": 3.154836, "Bellman": 3.154836, "Minimin": 3.154836, "Nancy": 3.154836, "Lookahead": 15 }