{ "K-Best 1 Pemberton Belief": 3.717789, "K-Best 3 Pemberton Belief": 3.717789, "K-Best 5 Pemberton Belief": 3.717789, "K-Best 7 Pemberton Belief": 3.717789, "Cserna Pemberton Belief": 3.717789, "K-Best 1": 3.717789, "K-Best 3": 3.717789, "K-Best 5": 3.717789, "K-Best 7": 3.717789, "Cserna": 3.717789, "Bellman": 3.717789, "Minimin": 3.717789, "Nancy": 3.717789, "Lookahead": 15 }