{ "K-Best 1 Pemberton Belief": 3.648084, "K-Best 3 Pemberton Belief": 3.648084, "K-Best 5 Pemberton Belief": 3.648084, "K-Best 7 Pemberton Belief": 3.648084, "Cserna Pemberton Belief": 3.648084, "K-Best 1": 3.648084, "K-Best 3": 3.648084, "K-Best 5": 3.648084, "K-Best 7": 3.648084, "Cserna": 3.648084, "Bellman": 3.648084, "Minimin": 3.648084, "Nancy": 3.648084, "Lookahead": 14 }