{ "K-Best 1 Pemberton Belief": 3.756115, "K-Best 3 Pemberton Belief": 3.756115, "K-Best 5 Pemberton Belief": 3.756115, "K-Best 7 Pemberton Belief": 3.756115, "Cserna Pemberton Belief": 3.756115, "K-Best 1": 3.756115, "K-Best 3": 3.756115, "K-Best 5": 3.756115, "K-Best 7": 3.756115, "Cserna": 3.756115, "Bellman": 3.756115, "Minimin": 3.756115, "Nancy": 3.756115, "Lookahead": 14 }