{ "K-Best 1 Pemberton Belief": 3.109963, "K-Best 3 Pemberton Belief": 3.109963, "K-Best 5 Pemberton Belief": 3.109963, "K-Best 7 Pemberton Belief": 3.109963, "Cserna Pemberton Belief": 3.109963, "K-Best 1": 3.109963, "K-Best 3": 3.109963, "K-Best 5": 3.109963, "K-Best 7": 3.109963, "Cserna": 3.109963, "Bellman": 3.109963, "Minimin": 3.109963, "Nancy": 3.109963, "Lookahead": 14 }