{ "K-Best 1 Pemberton Belief": 3.561117, "K-Best 3 Pemberton Belief": 3.561117, "K-Best 5 Pemberton Belief": 3.561117, "K-Best 7 Pemberton Belief": 3.561117, "Cserna Pemberton Belief": 3.561117, "K-Best 1": 3.561117, "K-Best 3": 3.561117, "K-Best 5": 3.561117, "K-Best 7": 3.561117, "Cserna": 3.561117, "Bellman": 3.561117, "Minimin": 3.561117, "Nancy": 3.561117, "Lookahead": 14 }