{ "K-Best 1 Pemberton Belief": 3.365958, "K-Best 3 Pemberton Belief": 3.365958, "K-Best 5 Pemberton Belief": 3.365958, "K-Best 7 Pemberton Belief": 3.365958, "Cserna Pemberton Belief": 3.365958, "K-Best 1": 3.365958, "K-Best 3": 3.365958, "K-Best 5": 3.365958, "K-Best 7": 3.365958, "Cserna": 3.365958, "Bellman": 3.365958, "Minimin": 3.365958, "Nancy": 3.365958, "Lookahead": 15 }