{ "K-Best 1 Pemberton Belief": 3.499148, "K-Best 3 Pemberton Belief": 3.499148, "K-Best 5 Pemberton Belief": 3.499148, "K-Best 7 Pemberton Belief": 3.499148, "Cserna Pemberton Belief": 3.499148, "K-Best 1": 3.499148, "K-Best 3": 3.499148, "K-Best 5": 3.499148, "K-Best 7": 3.499148, "Cserna": 3.499148, "Bellman": 3.499148, "Minimin": 3.499148, "Nancy": 3.499148, "Lookahead": 15 }