{ "K-Best 1 Pemberton Belief": 2.819731, "K-Best 3 Pemberton Belief": 2.819731, "K-Best 5 Pemberton Belief": 2.819731, "K-Best 7 Pemberton Belief": 2.819731, "Cserna Pemberton Belief": 2.819731, "K-Best 1": 2.819731, "K-Best 3": 2.819731, "K-Best 5": 2.819731, "K-Best 7": 2.819731, "Cserna": 2.819731, "Bellman": 2.819731, "Minimin": 2.819731, "Nancy": 2.819731, "Lookahead": 14 }