{ "K-Best 1 Pemberton Belief": 3.556773, "K-Best 3 Pemberton Belief": 3.556773, "K-Best 5 Pemberton Belief": 3.556773, "K-Best 7 Pemberton Belief": 3.556773, "Cserna Pemberton Belief": 3.556773, "K-Best 1": 3.556773, "K-Best 3": 3.556773, "K-Best 5": 3.556773, "K-Best 7": 3.556773, "Cserna": 3.556773, "Bellman": 3.556773, "Minimin": 3.556773, "Nancy": 3.556773, "Lookahead": 14 }