{ "K-Best 1 Pemberton Belief": 3.377220, "K-Best 3 Pemberton Belief": 3.377220, "K-Best 5 Pemberton Belief": 3.377220, "K-Best 7 Pemberton Belief": 3.377220, "Cserna Pemberton Belief": 3.377220, "K-Best 1": 3.377220, "K-Best 3": 3.377220, "K-Best 5": 3.377220, "K-Best 7": 3.377220, "Cserna": 3.377220, "Bellman": 3.377220, "Minimin": 3.377220, "Nancy": 3.377220, "Lookahead": 15 }