{ "K-Best 1 Pemberton Belief": 3.008669, "K-Best 3 Pemberton Belief": 3.008669, "K-Best 5 Pemberton Belief": 3.008669, "K-Best 7 Pemberton Belief": 3.008669, "Cserna Pemberton Belief": 3.008669, "K-Best 1": 3.008669, "K-Best 3": 3.008669, "K-Best 5": 3.008669, "K-Best 7": 3.008669, "Cserna": 3.008669, "Bellman": 3.008669, "Minimin": 3.008669, "Nancy": 3.008669, "Lookahead": 15 }