{ "K-Best 1 Pemberton Belief": 3.187269, "K-Best 3 Pemberton Belief": 3.187269, "K-Best 5 Pemberton Belief": 3.187269, "K-Best 7 Pemberton Belief": 3.187269, "Cserna Pemberton Belief": 3.187269, "K-Best 1": 3.187269, "K-Best 3": 3.187269, "K-Best 5": 3.187269, "K-Best 7": 3.187269, "Cserna": 3.187269, "Bellman": 3.187269, "Minimin": 3.187269, "Nancy": 3.187269, "Lookahead": 14 }