{ "K-Best 1 Pemberton Belief": 3.535792, "K-Best 3 Pemberton Belief": 3.535792, "K-Best 5 Pemberton Belief": 3.535792, "K-Best 7 Pemberton Belief": 3.535792, "Cserna Pemberton Belief": 3.535792, "K-Best 1": 3.535792, "K-Best 3": 3.535792, "K-Best 5": 3.535792, "K-Best 7": 3.535792, "Cserna": 3.535792, "Bellman": 3.535792, "Minimin": 3.535792, "Nancy": 3.535792, "Lookahead": 14 }