{ "K-Best 1 Pemberton Belief": 3.712388, "K-Best 3 Pemberton Belief": 3.712388, "K-Best 5 Pemberton Belief": 3.712388, "K-Best 7 Pemberton Belief": 3.712388, "Cserna Pemberton Belief": 3.712388, "K-Best 1": 3.712388, "K-Best 3": 3.712388, "K-Best 5": 3.712388, "K-Best 7": 3.712388, "Cserna": 3.712388, "Bellman": 3.712388, "Minimin": 3.712388, "Nancy": 3.712388, "Lookahead": 15 }