{ "K-Best 1 Pemberton Belief": 4.551335, "K-Best 3 Pemberton Belief": 4.551335, "K-Best 5 Pemberton Belief": 4.551335, "K-Best 7 Pemberton Belief": 4.551335, "Cserna Pemberton Belief": 4.551335, "K-Best 1": 4.551335, "K-Best 3": 4.551335, "K-Best 5": 4.551335, "K-Best 7": 4.551335, "Cserna": 4.551335, "Bellman": 4.551335, "Minimin": 4.551335, "Nancy": 4.551335, "Lookahead": 14 }