{ "K-Best 1 Pemberton Belief": 3.271327, "K-Best 3 Pemberton Belief": 3.271327, "K-Best 5 Pemberton Belief": 3.271327, "K-Best 7 Pemberton Belief": 3.271327, "Cserna Pemberton Belief": 3.271327, "K-Best 1": 3.271327, "K-Best 3": 3.271327, "K-Best 5": 3.271327, "K-Best 7": 3.271327, "Cserna": 3.271327, "Bellman": 3.271327, "Minimin": 3.271327, "Nancy": 3.271327, "Lookahead": 15 }