{ "K-Best 1 Pemberton Belief": 3.743457, "K-Best 3 Pemberton Belief": 3.743457, "K-Best 5 Pemberton Belief": 3.743457, "K-Best 7 Pemberton Belief": 3.743457, "Cserna Pemberton Belief": 3.743457, "K-Best 1": 3.743457, "K-Best 3": 3.743457, "K-Best 5": 3.743457, "K-Best 7": 3.743457, "Cserna": 3.743457, "Bellman": 3.743457, "Minimin": 3.743457, "Nancy": 3.743457, "Lookahead": 15 }