{ "K-Best 1 Pemberton Belief": 3.919960, "K-Best 3 Pemberton Belief": 3.919960, "K-Best 5 Pemberton Belief": 3.919960, "K-Best 7 Pemberton Belief": 3.919960, "Cserna Pemberton Belief": 3.919960, "K-Best 1": 3.919960, "K-Best 3": 3.919960, "K-Best 5": 3.919960, "K-Best 7": 3.919960, "Cserna": 3.919960, "Bellman": 3.919960, "Minimin": 3.919960, "Nancy": 3.919960, "Lookahead": 15 }