{ "K-Best 1 Pemberton Belief": 4.160103, "K-Best 3 Pemberton Belief": 4.160103, "K-Best 5 Pemberton Belief": 4.160103, "K-Best 7 Pemberton Belief": 4.160103, "Cserna Pemberton Belief": 4.160103, "K-Best 1": 4.160103, "K-Best 3": 4.160103, "K-Best 5": 4.160103, "K-Best 7": 4.160103, "Cserna": 4.160103, "Bellman": 4.160103, "Minimin": 4.160103, "Nancy": 4.160103, "Lookahead": 15 }