{ "K-Best 1 Pemberton Belief": 3.873630, "K-Best 3 Pemberton Belief": 3.873630, "K-Best 5 Pemberton Belief": 3.873630, "K-Best 7 Pemberton Belief": 3.873630, "Cserna Pemberton Belief": 3.873630, "K-Best 1": 3.873630, "K-Best 3": 3.873630, "K-Best 5": 3.873630, "K-Best 7": 3.873630, "Cserna": 3.873630, "Bellman": 3.873630, "Minimin": 3.873630, "Nancy": 3.873630, "Lookahead": 14 }