{ "K-Best 1 Pemberton Belief": 3.029173, "K-Best 3 Pemberton Belief": 3.029173, "K-Best 5 Pemberton Belief": 3.029173, "K-Best 7 Pemberton Belief": 3.029173, "Cserna Pemberton Belief": 3.029173, "K-Best 1": 3.029173, "K-Best 3": 3.029173, "K-Best 5": 3.029173, "K-Best 7": 3.029173, "Cserna": 3.029173, "Bellman": 3.029173, "Minimin": 3.029173, "Nancy": 3.029173, "Lookahead": 14 }