{ "K-Best 1 Pemberton Belief": 4.153523, "K-Best 3 Pemberton Belief": 4.153523, "K-Best 5 Pemberton Belief": 4.153523, "K-Best 7 Pemberton Belief": 4.153523, "Cserna Pemberton Belief": 4.153523, "K-Best 1": 4.153523, "K-Best 3": 4.153523, "K-Best 5": 4.153523, "K-Best 7": 4.153523, "Cserna": 4.153523, "Bellman": 4.153523, "Minimin": 4.153523, "Nancy": 4.153523, "Lookahead": 14 }