{ "K-Best 1 Pemberton Belief": 3.828539, "K-Best 3 Pemberton Belief": 3.828539, "K-Best 5 Pemberton Belief": 3.828539, "K-Best 7 Pemberton Belief": 3.828539, "Cserna Pemberton Belief": 3.828539, "K-Best 1": 3.828539, "K-Best 3": 3.828539, "K-Best 5": 3.828539, "K-Best 7": 3.828539, "Cserna": 3.828539, "Bellman": 3.828539, "Minimin": 3.828539, "Nancy": 3.828539, "Lookahead": 14 }