{ "K-Best 1 Pemberton Belief": 3.590298, "K-Best 3 Pemberton Belief": 3.590298, "K-Best 5 Pemberton Belief": 3.590298, "K-Best 7 Pemberton Belief": 3.590298, "Cserna Pemberton Belief": 3.590298, "K-Best 1": 3.590298, "K-Best 3": 3.590298, "K-Best 5": 3.590298, "K-Best 7": 3.590298, "Cserna": 3.590298, "Bellman": 3.590298, "Minimin": 3.590298, "Nancy": 3.590298, "Lookahead": 14 }