{ "K-Best 1 Pemberton Belief": 3.278323, "K-Best 3 Pemberton Belief": 3.278323, "K-Best 5 Pemberton Belief": 3.278323, "K-Best 7 Pemberton Belief": 3.278323, "Cserna Pemberton Belief": 3.278323, "K-Best 1": 3.278323, "K-Best 3": 3.278323, "K-Best 5": 3.278323, "K-Best 7": 3.278323, "Cserna": 3.278323, "Bellman": 3.278323, "Minimin": 3.278323, "Nancy": 3.278323, "Lookahead": 15 }