{ "K-Best 1 Pemberton Belief": 2.802307, "K-Best 3 Pemberton Belief": 2.802307, "K-Best 5 Pemberton Belief": 2.802307, "K-Best 7 Pemberton Belief": 2.802307, "Cserna Pemberton Belief": 2.802307, "K-Best 1": 2.802307, "K-Best 3": 2.802307, "K-Best 5": 2.802307, "K-Best 7": 2.802307, "Cserna": 2.802307, "Bellman": 2.802307, "Minimin": 2.802307, "Nancy": 2.802307, "Lookahead": 15 }