{ "K-Best 1 Pemberton Belief": 4.440424, "K-Best 3 Pemberton Belief": 4.440424, "K-Best 5 Pemberton Belief": 4.440424, "K-Best 7 Pemberton Belief": 4.440424, "Cserna Pemberton Belief": 4.440424, "K-Best 1": 4.440424, "K-Best 3": 4.440424, "K-Best 5": 4.440424, "K-Best 7": 4.440424, "Cserna": 4.440424, "Bellman": 4.440424, "Minimin": 4.440424, "Nancy": 4.440424, "Lookahead": 15 }