{ "K-Best 1 Pemberton Belief": 3.326796, "K-Best 3 Pemberton Belief": 3.326796, "K-Best 5 Pemberton Belief": 3.326796, "K-Best 7 Pemberton Belief": 3.326796, "Cserna Pemberton Belief": 3.326796, "K-Best 1": 3.326796, "K-Best 3": 3.326796, "K-Best 5": 3.326796, "K-Best 7": 3.326796, "Cserna": 3.326796, "Bellman": 3.326796, "Minimin": 3.326796, "Nancy": 3.326796, "Lookahead": 15 }