{ "K-Best 1 Pemberton Belief": 3.831218, "K-Best 3 Pemberton Belief": 3.831218, "K-Best 5 Pemberton Belief": 3.831218, "K-Best 7 Pemberton Belief": 3.831218, "Cserna Pemberton Belief": 3.831218, "K-Best 1": 3.831218, "K-Best 3": 3.831218, "K-Best 5": 3.831218, "K-Best 7": 3.831218, "Cserna": 3.831218, "Bellman": 3.831218, "Minimin": 3.831218, "Nancy": 3.831218, "Lookahead": 15 }