{ "K-Best 1 Pemberton Belief": 3.428818, "K-Best 3 Pemberton Belief": 3.428818, "K-Best 5 Pemberton Belief": 3.428818, "K-Best 7 Pemberton Belief": 3.428818, "Cserna Pemberton Belief": 3.428818, "K-Best 1": 3.428818, "K-Best 3": 3.428818, "K-Best 5": 3.428818, "K-Best 7": 3.428818, "Cserna": 3.428818, "Bellman": 3.428818, "Minimin": 3.428818, "Nancy": 3.428818, "Lookahead": 15 }