{ "K-Best 1 Pemberton Belief": 2.448200, "K-Best 3 Pemberton Belief": 2.448200, "K-Best 5 Pemberton Belief": 2.448200, "K-Best 7 Pemberton Belief": 2.448200, "Cserna Pemberton Belief": 2.448200, "K-Best 1": 2.448200, "K-Best 3": 2.448200, "K-Best 5": 2.448200, "K-Best 7": 2.448200, "Cserna": 2.448200, "Bellman": 2.448200, "Minimin": 2.448200, "Nancy": 2.448200, "Lookahead": 15 }