{ "K-Best 1 Pemberton Belief": 3.752861, "K-Best 3 Pemberton Belief": 3.752861, "K-Best 5 Pemberton Belief": 3.752861, "K-Best 7 Pemberton Belief": 3.752861, "Cserna Pemberton Belief": 3.752861, "K-Best 1": 3.752861, "K-Best 3": 3.752861, "K-Best 5": 3.752861, "K-Best 7": 3.752861, "Cserna": 3.752861, "Bellman": 3.752861, "Minimin": 3.752861, "Nancy": 3.752861, "Lookahead": 15 }