{ "K-Best 1 Pemberton Belief": 4.211237, "K-Best 3 Pemberton Belief": 4.211237, "K-Best 5 Pemberton Belief": 4.211237, "K-Best 7 Pemberton Belief": 4.211237, "Cserna Pemberton Belief": 4.211237, "K-Best 1": 4.211237, "K-Best 3": 4.211237, "K-Best 5": 4.211237, "K-Best 7": 4.211237, "Cserna": 4.211237, "Bellman": 4.211237, "Minimin": 4.211237, "Nancy": 4.211237, "Lookahead": 14 }