{ "K-Best 1 Pemberton Belief": 3.803473, "K-Best 3 Pemberton Belief": 3.803473, "K-Best 5 Pemberton Belief": 3.803473, "K-Best 7 Pemberton Belief": 3.803473, "Cserna Pemberton Belief": 3.803473, "K-Best 1": 3.803473, "K-Best 3": 3.803473, "K-Best 5": 3.803473, "K-Best 7": 3.803473, "Cserna": 3.803473, "Bellman": 3.803473, "Minimin": 3.803473, "Nancy": 3.803473, "Lookahead": 14 }