{ "K-Best 1 Pemberton Belief": 3.604743, "K-Best 3 Pemberton Belief": 3.604743, "K-Best 5 Pemberton Belief": 3.604743, "K-Best 7 Pemberton Belief": 3.604743, "Cserna Pemberton Belief": 3.604743, "K-Best 1": 3.604743, "K-Best 3": 3.604743, "K-Best 5": 3.604743, "K-Best 7": 3.604743, "Cserna": 3.604743, "Bellman": 3.604743, "Minimin": 3.604743, "Nancy": 3.604743, "Lookahead": 15 }