{ "K-Best 1 Pemberton Belief": 3.380777, "K-Best 3 Pemberton Belief": 3.380777, "K-Best 5 Pemberton Belief": 3.380777, "K-Best 7 Pemberton Belief": 3.380777, "Cserna Pemberton Belief": 3.380777, "K-Best 1": 3.380777, "K-Best 3": 3.380777, "K-Best 5": 3.380777, "K-Best 7": 3.380777, "Cserna": 3.380777, "Bellman": 3.380777, "Minimin": 3.380777, "Nancy": 3.380777, "Lookahead": 15 }