{ "K-Best 1 Pemberton Belief": 4.062826, "K-Best 3 Pemberton Belief": 4.062826, "K-Best 5 Pemberton Belief": 4.062826, "K-Best 7 Pemberton Belief": 4.062826, "Cserna Pemberton Belief": 4.062826, "K-Best 1": 4.062826, "K-Best 3": 4.062826, "K-Best 5": 4.062826, "K-Best 7": 4.062826, "Cserna": 4.062826, "Bellman": 4.062826, "Minimin": 4.062826, "Nancy": 4.062826, "Lookahead": 15 }