{ "K-Best 1 Pemberton Belief": 3.532629, "K-Best 3 Pemberton Belief": 3.532629, "K-Best 5 Pemberton Belief": 3.532629, "K-Best 7 Pemberton Belief": 3.532629, "Cserna Pemberton Belief": 3.532629, "K-Best 1": 3.532629, "K-Best 3": 3.532629, "K-Best 5": 3.532629, "K-Best 7": 3.532629, "Cserna": 3.532629, "Bellman": 3.532629, "Minimin": 3.532629, "Nancy": 3.532629, "Lookahead": 15 }