{ "K-Best 1 Pemberton Belief": 3.884231, "K-Best 3 Pemberton Belief": 3.884231, "K-Best 5 Pemberton Belief": 3.884231, "K-Best 7 Pemberton Belief": 3.884231, "Cserna Pemberton Belief": 3.884231, "K-Best 1": 3.884231, "K-Best 3": 3.884231, "K-Best 5": 3.884231, "K-Best 7": 3.884231, "Cserna": 3.884231, "Bellman": 3.884231, "Minimin": 3.884231, "Nancy": 3.884231, "Lookahead": 15 }