{ "K-Best 1 Pemberton Belief": 4.252997, "K-Best 3 Pemberton Belief": 4.252997, "K-Best 5 Pemberton Belief": 4.252997, "K-Best 7 Pemberton Belief": 4.252997, "Cserna Pemberton Belief": 4.252997, "K-Best 1": 4.252997, "K-Best 3": 4.252997, "K-Best 5": 4.252997, "K-Best 7": 4.252997, "Cserna": 4.252997, "Bellman": 4.252997, "Minimin": 4.252997, "Nancy": 4.252997, "Lookahead": 15 }