{ "K-Best 1 Pemberton Belief": 2.965456, "K-Best 3 Pemberton Belief": 2.965456, "K-Best 5 Pemberton Belief": 2.965456, "K-Best 7 Pemberton Belief": 2.965456, "Cserna Pemberton Belief": 2.965456, "K-Best 1": 2.965456, "K-Best 3": 2.965456, "K-Best 5": 2.965456, "K-Best 7": 2.965456, "Cserna": 2.965456, "Bellman": 2.965456, "Minimin": 2.965456, "Nancy": 2.965456, "Lookahead": 15 }