{ "K-Best 1 Pemberton Belief": 3.464047, "K-Best 3 Pemberton Belief": 3.464047, "K-Best 5 Pemberton Belief": 3.464047, "K-Best 7 Pemberton Belief": 3.464047, "Cserna Pemberton Belief": 3.464047, "K-Best 1": 3.464047, "K-Best 3": 3.464047, "K-Best 5": 3.464047, "K-Best 7": 3.464047, "Cserna": 3.464047, "Bellman": 3.464047, "Minimin": 3.464047, "Nancy": 3.464047, "Lookahead": 14 }