{ "K-Best 1 Pemberton Belief": 3.356344, "K-Best 3 Pemberton Belief": 3.356344, "K-Best 5 Pemberton Belief": 3.356344, "K-Best 7 Pemberton Belief": 3.356344, "Cserna Pemberton Belief": 3.356344, "K-Best 1": 3.356344, "K-Best 3": 3.356344, "K-Best 5": 3.356344, "K-Best 7": 3.356344, "Cserna": 3.356344, "Bellman": 3.356344, "Minimin": 3.356344, "Nancy": 3.356344, "Lookahead": 15 }