{ "K-Best 1 Pemberton Belief": 3.208025, "K-Best 3 Pemberton Belief": 3.208025, "K-Best 5 Pemberton Belief": 3.208025, "K-Best 7 Pemberton Belief": 3.208025, "Cserna Pemberton Belief": 3.208025, "K-Best 1": 3.208025, "K-Best 3": 3.208025, "K-Best 5": 3.208025, "K-Best 7": 3.208025, "Cserna": 3.208025, "Bellman": 3.208025, "Minimin": 3.208025, "Nancy": 3.208025, "Lookahead": 15 }