{ "K-Best 1 Pemberton Belief": 3.293584, "K-Best 3 Pemberton Belief": 3.293584, "K-Best 5 Pemberton Belief": 3.293584, "K-Best 7 Pemberton Belief": 3.293584, "Cserna Pemberton Belief": 3.293584, "K-Best 1": 3.293584, "K-Best 3": 3.293584, "K-Best 5": 3.293584, "K-Best 7": 3.293584, "Cserna": 3.293584, "Bellman": 3.293584, "Minimin": 3.293584, "Nancy": 3.293584, "Lookahead": 15 }