{ "K-Best 1 Pemberton Belief": 3.624176, "K-Best 3 Pemberton Belief": 3.624176, "K-Best 5 Pemberton Belief": 3.624176, "K-Best 7 Pemberton Belief": 3.624176, "Cserna Pemberton Belief": 3.624176, "K-Best 1": 3.624176, "K-Best 3": 3.624176, "K-Best 5": 3.624176, "K-Best 7": 3.624176, "Cserna": 3.624176, "Bellman": 3.624176, "Minimin": 3.624176, "Nancy": 3.624176, "Lookahead": 14 }