{ "K-Best 1 Pemberton Belief": 3.163090, "K-Best 3 Pemberton Belief": 3.163090, "K-Best 5 Pemberton Belief": 3.163090, "K-Best 7 Pemberton Belief": 3.163090, "Cserna Pemberton Belief": 3.163090, "K-Best 1": 3.163090, "K-Best 3": 3.163090, "K-Best 5": 3.163090, "K-Best 7": 3.163090, "Cserna": 3.163090, "Bellman": 3.163090, "Minimin": 3.163090, "Nancy": 3.163090, "Lookahead": 15 }