{ "K-Best 1 Pemberton Belief": 4.293059, "K-Best 3 Pemberton Belief": 4.293059, "K-Best 5 Pemberton Belief": 4.293059, "K-Best 7 Pemberton Belief": 4.293059, "Cserna Pemberton Belief": 4.293059, "K-Best 1": 4.293059, "K-Best 3": 4.293059, "K-Best 5": 4.293059, "K-Best 7": 4.293059, "Cserna": 4.293059, "Bellman": 4.293059, "Minimin": 4.293059, "Nancy": 4.293059, "Lookahead": 15 }