{ "K-Best 1 Pemberton Belief": 3.958822, "K-Best 3 Pemberton Belief": 3.958822, "K-Best 5 Pemberton Belief": 3.958822, "K-Best 7 Pemberton Belief": 3.958822, "Cserna Pemberton Belief": 3.958822, "K-Best 1": 3.958822, "K-Best 3": 3.958822, "K-Best 5": 3.958822, "K-Best 7": 3.958822, "Cserna": 3.958822, "Bellman": 3.958822, "Minimin": 3.958822, "Nancy": 3.958822, "Lookahead": 14 }