{ "K-Best 1 Pemberton Belief": 2.599427, "K-Best 3 Pemberton Belief": 2.599427, "K-Best 5 Pemberton Belief": 2.599427, "K-Best 7 Pemberton Belief": 2.599427, "Cserna Pemberton Belief": 2.599427, "K-Best 1": 2.599427, "K-Best 3": 2.599427, "K-Best 5": 2.599427, "K-Best 7": 2.599427, "Cserna": 2.599427, "Bellman": 2.599427, "Minimin": 2.599427, "Nancy": 2.599427, "Lookahead": 15 }