{ "K-Best 1 Pemberton Belief": 4.036138, "K-Best 3 Pemberton Belief": 4.036138, "K-Best 5 Pemberton Belief": 4.036138, "K-Best 7 Pemberton Belief": 4.036138, "Cserna Pemberton Belief": 4.036138, "K-Best 1": 4.036138, "K-Best 3": 4.036138, "K-Best 5": 4.036138, "K-Best 7": 4.036138, "Cserna": 4.036138, "Bellman": 4.036138, "Minimin": 4.036138, "Nancy": 4.036138, "Lookahead": 14 }