{ "K-Best 1 Pemberton Belief": 3.832566, "K-Best 3 Pemberton Belief": 3.832566, "K-Best 5 Pemberton Belief": 3.832566, "K-Best 7 Pemberton Belief": 3.832566, "Cserna Pemberton Belief": 3.832566, "K-Best 1": 3.832566, "K-Best 3": 3.832566, "K-Best 5": 3.832566, "K-Best 7": 3.832566, "Cserna": 3.832566, "Bellman": 3.832566, "Minimin": 3.832566, "Nancy": 3.832566, "Lookahead": 15 }