{ "K-Best 1 Pemberton Belief": 4.474449, "K-Best 3 Pemberton Belief": 4.225491, "K-Best 5 Pemberton Belief": 4.225491, "K-Best 7 Pemberton Belief": 4.225491, "Cserna Pemberton Belief": 4.225491, "K-Best 1": 4.474449, "K-Best 3": 4.225491, "K-Best 5": 4.225491, "K-Best 7": 4.225491, "Cserna": 4.225491, "Bellman": 4.474449, "Minimin": 4.474449, "Nancy": 4.474449, "Lookahead": 14 }