{ "K-Best 1 Pemberton Belief": 3.829419, "K-Best 3 Pemberton Belief": 3.829419, "K-Best 5 Pemberton Belief": 3.829419, "K-Best 7 Pemberton Belief": 3.829419, "Cserna Pemberton Belief": 3.829419, "K-Best 1": 3.829419, "K-Best 3": 3.829419, "K-Best 5": 3.829419, "K-Best 7": 3.829419, "Cserna": 3.829419, "Bellman": 3.829419, "Minimin": 3.829419, "Nancy": 3.829419, "Lookahead": 15 }