{ "K-Best 1 Pemberton Belief": 3.526490, "K-Best 3 Pemberton Belief": 3.526490, "K-Best 5 Pemberton Belief": 3.526490, "K-Best 7 Pemberton Belief": 3.526490, "Cserna Pemberton Belief": 3.526490, "K-Best 1": 3.526490, "K-Best 3": 3.526490, "K-Best 5": 3.526490, "K-Best 7": 3.526490, "Cserna": 3.526490, "Bellman": 3.526490, "Minimin": 3.526490, "Nancy": 3.526490, "Lookahead": 15 }