{ "K-Best 1 Pemberton Belief": 4.367105, "K-Best 3 Pemberton Belief": 4.367105, "K-Best 5 Pemberton Belief": 4.367105, "K-Best 7 Pemberton Belief": 4.367105, "Cserna Pemberton Belief": 4.367105, "K-Best 1": 4.367105, "K-Best 3": 4.367105, "K-Best 5": 4.367105, "K-Best 7": 4.367105, "Cserna": 4.367105, "Bellman": 4.367105, "Minimin": 4.367105, "Nancy": 4.367105, "Lookahead": 15 }