{ "K-Best 1 Pemberton Belief": 3.366023, "K-Best 3 Pemberton Belief": 3.366023, "K-Best 5 Pemberton Belief": 3.366023, "K-Best 7 Pemberton Belief": 3.366023, "Cserna Pemberton Belief": 3.366023, "K-Best 1": 3.366023, "K-Best 3": 3.366023, "K-Best 5": 3.366023, "K-Best 7": 3.366023, "Cserna": 3.366023, "Bellman": 3.366023, "Minimin": 3.366023, "Nancy": 3.366023, "Lookahead": 15 }