{ "K-Best 1 Pemberton Belief": 3.272647, "K-Best 3 Pemberton Belief": 3.272647, "K-Best 5 Pemberton Belief": 3.272647, "K-Best 7 Pemberton Belief": 3.272647, "Cserna Pemberton Belief": 3.272647, "K-Best 1": 3.272647, "K-Best 3": 3.272647, "K-Best 5": 3.272647, "K-Best 7": 3.272647, "Cserna": 3.272647, "Bellman": 3.272647, "Minimin": 3.272647, "Nancy": 3.272647, "Lookahead": 14 }