{ "K-Best 1 Pemberton Belief": 3.406994, "K-Best 3 Pemberton Belief": 3.406994, "K-Best 5 Pemberton Belief": 3.406994, "K-Best 7 Pemberton Belief": 3.406994, "Cserna Pemberton Belief": 3.406994, "K-Best 1": 3.406994, "K-Best 3": 3.406994, "K-Best 5": 3.406994, "K-Best 7": 3.406994, "Cserna": 3.406994, "Bellman": 3.406994, "Minimin": 3.406994, "Nancy": 3.406994, "Lookahead": 15 }