{ "K-Best 1 Pemberton Belief": 4.434781, "K-Best 3 Pemberton Belief": 4.434781, "K-Best 5 Pemberton Belief": 4.434781, "K-Best 7 Pemberton Belief": 4.434781, "Cserna Pemberton Belief": 4.434781, "K-Best 1": 4.434781, "K-Best 3": 4.434781, "K-Best 5": 4.434781, "K-Best 7": 4.434781, "Cserna": 4.434781, "Bellman": 4.434781, "Minimin": 4.434781, "Nancy": 4.434781, "Lookahead": 14 }