{ "K-Best 1 Pemberton Belief": 3.656763, "K-Best 3 Pemberton Belief": 3.656763, "K-Best 5 Pemberton Belief": 3.656763, "K-Best 7 Pemberton Belief": 3.656763, "Cserna Pemberton Belief": 3.656763, "K-Best 1": 3.656763, "K-Best 3": 3.656763, "K-Best 5": 3.656763, "K-Best 7": 3.656763, "Cserna": 3.656763, "Bellman": 3.656763, "Minimin": 3.656763, "Nancy": 3.656763, "Lookahead": 15 }