{ "K-Best 1 Pemberton Belief": 4.244568, "K-Best 3 Pemberton Belief": 4.244568, "K-Best 5 Pemberton Belief": 4.244568, "K-Best 7 Pemberton Belief": 4.244568, "Cserna Pemberton Belief": 4.244568, "K-Best 1": 4.244568, "K-Best 3": 4.244568, "K-Best 5": 4.244568, "K-Best 7": 4.244568, "Cserna": 4.244568, "Bellman": 4.244568, "Minimin": 4.244568, "Nancy": 4.244568, "Lookahead": 15 }