{ "K-Best 1 Pemberton Belief": 4.047584, "K-Best 3 Pemberton Belief": 4.047584, "K-Best 5 Pemberton Belief": 4.047584, "K-Best 7 Pemberton Belief": 4.047584, "Cserna Pemberton Belief": 4.047584, "K-Best 1": 4.047584, "K-Best 3": 4.047584, "K-Best 5": 4.047584, "K-Best 7": 4.047584, "Cserna": 4.047584, "Bellman": 4.047584, "Minimin": 4.047584, "Nancy": 4.047584, "Lookahead": 15 }