{ "K-Best 1 Pemberton Belief": 3.422035, "K-Best 3 Pemberton Belief": 3.422035, "K-Best 5 Pemberton Belief": 3.422035, "K-Best 7 Pemberton Belief": 3.422035, "Cserna Pemberton Belief": 3.422035, "K-Best 1": 3.422035, "K-Best 3": 3.422035, "K-Best 5": 3.422035, "K-Best 7": 3.422035, "Cserna": 3.422035, "Bellman": 3.422035, "Minimin": 3.422035, "Nancy": 3.422035, "Lookahead": 14 }