{ "K-Best 1 Pemberton Belief": 4.522341, "K-Best 3 Pemberton Belief": 4.522341, "K-Best 5 Pemberton Belief": 4.522341, "K-Best 7 Pemberton Belief": 4.522341, "Cserna Pemberton Belief": 4.522341, "K-Best 1": 4.522341, "K-Best 3": 4.522341, "K-Best 5": 4.522341, "K-Best 7": 4.522341, "Cserna": 4.522341, "Bellman": 4.522341, "Minimin": 4.522341, "Nancy": 4.522341, "Lookahead": 15 }