{ "K-Best 1 Pemberton Belief": 3.786778, "K-Best 3 Pemberton Belief": 3.786778, "K-Best 5 Pemberton Belief": 3.786778, "K-Best 7 Pemberton Belief": 3.786778, "Cserna Pemberton Belief": 3.786778, "K-Best 1": 3.786778, "K-Best 3": 3.786778, "K-Best 5": 3.786778, "K-Best 7": 3.786778, "Cserna": 3.786778, "Bellman": 3.786778, "Minimin": 3.786778, "Nancy": 3.786778, "Lookahead": 14 }