{ "K-Best 1 Pemberton Belief": 3.422231, "K-Best 3 Pemberton Belief": 3.422231, "K-Best 5 Pemberton Belief": 3.422231, "K-Best 7 Pemberton Belief": 3.422231, "Cserna Pemberton Belief": 3.422231, "K-Best 1": 3.422231, "K-Best 3": 3.422231, "K-Best 5": 3.422231, "K-Best 7": 3.422231, "Cserna": 3.422231, "Bellman": 3.422231, "Minimin": 3.422231, "Nancy": 3.422231, "Lookahead": 15 }