{ "K-Best 1 Pemberton Belief": 3.978874, "K-Best 3 Pemberton Belief": 3.978874, "K-Best 5 Pemberton Belief": 3.978874, "K-Best 7 Pemberton Belief": 3.978874, "Cserna Pemberton Belief": 3.978874, "K-Best 1": 3.978874, "K-Best 3": 3.978874, "K-Best 5": 3.978874, "K-Best 7": 3.978874, "Cserna": 3.978874, "Bellman": 3.978874, "Minimin": 3.978874, "Nancy": 3.978874, "Lookahead": 15 }