{ "K-Best 1 Pemberton Belief": 3.247566, "K-Best 3 Pemberton Belief": 3.247566, "K-Best 5 Pemberton Belief": 3.247566, "K-Best 7 Pemberton Belief": 3.247566, "Cserna Pemberton Belief": 3.247566, "K-Best 1": 3.247566, "K-Best 3": 3.247566, "K-Best 5": 3.247566, "K-Best 7": 3.247566, "Cserna": 3.247566, "Bellman": 3.247566, "Minimin": 3.247566, "Nancy": 3.247566, "Lookahead": 14 }