{ "K-Best 1 Pemberton Belief": 3.870806, "K-Best 3 Pemberton Belief": 3.870806, "K-Best 5 Pemberton Belief": 3.870806, "K-Best 7 Pemberton Belief": 3.870806, "Cserna Pemberton Belief": 3.870806, "K-Best 1": 3.870806, "K-Best 3": 3.870806, "K-Best 5": 3.870806, "K-Best 7": 3.870806, "Cserna": 3.870806, "Bellman": 3.870806, "Minimin": 3.870806, "Nancy": 3.870806, "Lookahead": 15 }