{ "K-Best 1 Pemberton Belief": 3.672068, "K-Best 3 Pemberton Belief": 3.672068, "K-Best 5 Pemberton Belief": 3.672068, "K-Best 7 Pemberton Belief": 3.672068, "Cserna Pemberton Belief": 3.672068, "K-Best 1": 3.672068, "K-Best 3": 3.672068, "K-Best 5": 3.672068, "K-Best 7": 3.672068, "Cserna": 3.672068, "Bellman": 3.672068, "Minimin": 3.672068, "Nancy": 3.672068, "Lookahead": 15 }