{ "K-Best 1 Pemberton Belief": 3.741048, "K-Best 3 Pemberton Belief": 3.741048, "K-Best 5 Pemberton Belief": 3.741048, "K-Best 7 Pemberton Belief": 3.741048, "Cserna Pemberton Belief": 3.741048, "K-Best 1": 3.741048, "K-Best 3": 3.741048, "K-Best 5": 3.741048, "K-Best 7": 3.741048, "Cserna": 3.741048, "Bellman": 3.741048, "Minimin": 3.741048, "Nancy": 3.741048, "Lookahead": 15 }