{ "K-Best 1 Pemberton Belief": 3.656224, "K-Best 3 Pemberton Belief": 3.656224, "K-Best 5 Pemberton Belief": 3.656224, "K-Best 7 Pemberton Belief": 3.656224, "Cserna Pemberton Belief": 3.656224, "K-Best 1": 3.656224, "K-Best 3": 3.656224, "K-Best 5": 3.656224, "K-Best 7": 3.656224, "Cserna": 3.656224, "Bellman": 3.656224, "Minimin": 3.656224, "Nancy": 3.656224, "Lookahead": 15 }