{ "K-Best 1 Pemberton Belief": 4.245851, "K-Best 3 Pemberton Belief": 4.245851, "K-Best 5 Pemberton Belief": 4.245851, "K-Best 7 Pemberton Belief": 4.245851, "Cserna Pemberton Belief": 4.245851, "K-Best 1": 4.245851, "K-Best 3": 4.245851, "K-Best 5": 4.245851, "K-Best 7": 4.245851, "Cserna": 4.245851, "Bellman": 4.245851, "Minimin": 4.245851, "Nancy": 4.245851, "Lookahead": 15 }