{ "K-Best 1 Pemberton Belief": 3.837448, "K-Best 3 Pemberton Belief": 3.837448, "K-Best 5 Pemberton Belief": 3.837448, "K-Best 7 Pemberton Belief": 3.837448, "Cserna Pemberton Belief": 3.837448, "K-Best 1": 3.837448, "K-Best 3": 3.837448, "K-Best 5": 3.837448, "K-Best 7": 3.837448, "Cserna": 3.837448, "Bellman": 3.837448, "Minimin": 3.837448, "Nancy": 3.837448, "Lookahead": 15 }