{ "K-Best 1 Pemberton Belief": 3.444409, "K-Best 3 Pemberton Belief": 3.444409, "K-Best 5 Pemberton Belief": 3.444409, "K-Best 7 Pemberton Belief": 3.444409, "Cserna Pemberton Belief": 3.444409, "K-Best 1": 3.444409, "K-Best 3": 3.444409, "K-Best 5": 3.444409, "K-Best 7": 3.444409, "Cserna": 3.444409, "Bellman": 3.444409, "Minimin": 3.444409, "Nancy": 3.444409, "Lookahead": 14 }