{ "K-Best 1 Pemberton Belief": 4.005743, "K-Best 3 Pemberton Belief": 4.005743, "K-Best 5 Pemberton Belief": 4.005743, "K-Best 7 Pemberton Belief": 4.005743, "Cserna Pemberton Belief": 4.005743, "K-Best 1": 4.005743, "K-Best 3": 4.005743, "K-Best 5": 4.005743, "K-Best 7": 4.005743, "Cserna": 4.005743, "Bellman": 4.005743, "Minimin": 4.005743, "Nancy": 4.005743, "Lookahead": 14 }