{ "K-Best 1 Pemberton Belief": 3.422519, "K-Best 3 Pemberton Belief": 3.422519, "K-Best 5 Pemberton Belief": 3.422519, "K-Best 7 Pemberton Belief": 3.422519, "Cserna Pemberton Belief": 3.422519, "K-Best 1": 3.422519, "K-Best 3": 3.422519, "K-Best 5": 3.422519, "K-Best 7": 3.422519, "Cserna": 3.422519, "Bellman": 3.422519, "Minimin": 3.422519, "Nancy": 3.422519, "Lookahead": 15 }