{ "K-Best 1 Pemberton Belief": 4.028620, "K-Best 3 Pemberton Belief": 4.028620, "K-Best 5 Pemberton Belief": 4.028620, "K-Best 7 Pemberton Belief": 4.028620, "Cserna Pemberton Belief": 4.028620, "K-Best 1": 4.028620, "K-Best 3": 4.028620, "K-Best 5": 4.028620, "K-Best 7": 4.028620, "Cserna": 4.028620, "Bellman": 4.028620, "Minimin": 4.028620, "Nancy": 4.028620, "Lookahead": 15 }