{ "K-Best 1 Pemberton Belief": 3.389208, "K-Best 3 Pemberton Belief": 3.389208, "K-Best 5 Pemberton Belief": 3.389208, "K-Best 7 Pemberton Belief": 3.389208, "Cserna Pemberton Belief": 3.389208, "K-Best 1": 3.389208, "K-Best 3": 3.389208, "K-Best 5": 3.389208, "K-Best 7": 3.389208, "Cserna": 3.389208, "Bellman": 3.389208, "Minimin": 3.389208, "Nancy": 3.389208, "Lookahead": 15 }