{ "K-Best 1 Pemberton Belief": 2.604955, "K-Best 3 Pemberton Belief": 2.604955, "K-Best 5 Pemberton Belief": 2.604955, "K-Best 7 Pemberton Belief": 2.604955, "Cserna Pemberton Belief": 2.604955, "K-Best 1": 2.604955, "K-Best 3": 2.604955, "K-Best 5": 2.604955, "K-Best 7": 2.604955, "Cserna": 2.604955, "Bellman": 2.604955, "Minimin": 2.604955, "Nancy": 2.604955, "Lookahead": 14 }