{ "K-Best 1 Pemberton Belief": 3.401942, "K-Best 3 Pemberton Belief": 3.401942, "K-Best 5 Pemberton Belief": 3.401942, "K-Best 7 Pemberton Belief": 3.401942, "Cserna Pemberton Belief": 3.401942, "K-Best 1": 3.401942, "K-Best 3": 3.401942, "K-Best 5": 3.401942, "K-Best 7": 3.401942, "Cserna": 3.401942, "Bellman": 3.401942, "Minimin": 3.401942, "Nancy": 3.401942, "Lookahead": 14 }