{ "K-Best 1 Pemberton Belief": 3.841420, "K-Best 3 Pemberton Belief": 3.841420, "K-Best 5 Pemberton Belief": 3.841420, "K-Best 7 Pemberton Belief": 3.841420, "Cserna Pemberton Belief": 3.841420, "K-Best 1": 3.841420, "K-Best 3": 3.841420, "K-Best 5": 3.841420, "K-Best 7": 3.841420, "Cserna": 3.841420, "Bellman": 3.841420, "Minimin": 3.841420, "Nancy": 3.841420, "Lookahead": 14 }