{ "K-Best 1 Pemberton Belief": 3.111675, "K-Best 3 Pemberton Belief": 3.111675, "K-Best 5 Pemberton Belief": 3.111675, "K-Best 7 Pemberton Belief": 3.111675, "Cserna Pemberton Belief": 3.111675, "K-Best 1": 3.111675, "K-Best 3": 3.111675, "K-Best 5": 3.111675, "K-Best 7": 3.111675, "Cserna": 3.111675, "Bellman": 3.111675, "Minimin": 3.111675, "Nancy": 3.111675, "Lookahead": 15 }