{ "K-Best 1 Pemberton Belief": 4.371829, "K-Best 3 Pemberton Belief": 4.371829, "K-Best 5 Pemberton Belief": 4.371829, "K-Best 7 Pemberton Belief": 4.371829, "Cserna Pemberton Belief": 4.371829, "K-Best 1": 4.371829, "K-Best 3": 4.371829, "K-Best 5": 4.371829, "K-Best 7": 4.371829, "Cserna": 4.371829, "Bellman": 4.371829, "Minimin": 4.371829, "Nancy": 4.371829, "Lookahead": 15 }