{ "K-Best 1 Pemberton Belief": 3.596574, "K-Best 3 Pemberton Belief": 3.596574, "K-Best 5 Pemberton Belief": 3.596574, "K-Best 7 Pemberton Belief": 3.596574, "Cserna Pemberton Belief": 3.596574, "K-Best 1": 3.596574, "K-Best 3": 3.596574, "K-Best 5": 3.596574, "K-Best 7": 3.596574, "Cserna": 3.596574, "Bellman": 3.596574, "Minimin": 3.596574, "Nancy": 3.596574, "Lookahead": 15 }