{ "K-Best 1 Pemberton Belief": 3.454001, "K-Best 3 Pemberton Belief": 3.454001, "K-Best 5 Pemberton Belief": 3.454001, "K-Best 7 Pemberton Belief": 3.454001, "Cserna Pemberton Belief": 3.454001, "K-Best 1": 3.454001, "K-Best 3": 3.454001, "K-Best 5": 3.454001, "K-Best 7": 3.454001, "Cserna": 3.454001, "Bellman": 3.454001, "Minimin": 3.454001, "Nancy": 3.454001, "Lookahead": 15 }