{ "K-Best 1 Pemberton Belief": 3.812606, "K-Best 3 Pemberton Belief": 3.812606, "K-Best 5 Pemberton Belief": 3.812606, "K-Best 7 Pemberton Belief": 3.812606, "Cserna Pemberton Belief": 3.812606, "K-Best 1": 3.812606, "K-Best 3": 3.812606, "K-Best 5": 3.812606, "K-Best 7": 3.812606, "Cserna": 3.812606, "Bellman": 3.812606, "Minimin": 3.812606, "Nancy": 3.812606, "Lookahead": 15 }