{ "K-Best 1 Pemberton Belief": 3.476328, "K-Best 3 Pemberton Belief": 3.476328, "K-Best 5 Pemberton Belief": 3.476328, "K-Best 7 Pemberton Belief": 3.476328, "Cserna Pemberton Belief": 3.476328, "K-Best 1": 3.476328, "K-Best 3": 3.476328, "K-Best 5": 3.476328, "K-Best 7": 3.476328, "Cserna": 3.476328, "Bellman": 3.476328, "Minimin": 3.476328, "Nancy": 3.476328, "Lookahead": 15 }