{ "K-Best 1 Pemberton Belief": 2.487139, "K-Best 3 Pemberton Belief": 2.487139, "K-Best 5 Pemberton Belief": 2.487139, "K-Best 7 Pemberton Belief": 2.487139, "Cserna Pemberton Belief": 2.487139, "K-Best 1": 2.487139, "K-Best 3": 2.487139, "K-Best 5": 2.487139, "K-Best 7": 2.487139, "Cserna": 2.487139, "Bellman": 2.487139, "Minimin": 2.487139, "Nancy": 2.487139, "Lookahead": 15 }