{ "K-Best 1 Pemberton Belief": 3.144651, "K-Best 3 Pemberton Belief": 3.144651, "K-Best 5 Pemberton Belief": 3.144651, "K-Best 7 Pemberton Belief": 3.144651, "Cserna Pemberton Belief": 3.144651, "K-Best 1": 3.144651, "K-Best 3": 3.144651, "K-Best 5": 3.144651, "K-Best 7": 3.144651, "Cserna": 3.144651, "Bellman": 3.144651, "Minimin": 3.144651, "Nancy": 3.144651, "Lookahead": 14 }