{ "K-Best 1 Pemberton Belief": 4.590821, "K-Best 3 Pemberton Belief": 4.590821, "K-Best 5 Pemberton Belief": 4.590821, "K-Best 7 Pemberton Belief": 4.590821, "Cserna Pemberton Belief": 4.590821, "K-Best 1": 4.590821, "K-Best 3": 4.590821, "K-Best 5": 4.590821, "K-Best 7": 4.590821, "Cserna": 4.590821, "Bellman": 4.590821, "Minimin": 4.590821, "Nancy": 4.590821, "Lookahead": 15 }