{ "K-Best 1 Pemberton Belief": 3.454404, "K-Best 3 Pemberton Belief": 3.454404, "K-Best 5 Pemberton Belief": 3.454404, "K-Best 7 Pemberton Belief": 3.454404, "Cserna Pemberton Belief": 3.454404, "K-Best 1": 3.454404, "K-Best 3": 3.454404, "K-Best 5": 3.454404, "K-Best 7": 3.454404, "Cserna": 3.454404, "Bellman": 3.454404, "Minimin": 3.454404, "Nancy": 3.454404, "Lookahead": 14 }