{ "K-Best 1 Pemberton Belief": 4.229368, "K-Best 3 Pemberton Belief": 4.229368, "K-Best 5 Pemberton Belief": 4.229368, "K-Best 7 Pemberton Belief": 4.229368, "Cserna Pemberton Belief": 4.229368, "K-Best 1": 4.229368, "K-Best 3": 4.229368, "K-Best 5": 4.229368, "K-Best 7": 4.229368, "Cserna": 4.229368, "Bellman": 4.229368, "Minimin": 4.229368, "Nancy": 4.229368, "Lookahead": 15 }