{ "K-Best 1 Pemberton Belief": 3.043274, "K-Best 3 Pemberton Belief": 3.043274, "K-Best 5 Pemberton Belief": 3.043274, "K-Best 7 Pemberton Belief": 3.043274, "Cserna Pemberton Belief": 3.043274, "K-Best 1": 3.043274, "K-Best 3": 3.043274, "K-Best 5": 3.043274, "K-Best 7": 3.043274, "Cserna": 3.043274, "Bellman": 3.043274, "Minimin": 3.043274, "Nancy": 3.043274, "Lookahead": 15 }