{ "K-Best 1 Pemberton Belief": 3.319854, "K-Best 3 Pemberton Belief": 3.233826, "K-Best 5 Pemberton Belief": 3.233826, "K-Best 7 Pemberton Belief": 3.233826, "Cserna Pemberton Belief": 3.233826, "K-Best 1": 3.319854, "K-Best 3": 3.233826, "K-Best 5": 3.233826, "K-Best 7": 3.233826, "Cserna": 3.233826, "Bellman": 3.319854, "Minimin": 3.319854, "Nancy": 3.319854, "Lookahead": 14 }