{ "K-Best 1 Pemberton Belief": 3.391394, "K-Best 3 Pemberton Belief": 3.391394, "K-Best 5 Pemberton Belief": 3.391394, "K-Best 7 Pemberton Belief": 3.391394, "Cserna Pemberton Belief": 3.391394, "K-Best 1": 3.391394, "K-Best 3": 3.391394, "K-Best 5": 3.391394, "K-Best 7": 3.391394, "Cserna": 3.391394, "Bellman": 3.391394, "Minimin": 3.391394, "Nancy": 3.391394, "Lookahead": 15 }