{ "K-Best 1 Pemberton Belief": 3.942032, "K-Best 3 Pemberton Belief": 3.942032, "K-Best 5 Pemberton Belief": 3.942032, "K-Best 7 Pemberton Belief": 3.942032, "Cserna Pemberton Belief": 3.942032, "K-Best 1": 3.942032, "K-Best 3": 3.942032, "K-Best 5": 3.942032, "K-Best 7": 3.942032, "Cserna": 3.942032, "Bellman": 3.942032, "Minimin": 3.942032, "Nancy": 3.942032, "Lookahead": 15 }