{ "K-Best 1 Pemberton Belief": 3.301938, "K-Best 3 Pemberton Belief": 3.301938, "K-Best 5 Pemberton Belief": 3.301938, "K-Best 7 Pemberton Belief": 3.301938, "Cserna Pemberton Belief": 3.301938, "K-Best 1": 3.301938, "K-Best 3": 3.301938, "K-Best 5": 3.301938, "K-Best 7": 3.301938, "Cserna": 3.301938, "Bellman": 3.301938, "Minimin": 3.301938, "Nancy": 3.301938, "Lookahead": 15 }