{ "K-Best 1 Pemberton Belief": 3.840673, "K-Best 3 Pemberton Belief": 3.840673, "K-Best 5 Pemberton Belief": 3.840673, "K-Best 7 Pemberton Belief": 3.840673, "Cserna Pemberton Belief": 3.840673, "K-Best 1": 3.840673, "K-Best 3": 3.840673, "K-Best 5": 3.840673, "K-Best 7": 3.840673, "Cserna": 3.840673, "Bellman": 3.840673, "Minimin": 3.840673, "Nancy": 3.840673, "Lookahead": 14 }