{ "K-Best 1 Pemberton Belief": 3.168132, "K-Best 3 Pemberton Belief": 3.168132, "K-Best 5 Pemberton Belief": 3.168132, "K-Best 7 Pemberton Belief": 3.168132, "Cserna Pemberton Belief": 3.168132, "K-Best 1": 3.168132, "K-Best 3": 3.168132, "K-Best 5": 3.168132, "K-Best 7": 3.168132, "Cserna": 3.168132, "Bellman": 3.168132, "Minimin": 3.168132, "Nancy": 3.168132, "Lookahead": 14 }