{ "K-Best 1 Pemberton Belief": 3.484750, "K-Best 3 Pemberton Belief": 3.484750, "K-Best 5 Pemberton Belief": 3.484750, "K-Best 7 Pemberton Belief": 3.484750, "Cserna Pemberton Belief": 3.484750, "K-Best 1": 3.484750, "K-Best 3": 3.484750, "K-Best 5": 3.484750, "K-Best 7": 3.484750, "Cserna": 3.484750, "Bellman": 3.484750, "Minimin": 3.484750, "Nancy": 3.484750, "Lookahead": 15 }