{ "K-Best 1 Pemberton Belief": 4.086385, "K-Best 3 Pemberton Belief": 4.086385, "K-Best 5 Pemberton Belief": 4.086385, "K-Best 7 Pemberton Belief": 4.086385, "Cserna Pemberton Belief": 4.086385, "K-Best 1": 4.086385, "K-Best 3": 4.086385, "K-Best 5": 4.086385, "K-Best 7": 4.086385, "Cserna": 4.086385, "Bellman": 4.086385, "Minimin": 4.086385, "Nancy": 4.086385, "Lookahead": 15 }