{ "K-Best 1 Pemberton Belief": 3.852414, "K-Best 3 Pemberton Belief": 3.852414, "K-Best 5 Pemberton Belief": 3.852414, "K-Best 7 Pemberton Belief": 3.852414, "Cserna Pemberton Belief": 3.852414, "K-Best 1": 3.852414, "K-Best 3": 3.852414, "K-Best 5": 3.852414, "K-Best 7": 3.852414, "Cserna": 3.852414, "Bellman": 3.852414, "Minimin": 3.852414, "Nancy": 3.852414, "Lookahead": 15 }