{ "K-Best 1 Pemberton Belief": 2.353685, "K-Best 3 Pemberton Belief": 2.353685, "K-Best 5 Pemberton Belief": 2.353685, "K-Best 7 Pemberton Belief": 2.353685, "Cserna Pemberton Belief": 2.353685, "K-Best 1": 2.353685, "K-Best 3": 2.353685, "K-Best 5": 2.353685, "K-Best 7": 2.353685, "Cserna": 2.353685, "Bellman": 2.353685, "Minimin": 2.353685, "Nancy": 2.353685, "Lookahead": 15 }