{ "K-Best 1 Pemberton Belief": 3.442289, "K-Best 3 Pemberton Belief": 3.442289, "K-Best 5 Pemberton Belief": 3.442289, "K-Best 7 Pemberton Belief": 3.442289, "Cserna Pemberton Belief": 3.442289, "K-Best 1": 3.442289, "K-Best 3": 3.442289, "K-Best 5": 3.442289, "K-Best 7": 3.442289, "Cserna": 3.442289, "Bellman": 3.442289, "Minimin": 3.442289, "Nancy": 3.442289, "Lookahead": 14 }