{ "K-Best 1 Pemberton Belief": 2.923451, "K-Best 3 Pemberton Belief": 2.923451, "K-Best 5 Pemberton Belief": 2.923451, "K-Best 7 Pemberton Belief": 2.923451, "Cserna Pemberton Belief": 2.923451, "K-Best 1": 2.923451, "K-Best 3": 2.923451, "K-Best 5": 2.923451, "K-Best 7": 2.923451, "Cserna": 2.923451, "Bellman": 2.923451, "Minimin": 2.923451, "Nancy": 2.923451, "Lookahead": 15 }