{ "K-Best 1 Pemberton Belief": 3.840463, "K-Best 3 Pemberton Belief": 3.840463, "K-Best 5 Pemberton Belief": 3.840463, "K-Best 7 Pemberton Belief": 3.840463, "Cserna Pemberton Belief": 3.840463, "K-Best 1": 3.840463, "K-Best 3": 3.840463, "K-Best 5": 3.840463, "K-Best 7": 3.840463, "Cserna": 3.840463, "Bellman": 3.840463, "Minimin": 3.840463, "Nancy": 3.840463, "Lookahead": 14 }