{ "K-Best 1 Pemberton Belief": 4.638153, "K-Best 3 Pemberton Belief": 4.638153, "K-Best 5 Pemberton Belief": 4.638153, "K-Best 7 Pemberton Belief": 4.638153, "Cserna Pemberton Belief": 4.638153, "K-Best 1": 4.638153, "K-Best 3": 4.638153, "K-Best 5": 4.638153, "K-Best 7": 4.638153, "Cserna": 4.638153, "Bellman": 4.638153, "Minimin": 4.638153, "Nancy": 4.638153, "Lookahead": 15 }