{ "K-Best 1 Pemberton Belief": 3.749358, "K-Best 3 Pemberton Belief": 3.749358, "K-Best 5 Pemberton Belief": 3.749358, "K-Best 7 Pemberton Belief": 3.749358, "Cserna Pemberton Belief": 3.749358, "K-Best 1": 3.749358, "K-Best 3": 3.749358, "K-Best 5": 3.749358, "K-Best 7": 3.749358, "Cserna": 3.749358, "Bellman": 3.749358, "Minimin": 3.749358, "Nancy": 3.749358, "Lookahead": 15 }