{ "K-Best 1 Pemberton Belief": 3.694513, "K-Best 3 Pemberton Belief": 3.694513, "K-Best 5 Pemberton Belief": 3.694513, "K-Best 7 Pemberton Belief": 3.694513, "Cserna Pemberton Belief": 3.694513, "K-Best 1": 3.694513, "K-Best 3": 3.694513, "K-Best 5": 3.694513, "K-Best 7": 3.694513, "Cserna": 3.694513, "Bellman": 3.694513, "Minimin": 3.694513, "Nancy": 3.694513, "Lookahead": 14 }