{ "K-Best 1 Pemberton Belief": 3.156595, "K-Best 3 Pemberton Belief": 3.156595, "K-Best 5 Pemberton Belief": 3.156595, "K-Best 7 Pemberton Belief": 3.156595, "Cserna Pemberton Belief": 3.156595, "K-Best 1": 3.156595, "K-Best 3": 3.156595, "K-Best 5": 3.156595, "K-Best 7": 3.156595, "Cserna": 3.156595, "Bellman": 3.156595, "Minimin": 3.156595, "Nancy": 3.156595, "Lookahead": 15 }