{ "K-Best 1 Pemberton Belief": 3.386997, "K-Best 3 Pemberton Belief": 3.386997, "K-Best 5 Pemberton Belief": 3.386997, "K-Best 7 Pemberton Belief": 3.386997, "Cserna Pemberton Belief": 3.386997, "K-Best 1": 3.386997, "K-Best 3": 3.386997, "K-Best 5": 3.386997, "K-Best 7": 3.386997, "Cserna": 3.386997, "Bellman": 3.386997, "Minimin": 3.386997, "Nancy": 3.386997, "Lookahead": 14 }