{ "K-Best 1 Pemberton Belief": 3.885163, "K-Best 3 Pemberton Belief": 3.885163, "K-Best 5 Pemberton Belief": 3.885163, "K-Best 7 Pemberton Belief": 3.885163, "Cserna Pemberton Belief": 3.885163, "K-Best 1": 3.885163, "K-Best 3": 3.885163, "K-Best 5": 3.885163, "K-Best 7": 3.885163, "Cserna": 3.885163, "Bellman": 3.885163, "Minimin": 3.885163, "Nancy": 3.885163, "Lookahead": 14 }