{ "K-Best 1 Pemberton Belief": 4.256010, "K-Best 3 Pemberton Belief": 4.256010, "K-Best 5 Pemberton Belief": 4.256010, "K-Best 7 Pemberton Belief": 4.256010, "Cserna Pemberton Belief": 4.256010, "K-Best 1": 4.256010, "K-Best 3": 4.256010, "K-Best 5": 4.256010, "K-Best 7": 4.256010, "Cserna": 4.256010, "Bellman": 4.256010, "Minimin": 4.256010, "Nancy": 4.256010, "Lookahead": 15 }