{ "K-Best 1 Pemberton Belief": 3.941337, "K-Best 3 Pemberton Belief": 3.941337, "K-Best 5 Pemberton Belief": 3.941337, "K-Best 7 Pemberton Belief": 3.941337, "Cserna Pemberton Belief": 3.941337, "K-Best 1": 3.941337, "K-Best 3": 3.941337, "K-Best 5": 3.941337, "K-Best 7": 3.941337, "Cserna": 3.941337, "Bellman": 3.941337, "Minimin": 3.941337, "Nancy": 3.941337, "Lookahead": 14 }