{ "K-Best 1 Pemberton Belief": 2.591602, "K-Best 3 Pemberton Belief": 2.591602, "K-Best 5 Pemberton Belief": 2.591602, "K-Best 7 Pemberton Belief": 2.591602, "Cserna Pemberton Belief": 2.591602, "K-Best 1": 2.591602, "K-Best 3": 2.591602, "K-Best 5": 2.591602, "K-Best 7": 2.591602, "Cserna": 2.591602, "Bellman": 2.591602, "Minimin": 2.591602, "Nancy": 2.591602, "Lookahead": 14 }