{ "K-Best 1 Pemberton Belief": 3.703280, "K-Best 3 Pemberton Belief": 3.703280, "K-Best 5 Pemberton Belief": 3.703280, "K-Best 7 Pemberton Belief": 3.703280, "Cserna Pemberton Belief": 3.703280, "K-Best 1": 3.703280, "K-Best 3": 3.703280, "K-Best 5": 3.703280, "K-Best 7": 3.703280, "Cserna": 3.703280, "Bellman": 3.703280, "Minimin": 3.703280, "Nancy": 3.703280, "Lookahead": 15 }