{ "K-Best 1 Pemberton Belief": 3.407504, "K-Best 3 Pemberton Belief": 3.407504, "K-Best 5 Pemberton Belief": 3.407504, "K-Best 7 Pemberton Belief": 3.407504, "Cserna Pemberton Belief": 3.407504, "K-Best 1": 3.407504, "K-Best 3": 3.407504, "K-Best 5": 3.407504, "K-Best 7": 3.407504, "Cserna": 3.407504, "Bellman": 3.407504, "Minimin": 3.407504, "Nancy": 3.407504, "Lookahead": 15 }