{ "K-Best 1 Pemberton Belief": 3.407051, "K-Best 3 Pemberton Belief": 3.407051, "K-Best 5 Pemberton Belief": 3.407051, "K-Best 7 Pemberton Belief": 3.407051, "Cserna Pemberton Belief": 3.407051, "K-Best 1": 3.407051, "K-Best 3": 3.407051, "K-Best 5": 3.407051, "K-Best 7": 3.407051, "Cserna": 3.407051, "Bellman": 3.407051, "Minimin": 3.407051, "Nancy": 3.407051, "Lookahead": 15 }