{ "K-Best 1 Pemberton Belief": 3.265968, "K-Best 3 Pemberton Belief": 3.265968, "K-Best 5 Pemberton Belief": 3.265968, "K-Best 7 Pemberton Belief": 3.265968, "Cserna Pemberton Belief": 3.265968, "K-Best 1": 3.265968, "K-Best 3": 3.265968, "K-Best 5": 3.265968, "K-Best 7": 3.265968, "Cserna": 3.265968, "Bellman": 3.265968, "Minimin": 3.265968, "Nancy": 3.265968, "Lookahead": 15 }