{ "K-Best 1 Pemberton Belief": 3.318482, "K-Best 3 Pemberton Belief": 3.318482, "K-Best 5 Pemberton Belief": 3.318482, "K-Best 7 Pemberton Belief": 3.318482, "Cserna Pemberton Belief": 3.318482, "K-Best 1": 3.318482, "K-Best 3": 3.318482, "K-Best 5": 3.318482, "K-Best 7": 3.318482, "Cserna": 3.318482, "Bellman": 3.318482, "Minimin": 3.318482, "Nancy": 3.318482, "Lookahead": 15 }