{ "K-Best 1 Pemberton Belief": 3.959270, "K-Best 3 Pemberton Belief": 3.959270, "K-Best 5 Pemberton Belief": 3.959270, "K-Best 7 Pemberton Belief": 3.959270, "Cserna Pemberton Belief": 3.959270, "K-Best 1": 3.959270, "K-Best 3": 3.959270, "K-Best 5": 3.959270, "K-Best 7": 3.959270, "Cserna": 3.959270, "Bellman": 3.959270, "Minimin": 3.959270, "Nancy": 3.959270, "Lookahead": 14 }