{ "K-Best 1 Pemberton Belief": 2.952046, "K-Best 3 Pemberton Belief": 2.952046, "K-Best 5 Pemberton Belief": 2.952046, "K-Best 7 Pemberton Belief": 2.952046, "Cserna Pemberton Belief": 2.952046, "K-Best 1": 2.952046, "K-Best 3": 2.952046, "K-Best 5": 2.952046, "K-Best 7": 2.952046, "Cserna": 2.952046, "Bellman": 2.952046, "Minimin": 2.952046, "Nancy": 2.952046, "Lookahead": 15 }