{ "K-Best 1 Pemberton Belief": 2.293925, "K-Best 3 Pemberton Belief": 2.293925, "K-Best 5 Pemberton Belief": 2.293925, "K-Best 7 Pemberton Belief": 2.293925, "Cserna Pemberton Belief": 2.293925, "K-Best 1": 2.293925, "K-Best 3": 2.293925, "K-Best 5": 2.293925, "K-Best 7": 2.293925, "Cserna": 2.293925, "Bellman": 2.293925, "Minimin": 2.293925, "Nancy": 2.293925, "Lookahead": 15 }