{ "K-Best 1 Pemberton Belief": 2.726053, "K-Best 3 Pemberton Belief": 2.726053, "K-Best 5 Pemberton Belief": 2.726053, "K-Best 7 Pemberton Belief": 2.726053, "Cserna Pemberton Belief": 2.726053, "K-Best 1": 2.726053, "K-Best 3": 2.726053, "K-Best 5": 2.726053, "K-Best 7": 2.726053, "Cserna": 2.726053, "Bellman": 2.726053, "Minimin": 2.726053, "Nancy": 2.726053, "Lookahead": 15 }