{ "K-Best 1 Pemberton Belief": 3.410462, "K-Best 3 Pemberton Belief": 3.410462, "K-Best 5 Pemberton Belief": 3.410462, "K-Best 7 Pemberton Belief": 3.410462, "Cserna Pemberton Belief": 3.410462, "K-Best 1": 3.410462, "K-Best 3": 3.410462, "K-Best 5": 3.410462, "K-Best 7": 3.410462, "Cserna": 3.410462, "Bellman": 3.410462, "Minimin": 3.410462, "Nancy": 3.410462, "Lookahead": 15 }