{ "K-Best 1 Pemberton Belief": 3.810123, "K-Best 3 Pemberton Belief": 3.810123, "K-Best 5 Pemberton Belief": 3.810123, "K-Best 7 Pemberton Belief": 3.810123, "Cserna Pemberton Belief": 3.810123, "K-Best 1": 3.810123, "K-Best 3": 3.810123, "K-Best 5": 3.810123, "K-Best 7": 3.810123, "Cserna": 3.810123, "Bellman": 3.810123, "Minimin": 3.810123, "Nancy": 3.810123, "Lookahead": 14 }