{ "K-Best 1 Pemberton Belief": 2.981272, "K-Best 3 Pemberton Belief": 2.981272, "K-Best 5 Pemberton Belief": 2.981272, "K-Best 7 Pemberton Belief": 2.981272, "Cserna Pemberton Belief": 2.981272, "K-Best 1": 2.981272, "K-Best 3": 2.981272, "K-Best 5": 2.981272, "K-Best 7": 2.981272, "Cserna": 2.981272, "Bellman": 2.981272, "Minimin": 2.981272, "Nancy": 2.981272, "Lookahead": 15 }