{ "K-Best 1 Pemberton Belief": 3.533087, "K-Best 3 Pemberton Belief": 3.533087, "K-Best 5 Pemberton Belief": 3.533087, "K-Best 7 Pemberton Belief": 3.533087, "Cserna Pemberton Belief": 3.533087, "K-Best 1": 3.533087, "K-Best 3": 3.533087, "K-Best 5": 3.533087, "K-Best 7": 3.533087, "Cserna": 3.533087, "Bellman": 3.533087, "Minimin": 3.533087, "Nancy": 3.533087, "Lookahead": 15 }