{ "K-Best 1 Pemberton Belief": 4.432690, "K-Best 3 Pemberton Belief": 4.432690, "K-Best 5 Pemberton Belief": 4.432690, "K-Best 7 Pemberton Belief": 4.432690, "Cserna Pemberton Belief": 4.432690, "K-Best 1": 4.432690, "K-Best 3": 4.432690, "K-Best 5": 4.432690, "K-Best 7": 4.432690, "Cserna": 4.432690, "Bellman": 4.432690, "Minimin": 4.432690, "Nancy": 4.432690, "Lookahead": 15 }