{ "K-Best 1 Pemberton Belief": 3.959194, "K-Best 3 Pemberton Belief": 3.959194, "K-Best 5 Pemberton Belief": 3.959194, "K-Best 7 Pemberton Belief": 3.959194, "Cserna Pemberton Belief": 3.959194, "K-Best 1": 3.959194, "K-Best 3": 3.959194, "K-Best 5": 3.959194, "K-Best 7": 3.959194, "Cserna": 3.959194, "Bellman": 3.959194, "Minimin": 3.959194, "Nancy": 3.959194, "Lookahead": 14 }