{ "K-Best 1 Pemberton Belief": 3.497538, "K-Best 3 Pemberton Belief": 3.497538, "K-Best 5 Pemberton Belief": 3.497538, "K-Best 7 Pemberton Belief": 3.497538, "Cserna Pemberton Belief": 3.497538, "K-Best 1": 3.497538, "K-Best 3": 3.497538, "K-Best 5": 3.497538, "K-Best 7": 3.497538, "Cserna": 3.497538, "Bellman": 3.497538, "Minimin": 3.497538, "Nancy": 3.497538, "Lookahead": 14 }