{ "K-Best 1 Pemberton Belief": 3.905938, "K-Best 3 Pemberton Belief": 3.880974, "K-Best 5 Pemberton Belief": 3.880974, "K-Best 7 Pemberton Belief": 3.880974, "Cserna Pemberton Belief": 3.880974, "K-Best 1": 3.905938, "K-Best 3": 3.880974, "K-Best 5": 3.880974, "K-Best 7": 3.880974, "Cserna": 3.880974, "Bellman": 3.905938, "Minimin": 3.905938, "Nancy": 3.905938, "Lookahead": 14 }