{ "K-Best 1 Pemberton Belief": 3.924994, "K-Best 3 Pemberton Belief": 3.924994, "K-Best 5 Pemberton Belief": 3.924994, "K-Best 7 Pemberton Belief": 3.924994, "Cserna Pemberton Belief": 3.924994, "K-Best 1": 3.924994, "K-Best 3": 3.924994, "K-Best 5": 3.924994, "K-Best 7": 3.924994, "Cserna": 3.924994, "Bellman": 3.924994, "Minimin": 3.924994, "Nancy": 3.924994, "Lookahead": 15 }