{ "K-Best 1 Pemberton Belief": 3.074586, "K-Best 3 Pemberton Belief": 3.074586, "K-Best 5 Pemberton Belief": 3.074586, "K-Best 7 Pemberton Belief": 3.074586, "Cserna Pemberton Belief": 3.074586, "K-Best 1": 3.074586, "K-Best 3": 3.074586, "K-Best 5": 3.074586, "K-Best 7": 3.074586, "Cserna": 3.074586, "Bellman": 3.074586, "Minimin": 3.074586, "Nancy": 3.074586, "Lookahead": 15 }