{ "K-Best 1 Pemberton Belief": 2.835059, "K-Best 3 Pemberton Belief": 2.835059, "K-Best 5 Pemberton Belief": 2.835059, "K-Best 7 Pemberton Belief": 2.835059, "Cserna Pemberton Belief": 2.835059, "K-Best 1": 2.835059, "K-Best 3": 2.835059, "K-Best 5": 2.835059, "K-Best 7": 2.835059, "Cserna": 2.835059, "Bellman": 2.835059, "Minimin": 2.835059, "Nancy": 2.835059, "Lookahead": 15 }