{ "K-Best 1 Pemberton Belief": 4.012559, "K-Best 3 Pemberton Belief": 4.012559, "K-Best 5 Pemberton Belief": 4.012559, "K-Best 7 Pemberton Belief": 4.012559, "Cserna Pemberton Belief": 4.012559, "K-Best 1": 4.012559, "K-Best 3": 4.012559, "K-Best 5": 4.012559, "K-Best 7": 4.012559, "Cserna": 4.012559, "Bellman": 4.012559, "Minimin": 4.012559, "Nancy": 4.012559, "Lookahead": 15 }