{ "K-Best 1 Pemberton Belief": 2.765292, "K-Best 3 Pemberton Belief": 2.765292, "K-Best 5 Pemberton Belief": 2.765292, "K-Best 7 Pemberton Belief": 2.765292, "Cserna Pemberton Belief": 2.765292, "K-Best 1": 2.765292, "K-Best 3": 2.765292, "K-Best 5": 2.765292, "K-Best 7": 2.765292, "Cserna": 2.765292, "Bellman": 2.765292, "Minimin": 2.765292, "Nancy": 2.765292, "Lookahead": 14 }