{ "K-Best 1 Pemberton Belief": 4.047465, "K-Best 3 Pemberton Belief": 4.047465, "K-Best 5 Pemberton Belief": 4.047465, "K-Best 7 Pemberton Belief": 4.047465, "Cserna Pemberton Belief": 4.047465, "K-Best 1": 4.047465, "K-Best 3": 4.047465, "K-Best 5": 4.047465, "K-Best 7": 4.047465, "Cserna": 4.047465, "Bellman": 4.047465, "Minimin": 4.047465, "Nancy": 4.047465, "Lookahead": 15 }