{ "K-Best 1 Pemberton Belief": 3.400604, "K-Best 3 Pemberton Belief": 3.400604, "K-Best 5 Pemberton Belief": 3.400604, "K-Best 7 Pemberton Belief": 3.400604, "Cserna Pemberton Belief": 3.400604, "K-Best 1": 3.400604, "K-Best 3": 3.400604, "K-Best 5": 3.400604, "K-Best 7": 3.400604, "Cserna": 3.400604, "Bellman": 3.400604, "Minimin": 3.400604, "Nancy": 3.400604, "Lookahead": 15 }