{ "K-Best 1 Pemberton Belief": 3.527797, "K-Best 3 Pemberton Belief": 3.527797, "K-Best 5 Pemberton Belief": 3.527797, "K-Best 7 Pemberton Belief": 3.527797, "Cserna Pemberton Belief": 3.527797, "K-Best 1": 3.527797, "K-Best 3": 3.527797, "K-Best 5": 3.527797, "K-Best 7": 3.527797, "Cserna": 3.527797, "Bellman": 3.527797, "Minimin": 3.527797, "Nancy": 3.527797, "Lookahead": 14 }