{ "K-Best 1 Pemberton Belief": 3.328983, "K-Best 3 Pemberton Belief": 3.328983, "K-Best 5 Pemberton Belief": 3.328983, "K-Best 7 Pemberton Belief": 3.328983, "Cserna Pemberton Belief": 3.328983, "K-Best 1": 3.328983, "K-Best 3": 3.328983, "K-Best 5": 3.328983, "K-Best 7": 3.328983, "Cserna": 3.328983, "Bellman": 3.328983, "Minimin": 3.328983, "Nancy": 3.328983, "Lookahead": 14 }