{ "K-Best 1 Pemberton Belief": 4.175159, "K-Best 3 Pemberton Belief": 4.175159, "K-Best 5 Pemberton Belief": 4.175159, "K-Best 7 Pemberton Belief": 4.175159, "Cserna Pemberton Belief": 4.175159, "K-Best 1": 4.175159, "K-Best 3": 4.175159, "K-Best 5": 4.175159, "K-Best 7": 4.175159, "Cserna": 4.175159, "Bellman": 4.175159, "Minimin": 4.175159, "Nancy": 4.175159, "Lookahead": 15 }