{ "K-Best 1 Pemberton Belief": 3.687744, "K-Best 3 Pemberton Belief": 3.687744, "K-Best 5 Pemberton Belief": 3.687744, "K-Best 7 Pemberton Belief": 3.687744, "Cserna Pemberton Belief": 3.687744, "K-Best 1": 3.687744, "K-Best 3": 3.687744, "K-Best 5": 3.687744, "K-Best 7": 3.687744, "Cserna": 3.687744, "Bellman": 3.687744, "Minimin": 3.687744, "Nancy": 3.687744, "Lookahead": 14 }