{ "K-Best 1 Pemberton Belief": 3.751916, "K-Best 3 Pemberton Belief": 3.751916, "K-Best 5 Pemberton Belief": 3.751916, "K-Best 7 Pemberton Belief": 3.751916, "Cserna Pemberton Belief": 3.751916, "K-Best 1": 3.751916, "K-Best 3": 3.751916, "K-Best 5": 3.751916, "K-Best 7": 3.751916, "Cserna": 3.751916, "Bellman": 3.751916, "Minimin": 3.751916, "Nancy": 3.751916, "Lookahead": 14 }