{ "K-Best 1 Pemberton Belief": 4.549730, "K-Best 3 Pemberton Belief": 4.549730, "K-Best 5 Pemberton Belief": 4.549730, "K-Best 7 Pemberton Belief": 4.549730, "Cserna Pemberton Belief": 4.549730, "K-Best 1": 4.549730, "K-Best 3": 4.549730, "K-Best 5": 4.549730, "K-Best 7": 4.549730, "Cserna": 4.549730, "Bellman": 4.549730, "Minimin": 4.549730, "Nancy": 4.549730, "Lookahead": 15 }