{ "K-Best 1 Pemberton Belief": 3.312647, "K-Best 3 Pemberton Belief": 3.312647, "K-Best 5 Pemberton Belief": 3.312647, "K-Best 7 Pemberton Belief": 3.312647, "Cserna Pemberton Belief": 3.312647, "K-Best 1": 3.312647, "K-Best 3": 3.312647, "K-Best 5": 3.312647, "K-Best 7": 3.312647, "Cserna": 3.312647, "Bellman": 3.312647, "Minimin": 3.312647, "Nancy": 3.312647, "Lookahead": 15 }