{ "K-Best 1 Pemberton Belief": 3.002987, "K-Best 3 Pemberton Belief": 3.002987, "K-Best 5 Pemberton Belief": 3.002987, "K-Best 7 Pemberton Belief": 3.002987, "Cserna Pemberton Belief": 3.002987, "K-Best 1": 3.002987, "K-Best 3": 3.002987, "K-Best 5": 3.002987, "K-Best 7": 3.002987, "Cserna": 3.002987, "Bellman": 3.002987, "Minimin": 3.002987, "Nancy": 3.002987, "Lookahead": 15 }