{ "K-Best 1 Pemberton Belief": 4.129116, "K-Best 3 Pemberton Belief": 4.129116, "K-Best 5 Pemberton Belief": 4.129116, "K-Best 7 Pemberton Belief": 4.129116, "Cserna Pemberton Belief": 4.129116, "K-Best 1": 4.129116, "K-Best 3": 4.129116, "K-Best 5": 4.129116, "K-Best 7": 4.129116, "Cserna": 4.129116, "Bellman": 4.129116, "Minimin": 4.129116, "Nancy": 4.129116, "Lookahead": 14 }