{ "K-Best 1 Pemberton Belief": 3.537862, "K-Best 3 Pemberton Belief": 3.537862, "K-Best 5 Pemberton Belief": 3.537862, "K-Best 7 Pemberton Belief": 3.537862, "Cserna Pemberton Belief": 3.537862, "K-Best 1": 3.537862, "K-Best 3": 3.537862, "K-Best 5": 3.537862, "K-Best 7": 3.537862, "Cserna": 3.537862, "Bellman": 3.537862, "Minimin": 3.537862, "Nancy": 3.537862, "Lookahead": 14 }