{ "K-Best 1 Pemberton Belief": 3.272408, "K-Best 3 Pemberton Belief": 3.272408, "K-Best 5 Pemberton Belief": 3.272408, "K-Best 7 Pemberton Belief": 3.272408, "Cserna Pemberton Belief": 3.272408, "K-Best 1": 3.272408, "K-Best 3": 3.272408, "K-Best 5": 3.272408, "K-Best 7": 3.272408, "Cserna": 3.272408, "Bellman": 3.272408, "Minimin": 3.272408, "Nancy": 3.272408, "Lookahead": 15 }