{ "K-Best 1 Pemberton Belief": 3.411103, "K-Best 3 Pemberton Belief": 3.411103, "K-Best 5 Pemberton Belief": 3.411103, "K-Best 7 Pemberton Belief": 3.411103, "Cserna Pemberton Belief": 3.411103, "K-Best 1": 3.411103, "K-Best 3": 3.411103, "K-Best 5": 3.411103, "K-Best 7": 3.411103, "Cserna": 3.411103, "Bellman": 3.411103, "Minimin": 3.411103, "Nancy": 3.411103, "Lookahead": 15 }