{ "K-Best 1 Pemberton Belief": 3.727340, "K-Best 3 Pemberton Belief": 3.727340, "K-Best 5 Pemberton Belief": 3.727340, "K-Best 7 Pemberton Belief": 3.727340, "Cserna Pemberton Belief": 3.727340, "K-Best 1": 3.727340, "K-Best 3": 3.727340, "K-Best 5": 3.727340, "K-Best 7": 3.727340, "Cserna": 3.727340, "Bellman": 3.727340, "Minimin": 3.727340, "Nancy": 3.727340, "Lookahead": 15 }