{ "K-Best 1 Pemberton Belief": 3.668461, "K-Best 3 Pemberton Belief": 3.668461, "K-Best 5 Pemberton Belief": 3.668461, "K-Best 7 Pemberton Belief": 3.668461, "Cserna Pemberton Belief": 3.668461, "K-Best 1": 3.668461, "K-Best 3": 3.668461, "K-Best 5": 3.668461, "K-Best 7": 3.668461, "Cserna": 3.668461, "Bellman": 3.668461, "Minimin": 3.668461, "Nancy": 3.668461, "Lookahead": 15 }