{ "K-Best 1 Pemberton Belief": 4.124954, "K-Best 3 Pemberton Belief": 4.124954, "K-Best 5 Pemberton Belief": 4.124954, "K-Best 7 Pemberton Belief": 4.124954, "Cserna Pemberton Belief": 4.124954, "K-Best 1": 4.124954, "K-Best 3": 4.124954, "K-Best 5": 4.124954, "K-Best 7": 4.124954, "Cserna": 4.124954, "Bellman": 4.124954, "Minimin": 4.124954, "Nancy": 4.124954, "Lookahead": 14 }