{ "K-Best 1 Pemberton Belief": 4.158619, "K-Best 3 Pemberton Belief": 4.158619, "K-Best 5 Pemberton Belief": 4.158619, "K-Best 7 Pemberton Belief": 4.158619, "Cserna Pemberton Belief": 4.158619, "K-Best 1": 4.158619, "K-Best 3": 4.158619, "K-Best 5": 4.158619, "K-Best 7": 4.158619, "Cserna": 4.158619, "Bellman": 4.158619, "Minimin": 4.158619, "Nancy": 4.158619, "Lookahead": 15 }