{ "K-Best 1 Pemberton Belief": 2.756241, "K-Best 3 Pemberton Belief": 2.756241, "K-Best 5 Pemberton Belief": 2.756241, "K-Best 7 Pemberton Belief": 2.756241, "Cserna Pemberton Belief": 2.756241, "K-Best 1": 2.756241, "K-Best 3": 2.756241, "K-Best 5": 2.756241, "K-Best 7": 2.756241, "Cserna": 2.756241, "Bellman": 2.756241, "Minimin": 2.756241, "Nancy": 2.756241, "Lookahead": 14 }