{ "K-Best 1 Pemberton Belief": 4.118598, "K-Best 3 Pemberton Belief": 4.118598, "K-Best 5 Pemberton Belief": 4.118598, "K-Best 7 Pemberton Belief": 4.118598, "Cserna Pemberton Belief": 4.118598, "K-Best 1": 4.118598, "K-Best 3": 4.118598, "K-Best 5": 4.118598, "K-Best 7": 4.118598, "Cserna": 4.118598, "Bellman": 4.118598, "Minimin": 4.118598, "Nancy": 4.118598, "Lookahead": 15 }