{ "K-Best 1 Pemberton Belief": 3.787725, "K-Best 3 Pemberton Belief": 3.787725, "K-Best 5 Pemberton Belief": 3.787725, "K-Best 7 Pemberton Belief": 3.787725, "Cserna Pemberton Belief": 3.787725, "K-Best 1": 3.787725, "K-Best 3": 3.787725, "K-Best 5": 3.787725, "K-Best 7": 3.787725, "Cserna": 3.787725, "Bellman": 3.787725, "Minimin": 3.787725, "Nancy": 3.787725, "Lookahead": 14 }