{ "K-Best 1 Pemberton Belief": 3.705232, "K-Best 3 Pemberton Belief": 3.705232, "K-Best 5 Pemberton Belief": 3.705232, "K-Best 7 Pemberton Belief": 3.705232, "Cserna Pemberton Belief": 3.705232, "K-Best 1": 3.705232, "K-Best 3": 3.705232, "K-Best 5": 3.705232, "K-Best 7": 3.705232, "Cserna": 3.705232, "Bellman": 3.705232, "Minimin": 3.705232, "Nancy": 3.705232, "Lookahead": 15 }