{ "K-Best 1 Pemberton Belief": 4.212745, "K-Best 3 Pemberton Belief": 4.212745, "K-Best 5 Pemberton Belief": 4.212745, "K-Best 7 Pemberton Belief": 4.212745, "Cserna Pemberton Belief": 4.212745, "K-Best 1": 4.212745, "K-Best 3": 4.212745, "K-Best 5": 4.212745, "K-Best 7": 4.212745, "Cserna": 4.212745, "Bellman": 4.212745, "Minimin": 4.212745, "Nancy": 4.212745, "Lookahead": 15 }