{ "K-Best 1 Pemberton Belief": 3.208917, "K-Best 3 Pemberton Belief": 3.208917, "K-Best 5 Pemberton Belief": 3.208917, "K-Best 7 Pemberton Belief": 3.208917, "Cserna Pemberton Belief": 3.208917, "K-Best 1": 3.208917, "K-Best 3": 3.208917, "K-Best 5": 3.208917, "K-Best 7": 3.208917, "Cserna": 3.208917, "Bellman": 3.208917, "Minimin": 3.208917, "Nancy": 3.208917, "Lookahead": 15 }