{ "K-Best 1 Pemberton Belief": 3.284229, "K-Best 3 Pemberton Belief": 3.284229, "K-Best 5 Pemberton Belief": 3.284229, "K-Best 7 Pemberton Belief": 3.284229, "Cserna Pemberton Belief": 3.284229, "K-Best 1": 3.284229, "K-Best 3": 3.284229, "K-Best 5": 3.284229, "K-Best 7": 3.284229, "Cserna": 3.284229, "Bellman": 3.284229, "Minimin": 3.284229, "Nancy": 3.284229, "Lookahead": 15 }