{ "K-Best 1 Pemberton Belief": 3.896866, "K-Best 3 Pemberton Belief": 3.896866, "K-Best 5 Pemberton Belief": 3.896866, "K-Best 7 Pemberton Belief": 3.896866, "Cserna Pemberton Belief": 3.896866, "K-Best 1": 3.896866, "K-Best 3": 3.896866, "K-Best 5": 3.896866, "K-Best 7": 3.896866, "Cserna": 3.896866, "Bellman": 3.896866, "Minimin": 3.896866, "Nancy": 3.896866, "Lookahead": 15 }