{ "K-Best 1 Pemberton Belief": 3.757311, "K-Best 3 Pemberton Belief": 3.757311, "K-Best 5 Pemberton Belief": 3.757311, "K-Best 7 Pemberton Belief": 3.757311, "Cserna Pemberton Belief": 3.757311, "K-Best 1": 3.757311, "K-Best 3": 3.757311, "K-Best 5": 3.757311, "K-Best 7": 3.757311, "Cserna": 3.757311, "Bellman": 3.757311, "Minimin": 3.757311, "Nancy": 3.757311, "Lookahead": 15 }