{ "K-Best 1 Pemberton Belief": 3.524848, "K-Best 3 Pemberton Belief": 3.524848, "K-Best 5 Pemberton Belief": 3.524848, "K-Best 7 Pemberton Belief": 3.524848, "Cserna Pemberton Belief": 3.524848, "K-Best 1": 3.524848, "K-Best 3": 3.524848, "K-Best 5": 3.524848, "K-Best 7": 3.524848, "Cserna": 3.524848, "Bellman": 3.524848, "Minimin": 3.524848, "Nancy": 3.524848, "Lookahead": 15 }