{ "K-Best 1 Pemberton Belief": 2.705217, "K-Best 3 Pemberton Belief": 2.705217, "K-Best 5 Pemberton Belief": 2.705217, "K-Best 7 Pemberton Belief": 2.705217, "Cserna Pemberton Belief": 2.705217, "K-Best 1": 2.705217, "K-Best 3": 2.705217, "K-Best 5": 2.705217, "K-Best 7": 2.705217, "Cserna": 2.705217, "Bellman": 2.705217, "Minimin": 2.705217, "Nancy": 2.705217, "Lookahead": 15 }