{ "K-Best 1 Pemberton Belief": 3.759659, "K-Best 3 Pemberton Belief": 3.759659, "K-Best 5 Pemberton Belief": 3.759659, "K-Best 7 Pemberton Belief": 3.759659, "Cserna Pemberton Belief": 3.759659, "K-Best 1": 3.759659, "K-Best 3": 3.759659, "K-Best 5": 3.759659, "K-Best 7": 3.759659, "Cserna": 3.759659, "Bellman": 3.759659, "Minimin": 3.759659, "Nancy": 3.759659, "Lookahead": 15 }