{ "K-Best 1 Pemberton Belief": 3.478078, "K-Best 3 Pemberton Belief": 3.478078, "K-Best 5 Pemberton Belief": 3.478078, "K-Best 7 Pemberton Belief": 3.478078, "Cserna Pemberton Belief": 3.478078, "K-Best 1": 3.478078, "K-Best 3": 3.478078, "K-Best 5": 3.478078, "K-Best 7": 3.478078, "Cserna": 3.478078, "Bellman": 3.478078, "Minimin": 3.478078, "Nancy": 3.478078, "Lookahead": 15 }