{ "K-Best 1 Pemberton Belief": 3.338020, "K-Best 3 Pemberton Belief": 3.338020, "K-Best 5 Pemberton Belief": 3.338020, "K-Best 7 Pemberton Belief": 3.338020, "Cserna Pemberton Belief": 3.338020, "K-Best 1": 3.338020, "K-Best 3": 3.338020, "K-Best 5": 3.338020, "K-Best 7": 3.338020, "Cserna": 3.338020, "Bellman": 3.338020, "Minimin": 3.338020, "Nancy": 3.338020, "Lookahead": 15 }