{ "K-Best 1 Pemberton Belief": 4.079709, "K-Best 3 Pemberton Belief": 4.079709, "K-Best 5 Pemberton Belief": 4.079709, "K-Best 7 Pemberton Belief": 4.079709, "Cserna Pemberton Belief": 4.079709, "K-Best 1": 4.079709, "K-Best 3": 4.079709, "K-Best 5": 4.079709, "K-Best 7": 4.079709, "Cserna": 4.079709, "Bellman": 4.079709, "Minimin": 4.079709, "Nancy": 4.079709, "Lookahead": 15 }