{ "K-Best 1 Pemberton Belief": 3.295107, "K-Best 3 Pemberton Belief": 3.295107, "K-Best 5 Pemberton Belief": 3.295107, "K-Best 7 Pemberton Belief": 3.295107, "Cserna Pemberton Belief": 3.295107, "K-Best 1": 3.295107, "K-Best 3": 3.295107, "K-Best 5": 3.295107, "K-Best 7": 3.295107, "Cserna": 3.295107, "Bellman": 3.295107, "Minimin": 3.295107, "Nancy": 3.295107, "Lookahead": 15 }