{ "K-Best 1 Pemberton Belief": 3.638081, "K-Best 3 Pemberton Belief": 3.638081, "K-Best 5 Pemberton Belief": 3.638081, "K-Best 7 Pemberton Belief": 3.638081, "Cserna Pemberton Belief": 3.638081, "K-Best 1": 3.638081, "K-Best 3": 3.638081, "K-Best 5": 3.638081, "K-Best 7": 3.638081, "Cserna": 3.638081, "Bellman": 3.638081, "Minimin": 3.638081, "Nancy": 3.638081, "Lookahead": 15 }