{ "K-Best 1 Pemberton Belief": 3.994065, "K-Best 3 Pemberton Belief": 3.994065, "K-Best 5 Pemberton Belief": 3.994065, "K-Best 7 Pemberton Belief": 3.994065, "Cserna Pemberton Belief": 3.994065, "K-Best 1": 3.994065, "K-Best 3": 3.994065, "K-Best 5": 3.994065, "K-Best 7": 3.994065, "Cserna": 3.994065, "Bellman": 3.994065, "Minimin": 3.994065, "Nancy": 3.994065, "Lookahead": 15 }