{ "K-Best 1 Pemberton Belief": 2.942606, "K-Best 3 Pemberton Belief": 2.942606, "K-Best 5 Pemberton Belief": 2.942606, "K-Best 7 Pemberton Belief": 2.942606, "Cserna Pemberton Belief": 2.942606, "K-Best 1": 2.942606, "K-Best 3": 2.942606, "K-Best 5": 2.942606, "K-Best 7": 2.942606, "Cserna": 2.942606, "Bellman": 2.942606, "Minimin": 2.942606, "Nancy": 2.942606, "Lookahead": 15 }