{ "K-Best 1 Pemberton Belief": 4.145950, "K-Best 3 Pemberton Belief": 4.145950, "K-Best 5 Pemberton Belief": 4.145950, "K-Best 7 Pemberton Belief": 4.145950, "Cserna Pemberton Belief": 4.145950, "K-Best 1": 4.145950, "K-Best 3": 4.145950, "K-Best 5": 4.145950, "K-Best 7": 4.145950, "Cserna": 4.145950, "Bellman": 4.145950, "Minimin": 4.145950, "Nancy": 4.145950, "Lookahead": 15 }