{ "K-Best 1 Pemberton Belief": 4.066086, "K-Best 3 Pemberton Belief": 4.066086, "K-Best 5 Pemberton Belief": 4.066086, "K-Best 7 Pemberton Belief": 4.066086, "Cserna Pemberton Belief": 4.066086, "K-Best 1": 4.066086, "K-Best 3": 4.066086, "K-Best 5": 4.066086, "K-Best 7": 4.066086, "Cserna": 4.066086, "Bellman": 4.066086, "Minimin": 4.066086, "Nancy": 4.066086, "Lookahead": 14 }