{ "K-Best 1 Pemberton Belief": 3.909808, "K-Best 3 Pemberton Belief": 3.909808, "K-Best 5 Pemberton Belief": 3.909808, "K-Best 7 Pemberton Belief": 3.909808, "Cserna Pemberton Belief": 3.909808, "K-Best 1": 3.909808, "K-Best 3": 3.909808, "K-Best 5": 3.909808, "K-Best 7": 3.909808, "Cserna": 3.909808, "Bellman": 3.909808, "Minimin": 3.909808, "Nancy": 3.909808, "Lookahead": 15 }