{ "K-Best 1 Pemberton Belief": 4.303839, "K-Best 3 Pemberton Belief": 4.303839, "K-Best 5 Pemberton Belief": 4.303839, "K-Best 7 Pemberton Belief": 4.303839, "Cserna Pemberton Belief": 4.303839, "K-Best 1": 4.303839, "K-Best 3": 4.303839, "K-Best 5": 4.303839, "K-Best 7": 4.303839, "Cserna": 4.303839, "Bellman": 4.303839, "Minimin": 4.303839, "Nancy": 4.303839, "Lookahead": 14 }