{ "K-Best 1 Pemberton Belief": 3.286505, "K-Best 3 Pemberton Belief": 3.286505, "K-Best 5 Pemberton Belief": 3.286505, "K-Best 7 Pemberton Belief": 3.286505, "Cserna Pemberton Belief": 3.286505, "K-Best 1": 3.286505, "K-Best 3": 3.286505, "K-Best 5": 3.286505, "K-Best 7": 3.286505, "Cserna": 3.286505, "Bellman": 3.286505, "Minimin": 3.286505, "Nancy": 3.286505, "Lookahead": 14 }