{ "K-Best 1 Pemberton Belief": 3.946674, "K-Best 3 Pemberton Belief": 3.946674, "K-Best 5 Pemberton Belief": 3.946674, "K-Best 7 Pemberton Belief": 3.946674, "Cserna Pemberton Belief": 3.946674, "K-Best 1": 3.946674, "K-Best 3": 3.946674, "K-Best 5": 3.946674, "K-Best 7": 3.946674, "Cserna": 3.946674, "Bellman": 3.946674, "Minimin": 3.946674, "Nancy": 3.946674, "Lookahead": 15 }