{ "K-Best 1 Pemberton Belief": 3.794058, "K-Best 3 Pemberton Belief": 3.794058, "K-Best 5 Pemberton Belief": 3.794058, "K-Best 7 Pemberton Belief": 3.794058, "Cserna Pemberton Belief": 3.794058, "K-Best 1": 3.794058, "K-Best 3": 3.794058, "K-Best 5": 3.794058, "K-Best 7": 3.794058, "Cserna": 3.794058, "Bellman": 3.794058, "Minimin": 3.794058, "Nancy": 3.794058, "Lookahead": 15 }