{ "K-Best 1 Pemberton Belief": 3.022095, "K-Best 3 Pemberton Belief": 3.022095, "K-Best 5 Pemberton Belief": 3.022095, "K-Best 7 Pemberton Belief": 3.022095, "Cserna Pemberton Belief": 3.022095, "K-Best 1": 3.022095, "K-Best 3": 3.022095, "K-Best 5": 3.022095, "K-Best 7": 3.022095, "Cserna": 3.022095, "Bellman": 3.022095, "Minimin": 3.022095, "Nancy": 3.022095, "Lookahead": 14 }