{ "K-Best 1 Pemberton Belief": 3.311301, "K-Best 3 Pemberton Belief": 3.311301, "K-Best 5 Pemberton Belief": 3.311301, "K-Best 7 Pemberton Belief": 3.311301, "Cserna Pemberton Belief": 3.311301, "K-Best 1": 3.311301, "K-Best 3": 3.311301, "K-Best 5": 3.311301, "K-Best 7": 3.311301, "Cserna": 3.311301, "Bellman": 3.311301, "Minimin": 3.311301, "Nancy": 3.311301, "Lookahead": 15 }