{ "K-Best 1 Pemberton Belief": 3.966017, "K-Best 3 Pemberton Belief": 3.966017, "K-Best 5 Pemberton Belief": 3.966017, "K-Best 7 Pemberton Belief": 3.966017, "Cserna Pemberton Belief": 3.966017, "K-Best 1": 3.966017, "K-Best 3": 3.966017, "K-Best 5": 3.966017, "K-Best 7": 3.966017, "Cserna": 3.966017, "Bellman": 3.966017, "Minimin": 3.966017, "Nancy": 3.966017, "Lookahead": 15 }