{ "K-Best 1 Pemberton Belief": 3.531562, "K-Best 3 Pemberton Belief": 3.531562, "K-Best 5 Pemberton Belief": 3.531562, "K-Best 7 Pemberton Belief": 3.531562, "Cserna Pemberton Belief": 3.531562, "K-Best 1": 3.531562, "K-Best 3": 3.531562, "K-Best 5": 3.531562, "K-Best 7": 3.531562, "Cserna": 3.531562, "Bellman": 3.531562, "Minimin": 3.531562, "Nancy": 3.531562, "Lookahead": 15 }