{ "K-Best 1 Pemberton Belief": 3.992201, "K-Best 3 Pemberton Belief": 3.992201, "K-Best 5 Pemberton Belief": 3.992201, "K-Best 7 Pemberton Belief": 3.992201, "Cserna Pemberton Belief": 3.992201, "K-Best 1": 3.992201, "K-Best 3": 3.992201, "K-Best 5": 3.992201, "K-Best 7": 3.992201, "Cserna": 3.992201, "Bellman": 3.992201, "Minimin": 3.992201, "Nancy": 3.992201, "Lookahead": 15 }