{ "K-Best 1 Pemberton Belief": 3.372100, "K-Best 3 Pemberton Belief": 3.372100, "K-Best 5 Pemberton Belief": 3.372100, "K-Best 7 Pemberton Belief": 3.372100, "Cserna Pemberton Belief": 3.372100, "K-Best 1": 3.372100, "K-Best 3": 3.372100, "K-Best 5": 3.372100, "K-Best 7": 3.372100, "Cserna": 3.372100, "Bellman": 3.372100, "Minimin": 3.372100, "Nancy": 3.372100, "Lookahead": 15 }