{ "K-Best 1 Pemberton Belief": 4.066383, "K-Best 3 Pemberton Belief": 4.066383, "K-Best 5 Pemberton Belief": 4.066383, "K-Best 7 Pemberton Belief": 4.066383, "Cserna Pemberton Belief": 4.066383, "K-Best 1": 4.066383, "K-Best 3": 4.066383, "K-Best 5": 4.066383, "K-Best 7": 4.066383, "Cserna": 4.066383, "Bellman": 4.066383, "Minimin": 4.066383, "Nancy": 4.066383, "Lookahead": 14 }