{ "K-Best 1 Pemberton Belief": 3.032442, "K-Best 3 Pemberton Belief": 3.032442, "K-Best 5 Pemberton Belief": 3.032442, "K-Best 7 Pemberton Belief": 3.032442, "Cserna Pemberton Belief": 3.032442, "K-Best 1": 3.032442, "K-Best 3": 3.032442, "K-Best 5": 3.032442, "K-Best 7": 3.032442, "Cserna": 3.032442, "Bellman": 3.032442, "Minimin": 3.032442, "Nancy": 3.032442, "Lookahead": 15 }