{ "K-Best 1 Pemberton Belief": 3.829004, "K-Best 3 Pemberton Belief": 3.829004, "K-Best 5 Pemberton Belief": 3.829004, "K-Best 7 Pemberton Belief": 3.829004, "Cserna Pemberton Belief": 3.829004, "K-Best 1": 3.829004, "K-Best 3": 3.829004, "K-Best 5": 3.829004, "K-Best 7": 3.829004, "Cserna": 3.829004, "Bellman": 3.829004, "Minimin": 3.829004, "Nancy": 3.829004, "Lookahead": 15 }