{ "K-Best 1 Pemberton Belief": 3.512699, "K-Best 3 Pemberton Belief": 3.512699, "K-Best 5 Pemberton Belief": 3.512699, "K-Best 7 Pemberton Belief": 3.512699, "Cserna Pemberton Belief": 3.512699, "K-Best 1": 3.512699, "K-Best 3": 3.512699, "K-Best 5": 3.512699, "K-Best 7": 3.512699, "Cserna": 3.512699, "Bellman": 3.512699, "Minimin": 3.512699, "Nancy": 3.512699, "Lookahead": 14 }