{ "K-Best 1 Pemberton Belief": 3.838434, "K-Best 3 Pemberton Belief": 3.838434, "K-Best 5 Pemberton Belief": 3.838434, "K-Best 7 Pemberton Belief": 3.838434, "Cserna Pemberton Belief": 3.838434, "K-Best 1": 3.838434, "K-Best 3": 3.838434, "K-Best 5": 3.838434, "K-Best 7": 3.838434, "Cserna": 3.838434, "Bellman": 3.838434, "Minimin": 3.838434, "Nancy": 3.838434, "Lookahead": 15 }