{ "K-Best 1 Pemberton Belief": 3.793626, "K-Best 3 Pemberton Belief": 3.793626, "K-Best 5 Pemberton Belief": 3.793626, "K-Best 7 Pemberton Belief": 3.793626, "Cserna Pemberton Belief": 3.793626, "K-Best 1": 3.793626, "K-Best 3": 3.793626, "K-Best 5": 3.793626, "K-Best 7": 3.793626, "Cserna": 3.793626, "Bellman": 3.793626, "Minimin": 3.793626, "Nancy": 3.793626, "Lookahead": 15 }