{ "K-Best 1 Pemberton Belief": 3.559770, "K-Best 3 Pemberton Belief": 3.559770, "K-Best 5 Pemberton Belief": 3.559770, "K-Best 7 Pemberton Belief": 3.559770, "Cserna Pemberton Belief": 3.559770, "K-Best 1": 3.559770, "K-Best 3": 3.559770, "K-Best 5": 3.559770, "K-Best 7": 3.559770, "Cserna": 3.559770, "Bellman": 3.559770, "Minimin": 3.559770, "Nancy": 3.559770, "Lookahead": 14 }