{ "K-Best 1 Pemberton Belief": 3.534894, "K-Best 3 Pemberton Belief": 3.534894, "K-Best 5 Pemberton Belief": 3.534894, "K-Best 7 Pemberton Belief": 3.534894, "Cserna Pemberton Belief": 3.534894, "K-Best 1": 3.534894, "K-Best 3": 3.534894, "K-Best 5": 3.534894, "K-Best 7": 3.534894, "Cserna": 3.534894, "Bellman": 3.534894, "Minimin": 3.534894, "Nancy": 3.534894, "Lookahead": 15 }