{ "K-Best 1 Pemberton Belief": 3.747228, "K-Best 3 Pemberton Belief": 3.747228, "K-Best 5 Pemberton Belief": 3.747228, "K-Best 7 Pemberton Belief": 3.747228, "Cserna Pemberton Belief": 3.747228, "K-Best 1": 3.747228, "K-Best 3": 3.747228, "K-Best 5": 3.747228, "K-Best 7": 3.747228, "Cserna": 3.747228, "Bellman": 3.747228, "Minimin": 3.747228, "Nancy": 3.747228, "Lookahead": 15 }