{ "K-Best 1 Pemberton Belief": 3.101763, "K-Best 3 Pemberton Belief": 3.101763, "K-Best 5 Pemberton Belief": 3.101763, "K-Best 7 Pemberton Belief": 3.101763, "Cserna Pemberton Belief": 3.101763, "K-Best 1": 3.101763, "K-Best 3": 3.101763, "K-Best 5": 3.101763, "K-Best 7": 3.101763, "Cserna": 3.101763, "Bellman": 3.101763, "Minimin": 3.101763, "Nancy": 3.101763, "Lookahead": 15 }