{ "K-Best 1 Pemberton Belief": 4.340392, "K-Best 3 Pemberton Belief": 4.340392, "K-Best 5 Pemberton Belief": 4.340392, "K-Best 7 Pemberton Belief": 4.340392, "Cserna Pemberton Belief": 4.340392, "K-Best 1": 4.340392, "K-Best 3": 4.340392, "K-Best 5": 4.340392, "K-Best 7": 4.340392, "Cserna": 4.340392, "Bellman": 4.340392, "Minimin": 4.340392, "Nancy": 4.340392, "Lookahead": 15 }