{ "K-Best 1 Pemberton Belief": 3.450283, "K-Best 3 Pemberton Belief": 3.450283, "K-Best 5 Pemberton Belief": 3.450283, "K-Best 7 Pemberton Belief": 3.450283, "Cserna Pemberton Belief": 3.450283, "K-Best 1": 3.450283, "K-Best 3": 3.450283, "K-Best 5": 3.450283, "K-Best 7": 3.450283, "Cserna": 3.450283, "Bellman": 3.450283, "Minimin": 3.450283, "Nancy": 3.450283, "Lookahead": 14 }