{ "K-Best 1 Pemberton Belief": 2.967490, "K-Best 3 Pemberton Belief": 2.967490, "K-Best 5 Pemberton Belief": 2.967490, "K-Best 7 Pemberton Belief": 2.967490, "Cserna Pemberton Belief": 2.967490, "K-Best 1": 2.967490, "K-Best 3": 2.967490, "K-Best 5": 2.967490, "K-Best 7": 2.967490, "Cserna": 2.967490, "Bellman": 2.967490, "Minimin": 2.967490, "Nancy": 2.967490, "Lookahead": 15 }