{ "K-Best 1 Pemberton Belief": 3.635545, "K-Best 3 Pemberton Belief": 3.635545, "K-Best 5 Pemberton Belief": 3.635545, "K-Best 7 Pemberton Belief": 3.635545, "Cserna Pemberton Belief": 3.635545, "K-Best 1": 3.635545, "K-Best 3": 3.635545, "K-Best 5": 3.635545, "K-Best 7": 3.635545, "Cserna": 3.635545, "Bellman": 3.635545, "Minimin": 3.635545, "Nancy": 3.635545, "Lookahead": 15 }