{ "K-Best 1 Pemberton Belief": 3.808074, "K-Best 3 Pemberton Belief": 3.808074, "K-Best 5 Pemberton Belief": 3.808074, "K-Best 7 Pemberton Belief": 3.808074, "Cserna Pemberton Belief": 3.808074, "K-Best 1": 3.808074, "K-Best 3": 3.808074, "K-Best 5": 3.808074, "K-Best 7": 3.808074, "Cserna": 3.808074, "Bellman": 3.808074, "Minimin": 3.808074, "Nancy": 3.808074, "Lookahead": 15 }