{ "K-Best 1 Pemberton Belief": 4.160933, "K-Best 3 Pemberton Belief": 4.160933, "K-Best 5 Pemberton Belief": 4.160933, "K-Best 7 Pemberton Belief": 4.160933, "Cserna Pemberton Belief": 4.160933, "K-Best 1": 4.160933, "K-Best 3": 4.160933, "K-Best 5": 4.160933, "K-Best 7": 4.160933, "Cserna": 4.160933, "Bellman": 4.160933, "Minimin": 4.160933, "Nancy": 4.160933, "Lookahead": 15 }