{ "K-Best 1 Pemberton Belief": 4.266649, "K-Best 3 Pemberton Belief": 4.266649, "K-Best 5 Pemberton Belief": 4.266649, "K-Best 7 Pemberton Belief": 4.266649, "Cserna Pemberton Belief": 4.266649, "K-Best 1": 4.266649, "K-Best 3": 4.266649, "K-Best 5": 4.266649, "K-Best 7": 4.266649, "Cserna": 4.266649, "Bellman": 4.266649, "Minimin": 4.266649, "Nancy": 4.266649, "Lookahead": 15 }