{ "K-Best 1 Pemberton Belief": 2.968675, "K-Best 3 Pemberton Belief": 2.968675, "K-Best 5 Pemberton Belief": 2.968675, "K-Best 7 Pemberton Belief": 2.968675, "Cserna Pemberton Belief": 2.968675, "K-Best 1": 2.968675, "K-Best 3": 2.968675, "K-Best 5": 2.968675, "K-Best 7": 2.968675, "Cserna": 2.968675, "Bellman": 2.968675, "Minimin": 2.968675, "Nancy": 2.968675, "Lookahead": 14 }