{ "K-Best 1 Pemberton Belief": 3.250375, "K-Best 3 Pemberton Belief": 3.250375, "K-Best 5 Pemberton Belief": 3.250375, "K-Best 7 Pemberton Belief": 3.250375, "Cserna Pemberton Belief": 3.250375, "K-Best 1": 3.250375, "K-Best 3": 3.250375, "K-Best 5": 3.250375, "K-Best 7": 3.250375, "Cserna": 3.250375, "Bellman": 3.250375, "Minimin": 3.250375, "Nancy": 3.250375, "Lookahead": 15 }