{ "K-Best 1 Pemberton Belief": 3.176646, "K-Best 3 Pemberton Belief": 3.176646, "K-Best 5 Pemberton Belief": 3.176646, "K-Best 7 Pemberton Belief": 3.176646, "Cserna Pemberton Belief": 3.176646, "K-Best 1": 3.176646, "K-Best 3": 3.176646, "K-Best 5": 3.176646, "K-Best 7": 3.176646, "Cserna": 3.176646, "Bellman": 3.176646, "Minimin": 3.176646, "Nancy": 3.176646, "Lookahead": 15 }