{ "K-Best 1 Pemberton Belief": 3.910449, "K-Best 3 Pemberton Belief": 3.910449, "K-Best 5 Pemberton Belief": 3.910449, "K-Best 7 Pemberton Belief": 3.910449, "Cserna Pemberton Belief": 3.910449, "K-Best 1": 3.910449, "K-Best 3": 3.910449, "K-Best 5": 3.910449, "K-Best 7": 3.910449, "Cserna": 3.910449, "Bellman": 3.910449, "Minimin": 3.910449, "Nancy": 3.910449, "Lookahead": 15 }