{ "K-Best 1 Pemberton Belief": 3.519194, "K-Best 3 Pemberton Belief": 3.519194, "K-Best 5 Pemberton Belief": 3.519194, "K-Best 7 Pemberton Belief": 3.519194, "Cserna Pemberton Belief": 3.519194, "K-Best 1": 3.519194, "K-Best 3": 3.519194, "K-Best 5": 3.519194, "K-Best 7": 3.519194, "Cserna": 3.519194, "Bellman": 3.519194, "Minimin": 3.519194, "Nancy": 3.519194, "Lookahead": 15 }