{ "K-Best 1 Pemberton Belief": 3.834678, "K-Best 3 Pemberton Belief": 3.834678, "K-Best 5 Pemberton Belief": 3.834678, "K-Best 7 Pemberton Belief": 3.834678, "Cserna Pemberton Belief": 3.834678, "K-Best 1": 3.834678, "K-Best 3": 3.834678, "K-Best 5": 3.834678, "K-Best 7": 3.834678, "Cserna": 3.834678, "Bellman": 3.834678, "Minimin": 3.834678, "Nancy": 3.834678, "Lookahead": 15 }