{ "K-Best 1 Pemberton Belief": 2.915370, "K-Best 3 Pemberton Belief": 2.915370, "K-Best 5 Pemberton Belief": 2.915370, "K-Best 7 Pemberton Belief": 2.915370, "Cserna Pemberton Belief": 2.915370, "K-Best 1": 2.915370, "K-Best 3": 2.915370, "K-Best 5": 2.915370, "K-Best 7": 2.915370, "Cserna": 2.915370, "Bellman": 2.915370, "Minimin": 2.915370, "Nancy": 2.915370, "Lookahead": 14 }