{ "K-Best 1 Pemberton Belief": 2.786996, "K-Best 3 Pemberton Belief": 2.786996, "K-Best 5 Pemberton Belief": 2.786996, "K-Best 7 Pemberton Belief": 2.786996, "Cserna Pemberton Belief": 2.786996, "K-Best 1": 2.786996, "K-Best 3": 2.786996, "K-Best 5": 2.786996, "K-Best 7": 2.786996, "Cserna": 2.786996, "Bellman": 2.786996, "Minimin": 2.786996, "Nancy": 2.786996, "Lookahead": 14 }