{ "K-Best 1 Pemberton Belief": 3.181204, "K-Best 3 Pemberton Belief": 3.181204, "K-Best 5 Pemberton Belief": 3.181204, "K-Best 7 Pemberton Belief": 3.181204, "Cserna Pemberton Belief": 3.181204, "K-Best 1": 3.181204, "K-Best 3": 3.181204, "K-Best 5": 3.181204, "K-Best 7": 3.181204, "Cserna": 3.181204, "Bellman": 3.181204, "Minimin": 3.181204, "Nancy": 3.181204, "Lookahead": 15 }