{ "K-Best 1 Pemberton Belief": 3.746044, "K-Best 3 Pemberton Belief": 3.746044, "K-Best 5 Pemberton Belief": 3.746044, "K-Best 7 Pemberton Belief": 3.746044, "Cserna Pemberton Belief": 3.746044, "K-Best 1": 3.746044, "K-Best 3": 3.746044, "K-Best 5": 3.746044, "K-Best 7": 3.746044, "Cserna": 3.746044, "Bellman": 3.746044, "Minimin": 3.746044, "Nancy": 3.746044, "Lookahead": 15 }