{ "K-Best 1 Pemberton Belief": 3.854051, "K-Best 3 Pemberton Belief": 3.854051, "K-Best 5 Pemberton Belief": 3.854051, "K-Best 7 Pemberton Belief": 3.854051, "Cserna Pemberton Belief": 3.854051, "K-Best 1": 3.854051, "K-Best 3": 3.854051, "K-Best 5": 3.854051, "K-Best 7": 3.854051, "Cserna": 3.854051, "Bellman": 3.854051, "Minimin": 3.854051, "Nancy": 3.854051, "Lookahead": 14 }