{ "K-Best 1 Pemberton Belief": 3.860990, "K-Best 3 Pemberton Belief": 3.860990, "K-Best 5 Pemberton Belief": 3.860990, "K-Best 7 Pemberton Belief": 3.860990, "Cserna Pemberton Belief": 3.860990, "K-Best 1": 3.860990, "K-Best 3": 3.860990, "K-Best 5": 3.860990, "K-Best 7": 3.860990, "Cserna": 3.860990, "Bellman": 3.860990, "Minimin": 3.860990, "Nancy": 3.860990, "Lookahead": 15 }