{ "K-Best 1 Pemberton Belief": 3.195764, "K-Best 3 Pemberton Belief": 3.195764, "K-Best 5 Pemberton Belief": 3.195764, "K-Best 7 Pemberton Belief": 3.195764, "Cserna Pemberton Belief": 3.195764, "K-Best 1": 3.195764, "K-Best 3": 3.195764, "K-Best 5": 3.195764, "K-Best 7": 3.195764, "Cserna": 3.195764, "Bellman": 3.195764, "Minimin": 3.195764, "Nancy": 3.195764, "Lookahead": 15 }