{ "K-Best 1 Pemberton Belief": 4.078922, "K-Best 3 Pemberton Belief": 4.078922, "K-Best 5 Pemberton Belief": 4.078922, "K-Best 7 Pemberton Belief": 4.078922, "Cserna Pemberton Belief": 4.078922, "K-Best 1": 4.078922, "K-Best 3": 4.078922, "K-Best 5": 4.078922, "K-Best 7": 4.078922, "Cserna": 4.078922, "Bellman": 4.078922, "Minimin": 4.078922, "Nancy": 4.078922, "Lookahead": 15 }