{ "K-Best 1 Pemberton Belief": 2.652038, "K-Best 3 Pemberton Belief": 2.652038, "K-Best 5 Pemberton Belief": 2.652038, "K-Best 7 Pemberton Belief": 2.652038, "Cserna Pemberton Belief": 2.652038, "K-Best 1": 2.652038, "K-Best 3": 2.652038, "K-Best 5": 2.652038, "K-Best 7": 2.652038, "Cserna": 2.652038, "Bellman": 2.652038, "Minimin": 2.652038, "Nancy": 2.652038, "Lookahead": 14 }