{ "K-Best 1 Pemberton Belief": 3.759302, "K-Best 3 Pemberton Belief": 3.759302, "K-Best 5 Pemberton Belief": 3.759302, "K-Best 7 Pemberton Belief": 3.759302, "Cserna Pemberton Belief": 3.759302, "K-Best 1": 3.759302, "K-Best 3": 3.759302, "K-Best 5": 3.759302, "K-Best 7": 3.759302, "Cserna": 3.759302, "Bellman": 3.759302, "Minimin": 3.759302, "Nancy": 3.759302, "Lookahead": 15 }