{ "K-Best 1 Pemberton Belief": 3.451660, "K-Best 3 Pemberton Belief": 3.451660, "K-Best 5 Pemberton Belief": 3.451660, "K-Best 7 Pemberton Belief": 3.451660, "Cserna Pemberton Belief": 3.451660, "K-Best 1": 3.451660, "K-Best 3": 3.451660, "K-Best 5": 3.451660, "K-Best 7": 3.451660, "Cserna": 3.451660, "Bellman": 3.451660, "Minimin": 3.451660, "Nancy": 3.451660, "Lookahead": 15 }