{ "K-Best 1 Pemberton Belief": 3.331910, "K-Best 3 Pemberton Belief": 3.331910, "K-Best 5 Pemberton Belief": 3.331910, "K-Best 7 Pemberton Belief": 3.331910, "Cserna Pemberton Belief": 3.331910, "K-Best 1": 3.331910, "K-Best 3": 3.331910, "K-Best 5": 3.331910, "K-Best 7": 3.331910, "Cserna": 3.331910, "Bellman": 3.331910, "Minimin": 3.331910, "Nancy": 3.331910, "Lookahead": 15 }