{ "K-Best 1 Pemberton Belief": 3.898629, "K-Best 3 Pemberton Belief": 3.898629, "K-Best 5 Pemberton Belief": 3.898629, "K-Best 7 Pemberton Belief": 3.898629, "Cserna Pemberton Belief": 3.898629, "K-Best 1": 3.898629, "K-Best 3": 3.898629, "K-Best 5": 3.898629, "K-Best 7": 3.898629, "Cserna": 3.898629, "Bellman": 3.898629, "Minimin": 3.898629, "Nancy": 3.898629, "Lookahead": 14 }