{ "K-Best 1 Pemberton Belief": 4.343419, "K-Best 3 Pemberton Belief": 4.343419, "K-Best 5 Pemberton Belief": 4.343419, "K-Best 7 Pemberton Belief": 4.343419, "Cserna Pemberton Belief": 4.343419, "K-Best 1": 4.343419, "K-Best 3": 4.343419, "K-Best 5": 4.343419, "K-Best 7": 4.343419, "Cserna": 4.343419, "Bellman": 4.343419, "Minimin": 4.343419, "Nancy": 4.343419, "Lookahead": 15 }