{ "K-Best 1 Pemberton Belief": 4.121663, "K-Best 3 Pemberton Belief": 4.121663, "K-Best 5 Pemberton Belief": 4.121663, "K-Best 7 Pemberton Belief": 4.121663, "Cserna Pemberton Belief": 4.121663, "K-Best 1": 4.121663, "K-Best 3": 4.121663, "K-Best 5": 4.121663, "K-Best 7": 4.121663, "Cserna": 4.121663, "Bellman": 4.121663, "Minimin": 4.121663, "Nancy": 4.121663, "Lookahead": 15 }