{ "K-Best 1 Pemberton Belief": 4.153944, "K-Best 3 Pemberton Belief": 4.153944, "K-Best 5 Pemberton Belief": 4.153944, "K-Best 7 Pemberton Belief": 4.153944, "Cserna Pemberton Belief": 4.153944, "K-Best 1": 4.153944, "K-Best 3": 4.153944, "K-Best 5": 4.153944, "K-Best 7": 4.153944, "Cserna": 4.153944, "Bellman": 4.153944, "Minimin": 4.153944, "Nancy": 4.153944, "Lookahead": 15 }