{ "K-Best 1 Pemberton Belief": 3.512774, "K-Best 3 Pemberton Belief": 3.512774, "K-Best 5 Pemberton Belief": 3.512774, "K-Best 7 Pemberton Belief": 3.512774, "Cserna Pemberton Belief": 3.512774, "K-Best 1": 3.512774, "K-Best 3": 3.512774, "K-Best 5": 3.512774, "K-Best 7": 3.512774, "Cserna": 3.512774, "Bellman": 3.512774, "Minimin": 3.512774, "Nancy": 3.512774, "Lookahead": 15 }