{ "K-Best 1 Pemberton Belief": 3.276333, "K-Best 3 Pemberton Belief": 3.276333, "K-Best 5 Pemberton Belief": 3.276333, "K-Best 7 Pemberton Belief": 3.276333, "Cserna Pemberton Belief": 3.276333, "K-Best 1": 3.276333, "K-Best 3": 3.276333, "K-Best 5": 3.276333, "K-Best 7": 3.276333, "Cserna": 3.276333, "Bellman": 3.276333, "Minimin": 3.276333, "Nancy": 3.276333, "Lookahead": 15 }