{ "K-Best 1 Pemberton Belief": 3.607161, "K-Best 3 Pemberton Belief": 3.607161, "K-Best 5 Pemberton Belief": 3.607161, "K-Best 7 Pemberton Belief": 3.607161, "Cserna Pemberton Belief": 3.607161, "K-Best 1": 3.607161, "K-Best 3": 3.607161, "K-Best 5": 3.607161, "K-Best 7": 3.607161, "Cserna": 3.607161, "Bellman": 3.607161, "Minimin": 3.607161, "Nancy": 3.607161, "Lookahead": 14 }