{ "K-Best 1 Pemberton Belief": 3.076828, "K-Best 3 Pemberton Belief": 3.076828, "K-Best 5 Pemberton Belief": 3.076828, "K-Best 7 Pemberton Belief": 3.076828, "Cserna Pemberton Belief": 3.076828, "K-Best 1": 3.076828, "K-Best 3": 3.076828, "K-Best 5": 3.076828, "K-Best 7": 3.076828, "Cserna": 3.076828, "Bellman": 3.076828, "Minimin": 3.076828, "Nancy": 3.076828, "Lookahead": 15 }