{ "K-Best 1 Pemberton Belief": 4.140326, "K-Best 3 Pemberton Belief": 4.140326, "K-Best 5 Pemberton Belief": 4.140326, "K-Best 7 Pemberton Belief": 4.140326, "Cserna Pemberton Belief": 4.140326, "K-Best 1": 4.140326, "K-Best 3": 4.140326, "K-Best 5": 4.140326, "K-Best 7": 4.140326, "Cserna": 4.140326, "Bellman": 4.140326, "Minimin": 4.140326, "Nancy": 4.140326, "Lookahead": 15 }