{ "K-Best 1 Pemberton Belief": 3.110435, "K-Best 3 Pemberton Belief": 3.110435, "K-Best 5 Pemberton Belief": 3.110435, "K-Best 7 Pemberton Belief": 3.110435, "Cserna Pemberton Belief": 3.110435, "K-Best 1": 3.110435, "K-Best 3": 3.110435, "K-Best 5": 3.110435, "K-Best 7": 3.110435, "Cserna": 3.110435, "Bellman": 3.110435, "Minimin": 3.110435, "Nancy": 3.110435, "Lookahead": 15 }