{ "K-Best 1 Pemberton Belief": 4.124021, "K-Best 3 Pemberton Belief": 4.124021, "K-Best 5 Pemberton Belief": 4.124021, "K-Best 7 Pemberton Belief": 4.124021, "Cserna Pemberton Belief": 4.124021, "K-Best 1": 4.124021, "K-Best 3": 4.124021, "K-Best 5": 4.124021, "K-Best 7": 4.124021, "Cserna": 4.124021, "Bellman": 4.124021, "Minimin": 4.124021, "Nancy": 4.124021, "Lookahead": 15 }