{ "K-Best 1 Pemberton Belief": 3.314859, "K-Best 3 Pemberton Belief": 3.314859, "K-Best 5 Pemberton Belief": 3.314859, "K-Best 7 Pemberton Belief": 3.314859, "Cserna Pemberton Belief": 3.314859, "K-Best 1": 3.314859, "K-Best 3": 3.314859, "K-Best 5": 3.314859, "K-Best 7": 3.314859, "Cserna": 3.314859, "Bellman": 3.314859, "Minimin": 3.314859, "Nancy": 3.314859, "Lookahead": 14 }