{ "K-Best 1 Pemberton Belief": 3.662489, "K-Best 3 Pemberton Belief": 3.662489, "K-Best 5 Pemberton Belief": 3.662489, "K-Best 7 Pemberton Belief": 3.662489, "Cserna Pemberton Belief": 3.662489, "K-Best 1": 3.662489, "K-Best 3": 3.662489, "K-Best 5": 3.662489, "K-Best 7": 3.662489, "Cserna": 3.662489, "Bellman": 3.662489, "Minimin": 3.662489, "Nancy": 3.662489, "Lookahead": 15 }