{ "K-Best 1 Pemberton Belief": 3.671780, "K-Best 3 Pemberton Belief": 3.671780, "K-Best 5 Pemberton Belief": 3.671780, "K-Best 7 Pemberton Belief": 3.671780, "Cserna Pemberton Belief": 3.671780, "K-Best 1": 3.671780, "K-Best 3": 3.671780, "K-Best 5": 3.671780, "K-Best 7": 3.671780, "Cserna": 3.671780, "Bellman": 3.671780, "Minimin": 3.671780, "Nancy": 3.671780, "Lookahead": 15 }