{ "K-Best 1 Pemberton Belief": 3.442558, "K-Best 3 Pemberton Belief": 3.442558, "K-Best 5 Pemberton Belief": 3.442558, "K-Best 7 Pemberton Belief": 3.442558, "Cserna Pemberton Belief": 3.442558, "K-Best 1": 3.442558, "K-Best 3": 3.442558, "K-Best 5": 3.442558, "K-Best 7": 3.442558, "Cserna": 3.442558, "Bellman": 3.442558, "Minimin": 3.442558, "Nancy": 3.442558, "Lookahead": 15 }