{ "K-Best 1 Pemberton Belief": 3.793316, "K-Best 3 Pemberton Belief": 3.793316, "K-Best 5 Pemberton Belief": 3.793316, "K-Best 7 Pemberton Belief": 3.793316, "Cserna Pemberton Belief": 3.793316, "K-Best 1": 3.793316, "K-Best 3": 3.793316, "K-Best 5": 3.793316, "K-Best 7": 3.793316, "Cserna": 3.793316, "Bellman": 3.793316, "Minimin": 3.793316, "Nancy": 3.793316, "Lookahead": 15 }