{ "K-Best 1 Pemberton Belief": 3.127411, "K-Best 3 Pemberton Belief": 3.127411, "K-Best 5 Pemberton Belief": 3.127411, "K-Best 7 Pemberton Belief": 3.127411, "Cserna Pemberton Belief": 3.127411, "K-Best 1": 3.127411, "K-Best 3": 3.127411, "K-Best 5": 3.127411, "K-Best 7": 3.127411, "Cserna": 3.127411, "Bellman": 3.127411, "Minimin": 3.127411, "Nancy": 3.127411, "Lookahead": 15 }