{ "K-Best 1 Pemberton Belief": 3.694094, "K-Best 3 Pemberton Belief": 3.694094, "K-Best 5 Pemberton Belief": 3.694094, "K-Best 7 Pemberton Belief": 3.694094, "Cserna Pemberton Belief": 3.694094, "K-Best 1": 3.694094, "K-Best 3": 3.694094, "K-Best 5": 3.694094, "K-Best 7": 3.694094, "Cserna": 3.694094, "Bellman": 3.694094, "Minimin": 3.694094, "Nancy": 3.694094, "Lookahead": 14 }