{ "K-Best 1 Pemberton Belief": 3.818847, "K-Best 3 Pemberton Belief": 3.926279, "K-Best 5 Pemberton Belief": 3.926279, "K-Best 7 Pemberton Belief": 3.926279, "Cserna Pemberton Belief": 3.926279, "K-Best 1": 3.818847, "K-Best 3": 3.926279, "K-Best 5": 3.926279, "K-Best 7": 3.926279, "Cserna": 3.926279, "Bellman": 3.818847, "Minimin": 3.818847, "Nancy": 3.818847, "Lookahead": 14 }