{ "K-Best 1 Pemberton Belief": 3.183191, "K-Best 3 Pemberton Belief": 3.183191, "K-Best 5 Pemberton Belief": 3.183191, "K-Best 7 Pemberton Belief": 3.183191, "Cserna Pemberton Belief": 3.183191, "K-Best 1": 3.183191, "K-Best 3": 3.183191, "K-Best 5": 3.183191, "K-Best 7": 3.183191, "Cserna": 3.183191, "Bellman": 3.183191, "Minimin": 3.183191, "Nancy": 3.183191, "Lookahead": 15 }