{ "K-Best 1 Pemberton Belief": 4.598919, "K-Best 3 Pemberton Belief": 4.598919, "K-Best 5 Pemberton Belief": 4.598919, "K-Best 7 Pemberton Belief": 4.598919, "Cserna Pemberton Belief": 4.598919, "K-Best 1": 4.598919, "K-Best 3": 4.598919, "K-Best 5": 4.598919, "K-Best 7": 4.598919, "Cserna": 4.598919, "Bellman": 4.598919, "Minimin": 4.598919, "Nancy": 4.598919, "Lookahead": 14 }