{ "K-Best 1 Pemberton Belief": 4.298365, "K-Best 3 Pemberton Belief": 4.298365, "K-Best 5 Pemberton Belief": 4.298365, "K-Best 7 Pemberton Belief": 4.298365, "Cserna Pemberton Belief": 4.298365, "K-Best 1": 4.298365, "K-Best 3": 4.298365, "K-Best 5": 4.298365, "K-Best 7": 4.298365, "Cserna": 4.298365, "Bellman": 4.298365, "Minimin": 4.298365, "Nancy": 4.298365, "Lookahead": 14 }