{ "K-Best 1 Pemberton Belief": 3.197026, "K-Best 3 Pemberton Belief": 3.197026, "K-Best 5 Pemberton Belief": 3.197026, "K-Best 7 Pemberton Belief": 3.197026, "Cserna Pemberton Belief": 3.197026, "K-Best 1": 3.197026, "K-Best 3": 3.197026, "K-Best 5": 3.197026, "K-Best 7": 3.197026, "Cserna": 3.197026, "Bellman": 3.197026, "Minimin": 3.197026, "Nancy": 3.197026, "Lookahead": 15 }