{ "K-Best 1 Pemberton Belief": 2.693048, "K-Best 3 Pemberton Belief": 2.693048, "K-Best 5 Pemberton Belief": 2.693048, "K-Best 7 Pemberton Belief": 2.693048, "Cserna Pemberton Belief": 2.693048, "K-Best 1": 2.693048, "K-Best 3": 2.693048, "K-Best 5": 2.693048, "K-Best 7": 2.693048, "Cserna": 2.693048, "Bellman": 2.693048, "Minimin": 2.693048, "Nancy": 2.693048, "Lookahead": 15 }