{ "K-Best 1 Pemberton Belief": 3.164586, "K-Best 3 Pemberton Belief": 3.164586, "K-Best 5 Pemberton Belief": 3.164586, "K-Best 7 Pemberton Belief": 3.164586, "Cserna Pemberton Belief": 3.164586, "K-Best 1": 3.164586, "K-Best 3": 3.164586, "K-Best 5": 3.164586, "K-Best 7": 3.164586, "Cserna": 3.164586, "Bellman": 3.164586, "Minimin": 3.164586, "Nancy": 3.164586, "Lookahead": 15 }