{ "K-Best 1 Pemberton Belief": 3.060631, "K-Best 3 Pemberton Belief": 3.060631, "K-Best 5 Pemberton Belief": 3.060631, "K-Best 7 Pemberton Belief": 3.060631, "Cserna Pemberton Belief": 3.060631, "K-Best 1": 3.060631, "K-Best 3": 3.060631, "K-Best 5": 3.060631, "K-Best 7": 3.060631, "Cserna": 3.060631, "Bellman": 3.060631, "Minimin": 3.060631, "Nancy": 3.060631, "Lookahead": 15 }