{ "K-Best 1 Pemberton Belief": 4.037481, "K-Best 3 Pemberton Belief": 4.037481, "K-Best 5 Pemberton Belief": 4.037481, "K-Best 7 Pemberton Belief": 4.037481, "Cserna Pemberton Belief": 4.037481, "K-Best 1": 4.037481, "K-Best 3": 4.037481, "K-Best 5": 4.037481, "K-Best 7": 4.037481, "Cserna": 4.037481, "Bellman": 4.037481, "Minimin": 4.037481, "Nancy": 4.037481, "Lookahead": 15 }