{ "K-Best 1 Pemberton Belief": 3.598752, "K-Best 3 Pemberton Belief": 3.598752, "K-Best 5 Pemberton Belief": 3.598752, "K-Best 7 Pemberton Belief": 3.598752, "Cserna Pemberton Belief": 3.598752, "K-Best 1": 3.598752, "K-Best 3": 3.598752, "K-Best 5": 3.598752, "K-Best 7": 3.598752, "Cserna": 3.598752, "Bellman": 3.598752, "Minimin": 3.598752, "Nancy": 3.598752, "Lookahead": 15 }