{ "K-Best 1 Pemberton Belief": 2.795205, "K-Best 2 Pemberton Belief": 2.795205, "K-Best 3 Pemberton Belief": 2.795205, "K-Best 5 Pemberton Belief": 2.795205, "K-Best 7 Pemberton Belief": 2.795205, "Cserna Pemberton Belief": 2.795205, "K-Best 1": 2.795205, "K-Best 2": 2.795205, "K-Best 3": 2.795205, "K-Best 5": 2.795205, "K-Best 7": 2.795205, "Cserna": 2.795205, "Bellman": 2.795205, "Minimin": 2.795205, "Nancy": 2.795205, "Lookahead": 9 }