{ "K-Best 1 Pemberton Belief": 2.458626, "K-Best 3 Pemberton Belief": 2.458626, "K-Best 5 Pemberton Belief": 2.458626, "K-Best 7 Pemberton Belief": 2.458626, "Cserna Pemberton Belief": 2.458626, "K-Best 1": 2.458626, "K-Best 3": 2.458626, "K-Best 5": 2.458626, "K-Best 7": 2.458626, "Cserna": 2.458626, "Bellman": 2.458626, "Minimin": 2.458626, "Nancy": 2.458626, "Lookahead": 9 }