{ "K-Best 1 Pemberton Belief": 2.086211, "K-Best 2 Pemberton Belief": 2.086211, "K-Best 3 Pemberton Belief": 2.086211, "K-Best 5 Pemberton Belief": 2.086211, "K-Best 7 Pemberton Belief": 2.086211, "Cserna Pemberton Belief": 2.086211, "K-Best 1": 2.086211, "K-Best 2": 2.086211, "K-Best 3": 2.086211, "K-Best 5": 2.086211, "K-Best 7": 2.086211, "Cserna": 2.086211, "Bellman": 2.086211, "Minimin": 2.086211, "Nancy": 2.086211, "Lookahead": 9 }