{ "K-Best 1 Pemberton Belief": 2.186727, "K-Best 3 Pemberton Belief": 2.186727, "K-Best 5 Pemberton Belief": 2.186727, "K-Best 7 Pemberton Belief": 2.186727, "Cserna Pemberton Belief": 2.186727, "K-Best 1": 2.186727, "K-Best 3": 2.186727, "K-Best 5": 2.186727, "K-Best 7": 2.186727, "Cserna": 2.186727, "Bellman": 2.186727, "Minimin": 2.186727, "Nancy": 2.186727, "Lookahead": 9 }