{ "K-Best 1 Pemberton Belief": 1.603409, "K-Best 2 Pemberton Belief": 1.603409, "K-Best 3 Pemberton Belief": 1.603409, "K-Best 5 Pemberton Belief": 1.603409, "K-Best 7 Pemberton Belief": 1.603409, "Cserna Pemberton Belief": 1.603409, "K-Best 1": 1.603409, "K-Best 2": 1.603409, "K-Best 3": 1.603409, "K-Best 5": 1.603409, "K-Best 7": 1.603409, "Cserna": 1.603409, "Bellman": 1.603409, "Minimin": 1.603409, "Nancy": 1.603409, "Lookahead": 9 }