{ "K-Best 1 Pemberton Belief": 2.753381, "K-Best 3 Pemberton Belief": 2.753381, "K-Best 5 Pemberton Belief": 2.753381, "K-Best 7 Pemberton Belief": 2.753381, "Cserna Pemberton Belief": 2.753381, "K-Best 1": 2.753381, "K-Best 3": 2.753381, "K-Best 5": 2.753381, "K-Best 7": 2.753381, "Cserna": 2.753381, "Bellman": 2.753381, "Minimin": 2.753381, "Nancy": 2.753381, "Lookahead": 9 }