{ "K-Best 1 Pemberton Belief": 2.271680, "K-Best 2 Pemberton Belief": 2.271680, "K-Best 3 Pemberton Belief": 2.271680, "K-Best 5 Pemberton Belief": 2.271680, "K-Best 7 Pemberton Belief": 2.271680, "Cserna Pemberton Belief": 2.271680, "K-Best 1": 2.271680, "K-Best 2": 2.271680, "K-Best 3": 2.271680, "K-Best 5": 2.271680, "K-Best 7": 2.271680, "Cserna": 2.271680, "Bellman": 2.271680, "Minimin": 2.271680, "Nancy": 2.271680, "Lookahead": 9 }