{ "K-Best 1 Pemberton Belief": 2.774804, "K-Best 3 Pemberton Belief": 2.359012, "K-Best 5 Pemberton Belief": 2.359012, "K-Best 7 Pemberton Belief": 2.359012, "Cserna Pemberton Belief": 2.359012, "K-Best 1": 2.774804, "K-Best 3": 2.774804, "K-Best 5": 2.774804, "K-Best 7": 2.774804, "Cserna": 2.774804, "Bellman": 2.774804, "Minimin": 2.774804, "Nancy": 2.774804, "Lookahead": 9 }