{ "K-Best 1 Pemberton Belief": 2.538802, "K-Best 2 Pemberton Belief": 2.538802, "K-Best 3 Pemberton Belief": 2.538802, "K-Best 5 Pemberton Belief": 2.538802, "K-Best 7 Pemberton Belief": 2.538802, "Cserna Pemberton Belief": 2.538802, "K-Best 1": 2.538802, "K-Best 2": 2.538802, "K-Best 3": 2.538802, "K-Best 5": 2.538802, "K-Best 7": 2.538802, "Cserna": 2.538802, "Bellman": 2.538802, "Minimin": 2.538802, "Nancy": 2.538802, "Lookahead": 9 }