{ "K-Best 1 Pemberton Belief": 2.587764, "K-Best 2 Pemberton Belief": 2.587764, "K-Best 3 Pemberton Belief": 2.587764, "K-Best 5 Pemberton Belief": 2.587764, "K-Best 7 Pemberton Belief": 2.587764, "Cserna Pemberton Belief": 2.587764, "K-Best 1": 2.587764, "K-Best 2": 2.587764, "K-Best 3": 2.587764, "K-Best 5": 2.587764, "K-Best 7": 2.587764, "Cserna": 2.587764, "Bellman": 2.587764, "Minimin": 2.587764, "Nancy": 2.587764, "Lookahead": 9 }