{ "K-Best 1 Pemberton Belief": 2.485696, "K-Best 2 Pemberton Belief": 2.485696, "K-Best 3 Pemberton Belief": 2.485696, "K-Best 5 Pemberton Belief": 2.485696, "K-Best 7 Pemberton Belief": 2.485696, "Cserna Pemberton Belief": 2.485696, "K-Best 1": 2.485696, "K-Best 2": 2.485696, "K-Best 3": 2.485696, "K-Best 5": 2.485696, "K-Best 7": 2.485696, "Cserna": 2.485696, "Bellman": 2.485696, "Minimin": 2.485696, "Nancy": 2.485696, "Lookahead": 9 }