{ "K-Best 1 Pemberton Belief": 2.326869, "K-Best 2 Pemberton Belief": 2.326869, "K-Best 3 Pemberton Belief": 2.326869, "K-Best 5 Pemberton Belief": 2.326869, "K-Best 7 Pemberton Belief": 2.326869, "Cserna Pemberton Belief": 2.326869, "K-Best 1": 2.326869, "K-Best 2": 2.326869, "K-Best 3": 2.326869, "K-Best 5": 2.326869, "K-Best 7": 2.326869, "Cserna": 2.326869, "Bellman": 2.326869, "Minimin": 2.326869, "Nancy": 2.326869, "Lookahead": 9 }