{ "K-Best 1 Pemberton Belief": 2.770453, "K-Best 2 Pemberton Belief": 2.770453, "K-Best 3 Pemberton Belief": 2.770453, "K-Best 5 Pemberton Belief": 2.770453, "K-Best 7 Pemberton Belief": 2.770453, "Cserna Pemberton Belief": 2.770453, "K-Best 1": 2.770453, "K-Best 2": 2.770453, "K-Best 3": 2.770453, "K-Best 5": 2.770453, "K-Best 7": 2.770453, "Cserna": 2.770453, "Bellman": 2.770453, "Minimin": 2.770453, "Nancy": 2.770453, "Lookahead": 9 }