{ "K-Best 1 Pemberton Belief": 2.597418, "K-Best 2 Pemberton Belief": 2.597418, "K-Best 3 Pemberton Belief": 2.597418, "K-Best 5 Pemberton Belief": 2.597418, "K-Best 7 Pemberton Belief": 2.597418, "Cserna Pemberton Belief": 2.597418, "K-Best 1": 2.597418, "K-Best 2": 2.597418, "K-Best 3": 2.597418, "K-Best 5": 2.597418, "K-Best 7": 2.597418, "Cserna": 2.597418, "Bellman": 2.597418, "Minimin": 2.597418, "Nancy": 2.597418, "Lookahead": 9 }