{ "K-Best 1 Pemberton Belief": 2.404361, "K-Best 3 Pemberton Belief": 2.404361, "K-Best 5 Pemberton Belief": 2.404361, "K-Best 7 Pemberton Belief": 2.404361, "Cserna Pemberton Belief": 2.404361, "K-Best 1": 2.404361, "K-Best 3": 2.404361, "K-Best 5": 2.404361, "K-Best 7": 2.404361, "Cserna": 2.404361, "Bellman": 2.404361, "Minimin": 2.404361, "Nancy": 2.404361, "Lookahead": 9 }