{ "K-Best 1 Pemberton Belief": 2.200825, "K-Best 3 Pemberton Belief": 2.200825, "K-Best 5 Pemberton Belief": 2.200825, "K-Best 7 Pemberton Belief": 2.200825, "Cserna Pemberton Belief": 2.200825, "K-Best 1": 2.200825, "K-Best 3": 2.200825, "K-Best 5": 2.200825, "K-Best 7": 2.200825, "Cserna": 2.200825, "Bellman": 2.200825, "Minimin": 2.200825, "Nancy": 2.200825, "Lookahead": 9 }