{ "K-Best 1 Pemberton Belief": 2.496163, "K-Best 3 Pemberton Belief": 2.496163, "K-Best 5 Pemberton Belief": 2.496163, "K-Best 7 Pemberton Belief": 2.496163, "Cserna Pemberton Belief": 2.496163, "K-Best 1": 2.496163, "K-Best 3": 2.496163, "K-Best 5": 2.496163, "K-Best 7": 2.496163, "Cserna": 2.496163, "Bellman": 2.496163, "Minimin": 2.496163, "Nancy": 2.496163, "Lookahead": 9 }