{ "K-Best 1 Pemberton Belief": 2.370623, "K-Best 3 Pemberton Belief": 2.370623, "K-Best 5 Pemberton Belief": 2.370623, "K-Best 7 Pemberton Belief": 2.370623, "Cserna Pemberton Belief": 2.370623, "K-Best 1": 2.370623, "K-Best 3": 2.370623, "K-Best 5": 2.370623, "K-Best 7": 2.370623, "Cserna": 2.370623, "Bellman": 2.370623, "Minimin": 2.370623, "Nancy": 2.370623, "Lookahead": 9 }