{ "K-Best 1 Pemberton Belief": 1.631680, "K-Best 3 Pemberton Belief": 1.631680, "K-Best 5 Pemberton Belief": 1.631680, "K-Best 7 Pemberton Belief": 1.631680, "Cserna Pemberton Belief": 1.631680, "K-Best 1": 1.631680, "K-Best 3": 1.631680, "K-Best 5": 1.631680, "K-Best 7": 1.631680, "Cserna": 1.631680, "Bellman": 1.631680, "Minimin": 1.631680, "Nancy": 1.631680, "Lookahead": 9 }