{ "K-Best 1 Pemberton Belief": 1.808015, "K-Best 2 Pemberton Belief": 1.808015, "K-Best 3 Pemberton Belief": 1.808015, "K-Best 5 Pemberton Belief": 1.808015, "K-Best 7 Pemberton Belief": 1.808015, "Cserna Pemberton Belief": 1.808015, "K-Best 1": 1.808015, "K-Best 2": 1.808015, "K-Best 3": 1.808015, "K-Best 5": 1.808015, "K-Best 7": 1.808015, "Cserna": 1.808015, "Bellman": 1.808015, "Minimin": 1.808015, "Nancy": 1.808015, "Lookahead": 9 }