{ "K-Best 1 Pemberton Belief": 2.935446, "K-Best 2 Pemberton Belief": 2.935446, "K-Best 3 Pemberton Belief": 2.935446, "K-Best 5 Pemberton Belief": 2.935446, "K-Best 7 Pemberton Belief": 2.935446, "Cserna Pemberton Belief": 2.935446, "K-Best 1": 2.935446, "K-Best 2": 2.935446, "K-Best 3": 2.935446, "K-Best 5": 2.935446, "K-Best 7": 2.935446, "Cserna": 2.935446, "Bellman": 2.935446, "Minimin": 2.935446, "Nancy": 2.935446, "Lookahead": 9 }