{ "K-Best 1 Pemberton Belief": 2.413761, "K-Best 3 Pemberton Belief": 2.413761, "K-Best 5 Pemberton Belief": 2.413761, "K-Best 7 Pemberton Belief": 2.413761, "Cserna Pemberton Belief": 2.413761, "K-Best 1": 2.413761, "K-Best 3": 2.413761, "K-Best 5": 2.413761, "K-Best 7": 2.413761, "Cserna": 2.413761, "Bellman": 2.413761, "Minimin": 2.413761, "Nancy": 2.413761, "Lookahead": 9 }