{ "K-Best 1 Pemberton Belief": 1.925240, "K-Best 2 Pemberton Belief": 1.925240, "K-Best 3 Pemberton Belief": 1.925240, "K-Best 5 Pemberton Belief": 1.925240, "K-Best 7 Pemberton Belief": 1.925240, "Cserna Pemberton Belief": 1.925240, "K-Best 1": 1.925240, "K-Best 2": 1.925240, "K-Best 3": 1.925240, "K-Best 5": 1.925240, "K-Best 7": 1.925240, "Cserna": 1.925240, "Bellman": 1.925240, "Minimin": 1.925240, "Nancy": 1.925240, "Lookahead": 9 }