{ "K-Best 1 Pemberton Belief": 2.364017, "K-Best 3 Pemberton Belief": 2.364017, "K-Best 5 Pemberton Belief": 2.364017, "K-Best 7 Pemberton Belief": 2.364017, "Cserna Pemberton Belief": 2.364017, "K-Best 1": 2.364017, "K-Best 3": 2.364017, "K-Best 5": 2.364017, "K-Best 7": 2.364017, "Cserna": 2.364017, "Bellman": 2.364017, "Minimin": 2.364017, "Nancy": 2.364017, "Lookahead": 9 }