{ "K-Best 1 Pemberton Belief": 2.115889, "K-Best 2 Pemberton Belief": 2.115889, "K-Best 3 Pemberton Belief": 2.115889, "K-Best 5 Pemberton Belief": 2.115889, "K-Best 7 Pemberton Belief": 2.115889, "Cserna Pemberton Belief": 2.115889, "K-Best 1": 2.115889, "K-Best 2": 2.115889, "K-Best 3": 2.115889, "K-Best 5": 2.115889, "K-Best 7": 2.115889, "Cserna": 2.115889, "Bellman": 2.115889, "Minimin": 2.115889, "Nancy": 2.115889, "Lookahead": 9 }