{ "K-Best 1 Pemberton Belief": 2.702914, "K-Best 3 Pemberton Belief": 2.693656, "K-Best 5 Pemberton Belief": 2.702914, "K-Best 7 Pemberton Belief": 2.702914, "Cserna Pemberton Belief": 2.702914, "K-Best 1": 2.702914, "K-Best 3": 2.693656, "K-Best 5": 2.702914, "K-Best 7": 2.702914, "Cserna": 2.702914, "Bellman": 2.702914, "Minimin": 2.702914, "Nancy": 2.702914, "Lookahead": 9 }