{ "K-Best 1 Pemberton Belief": 1.668350, "K-Best 2 Pemberton Belief": 1.668350, "K-Best 3 Pemberton Belief": 1.668350, "K-Best 5 Pemberton Belief": 1.668350, "K-Best 7 Pemberton Belief": 1.668350, "Cserna Pemberton Belief": 1.668350, "K-Best 1": 1.668350, "K-Best 2": 1.668350, "K-Best 3": 1.668350, "K-Best 5": 1.668350, "K-Best 7": 1.668350, "Cserna": 1.668350, "Bellman": 1.668350, "Minimin": 1.668350, "Nancy": 1.668350, "Lookahead": 9 }