{ "K-Best 1 Pemberton Belief": 2.700662, "K-Best 3 Pemberton Belief": 2.700662, "K-Best 5 Pemberton Belief": 2.700662, "K-Best 7 Pemberton Belief": 2.700662, "Cserna Pemberton Belief": 2.700662, "K-Best 1": 2.700662, "K-Best 3": 2.700662, "K-Best 5": 2.700662, "K-Best 7": 2.700662, "Cserna": 2.700662, "Bellman": 2.700662, "Minimin": 2.700662, "Nancy": 2.700662, "Lookahead": 9 }