{ "K-Best 1 Pemberton Belief": 3.312138, "K-Best 3 Pemberton Belief": 3.312138, "K-Best 5 Pemberton Belief": 3.332847, "K-Best 7 Pemberton Belief": 3.332847, "Cserna Pemberton Belief": 3.332847, "K-Best 1": 3.312138, "K-Best 3": 3.312138, "K-Best 5": 3.312138, "K-Best 7": 3.312138, "Cserna": 3.312138, "Bellman": 3.312138, "Minimin": 3.312138, "Nancy": 3.312138, "Lookahead": 9 }