{ "K-Best 1 Pemberton Belief": 1.920809, "K-Best 2 Pemberton Belief": 1.920809, "K-Best 3 Pemberton Belief": 1.920809, "K-Best 5 Pemberton Belief": 1.920809, "K-Best 7 Pemberton Belief": 1.920809, "Cserna Pemberton Belief": 1.920809, "K-Best 1": 1.920809, "K-Best 2": 1.920809, "K-Best 3": 1.920809, "K-Best 5": 1.920809, "K-Best 7": 1.920809, "Cserna": 1.920809, "Bellman": 1.920809, "Minimin": 1.920809, "Nancy": 1.920809, "Lookahead": 9 }