{ "K-Best 1 Pemberton Belief": 2.476413, "K-Best 3 Pemberton Belief": 2.476413, "K-Best 5 Pemberton Belief": 2.476413, "K-Best 7 Pemberton Belief": 2.476413, "Cserna Pemberton Belief": 2.476413, "K-Best 1": 2.476413, "K-Best 3": 2.476413, "K-Best 5": 2.476413, "K-Best 7": 2.476413, "Cserna": 2.476413, "Bellman": 2.476413, "Minimin": 2.476413, "Nancy": 2.476413, "Lookahead": 9 }