{ "K-Best 1 Pemberton Belief": 2.591159, "K-Best 2 Pemberton Belief": 2.864638, "K-Best 3 Pemberton Belief": 2.864638, "K-Best 5 Pemberton Belief": 2.864638, "K-Best 7 Pemberton Belief": 2.864638, "Cserna Pemberton Belief": 2.864638, "K-Best 1": 2.591159, "K-Best 2": 2.864638, "K-Best 3": 2.864638, "K-Best 5": 2.864638, "K-Best 7": 2.864638, "Cserna": 2.864638, "Bellman": 2.591159, "Minimin": 2.591159, "Nancy": 2.591159, "Lookahead": 9 }