{ "K-Best 1 Pemberton Belief": 2.642489, "K-Best 3 Pemberton Belief": 2.642489, "K-Best 5 Pemberton Belief": 2.642489, "K-Best 7 Pemberton Belief": 2.642489, "Cserna Pemberton Belief": 2.642489, "K-Best 1": 2.642489, "K-Best 3": 2.642489, "K-Best 5": 2.642489, "K-Best 7": 2.642489, "Cserna": 2.642489, "Bellman": 2.642489, "Minimin": 2.642489, "Nancy": 2.642489, "Lookahead": 9 }