{ "K-Best 1 Pemberton Belief": 2.973630, "K-Best 3 Pemberton Belief": 2.973630, "K-Best 5 Pemberton Belief": 2.973630, "K-Best 7 Pemberton Belief": 2.973630, "Cserna Pemberton Belief": 2.973630, "K-Best 1": 2.973630, "K-Best 3": 2.973630, "K-Best 5": 2.973630, "K-Best 7": 2.973630, "Cserna": 2.973630, "Bellman": 2.973630, "Minimin": 2.973630, "Nancy": 2.973630, "Lookahead": 9 }