{ "K-Best 1 Pemberton Belief": 2.815579, "K-Best 2 Pemberton Belief": 2.815579, "K-Best 3 Pemberton Belief": 2.815579, "K-Best 5 Pemberton Belief": 2.815579, "K-Best 7 Pemberton Belief": 2.815579, "Cserna Pemberton Belief": 2.815579, "K-Best 1": 2.815579, "K-Best 2": 2.815579, "K-Best 3": 2.815579, "K-Best 5": 2.815579, "K-Best 7": 2.815579, "Cserna": 2.815579, "Bellman": 2.815579, "Minimin": 2.815579, "Nancy": 2.815579, "Lookahead": 9 }