{ "K-Best 1 Pemberton Belief": 2.521442, "K-Best 2 Pemberton Belief": 2.521442, "K-Best 3 Pemberton Belief": 2.521442, "K-Best 5 Pemberton Belief": 2.521442, "K-Best 7 Pemberton Belief": 2.521442, "Cserna Pemberton Belief": 2.521442, "K-Best 1": 2.521442, "K-Best 2": 2.521442, "K-Best 3": 2.521442, "K-Best 5": 2.521442, "K-Best 7": 2.521442, "Cserna": 2.521442, "Bellman": 2.521442, "Minimin": 2.521442, "Nancy": 2.521442, "Lookahead": 9 }