{ "K-Best 1 Pemberton Belief": 2.703650, "K-Best 3 Pemberton Belief": 2.703650, "K-Best 5 Pemberton Belief": 2.703650, "K-Best 7 Pemberton Belief": 2.703650, "Cserna Pemberton Belief": 2.703650, "K-Best 1": 2.703650, "K-Best 3": 2.703650, "K-Best 5": 2.703650, "K-Best 7": 2.703650, "Cserna": 2.703650, "Bellman": 2.703650, "Minimin": 2.703650, "Nancy": 2.703650, "Lookahead": 9 }