{ "K-Best 1 Pemberton Belief": 2.481373, "K-Best 2 Pemberton Belief": 2.481373, "K-Best 3 Pemberton Belief": 2.481373, "K-Best 5 Pemberton Belief": 2.481373, "K-Best 7 Pemberton Belief": 2.481373, "Cserna Pemberton Belief": 2.481373, "K-Best 1": 2.481373, "K-Best 2": 2.481373, "K-Best 3": 2.481373, "K-Best 5": 2.481373, "K-Best 7": 2.481373, "Cserna": 2.481373, "Bellman": 2.481373, "Minimin": 2.481373, "Nancy": 2.481373, "Lookahead": 9 }