{ "K-Best 1 Pemberton Belief": 3.598177, "K-Best 3 Pemberton Belief": 3.598177, "K-Best 5 Pemberton Belief": 3.598177, "K-Best 7 Pemberton Belief": 3.598177, "Cserna Pemberton Belief": 3.598177, "K-Best 1": 3.598177, "K-Best 3": 3.598177, "K-Best 5": 3.598177, "K-Best 7": 3.598177, "Cserna": 3.598177, "Bellman": 3.598177, "Minimin": 3.598177, "Nancy": 3.598177, "Lookahead": 9 }