{ "K-Best 1 Pemberton Belief": 2.558767, "K-Best 3 Pemberton Belief": 2.449345, "K-Best 5 Pemberton Belief": 2.449345, "K-Best 7 Pemberton Belief": 2.449345, "Cserna Pemberton Belief": 2.449345, "K-Best 1": 2.558767, "K-Best 3": 2.449345, "K-Best 5": 2.449345, "K-Best 7": 2.449345, "Cserna": 2.449345, "Bellman": 2.558767, "Minimin": 2.558767, "Nancy": 2.558767, "Lookahead": 9 }