{ "K-Best 1 Pemberton Belief": 2.735344, "K-Best 2 Pemberton Belief": 2.735344, "K-Best 3 Pemberton Belief": 2.735344, "K-Best 5 Pemberton Belief": 2.735344, "K-Best 7 Pemberton Belief": 2.735344, "Cserna Pemberton Belief": 2.735344, "K-Best 1": 2.735344, "K-Best 2": 2.735344, "K-Best 3": 2.735344, "K-Best 5": 2.735344, "K-Best 7": 2.735344, "Cserna": 2.735344, "Bellman": 2.735344, "Minimin": 2.735344, "Nancy": 2.735344, "Lookahead": 9 }