{ "K-Best 1 Pemberton Belief": 2.044614, "K-Best 2 Pemberton Belief": 2.044614, "K-Best 3 Pemberton Belief": 2.044614, "K-Best 5 Pemberton Belief": 2.044614, "K-Best 7 Pemberton Belief": 2.044614, "Cserna Pemberton Belief": 2.044614, "K-Best 1": 2.044614, "K-Best 2": 2.044614, "K-Best 3": 2.044614, "K-Best 5": 2.044614, "K-Best 7": 2.044614, "Cserna": 2.044614, "Bellman": 2.044614, "Minimin": 2.044614, "Nancy": 2.044614, "Lookahead": 9 }