{ "K-Best 1 Pemberton Belief": 3.469999, "K-Best 3 Pemberton Belief": 3.469999, "K-Best 5 Pemberton Belief": 3.469999, "K-Best 7 Pemberton Belief": 3.469999, "Cserna Pemberton Belief": 3.469999, "K-Best 1": 3.469999, "K-Best 3": 3.469999, "K-Best 5": 3.469999, "K-Best 7": 3.469999, "Cserna": 3.469999, "Bellman": 3.469999, "Minimin": 3.469999, "Nancy": 3.469999, "Lookahead": 9 }