{ "K-Best 1 Pemberton Belief": 2.817574, "K-Best 3 Pemberton Belief": 2.817574, "K-Best 5 Pemberton Belief": 2.817574, "K-Best 7 Pemberton Belief": 2.817574, "Cserna Pemberton Belief": 2.817574, "K-Best 1": 2.817574, "K-Best 3": 2.817574, "K-Best 5": 2.817574, "K-Best 7": 2.817574, "Cserna": 2.817574, "Bellman": 2.817574, "Minimin": 2.817574, "Nancy": 2.817574, "Lookahead": 9 }