{ "K-Best 1 Pemberton Belief": 3.178405, "K-Best 2 Pemberton Belief": 3.178405, "K-Best 3 Pemberton Belief": 3.178405, "K-Best 5 Pemberton Belief": 3.178405, "K-Best 7 Pemberton Belief": 3.178405, "Cserna Pemberton Belief": 3.178405, "K-Best 1": 3.178405, "K-Best 2": 3.178405, "K-Best 3": 3.178405, "K-Best 5": 3.178405, "K-Best 7": 3.178405, "Cserna": 3.178405, "Bellman": 3.178405, "Minimin": 3.178405, "Nancy": 3.178405, "Lookahead": 9 }