{ "K-Best 1 Pemberton Belief": 2.853708, "K-Best 2 Pemberton Belief": 2.853708, "K-Best 3 Pemberton Belief": 2.853708, "K-Best 5 Pemberton Belief": 2.853708, "K-Best 7 Pemberton Belief": 2.853708, "Cserna Pemberton Belief": 2.853708, "K-Best 1": 2.853708, "K-Best 2": 2.853708, "K-Best 3": 2.853708, "K-Best 5": 2.853708, "K-Best 7": 2.853708, "Cserna": 2.853708, "Bellman": 2.853708, "Minimin": 2.853708, "Nancy": 2.853708, "Lookahead": 9 }