{ "K-Best 1 Pemberton Belief": 2.227381, "K-Best 2 Pemberton Belief": 2.227381, "K-Best 3 Pemberton Belief": 2.227381, "K-Best 5 Pemberton Belief": 2.227381, "K-Best 7 Pemberton Belief": 2.227381, "Cserna Pemberton Belief": 2.227381, "K-Best 1": 2.227381, "K-Best 2": 2.227381, "K-Best 3": 2.227381, "K-Best 5": 2.227381, "K-Best 7": 2.227381, "Cserna": 2.227381, "Bellman": 2.227381, "Minimin": 2.227381, "Nancy": 2.227381, "Lookahead": 9 }