{ "K-Best 1 Pemberton Belief": 2.812051, "K-Best 2 Pemberton Belief": 2.812051, "K-Best 3 Pemberton Belief": 2.812051, "K-Best 5 Pemberton Belief": 2.812051, "K-Best 7 Pemberton Belief": 2.812051, "Cserna Pemberton Belief": 2.812051, "K-Best 1": 2.812051, "K-Best 2": 2.812051, "K-Best 3": 2.812051, "K-Best 5": 2.812051, "K-Best 7": 2.812051, "Cserna": 2.812051, "Bellman": 2.812051, "Minimin": 2.812051, "Nancy": 2.812051, "Lookahead": 9 }