{ "K-Best 1 Pemberton Belief": 2.766095, "K-Best 2 Pemberton Belief": 2.766095, "K-Best 3 Pemberton Belief": 2.766095, "K-Best 5 Pemberton Belief": 2.766095, "K-Best 7 Pemberton Belief": 2.766095, "Cserna Pemberton Belief": 2.766095, "K-Best 1": 2.766095, "K-Best 2": 2.766095, "K-Best 3": 2.766095, "K-Best 5": 2.766095, "K-Best 7": 2.766095, "Cserna": 2.766095, "Bellman": 2.766095, "Minimin": 2.766095, "Nancy": 2.766095, "Lookahead": 9 }