{ "K-Best 1 Pemberton Belief": 2.972991, "K-Best 3 Pemberton Belief": 2.972991, "K-Best 5 Pemberton Belief": 2.972991, "K-Best 7 Pemberton Belief": 2.972991, "Cserna Pemberton Belief": 2.972991, "K-Best 1": 2.972991, "K-Best 3": 2.972991, "K-Best 5": 2.972991, "K-Best 7": 2.972991, "Cserna": 2.972991, "Bellman": 2.972991, "Minimin": 2.972991, "Nancy": 2.972991, "Lookahead": 9 }