{ "K-Best 1 Pemberton Belief": 3.423788, "K-Best 3 Pemberton Belief": 3.342866, "K-Best 5 Pemberton Belief": 3.342866, "K-Best 7 Pemberton Belief": 3.342866, "Cserna Pemberton Belief": 3.342866, "K-Best 1": 3.423788, "K-Best 3": 3.423788, "K-Best 5": 3.423788, "K-Best 7": 3.423788, "Cserna": 3.423788, "Bellman": 3.423788, "Minimin": 3.423788, "Nancy": 3.423788, "Lookahead": 9 }