{ "K-Best 1 Pemberton Belief": 2.613500, "K-Best 2 Pemberton Belief": 2.613500, "K-Best 3 Pemberton Belief": 2.613500, "K-Best 5 Pemberton Belief": 2.613500, "K-Best 7 Pemberton Belief": 2.613500, "Cserna Pemberton Belief": 2.613500, "K-Best 1": 2.613500, "K-Best 2": 2.613500, "K-Best 3": 2.613500, "K-Best 5": 2.613500, "K-Best 7": 2.613500, "Cserna": 2.613500, "Bellman": 2.613500, "Minimin": 2.613500, "Nancy": 2.613500, "Lookahead": 9 }