{ "K-Best 1 Pemberton Belief": 2.606141, "K-Best 2 Pemberton Belief": 2.606141, "K-Best 3 Pemberton Belief": 2.606141, "K-Best 5 Pemberton Belief": 2.606141, "K-Best 7 Pemberton Belief": 2.606141, "Cserna Pemberton Belief": 2.606141, "K-Best 1": 2.606141, "K-Best 2": 2.606141, "K-Best 3": 2.606141, "K-Best 5": 2.606141, "K-Best 7": 2.606141, "Cserna": 2.606141, "Bellman": 2.606141, "Minimin": 2.606141, "Nancy": 2.606141, "Lookahead": 9 }