{ "K-Best 1 Pemberton Belief": 2.675486, "K-Best 2 Pemberton Belief": 2.675486, "K-Best 3 Pemberton Belief": 2.675486, "K-Best 5 Pemberton Belief": 2.675486, "K-Best 7 Pemberton Belief": 2.675486, "Cserna Pemberton Belief": 2.675486, "K-Best 1": 2.675486, "K-Best 2": 2.675486, "K-Best 3": 2.675486, "K-Best 5": 2.675486, "K-Best 7": 2.675486, "Cserna": 2.675486, "Bellman": 2.675486, "Minimin": 2.675486, "Nancy": 2.675486, "Lookahead": 9 }