{ "K-Best 1 Pemberton Belief": 2.316858, "K-Best 2 Pemberton Belief": 2.316858, "K-Best 3 Pemberton Belief": 2.316858, "K-Best 5 Pemberton Belief": 2.316858, "K-Best 7 Pemberton Belief": 2.316858, "Cserna Pemberton Belief": 2.316858, "K-Best 1": 2.316858, "K-Best 2": 2.316858, "K-Best 3": 2.316858, "K-Best 5": 2.316858, "K-Best 7": 2.316858, "Cserna": 2.316858, "Bellman": 2.316858, "Minimin": 2.316858, "Nancy": 2.316858, "Lookahead": 9 }