{ "K-Best 1 Pemberton Belief": 1.955045, "K-Best 2 Pemberton Belief": 1.955045, "K-Best 3 Pemberton Belief": 1.955045, "K-Best 5 Pemberton Belief": 1.955045, "K-Best 7 Pemberton Belief": 1.955045, "Cserna Pemberton Belief": 1.955045, "K-Best 1": 1.955045, "K-Best 2": 1.955045, "K-Best 3": 1.955045, "K-Best 5": 1.955045, "K-Best 7": 1.955045, "Cserna": 1.955045, "Bellman": 1.955045, "Minimin": 1.955045, "Nancy": 1.955045, "Lookahead": 9 }