{ "K-Best 1 Pemberton Belief": 2.524585, "K-Best 3 Pemberton Belief": 2.524585, "K-Best 5 Pemberton Belief": 2.524585, "K-Best 7 Pemberton Belief": 2.524585, "Cserna Pemberton Belief": 2.524585, "K-Best 1": 2.524585, "K-Best 3": 2.524585, "K-Best 5": 2.524585, "K-Best 7": 2.524585, "Cserna": 2.524585, "Bellman": 2.524585, "Minimin": 2.524585, "Nancy": 2.524585, "Lookahead": 9 }