{ "K-Best 1 Pemberton Belief": 2.507493, "K-Best 3 Pemberton Belief": 2.507493, "K-Best 5 Pemberton Belief": 2.507493, "K-Best 7 Pemberton Belief": 2.507493, "Cserna Pemberton Belief": 2.507493, "K-Best 1": 2.507493, "K-Best 3": 2.507493, "K-Best 5": 2.507493, "K-Best 7": 2.507493, "Cserna": 2.507493, "Bellman": 2.507493, "Minimin": 2.507493, "Nancy": 2.507493, "Lookahead": 9 }