{ "K-Best 1 Pemberton Belief": 1.411463, "K-Best 2 Pemberton Belief": 1.411463, "K-Best 3 Pemberton Belief": 1.411463, "K-Best 5 Pemberton Belief": 1.411463, "K-Best 7 Pemberton Belief": 1.411463, "Cserna Pemberton Belief": 1.411463, "K-Best 1": 1.411463, "K-Best 2": 1.411463, "K-Best 3": 1.411463, "K-Best 5": 1.411463, "K-Best 7": 1.411463, "Cserna": 1.411463, "Bellman": 1.411463, "Minimin": 1.411463, "Nancy": 1.411463, "Lookahead": 9 }