{ "K-Best 1 Pemberton Belief": 2.554437, "K-Best 3 Pemberton Belief": 2.554437, "K-Best 5 Pemberton Belief": 2.554437, "K-Best 7 Pemberton Belief": 2.554437, "Cserna Pemberton Belief": 2.554437, "K-Best 1": 2.554437, "K-Best 3": 2.554437, "K-Best 5": 2.554437, "K-Best 7": 2.554437, "Cserna": 2.554437, "Bellman": 2.554437, "Minimin": 2.554437, "Nancy": 2.554437, "Lookahead": 9 }