{ "K-Best 1 Pemberton Belief": 2.467885, "K-Best 2 Pemberton Belief": 2.467885, "K-Best 3 Pemberton Belief": 2.467885, "K-Best 5 Pemberton Belief": 2.467885, "K-Best 7 Pemberton Belief": 2.467885, "Cserna Pemberton Belief": 2.467885, "K-Best 1": 2.467885, "K-Best 2": 2.467885, "K-Best 3": 2.467885, "K-Best 5": 2.467885, "K-Best 7": 2.467885, "Cserna": 2.467885, "Bellman": 2.467885, "Minimin": 2.467885, "Nancy": 2.467885, "Lookahead": 9 }