{ "K-Best 1 Pemberton Belief": 2.060563, "K-Best 3 Pemberton Belief": 2.060563, "K-Best 5 Pemberton Belief": 2.060563, "K-Best 7 Pemberton Belief": 2.060563, "Cserna Pemberton Belief": 2.060563, "K-Best 1": 2.060563, "K-Best 3": 2.060563, "K-Best 5": 2.060563, "K-Best 7": 2.060563, "Cserna": 2.060563, "Bellman": 2.060563, "Minimin": 2.060563, "Nancy": 2.060563, "Lookahead": 9 }