{ "K-Best 1 Pemberton Belief": 2.366849, "K-Best 2 Pemberton Belief": 2.366849, "K-Best 3 Pemberton Belief": 2.366849, "K-Best 5 Pemberton Belief": 2.366849, "K-Best 7 Pemberton Belief": 2.366849, "Cserna Pemberton Belief": 2.366849, "K-Best 1": 2.366849, "K-Best 2": 2.366849, "K-Best 3": 2.366849, "K-Best 5": 2.366849, "K-Best 7": 2.366849, "Cserna": 2.366849, "Bellman": 2.366849, "Minimin": 2.366849, "Nancy": 2.366849, "Lookahead": 9 }