{ "K-Best 1 Pemberton Belief": 2.720076, "K-Best 3 Pemberton Belief": 2.767029, "K-Best 5 Pemberton Belief": 2.767029, "K-Best 7 Pemberton Belief": 2.767029, "Cserna Pemberton Belief": 2.767029, "K-Best 1": 2.720076, "K-Best 3": 2.720076, "K-Best 5": 2.720076, "K-Best 7": 2.720076, "Cserna": 2.720076, "Bellman": 2.720076, "Minimin": 2.720076, "Nancy": 2.720076, "Lookahead": 9 }