{ "K-Best 1 Pemberton Belief": 2.350722, "K-Best 3 Pemberton Belief": 2.350722, "K-Best 5 Pemberton Belief": 2.350722, "K-Best 7 Pemberton Belief": 2.350722, "Cserna Pemberton Belief": 2.350722, "K-Best 1": 2.350722, "K-Best 3": 2.350722, "K-Best 5": 2.350722, "K-Best 7": 2.350722, "Cserna": 2.350722, "Bellman": 2.350722, "Minimin": 2.350722, "Nancy": 2.350722, "Lookahead": 9 }