{ "K-Best 1 Pemberton Belief": 2.469922, "K-Best 2 Pemberton Belief": 2.469922, "K-Best 3 Pemberton Belief": 2.469922, "K-Best 5 Pemberton Belief": 2.469922, "K-Best 7 Pemberton Belief": 2.469922, "Cserna Pemberton Belief": 2.469922, "K-Best 1": 2.469922, "K-Best 2": 2.469922, "K-Best 3": 2.469922, "K-Best 5": 2.469922, "K-Best 7": 2.469922, "Cserna": 2.469922, "Bellman": 2.469922, "Minimin": 2.469922, "Nancy": 2.469922, "Lookahead": 9 }