{ "K-Best 1 Pemberton Belief": 3.126420, "K-Best 2 Pemberton Belief": 3.126420, "K-Best 3 Pemberton Belief": 3.126420, "K-Best 5 Pemberton Belief": 3.126420, "K-Best 7 Pemberton Belief": 3.126420, "Cserna Pemberton Belief": 3.126420, "K-Best 1": 3.126420, "K-Best 2": 3.126420, "K-Best 3": 3.126420, "K-Best 5": 3.126420, "K-Best 7": 3.126420, "Cserna": 3.126420, "Bellman": 3.126420, "Minimin": 3.126420, "Nancy": 3.126420, "Lookahead": 9 }