{ "K-Best 1 Pemberton Belief": 2.777519, "K-Best 3 Pemberton Belief": 2.777519, "K-Best 5 Pemberton Belief": 2.777519, "K-Best 7 Pemberton Belief": 2.777519, "Cserna Pemberton Belief": 2.777519, "K-Best 1": 2.777519, "K-Best 3": 2.777519, "K-Best 5": 2.777519, "K-Best 7": 2.777519, "Cserna": 2.777519, "Bellman": 2.777519, "Minimin": 2.777519, "Nancy": 2.777519, "Lookahead": 9 }