{ "K-Best 1 Pemberton Belief": 1.922965, "K-Best 3 Pemberton Belief": 1.922965, "K-Best 5 Pemberton Belief": 1.922965, "K-Best 7 Pemberton Belief": 1.922965, "Cserna Pemberton Belief": 1.922965, "K-Best 1": 1.922965, "K-Best 3": 1.922965, "K-Best 5": 1.922965, "K-Best 7": 1.922965, "Cserna": 1.922965, "Bellman": 1.922965, "Minimin": 1.922965, "Nancy": 1.922965, "Lookahead": 9 }