{ "K-Best 1 Pemberton Belief": 3.492254, "K-Best 3 Pemberton Belief": 3.422182, "K-Best 5 Pemberton Belief": 3.422182, "K-Best 7 Pemberton Belief": 3.422182, "Cserna Pemberton Belief": 3.422182, "K-Best 1": 3.492254, "K-Best 3": 3.422182, "K-Best 5": 3.422182, "K-Best 7": 3.422182, "Cserna": 3.422182, "Bellman": 3.492254, "Minimin": 3.492254, "Nancy": 3.492254, "Lookahead": 9 }