{ "K-Best 1 Pemberton Belief": 2.804868, "K-Best 3 Pemberton Belief": 2.804868, "K-Best 5 Pemberton Belief": 2.804868, "K-Best 7 Pemberton Belief": 2.804868, "Cserna Pemberton Belief": 2.804868, "K-Best 1": 2.804868, "K-Best 3": 2.804868, "K-Best 5": 2.804868, "K-Best 7": 2.804868, "Cserna": 2.804868, "Bellman": 2.804868, "Minimin": 2.804868, "Nancy": 2.804868, "Lookahead": 9 }