{ "K-Best 1 Pemberton Belief": 2.354277, "K-Best 2 Pemberton Belief": 2.354277, "K-Best 3 Pemberton Belief": 2.354277, "K-Best 5 Pemberton Belief": 2.354277, "K-Best 7 Pemberton Belief": 2.354277, "Cserna Pemberton Belief": 2.354277, "K-Best 1": 2.354277, "K-Best 2": 2.354277, "K-Best 3": 2.354277, "K-Best 5": 2.354277, "K-Best 7": 2.354277, "Cserna": 2.354277, "Bellman": 2.354277, "Minimin": 2.354277, "Nancy": 2.354277, "Lookahead": 9 }