{ "K-Best 1 Pemberton Belief": 2.570822, "K-Best 2 Pemberton Belief": 2.570822, "K-Best 3 Pemberton Belief": 2.570822, "K-Best 5 Pemberton Belief": 2.570822, "K-Best 7 Pemberton Belief": 2.570822, "Cserna Pemberton Belief": 2.570822, "K-Best 1": 2.570822, "K-Best 2": 2.570822, "K-Best 3": 2.570822, "K-Best 5": 2.570822, "K-Best 7": 2.570822, "Cserna": 2.570822, "Bellman": 2.570822, "Minimin": 2.570822, "Nancy": 2.570822, "Lookahead": 9 }