{ "K-Best 1 Pemberton Belief": 3.126377, "K-Best 2 Pemberton Belief": 3.126377, "K-Best 3 Pemberton Belief": 3.126377, "K-Best 5 Pemberton Belief": 3.126377, "K-Best 7 Pemberton Belief": 3.126377, "Cserna Pemberton Belief": 3.126377, "K-Best 1": 3.126377, "K-Best 2": 3.126377, "K-Best 3": 3.126377, "K-Best 5": 3.126377, "K-Best 7": 3.126377, "Cserna": 3.126377, "Bellman": 3.126377, "Minimin": 3.126377, "Nancy": 3.126377, "Lookahead": 9 }