{ "K-Best 1 Pemberton Belief": 2.496466, "K-Best 2 Pemberton Belief": 2.496466, "K-Best 3 Pemberton Belief": 2.496466, "K-Best 5 Pemberton Belief": 2.496466, "K-Best 7 Pemberton Belief": 2.496466, "Cserna Pemberton Belief": 2.496466, "K-Best 1": 2.496466, "K-Best 2": 2.496466, "K-Best 3": 2.496466, "K-Best 5": 2.496466, "K-Best 7": 2.496466, "Cserna": 2.496466, "Bellman": 2.496466, "Minimin": 2.496466, "Nancy": 2.496466, "Lookahead": 9 }