{ "K-Best 1 Pemberton Belief": 2.710164, "K-Best 3 Pemberton Belief": 2.710164, "K-Best 5 Pemberton Belief": 2.710164, "K-Best 7 Pemberton Belief": 2.710164, "Cserna Pemberton Belief": 2.710164, "K-Best 1": 2.710164, "K-Best 3": 2.710164, "K-Best 5": 2.710164, "K-Best 7": 2.710164, "Cserna": 2.710164, "Bellman": 2.710164, "Minimin": 2.710164, "Nancy": 2.710164, "Lookahead": 9 }