{ "K-Best 1 Pemberton Belief": 3.024807, "K-Best 2 Pemberton Belief": 3.024807, "K-Best 3 Pemberton Belief": 3.024807, "K-Best 5 Pemberton Belief": 3.024807, "K-Best 7 Pemberton Belief": 3.024807, "Cserna Pemberton Belief": 3.024807, "K-Best 1": 3.024807, "K-Best 2": 3.024807, "K-Best 3": 3.024807, "K-Best 5": 3.024807, "K-Best 7": 3.024807, "Cserna": 3.024807, "Bellman": 3.024807, "Minimin": 3.024807, "Nancy": 3.024807, "Lookahead": 9 }