{ "K-Best 1 Pemberton Belief": 1.941763, "K-Best 2 Pemberton Belief": 1.941763, "K-Best 3 Pemberton Belief": 1.941763, "K-Best 5 Pemberton Belief": 1.941763, "K-Best 7 Pemberton Belief": 1.941763, "Cserna Pemberton Belief": 1.941763, "K-Best 1": 1.941763, "K-Best 2": 1.941763, "K-Best 3": 1.941763, "K-Best 5": 1.941763, "K-Best 7": 1.941763, "Cserna": 1.941763, "Bellman": 1.941763, "Minimin": 1.941763, "Nancy": 1.941763, "Lookahead": 9 }