{ "K-Best 1 Pemberton Belief": 2.692921, "K-Best 2 Pemberton Belief": 2.692921, "K-Best 3 Pemberton Belief": 2.692921, "K-Best 5 Pemberton Belief": 2.692921, "K-Best 7 Pemberton Belief": 2.692921, "Cserna Pemberton Belief": 2.692921, "K-Best 1": 2.692921, "K-Best 2": 2.692921, "K-Best 3": 2.692921, "K-Best 5": 2.692921, "K-Best 7": 2.692921, "Cserna": 2.692921, "Bellman": 2.692921, "Minimin": 2.692921, "Nancy": 2.692921, "Lookahead": 9 }