{ "K-Best 1 Pemberton Belief": 2.884851, "K-Best 3 Pemberton Belief": 2.884851, "K-Best 5 Pemberton Belief": 2.884851, "K-Best 7 Pemberton Belief": 2.884851, "Cserna Pemberton Belief": 2.884851, "K-Best 1": 2.884851, "K-Best 3": 2.884851, "K-Best 5": 2.884851, "K-Best 7": 2.884851, "Cserna": 2.884851, "Bellman": 2.884851, "Minimin": 2.884851, "Nancy": 2.884851, "Lookahead": 9 }