{ "K-Best 1 Pemberton Belief": 1.942812, "K-Best 3 Pemberton Belief": 1.942812, "K-Best 5 Pemberton Belief": 1.942812, "K-Best 7 Pemberton Belief": 1.942812, "Cserna Pemberton Belief": 1.942812, "K-Best 1": 1.942812, "K-Best 3": 1.942812, "K-Best 5": 1.942812, "K-Best 7": 1.942812, "Cserna": 1.942812, "Bellman": 1.942812, "Minimin": 1.942812, "Nancy": 1.942812, "Lookahead": 9 }