{ "K-Best 1 Pemberton Belief": 1.943505, "K-Best 2 Pemberton Belief": 1.943505, "K-Best 3 Pemberton Belief": 1.943505, "K-Best 5 Pemberton Belief": 1.943505, "K-Best 7 Pemberton Belief": 1.943505, "Cserna Pemberton Belief": 1.943505, "K-Best 1": 1.943505, "K-Best 2": 1.943505, "K-Best 3": 1.943505, "K-Best 5": 1.943505, "K-Best 7": 1.943505, "Cserna": 1.943505, "Bellman": 1.943505, "Minimin": 1.943505, "Nancy": 1.943505, "Lookahead": 9 }