{ "K-Best 1 Pemberton Belief": 2.103494, "K-Best 2 Pemberton Belief": 2.103494, "K-Best 3 Pemberton Belief": 2.103494, "K-Best 5 Pemberton Belief": 2.103494, "K-Best 7 Pemberton Belief": 2.103494, "Cserna Pemberton Belief": 2.103494, "K-Best 1": 2.103494, "K-Best 2": 2.103494, "K-Best 3": 2.103494, "K-Best 5": 2.103494, "K-Best 7": 2.103494, "Cserna": 2.103494, "Bellman": 2.103494, "Minimin": 2.103494, "Nancy": 2.103494, "Lookahead": 9 }