{ "K-Best 1 Pemberton Belief": 1.829955, "K-Best 2 Pemberton Belief": 1.829955, "K-Best 3 Pemberton Belief": 1.829955, "K-Best 5 Pemberton Belief": 1.829955, "K-Best 7 Pemberton Belief": 1.829955, "Cserna Pemberton Belief": 1.829955, "K-Best 1": 1.829955, "K-Best 2": 1.829955, "K-Best 3": 1.829955, "K-Best 5": 1.829955, "K-Best 7": 1.829955, "Cserna": 1.829955, "Bellman": 1.829955, "Minimin": 1.829955, "Nancy": 1.829955, "Lookahead": 9 }