{ "K-Best 1 Pemberton Belief": 2.061688, "K-Best 2 Pemberton Belief": 2.061688, "K-Best 3 Pemberton Belief": 2.061688, "K-Best 5 Pemberton Belief": 2.061688, "K-Best 7 Pemberton Belief": 2.061688, "Cserna Pemberton Belief": 2.061688, "K-Best 1": 2.061688, "K-Best 2": 2.061688, "K-Best 3": 2.061688, "K-Best 5": 2.061688, "K-Best 7": 2.061688, "Cserna": 2.061688, "Bellman": 2.061688, "Minimin": 2.061688, "Nancy": 2.061688, "Lookahead": 9 }