{ "K-Best 1 Pemberton Belief": 1.726288, "K-Best 2 Pemberton Belief": 1.726288, "K-Best 3 Pemberton Belief": 1.726288, "K-Best 5 Pemberton Belief": 1.726288, "K-Best 7 Pemberton Belief": 1.726288, "Cserna Pemberton Belief": 1.726288, "K-Best 1": 1.726288, "K-Best 2": 1.726288, "K-Best 3": 1.726288, "K-Best 5": 1.726288, "K-Best 7": 1.726288, "Cserna": 1.726288, "Bellman": 1.726288, "Minimin": 1.726288, "Nancy": 1.726288, "Lookahead": 9 }