{ "K-Best 1 Pemberton Belief": 1.624441, "K-Best 3 Pemberton Belief": 1.624441, "K-Best 5 Pemberton Belief": 1.624441, "K-Best 7 Pemberton Belief": 1.624441, "Cserna Pemberton Belief": 1.624441, "K-Best 1": 1.624441, "K-Best 3": 1.624441, "K-Best 5": 1.624441, "K-Best 7": 1.624441, "Cserna": 1.624441, "Bellman": 1.624441, "Minimin": 1.624441, "Nancy": 1.624441, "Lookahead": 9 }