{ "K-Best 1 Pemberton Belief": 2.530812, "K-Best 2 Pemberton Belief": 2.530812, "K-Best 3 Pemberton Belief": 2.530812, "K-Best 5 Pemberton Belief": 2.530812, "K-Best 7 Pemberton Belief": 2.530812, "Cserna Pemberton Belief": 2.530812, "K-Best 1": 2.530812, "K-Best 2": 2.530812, "K-Best 3": 2.530812, "K-Best 5": 2.530812, "K-Best 7": 2.530812, "Cserna": 2.530812, "Bellman": 2.530812, "Minimin": 2.530812, "Nancy": 2.530812, "Lookahead": 9 }