{ "K-Best 1 Pemberton Belief": 2.745741, "K-Best 3 Pemberton Belief": 2.745741, "K-Best 5 Pemberton Belief": 2.745741, "K-Best 7 Pemberton Belief": 2.745741, "Cserna Pemberton Belief": 2.745741, "K-Best 1": 2.745741, "K-Best 3": 2.745741, "K-Best 5": 2.745741, "K-Best 7": 2.745741, "Cserna": 2.745741, "Bellman": 2.745741, "Minimin": 2.745741, "Nancy": 2.745741, "Lookahead": 9 }