{ "K-Best 1 Pemberton Belief": 2.205348, "K-Best 2 Pemberton Belief": 2.205348, "K-Best 3 Pemberton Belief": 2.205348, "K-Best 5 Pemberton Belief": 2.205348, "K-Best 7 Pemberton Belief": 2.205348, "Cserna Pemberton Belief": 2.205348, "K-Best 1": 2.205348, "K-Best 2": 2.205348, "K-Best 3": 2.205348, "K-Best 5": 2.205348, "K-Best 7": 2.205348, "Cserna": 2.205348, "Bellman": 2.205348, "Minimin": 2.205348, "Nancy": 2.205348, "Lookahead": 9 }