{ "K-Best 1 Pemberton Belief": 2.390748, "K-Best 2 Pemberton Belief": 2.390748, "K-Best 3 Pemberton Belief": 2.390748, "K-Best 5 Pemberton Belief": 2.390748, "K-Best 7 Pemberton Belief": 2.390748, "Cserna Pemberton Belief": 2.390748, "K-Best 1": 2.390748, "K-Best 2": 2.390748, "K-Best 3": 2.390748, "K-Best 5": 2.390748, "K-Best 7": 2.390748, "Cserna": 2.390748, "Bellman": 2.390748, "Minimin": 2.390748, "Nancy": 2.390748, "Lookahead": 9 }