{ "K-Best 1 Pemberton Belief": 1.727989, "K-Best 2 Pemberton Belief": 1.727989, "K-Best 3 Pemberton Belief": 1.727989, "K-Best 5 Pemberton Belief": 1.727989, "K-Best 7 Pemberton Belief": 1.727989, "Cserna Pemberton Belief": 1.727989, "K-Best 1": 1.727989, "K-Best 2": 1.727989, "K-Best 3": 1.727989, "K-Best 5": 1.727989, "K-Best 7": 1.727989, "Cserna": 1.727989, "Bellman": 1.727989, "Minimin": 1.727989, "Nancy": 1.727989, "Lookahead": 9 }