{ "K-Best 1 Pemberton Belief": 2.234618, "K-Best 2 Pemberton Belief": 2.234618, "K-Best 3 Pemberton Belief": 2.234618, "K-Best 5 Pemberton Belief": 2.234618, "K-Best 7 Pemberton Belief": 2.234618, "Cserna Pemberton Belief": 2.234618, "K-Best 1": 2.234618, "K-Best 2": 2.234618, "K-Best 3": 2.234618, "K-Best 5": 2.234618, "K-Best 7": 2.234618, "Cserna": 2.234618, "Bellman": 2.234618, "Minimin": 2.234618, "Nancy": 2.234618, "Lookahead": 9 }