{ "K-Best 1 Pemberton Belief": 2.410522, "K-Best 2 Pemberton Belief": 2.410522, "K-Best 3 Pemberton Belief": 2.410522, "K-Best 5 Pemberton Belief": 2.410522, "K-Best 7 Pemberton Belief": 2.410522, "Cserna Pemberton Belief": 2.410522, "K-Best 1": 2.410522, "K-Best 2": 2.410522, "K-Best 3": 2.410522, "K-Best 5": 2.410522, "K-Best 7": 2.410522, "Cserna": 2.410522, "Bellman": 2.410522, "Minimin": 2.410522, "Nancy": 2.410522, "Lookahead": 9 }