{ "K-Best 1 Pemberton Belief": 2.790029, "K-Best 3 Pemberton Belief": 2.790029, "K-Best 5 Pemberton Belief": 2.790029, "K-Best 7 Pemberton Belief": 2.790029, "Cserna Pemberton Belief": 2.790029, "K-Best 1": 2.790029, "K-Best 3": 2.790029, "K-Best 5": 2.790029, "K-Best 7": 2.790029, "Cserna": 2.790029, "Bellman": 2.790029, "Minimin": 2.790029, "Nancy": 2.790029, "Lookahead": 9 }