{ "K-Best 1 Pemberton Belief": 1.360822, "K-Best 3 Pemberton Belief": 1.360822, "K-Best 5 Pemberton Belief": 1.360822, "K-Best 7 Pemberton Belief": 1.360822, "Cserna Pemberton Belief": 1.360822, "K-Best 1": 1.360822, "K-Best 3": 1.360822, "K-Best 5": 1.360822, "K-Best 7": 1.360822, "Cserna": 1.360822, "Bellman": 1.360822, "Minimin": 1.360822, "Nancy": 1.360822, "Lookahead": 9 }