{ "K-Best 1 Pemberton Belief": 2.281336, "K-Best 2 Pemberton Belief": 2.281336, "K-Best 3 Pemberton Belief": 2.281336, "K-Best 5 Pemberton Belief": 2.281336, "K-Best 7 Pemberton Belief": 2.281336, "Cserna Pemberton Belief": 2.281336, "K-Best 1": 2.281336, "K-Best 2": 2.281336, "K-Best 3": 2.281336, "K-Best 5": 2.281336, "K-Best 7": 2.281336, "Cserna": 2.281336, "Bellman": 2.281336, "Minimin": 2.281336, "Nancy": 2.281336, "Lookahead": 9 }