{ "K-Best 1 Pemberton Belief": 1.777097, "K-Best 2 Pemberton Belief": 1.777097, "K-Best 3 Pemberton Belief": 1.777097, "K-Best 5 Pemberton Belief": 1.777097, "K-Best 7 Pemberton Belief": 1.777097, "Cserna Pemberton Belief": 1.777097, "K-Best 1": 1.777097, "K-Best 2": 1.777097, "K-Best 3": 1.777097, "K-Best 5": 1.777097, "K-Best 7": 1.777097, "Cserna": 1.777097, "Bellman": 1.777097, "Minimin": 1.777097, "Nancy": 1.777097, "Lookahead": 9 }