{ "K-Best 1 Pemberton Belief": 3.047466, "K-Best 3 Pemberton Belief": 2.616635, "K-Best 5 Pemberton Belief": 2.616635, "K-Best 7 Pemberton Belief": 2.616635, "Cserna Pemberton Belief": 2.616635, "K-Best 1": 3.047466, "K-Best 3": 3.047466, "K-Best 5": 3.047466, "K-Best 7": 3.047466, "Cserna": 3.047466, "Bellman": 3.047466, "Minimin": 3.047466, "Nancy": 3.047466, "Lookahead": 9 }