{ "K-Best 1 Pemberton Belief": 2.303880, "K-Best 3 Pemberton Belief": 2.303880, "K-Best 5 Pemberton Belief": 2.303880, "K-Best 7 Pemberton Belief": 2.303880, "Cserna Pemberton Belief": 2.303880, "K-Best 1": 2.303880, "K-Best 3": 2.303880, "K-Best 5": 2.303880, "K-Best 7": 2.303880, "Cserna": 2.303880, "Bellman": 2.303880, "Minimin": 2.303880, "Nancy": 2.303880, "Lookahead": 9 }