{ "K-Best 1 Pemberton Belief": 2.857127, "K-Best 2 Pemberton Belief": 2.857127, "K-Best 3 Pemberton Belief": 2.857127, "K-Best 5 Pemberton Belief": 2.857127, "K-Best 7 Pemberton Belief": 2.857127, "Cserna Pemberton Belief": 2.857127, "K-Best 1": 2.857127, "K-Best 2": 2.857127, "K-Best 3": 2.857127, "K-Best 5": 2.857127, "K-Best 7": 2.857127, "Cserna": 2.857127, "Bellman": 2.857127, "Minimin": 2.857127, "Nancy": 2.857127, "Lookahead": 9 }