{ "K-Best 1 Pemberton Belief": 3.340023, "K-Best 2 Pemberton Belief": 3.340023, "K-Best 3 Pemberton Belief": 3.340023, "K-Best 5 Pemberton Belief": 3.340023, "K-Best 7 Pemberton Belief": 3.340023, "Cserna Pemberton Belief": 3.340023, "K-Best 1": 3.340023, "K-Best 2": 3.340023, "K-Best 3": 3.340023, "K-Best 5": 3.340023, "K-Best 7": 3.340023, "Cserna": 3.340023, "Bellman": 3.340023, "Minimin": 3.340023, "Nancy": 3.340023, "Lookahead": 9 }