{ "K-Best 1 Pemberton Belief": 3.227916, "K-Best 2 Pemberton Belief": 3.063762, "K-Best 3 Pemberton Belief": 3.063762, "K-Best 5 Pemberton Belief": 3.063762, "K-Best 7 Pemberton Belief": 3.063762, "Cserna Pemberton Belief": 3.063762, "K-Best 1": 3.227916, "K-Best 2": 3.063762, "K-Best 3": 3.063762, "K-Best 5": 3.063762, "K-Best 7": 3.063762, "Cserna": 3.063762, "Bellman": 3.227916, "Minimin": 3.227916, "Nancy": 3.227916, "Lookahead": 9 }