{ "K-Best 1 Pemberton Belief": 2.713484, "K-Best 3 Pemberton Belief": 2.713484, "K-Best 5 Pemberton Belief": 2.713484, "K-Best 7 Pemberton Belief": 2.713484, "Cserna Pemberton Belief": 2.713484, "K-Best 1": 2.713484, "K-Best 3": 2.713484, "K-Best 5": 2.713484, "K-Best 7": 2.713484, "Cserna": 2.713484, "Bellman": 2.713484, "Minimin": 2.713484, "Nancy": 2.713484, "Lookahead": 9 }