{ "K-Best 1 Pemberton Belief": 2.505359, "K-Best 2 Pemberton Belief": 2.505359, "K-Best 3 Pemberton Belief": 2.505359, "K-Best 5 Pemberton Belief": 2.505359, "K-Best 7 Pemberton Belief": 2.505359, "Cserna Pemberton Belief": 2.505359, "K-Best 1": 2.505359, "K-Best 2": 2.505359, "K-Best 3": 2.505359, "K-Best 5": 2.505359, "K-Best 7": 2.505359, "Cserna": 2.505359, "Bellman": 2.505359, "Minimin": 2.505359, "Nancy": 2.505359, "Lookahead": 9 }