{ "K-Best 1 Pemberton Belief": 2.219245, "K-Best 3 Pemberton Belief": 2.219245, "K-Best 5 Pemberton Belief": 2.219245, "K-Best 7 Pemberton Belief": 2.219245, "Cserna Pemberton Belief": 2.219245, "K-Best 1": 2.219245, "K-Best 3": 2.219245, "K-Best 5": 2.219245, "K-Best 7": 2.219245, "Cserna": 2.219245, "Bellman": 2.219245, "Minimin": 2.219245, "Nancy": 2.219245, "Lookahead": 9 }