{ "K-Best 1 Pemberton Belief": 1.533423, "K-Best 3 Pemberton Belief": 1.533423, "K-Best 5 Pemberton Belief": 1.533423, "K-Best 7 Pemberton Belief": 1.533423, "Cserna Pemberton Belief": 1.533423, "K-Best 1": 1.533423, "K-Best 3": 1.533423, "K-Best 5": 1.533423, "K-Best 7": 1.533423, "Cserna": 1.533423, "Bellman": 1.533423, "Minimin": 1.533423, "Nancy": 1.533423, "Lookahead": 9 }