{ "K-Best 1 Pemberton Belief": 2.620793, "K-Best 3 Pemberton Belief": 2.620793, "K-Best 5 Pemberton Belief": 2.620793, "K-Best 7 Pemberton Belief": 2.620793, "Cserna Pemberton Belief": 2.620793, "K-Best 1": 2.620793, "K-Best 3": 2.620793, "K-Best 5": 2.620793, "K-Best 7": 2.620793, "Cserna": 2.620793, "Bellman": 2.620793, "Minimin": 2.620793, "Nancy": 2.620793, "Lookahead": 9 }