{ "K-Best 1 Pemberton Belief": 3.059093, "K-Best 3 Pemberton Belief": 3.059093, "K-Best 5 Pemberton Belief": 3.059093, "K-Best 7 Pemberton Belief": 3.059093, "Cserna Pemberton Belief": 3.059093, "K-Best 1": 3.059093, "K-Best 3": 3.059093, "K-Best 5": 3.059093, "K-Best 7": 3.059093, "Cserna": 3.059093, "Bellman": 3.059093, "Minimin": 3.059093, "Nancy": 3.059093, "Lookahead": 9 }