{ "K-Best 1 Pemberton Belief": 2.054527, "K-Best 3 Pemberton Belief": 2.054527, "K-Best 5 Pemberton Belief": 2.054527, "K-Best 7 Pemberton Belief": 2.054527, "Cserna Pemberton Belief": 2.054527, "K-Best 1": 2.054527, "K-Best 3": 2.054527, "K-Best 5": 2.054527, "K-Best 7": 2.054527, "Cserna": 2.054527, "Bellman": 2.054527, "Minimin": 2.054527, "Nancy": 2.054527, "Lookahead": 9 }