{ "K-Best 1 Pemberton Belief": 3.296420, "K-Best 2 Pemberton Belief": 3.318005, "K-Best 3 Pemberton Belief": 3.318005, "K-Best 5 Pemberton Belief": 3.318005, "K-Best 7 Pemberton Belief": 3.318005, "Cserna Pemberton Belief": 3.318005, "K-Best 1": 3.296420, "K-Best 2": 3.318005, "K-Best 3": 3.318005, "K-Best 5": 3.318005, "K-Best 7": 3.318005, "Cserna": 3.318005, "Bellman": 3.296420, "Minimin": 3.296420, "Nancy": 3.296420, "Lookahead": 9 }