{ "K-Best 1 Pemberton Belief": 3.173112, "K-Best 2 Pemberton Belief": 3.173112, "K-Best 3 Pemberton Belief": 3.173112, "K-Best 5 Pemberton Belief": 3.173112, "K-Best 7 Pemberton Belief": 3.173112, "Cserna Pemberton Belief": 3.173112, "K-Best 1": 3.173112, "K-Best 2": 3.173112, "K-Best 3": 3.173112, "K-Best 5": 3.173112, "K-Best 7": 3.173112, "Cserna": 3.173112, "Bellman": 3.173112, "Minimin": 3.173112, "Nancy": 3.173112, "Lookahead": 9 }