{ "K-Best 1 Pemberton Belief": 2.374128, "K-Best 2 Pemberton Belief": 2.374128, "K-Best 3 Pemberton Belief": 2.374128, "K-Best 5 Pemberton Belief": 2.374128, "K-Best 7 Pemberton Belief": 2.374128, "Cserna Pemberton Belief": 2.374128, "K-Best 1": 2.374128, "K-Best 2": 2.374128, "K-Best 3": 2.374128, "K-Best 5": 2.374128, "K-Best 7": 2.374128, "Cserna": 2.374128, "Bellman": 2.374128, "Minimin": 2.374128, "Nancy": 2.374128, "Lookahead": 9 }