{ "K-Best 1 Pemberton Belief": 2.465255, "K-Best 2 Pemberton Belief": 2.465255, "K-Best 3 Pemberton Belief": 2.465255, "K-Best 5 Pemberton Belief": 2.465255, "K-Best 7 Pemberton Belief": 2.465255, "Cserna Pemberton Belief": 2.465255, "K-Best 1": 2.465255, "K-Best 2": 2.465255, "K-Best 3": 2.465255, "K-Best 5": 2.465255, "K-Best 7": 2.465255, "Cserna": 2.465255, "Bellman": 2.465255, "Minimin": 2.465255, "Nancy": 2.465255, "Lookahead": 9 }