{ "K-Best 1 Pemberton Belief": 1.839641, "K-Best 3 Pemberton Belief": 1.839641, "K-Best 5 Pemberton Belief": 1.839641, "K-Best 7 Pemberton Belief": 1.839641, "Cserna Pemberton Belief": 1.839641, "K-Best 1": 1.839641, "K-Best 3": 1.839641, "K-Best 5": 1.839641, "K-Best 7": 1.839641, "Cserna": 1.839641, "Bellman": 1.839641, "Minimin": 1.839641, "Nancy": 1.839641, "Lookahead": 9 }