{ "K-Best 1 Pemberton Belief": 2.173848, "K-Best 3 Pemberton Belief": 2.173848, "K-Best 5 Pemberton Belief": 2.173848, "K-Best 7 Pemberton Belief": 2.173848, "Cserna Pemberton Belief": 2.173848, "K-Best 1": 2.173848, "K-Best 3": 2.173848, "K-Best 5": 2.173848, "K-Best 7": 2.173848, "Cserna": 2.173848, "Bellman": 2.173848, "Minimin": 2.173848, "Nancy": 2.173848, "Lookahead": 9 }