{ "K-Best 1 Pemberton Belief": 2.955209, "K-Best 2 Pemberton Belief": 2.955209, "K-Best 3 Pemberton Belief": 2.955209, "K-Best 5 Pemberton Belief": 2.955209, "K-Best 7 Pemberton Belief": 2.955209, "Cserna Pemberton Belief": 2.955209, "K-Best 1": 2.955209, "K-Best 2": 2.955209, "K-Best 3": 2.955209, "K-Best 5": 2.955209, "K-Best 7": 2.955209, "Cserna": 2.955209, "Bellman": 2.955209, "Minimin": 2.955209, "Nancy": 2.955209, "Lookahead": 9 }