{ "K-Best 1 Pemberton Belief": 2.433518, "K-Best 2 Pemberton Belief": 2.433518, "K-Best 3 Pemberton Belief": 2.433518, "K-Best 5 Pemberton Belief": 2.433518, "K-Best 7 Pemberton Belief": 2.433518, "Cserna Pemberton Belief": 2.433518, "K-Best 1": 2.433518, "K-Best 2": 2.433518, "K-Best 3": 2.433518, "K-Best 5": 2.433518, "K-Best 7": 2.433518, "Cserna": 2.433518, "Bellman": 2.433518, "Minimin": 2.433518, "Nancy": 2.433518, "Lookahead": 9 }