{ "K-Best 1 Pemberton Belief": 2.404761, "K-Best 2 Pemberton Belief": 2.404761, "K-Best 3 Pemberton Belief": 2.404761, "K-Best 5 Pemberton Belief": 2.404761, "K-Best 7 Pemberton Belief": 2.404761, "Cserna Pemberton Belief": 2.404761, "K-Best 1": 2.404761, "K-Best 2": 2.404761, "K-Best 3": 2.404761, "K-Best 5": 2.404761, "K-Best 7": 2.404761, "Cserna": 2.404761, "Bellman": 2.404761, "Minimin": 2.404761, "Nancy": 2.404761, "Lookahead": 9 }