{ "K-Best 1 Pemberton Belief": 2.294783, "K-Best 2 Pemberton Belief": 2.294783, "K-Best 3 Pemberton Belief": 2.294783, "K-Best 5 Pemberton Belief": 2.294783, "K-Best 7 Pemberton Belief": 2.294783, "Cserna Pemberton Belief": 2.294783, "K-Best 1": 2.294783, "K-Best 2": 2.294783, "K-Best 3": 2.294783, "K-Best 5": 2.294783, "K-Best 7": 2.294783, "Cserna": 2.294783, "Bellman": 2.294783, "Minimin": 2.294783, "Nancy": 2.294783, "Lookahead": 9 }