{ "K-Best 1 Pemberton Belief": 2.706697, "K-Best 3 Pemberton Belief": 2.706697, "K-Best 5 Pemberton Belief": 2.706697, "K-Best 7 Pemberton Belief": 2.706697, "Cserna Pemberton Belief": 2.706697, "K-Best 1": 2.706697, "K-Best 3": 2.706697, "K-Best 5": 2.706697, "K-Best 7": 2.706697, "Cserna": 2.706697, "Bellman": 2.706697, "Minimin": 2.706697, "Nancy": 2.706697, "Lookahead": 9 }