{ "K-Best 1 Pemberton Belief": 2.613253, "K-Best 3 Pemberton Belief": 2.613253, "K-Best 5 Pemberton Belief": 2.613253, "K-Best 7 Pemberton Belief": 2.613253, "Cserna Pemberton Belief": 2.613253, "K-Best 1": 2.613253, "K-Best 3": 2.613253, "K-Best 5": 2.613253, "K-Best 7": 2.613253, "Cserna": 2.613253, "Bellman": 2.613253, "Minimin": 2.613253, "Nancy": 2.613253, "Lookahead": 9 }