{ "K-Best 1 Pemberton Belief": 3.207639, "K-Best 2 Pemberton Belief": 3.207639, "K-Best 3 Pemberton Belief": 3.207639, "K-Best 5 Pemberton Belief": 3.207639, "K-Best 7 Pemberton Belief": 3.207639, "Cserna Pemberton Belief": 3.207639, "K-Best 1": 3.207639, "K-Best 2": 3.207639, "K-Best 3": 3.207639, "K-Best 5": 3.207639, "K-Best 7": 3.207639, "Cserna": 3.207639, "Bellman": 3.207639, "Minimin": 3.207639, "Nancy": 3.207639, "Lookahead": 9 }