{ "K-Best 1 Pemberton Belief": 3.084962, "K-Best 3 Pemberton Belief": 3.084962, "K-Best 5 Pemberton Belief": 3.084962, "K-Best 7 Pemberton Belief": 3.084962, "Cserna Pemberton Belief": 3.084962, "K-Best 1": 3.084962, "K-Best 3": 3.084962, "K-Best 5": 3.084962, "K-Best 7": 3.084962, "Cserna": 3.084962, "Bellman": 3.084962, "Minimin": 3.084962, "Nancy": 3.084962, "Lookahead": 9 }