{ "K-Best 1 Pemberton Belief": 2.186889, "K-Best 2 Pemberton Belief": 2.186889, "K-Best 3 Pemberton Belief": 2.186889, "K-Best 5 Pemberton Belief": 2.186889, "K-Best 7 Pemberton Belief": 2.186889, "Cserna Pemberton Belief": 2.186889, "K-Best 1": 2.186889, "K-Best 2": 2.186889, "K-Best 3": 2.186889, "K-Best 5": 2.186889, "K-Best 7": 2.186889, "Cserna": 2.186889, "Bellman": 2.186889, "Minimin": 2.186889, "Nancy": 2.186889, "Lookahead": 9 }