{ "K-Best 1 Pemberton Belief": 2.368965, "K-Best 2 Pemberton Belief": 2.368965, "K-Best 3 Pemberton Belief": 2.368965, "K-Best 5 Pemberton Belief": 2.368965, "K-Best 7 Pemberton Belief": 2.368965, "Cserna Pemberton Belief": 2.368965, "K-Best 1": 2.368965, "K-Best 2": 2.368965, "K-Best 3": 2.368965, "K-Best 5": 2.368965, "K-Best 7": 2.368965, "Cserna": 2.368965, "Bellman": 2.368965, "Minimin": 2.368965, "Nancy": 2.368965, "Lookahead": 9 }