{ "K-Best 1 Pemberton Belief": 1.727256, "K-Best 3 Pemberton Belief": 1.727256, "K-Best 5 Pemberton Belief": 1.727256, "K-Best 7 Pemberton Belief": 1.727256, "Cserna Pemberton Belief": 1.727256, "K-Best 1": 1.727256, "K-Best 3": 1.727256, "K-Best 5": 1.727256, "K-Best 7": 1.727256, "Cserna": 1.727256, "Bellman": 1.727256, "Minimin": 1.727256, "Nancy": 1.727256, "Lookahead": 9 }