{ "K-Best 1 Pemberton Belief": 2.932152, "K-Best 3 Pemberton Belief": 2.932152, "K-Best 5 Pemberton Belief": 2.932152, "K-Best 7 Pemberton Belief": 2.932152, "Cserna Pemberton Belief": 2.932152, "K-Best 1": 2.932152, "K-Best 3": 2.932152, "K-Best 5": 2.932152, "K-Best 7": 2.932152, "Cserna": 2.932152, "Bellman": 2.932152, "Minimin": 2.932152, "Nancy": 2.932152, "Lookahead": 9 }