{ "K-Best 1 Pemberton Belief": 2.108088, "K-Best 3 Pemberton Belief": 2.108088, "K-Best 5 Pemberton Belief": 2.108088, "K-Best 7 Pemberton Belief": 2.108088, "Cserna Pemberton Belief": 2.108088, "K-Best 1": 2.108088, "K-Best 3": 2.108088, "K-Best 5": 2.108088, "K-Best 7": 2.108088, "Cserna": 2.108088, "Bellman": 2.108088, "Minimin": 2.108088, "Nancy": 2.108088, "Lookahead": 9 }