{ "K-Best 1 Pemberton Belief": 2.426617, "K-Best 2 Pemberton Belief": 2.426617, "K-Best 3 Pemberton Belief": 2.426617, "K-Best 5 Pemberton Belief": 2.426617, "K-Best 7 Pemberton Belief": 2.426617, "Cserna Pemberton Belief": 2.426617, "K-Best 1": 2.426617, "K-Best 2": 2.426617, "K-Best 3": 2.426617, "K-Best 5": 2.426617, "K-Best 7": 2.426617, "Cserna": 2.426617, "Bellman": 2.426617, "Minimin": 2.426617, "Nancy": 2.426617, "Lookahead": 9 }