{ "K-Best 1 Pemberton Belief": 2.226726, "K-Best 2 Pemberton Belief": 2.226726, "K-Best 3 Pemberton Belief": 2.226726, "K-Best 5 Pemberton Belief": 2.226726, "K-Best 7 Pemberton Belief": 2.226726, "Cserna Pemberton Belief": 2.226726, "K-Best 1": 2.226726, "K-Best 2": 2.226726, "K-Best 3": 2.226726, "K-Best 5": 2.226726, "K-Best 7": 2.226726, "Cserna": 2.226726, "Bellman": 2.226726, "Minimin": 2.226726, "Nancy": 2.226726, "Lookahead": 9 }