{ "K-Best 1 Pemberton Belief": 2.798521, "K-Best 3 Pemberton Belief": 2.336690, "K-Best 5 Pemberton Belief": 2.336690, "K-Best 7 Pemberton Belief": 2.336690, "Cserna Pemberton Belief": 2.336690, "K-Best 1": 2.798521, "K-Best 3": 2.798521, "K-Best 5": 2.798521, "K-Best 7": 2.798521, "Cserna": 2.798521, "Bellman": 2.798521, "Minimin": 2.798521, "Nancy": 2.798521, "Lookahead": 9 }