{ "K-Best 1 Pemberton Belief": 2.602936, "K-Best 3 Pemberton Belief": 2.602936, "K-Best 5 Pemberton Belief": 2.602936, "K-Best 7 Pemberton Belief": 2.602936, "Cserna Pemberton Belief": 2.602936, "K-Best 1": 2.602936, "K-Best 3": 2.602936, "K-Best 5": 2.602936, "K-Best 7": 2.602936, "Cserna": 2.602936, "Bellman": 2.602936, "Minimin": 2.602936, "Nancy": 2.602936, "Lookahead": 9 }