{ "K-Best 1 Pemberton Belief": 2.248682, "K-Best 3 Pemberton Belief": 2.248682, "K-Best 5 Pemberton Belief": 2.248682, "K-Best 7 Pemberton Belief": 2.248682, "Cserna Pemberton Belief": 2.248682, "K-Best 1": 2.248682, "K-Best 3": 2.248682, "K-Best 5": 2.248682, "K-Best 7": 2.248682, "Cserna": 2.248682, "Bellman": 2.248682, "Minimin": 2.248682, "Nancy": 2.248682, "Lookahead": 9 }