{ "K-Best 1 Pemberton Belief": 2.627957, "K-Best 3 Pemberton Belief": 2.627957, "K-Best 5 Pemberton Belief": 2.627957, "K-Best 7 Pemberton Belief": 2.627957, "Cserna Pemberton Belief": 2.627957, "K-Best 1": 2.627957, "K-Best 3": 2.627957, "K-Best 5": 2.627957, "K-Best 7": 2.627957, "Cserna": 2.627957, "Bellman": 2.627957, "Minimin": 2.627957, "Nancy": 2.627957, "Lookahead": 9 }