{ "K-Best 1 Pemberton Belief": 3.293451, "K-Best 3 Pemberton Belief": 2.931515, "K-Best 5 Pemberton Belief": 2.931515, "K-Best 7 Pemberton Belief": 2.931515, "Cserna Pemberton Belief": 2.931515, "K-Best 1": 3.293451, "K-Best 3": 2.931515, "K-Best 5": 2.931515, "K-Best 7": 2.931515, "Cserna": 2.931515, "Bellman": 3.293451, "Minimin": 3.293451, "Nancy": 3.293451, "Lookahead": 9 }