{ "K-Best 1 Pemberton Belief": 2.842997, "K-Best 2 Pemberton Belief": 2.842997, "K-Best 3 Pemberton Belief": 2.842997, "K-Best 5 Pemberton Belief": 2.842997, "K-Best 7 Pemberton Belief": 2.842997, "Cserna Pemberton Belief": 2.842997, "K-Best 1": 2.842997, "K-Best 2": 2.842997, "K-Best 3": 2.842997, "K-Best 5": 2.842997, "K-Best 7": 2.842997, "Cserna": 2.842997, "Bellman": 2.842997, "Minimin": 2.842997, "Nancy": 2.842997, "Lookahead": 9 }