{ "K-Best 1 Pemberton Belief": 2.783064, "K-Best 2 Pemberton Belief": 2.783064, "K-Best 3 Pemberton Belief": 2.783064, "K-Best 5 Pemberton Belief": 2.783064, "K-Best 7 Pemberton Belief": 2.783064, "Cserna Pemberton Belief": 2.783064, "K-Best 1": 2.783064, "K-Best 2": 2.783064, "K-Best 3": 2.783064, "K-Best 5": 2.783064, "K-Best 7": 2.783064, "Cserna": 2.783064, "Bellman": 2.783064, "Minimin": 2.783064, "Nancy": 2.783064, "Lookahead": 9 }