{ "K-Best 1 Pemberton Belief": 3.346662, "K-Best 3 Pemberton Belief": 3.346662, "K-Best 5 Pemberton Belief": 3.346662, "K-Best 7 Pemberton Belief": 3.346662, "Cserna Pemberton Belief": 3.346662, "K-Best 1": 3.346662, "K-Best 3": 3.346662, "K-Best 5": 3.346662, "K-Best 7": 3.346662, "Cserna": 3.346662, "Bellman": 3.346662, "Minimin": 3.346662, "Nancy": 3.346662, "Lookahead": 9 }