{ "K-Best 1 Pemberton Belief": 2.541751, "K-Best 2 Pemberton Belief": 2.541751, "K-Best 3 Pemberton Belief": 2.541751, "K-Best 5 Pemberton Belief": 2.541751, "K-Best 7 Pemberton Belief": 2.541751, "Cserna Pemberton Belief": 2.541751, "K-Best 1": 2.541751, "K-Best 2": 2.541751, "K-Best 3": 2.541751, "K-Best 5": 2.541751, "K-Best 7": 2.541751, "Cserna": 2.541751, "Bellman": 2.541751, "Minimin": 2.541751, "Nancy": 2.541751, "Lookahead": 9 }