{ "K-Best 1 Pemberton Belief": 2.546027, "K-Best 3 Pemberton Belief": 2.546027, "K-Best 5 Pemberton Belief": 2.546027, "K-Best 7 Pemberton Belief": 2.546027, "Cserna Pemberton Belief": 2.546027, "K-Best 1": 2.546027, "K-Best 3": 2.546027, "K-Best 5": 2.546027, "K-Best 7": 2.546027, "Cserna": 2.546027, "Bellman": 2.546027, "Minimin": 2.546027, "Nancy": 2.546027, "Lookahead": 9 }