{ "K-Best 1 Pemberton Belief": 2.425473, "K-Best 2 Pemberton Belief": 2.425473, "K-Best 3 Pemberton Belief": 2.425473, "K-Best 5 Pemberton Belief": 2.425473, "K-Best 7 Pemberton Belief": 2.425473, "Cserna Pemberton Belief": 2.425473, "K-Best 1": 2.425473, "K-Best 2": 2.425473, "K-Best 3": 2.425473, "K-Best 5": 2.425473, "K-Best 7": 2.425473, "Cserna": 2.425473, "Bellman": 2.425473, "Minimin": 2.425473, "Nancy": 2.425473, "Lookahead": 9 }