{ "K-Best 1 Pemberton Belief": 2.344221, "K-Best 3 Pemberton Belief": 2.344221, "K-Best 5 Pemberton Belief": 2.344221, "K-Best 7 Pemberton Belief": 2.344221, "Cserna Pemberton Belief": 2.344221, "K-Best 1": 2.344221, "K-Best 3": 2.344221, "K-Best 5": 2.344221, "K-Best 7": 2.344221, "Cserna": 2.344221, "Bellman": 2.344221, "Minimin": 2.344221, "Nancy": 2.344221, "Lookahead": 9 }