{ "K-Best 1 Pemberton Belief": 2.370709, "K-Best 2 Pemberton Belief": 2.370709, "K-Best 3 Pemberton Belief": 2.370709, "K-Best 5 Pemberton Belief": 2.370709, "K-Best 7 Pemberton Belief": 2.370709, "Cserna Pemberton Belief": 2.370709, "K-Best 1": 2.370709, "K-Best 2": 2.370709, "K-Best 3": 2.370709, "K-Best 5": 2.370709, "K-Best 7": 2.370709, "Cserna": 2.370709, "Bellman": 2.370709, "Minimin": 2.370709, "Nancy": 2.370709, "Lookahead": 9 }