{ "K-Best 1 Pemberton Belief": 3.644705, "K-Best 2 Pemberton Belief": 3.644705, "K-Best 3 Pemberton Belief": 3.644705, "K-Best 5 Pemberton Belief": 3.478673, "K-Best 7 Pemberton Belief": 3.478673, "Cserna Pemberton Belief": 3.478673, "K-Best 1": 3.644705, "K-Best 2": 3.644705, "K-Best 3": 3.644705, "K-Best 5": 3.644705, "K-Best 7": 3.644705, "Cserna": 3.644705, "Bellman": 3.644705, "Minimin": 3.644705, "Nancy": 3.644705, "Lookahead": 9 }