{ "K-Best 1 Pemberton Belief": 2.460975, "K-Best 3 Pemberton Belief": 2.460975, "K-Best 5 Pemberton Belief": 2.460975, "K-Best 7 Pemberton Belief": 2.460975, "Cserna Pemberton Belief": 2.460975, "K-Best 1": 2.460975, "K-Best 3": 2.460975, "K-Best 5": 2.460975, "K-Best 7": 2.460975, "Cserna": 2.460975, "Bellman": 2.460975, "Minimin": 2.460975, "Nancy": 2.460975, "Lookahead": 9 }