{ "K-Best 1 Pemberton Belief": 2.463538, "K-Best 2 Pemberton Belief": 2.463538, "K-Best 3 Pemberton Belief": 2.463538, "K-Best 5 Pemberton Belief": 2.463538, "K-Best 7 Pemberton Belief": 2.463538, "Cserna Pemberton Belief": 2.463538, "K-Best 1": 2.463538, "K-Best 2": 2.463538, "K-Best 3": 2.463538, "K-Best 5": 2.463538, "K-Best 7": 2.463538, "Cserna": 2.463538, "Bellman": 2.463538, "Minimin": 2.463538, "Nancy": 2.463538, "Lookahead": 9 }