{ "K-Best 1 Pemberton Belief": 2.966302, "K-Best 3 Pemberton Belief": 2.966302, "K-Best 5 Pemberton Belief": 2.966302, "K-Best 7 Pemberton Belief": 2.966302, "Cserna Pemberton Belief": 2.966302, "K-Best 1": 2.966302, "K-Best 3": 2.966302, "K-Best 5": 2.966302, "K-Best 7": 2.966302, "Cserna": 2.966302, "Bellman": 2.966302, "Minimin": 2.966302, "Nancy": 2.966302, "Lookahead": 9 }