{ "K-Best 1 Pemberton Belief": 2.328317, "K-Best 3 Pemberton Belief": 2.328317, "K-Best 5 Pemberton Belief": 2.328317, "K-Best 7 Pemberton Belief": 2.328317, "Cserna Pemberton Belief": 2.328317, "K-Best 1": 2.328317, "K-Best 3": 2.328317, "K-Best 5": 2.328317, "K-Best 7": 2.328317, "Cserna": 2.328317, "Bellman": 2.328317, "Minimin": 2.328317, "Nancy": 2.328317, "Lookahead": 9 }