{ "K-Best 1 Pemberton Belief": 2.833611, "K-Best 2 Pemberton Belief": 2.833611, "K-Best 3 Pemberton Belief": 2.833611, "K-Best 5 Pemberton Belief": 2.833611, "K-Best 7 Pemberton Belief": 2.833611, "Cserna Pemberton Belief": 2.833611, "K-Best 1": 2.833611, "K-Best 2": 2.833611, "K-Best 3": 2.833611, "K-Best 5": 2.833611, "K-Best 7": 2.833611, "Cserna": 2.833611, "Bellman": 2.833611, "Minimin": 2.833611, "Nancy": 2.833611, "Lookahead": 9 }