{ "K-Best 1 Pemberton Belief": 2.447012, "K-Best 3 Pemberton Belief": 2.447012, "K-Best 5 Pemberton Belief": 2.447012, "K-Best 7 Pemberton Belief": 2.447012, "Cserna Pemberton Belief": 2.447012, "K-Best 1": 2.447012, "K-Best 3": 2.447012, "K-Best 5": 2.447012, "K-Best 7": 2.447012, "Cserna": 2.447012, "Bellman": 2.447012, "Minimin": 2.447012, "Nancy": 2.447012, "Lookahead": 9 }