{ "K-Best 1 Pemberton Belief": 2.448017, "K-Best 2 Pemberton Belief": 2.448017, "K-Best 3 Pemberton Belief": 2.448017, "K-Best 5 Pemberton Belief": 2.448017, "K-Best 7 Pemberton Belief": 2.448017, "Cserna Pemberton Belief": 2.448017, "K-Best 1": 2.448017, "K-Best 2": 2.448017, "K-Best 3": 2.448017, "K-Best 5": 2.448017, "K-Best 7": 2.448017, "Cserna": 2.448017, "Bellman": 2.448017, "Minimin": 2.448017, "Nancy": 2.448017, "Lookahead": 9 }