{ "K-Best 1 Pemberton Belief": 2.889232, "K-Best 3 Pemberton Belief": 2.889232, "K-Best 5 Pemberton Belief": 2.889232, "K-Best 7 Pemberton Belief": 2.889232, "Cserna Pemberton Belief": 2.889232, "K-Best 1": 2.889232, "K-Best 3": 2.889232, "K-Best 5": 2.889232, "K-Best 7": 2.889232, "Cserna": 2.889232, "Bellman": 2.889232, "Minimin": 2.889232, "Nancy": 2.889232, "Lookahead": 9 }