{ "K-Best 1 Pemberton Belief": 2.554190, "K-Best 3 Pemberton Belief": 2.554190, "K-Best 5 Pemberton Belief": 2.554190, "K-Best 7 Pemberton Belief": 2.554190, "Cserna Pemberton Belief": 2.554190, "K-Best 1": 2.554190, "K-Best 3": 2.554190, "K-Best 5": 2.554190, "K-Best 7": 2.554190, "Cserna": 2.554190, "Bellman": 2.554190, "Minimin": 2.554190, "Nancy": 2.554190, "Lookahead": 9 }