{ "K-Best 1 Pemberton Belief": 2.182338, "K-Best 2 Pemberton Belief": 2.182338, "K-Best 3 Pemberton Belief": 2.182338, "K-Best 5 Pemberton Belief": 2.182338, "K-Best 7 Pemberton Belief": 2.182338, "Cserna Pemberton Belief": 2.182338, "K-Best 1": 2.182338, "K-Best 2": 2.182338, "K-Best 3": 2.182338, "K-Best 5": 2.182338, "K-Best 7": 2.182338, "Cserna": 2.182338, "Bellman": 2.182338, "Minimin": 2.182338, "Nancy": 2.182338, "Lookahead": 9 }