{ "K-Best 1 Pemberton Belief": 3.003822, "K-Best 2 Pemberton Belief": 3.003822, "K-Best 3 Pemberton Belief": 3.003822, "K-Best 5 Pemberton Belief": 3.003822, "K-Best 7 Pemberton Belief": 3.003822, "Cserna Pemberton Belief": 3.003822, "K-Best 1": 3.003822, "K-Best 2": 3.003822, "K-Best 3": 3.003822, "K-Best 5": 3.003822, "K-Best 7": 3.003822, "Cserna": 3.003822, "Bellman": 3.003822, "Minimin": 3.003822, "Nancy": 3.003822, "Lookahead": 9 }