{ "K-Best 1 Pemberton Belief": 2.785058, "K-Best 2 Pemberton Belief": 2.785058, "K-Best 3 Pemberton Belief": 2.785058, "K-Best 5 Pemberton Belief": 2.785058, "K-Best 7 Pemberton Belief": 2.785058, "Cserna Pemberton Belief": 2.785058, "K-Best 1": 2.785058, "K-Best 2": 2.785058, "K-Best 3": 2.785058, "K-Best 5": 2.785058, "K-Best 7": 2.785058, "Cserna": 2.785058, "Bellman": 2.785058, "Minimin": 2.785058, "Nancy": 2.785058, "Lookahead": 9 }