{ "K-Best 1 Pemberton Belief": 3.798681, "K-Best 3 Pemberton Belief": 3.854784, "K-Best 5 Pemberton Belief": 3.854784, "K-Best 7 Pemberton Belief": 3.854784, "Cserna Pemberton Belief": 3.854784, "K-Best 1": 3.798681, "K-Best 3": 3.798681, "K-Best 5": 3.798681, "K-Best 7": 3.798681, "Cserna": 3.798681, "Bellman": 3.798681, "Minimin": 3.798681, "Nancy": 3.798681, "Lookahead": 9 }