{ "K-Best 1 Pemberton Belief": 1.887070, "K-Best 2 Pemberton Belief": 1.887070, "K-Best 3 Pemberton Belief": 1.887070, "K-Best 5 Pemberton Belief": 1.887070, "K-Best 7 Pemberton Belief": 1.887070, "Cserna Pemberton Belief": 1.887070, "K-Best 1": 1.887070, "K-Best 2": 1.887070, "K-Best 3": 1.887070, "K-Best 5": 1.887070, "K-Best 7": 1.887070, "Cserna": 1.887070, "Bellman": 1.887070, "Minimin": 1.887070, "Nancy": 1.887070, "Lookahead": 9 }