{ "K-Best 1 Pemberton Belief": 2.855876, "K-Best 3 Pemberton Belief": 2.855876, "K-Best 5 Pemberton Belief": 2.855876, "K-Best 7 Pemberton Belief": 2.855876, "Cserna Pemberton Belief": 2.855876, "K-Best 1": 2.855876, "K-Best 3": 2.855876, "K-Best 5": 2.855876, "K-Best 7": 2.855876, "Cserna": 2.855876, "Bellman": 2.855876, "Minimin": 2.855876, "Nancy": 2.855876, "Lookahead": 9 }