{ "K-Best 1 Pemberton Belief": 2.612737, "K-Best 3 Pemberton Belief": 2.612737, "K-Best 5 Pemberton Belief": 2.612737, "K-Best 7 Pemberton Belief": 2.612737, "Cserna Pemberton Belief": 2.612737, "K-Best 1": 2.612737, "K-Best 3": 2.612737, "K-Best 5": 2.612737, "K-Best 7": 2.612737, "Cserna": 2.612737, "Bellman": 2.612737, "Minimin": 2.612737, "Nancy": 2.612737, "Lookahead": 9 }