{ "K-Best 1 Pemberton Belief": 2.494520, "K-Best 2 Pemberton Belief": 2.494520, "K-Best 3 Pemberton Belief": 2.494520, "K-Best 5 Pemberton Belief": 2.494520, "K-Best 7 Pemberton Belief": 2.494520, "Cserna Pemberton Belief": 2.494520, "K-Best 1": 2.494520, "K-Best 2": 2.494520, "K-Best 3": 2.494520, "K-Best 5": 2.494520, "K-Best 7": 2.494520, "Cserna": 2.494520, "Bellman": 2.494520, "Minimin": 2.494520, "Nancy": 2.494520, "Lookahead": 9 }