{ "K-Best 1 Pemberton Belief": 3.113446, "K-Best 2 Pemberton Belief": 3.113446, "K-Best 3 Pemberton Belief": 3.113446, "K-Best 5 Pemberton Belief": 3.113446, "K-Best 7 Pemberton Belief": 3.113446, "Cserna Pemberton Belief": 3.113446, "K-Best 1": 3.113446, "K-Best 2": 3.113446, "K-Best 3": 3.113446, "K-Best 5": 3.113446, "K-Best 7": 3.113446, "Cserna": 3.113446, "Bellman": 3.113446, "Minimin": 3.113446, "Nancy": 3.113446, "Lookahead": 9 }