{ "K-Best 1 Pemberton Belief": 2.309846, "K-Best 3 Pemberton Belief": 2.309846, "K-Best 5 Pemberton Belief": 2.309846, "K-Best 7 Pemberton Belief": 2.309846, "Cserna Pemberton Belief": 2.309846, "K-Best 1": 2.309846, "K-Best 3": 2.309846, "K-Best 5": 2.309846, "K-Best 7": 2.309846, "Cserna": 2.309846, "Bellman": 2.309846, "Minimin": 2.309846, "Nancy": 2.309846, "Lookahead": 9 }