{ "K-Best 1 Pemberton Belief": 2.055007, "K-Best 3 Pemberton Belief": 2.055007, "K-Best 5 Pemberton Belief": 2.055007, "K-Best 7 Pemberton Belief": 2.055007, "Cserna Pemberton Belief": 2.055007, "K-Best 1": 2.055007, "K-Best 3": 2.055007, "K-Best 5": 2.055007, "K-Best 7": 2.055007, "Cserna": 2.055007, "Bellman": 2.055007, "Minimin": 2.055007, "Nancy": 2.055007, "Lookahead": 9 }