{ "K-Best 1 Pemberton Belief": 2.732175, "K-Best 3 Pemberton Belief": 2.732175, "K-Best 5 Pemberton Belief": 2.732175, "K-Best 7 Pemberton Belief": 2.732175, "Cserna Pemberton Belief": 2.732175, "K-Best 1": 2.732175, "K-Best 3": 2.732175, "K-Best 5": 2.732175, "K-Best 7": 2.732175, "Cserna": 2.732175, "Bellman": 2.732175, "Minimin": 2.732175, "Nancy": 2.732175, "Lookahead": 9 }