{ "K-Best 1 Pemberton Belief": 1.529823, "K-Best 2 Pemberton Belief": 1.529823, "K-Best 3 Pemberton Belief": 1.529823, "K-Best 5 Pemberton Belief": 1.529823, "K-Best 7 Pemberton Belief": 1.529823, "Cserna Pemberton Belief": 1.529823, "K-Best 1": 1.529823, "K-Best 2": 1.529823, "K-Best 3": 1.529823, "K-Best 5": 1.529823, "K-Best 7": 1.529823, "Cserna": 1.529823, "Bellman": 1.529823, "Minimin": 1.529823, "Nancy": 1.529823, "Lookahead": 9 }