{ "K-Best 1 Pemberton Belief": 2.384775, "K-Best 3 Pemberton Belief": 2.384775, "K-Best 5 Pemberton Belief": 2.384775, "K-Best 7 Pemberton Belief": 2.384775, "Cserna Pemberton Belief": 2.384775, "K-Best 1": 2.384775, "K-Best 3": 2.384775, "K-Best 5": 2.384775, "K-Best 7": 2.384775, "Cserna": 2.384775, "Bellman": 2.384775, "Minimin": 2.384775, "Nancy": 2.384775, "Lookahead": 9 }