{ "K-Best 1 Pemberton Belief": 2.244166, "K-Best 2 Pemberton Belief": 2.244166, "K-Best 3 Pemberton Belief": 2.244166, "K-Best 5 Pemberton Belief": 2.244166, "K-Best 7 Pemberton Belief": 2.244166, "Cserna Pemberton Belief": 2.244166, "K-Best 1": 2.244166, "K-Best 2": 2.244166, "K-Best 3": 2.244166, "K-Best 5": 2.244166, "K-Best 7": 2.244166, "Cserna": 2.244166, "Bellman": 2.244166, "Minimin": 2.244166, "Nancy": 2.244166, "Lookahead": 9 }