{ "K-Best 1 Pemberton Belief": 2.039923, "K-Best 2 Pemberton Belief": 2.039923, "K-Best 3 Pemberton Belief": 2.039923, "K-Best 5 Pemberton Belief": 2.039923, "K-Best 7 Pemberton Belief": 2.039923, "Cserna Pemberton Belief": 2.039923, "K-Best 1": 2.039923, "K-Best 2": 2.039923, "K-Best 3": 2.039923, "K-Best 5": 2.039923, "K-Best 7": 2.039923, "Cserna": 2.039923, "Bellman": 2.039923, "Minimin": 2.039923, "Nancy": 2.039923, "Lookahead": 9 }