{ "K-Best 1 Pemberton Belief": 1.601738, "K-Best 3 Pemberton Belief": 1.601738, "K-Best 5 Pemberton Belief": 1.601738, "K-Best 7 Pemberton Belief": 1.601738, "Cserna Pemberton Belief": 1.601738, "K-Best 1": 1.601738, "K-Best 3": 1.601738, "K-Best 5": 1.601738, "K-Best 7": 1.601738, "Cserna": 1.601738, "Bellman": 1.601738, "Minimin": 1.601738, "Nancy": 1.601738, "Lookahead": 9 }