{ "K-Best 1 Pemberton Belief": 2.808481, "K-Best 2 Pemberton Belief": 2.808481, "K-Best 3 Pemberton Belief": 2.808481, "K-Best 5 Pemberton Belief": 2.808481, "K-Best 7 Pemberton Belief": 2.808481, "Cserna Pemberton Belief": 2.808481, "K-Best 1": 2.808481, "K-Best 2": 2.808481, "K-Best 3": 2.808481, "K-Best 5": 2.808481, "K-Best 7": 2.808481, "Cserna": 2.808481, "Bellman": 2.808481, "Minimin": 2.808481, "Nancy": 2.808481, "Lookahead": 9 }