{ "K-Best 1 Pemberton Belief": 2.076582, "K-Best 3 Pemberton Belief": 2.076582, "K-Best 5 Pemberton Belief": 2.076582, "K-Best 7 Pemberton Belief": 2.076582, "Cserna Pemberton Belief": 2.076582, "K-Best 1": 2.076582, "K-Best 3": 2.076582, "K-Best 5": 2.076582, "K-Best 7": 2.076582, "Cserna": 2.076582, "Bellman": 2.076582, "Minimin": 2.076582, "Nancy": 2.076582, "Lookahead": 9 }