{ "K-Best 1 Pemberton Belief": 2.312377, "K-Best 2 Pemberton Belief": 2.312377, "K-Best 3 Pemberton Belief": 2.312377, "K-Best 5 Pemberton Belief": 2.312377, "K-Best 7 Pemberton Belief": 2.312377, "Cserna Pemberton Belief": 2.312377, "K-Best 1": 2.312377, "K-Best 2": 2.312377, "K-Best 3": 2.312377, "K-Best 5": 2.312377, "K-Best 7": 2.312377, "Cserna": 2.312377, "Bellman": 2.312377, "Minimin": 2.312377, "Nancy": 2.312377, "Lookahead": 9 }