{ "K-Best 1 Pemberton Belief": 2.976877, "K-Best 3 Pemberton Belief": 2.976877, "K-Best 5 Pemberton Belief": 2.976877, "K-Best 7 Pemberton Belief": 2.976877, "Cserna Pemberton Belief": 2.976877, "K-Best 1": 2.976877, "K-Best 3": 2.976877, "K-Best 5": 2.976877, "K-Best 7": 2.976877, "Cserna": 2.976877, "Bellman": 2.976877, "Minimin": 2.976877, "Nancy": 2.976877, "Lookahead": 9 }