{ "K-Best 1 Pemberton Belief": 3.339919, "K-Best 3 Pemberton Belief": 3.339919, "K-Best 5 Pemberton Belief": 3.339919, "K-Best 7 Pemberton Belief": 3.339919, "Cserna Pemberton Belief": 3.339919, "K-Best 1": 3.339919, "K-Best 3": 3.339919, "K-Best 5": 3.339919, "K-Best 7": 3.339919, "Cserna": 3.339919, "Bellman": 3.339919, "Minimin": 3.339919, "Nancy": 3.339919, "Lookahead": 9 }