{ "K-Best 1 Pemberton Belief": 4.055248, "K-Best 2 Pemberton Belief": 4.055248, "K-Best 3 Pemberton Belief": 4.055248, "K-Best 5 Pemberton Belief": 4.055248, "K-Best 7 Pemberton Belief": 4.055248, "Cserna Pemberton Belief": 4.055248, "K-Best 1": 4.055248, "K-Best 2": 4.055248, "K-Best 3": 4.055248, "K-Best 5": 4.055248, "K-Best 7": 4.055248, "Cserna": 4.055248, "Bellman": 4.055248, "Minimin": 4.055248, "Nancy": 4.055248, "Lookahead": 9 }