{ "K-Best 1 Pemberton Belief": 2.358774, "K-Best 2 Pemberton Belief": 2.358774, "K-Best 3 Pemberton Belief": 2.358774, "K-Best 5 Pemberton Belief": 2.358774, "K-Best 7 Pemberton Belief": 2.358774, "Cserna Pemberton Belief": 2.358774, "K-Best 1": 2.358774, "K-Best 2": 2.358774, "K-Best 3": 2.358774, "K-Best 5": 2.358774, "K-Best 7": 2.358774, "Cserna": 2.358774, "Bellman": 2.358774, "Minimin": 2.358774, "Nancy": 2.358774, "Lookahead": 9 }