{ "K-Best 1 Pemberton Belief": 3.655176, "K-Best 2 Pemberton Belief": 3.655176, "K-Best 3 Pemberton Belief": 3.655176, "K-Best 5 Pemberton Belief": 3.655176, "K-Best 7 Pemberton Belief": 3.655176, "Cserna Pemberton Belief": 3.655176, "K-Best 1": 3.655176, "K-Best 2": 3.655176, "K-Best 3": 3.655176, "K-Best 5": 3.655176, "K-Best 7": 3.655176, "Cserna": 3.655176, "Bellman": 3.655176, "Minimin": 3.655176, "Nancy": 3.655176, "Lookahead": 9 }