{ "K-Best 1 Pemberton Belief": 3.352427, "K-Best 3 Pemberton Belief": 3.288209, "K-Best 5 Pemberton Belief": 3.288209, "K-Best 7 Pemberton Belief": 3.288209, "Cserna Pemberton Belief": 3.288209, "K-Best 1": 3.352427, "K-Best 3": 3.288209, "K-Best 5": 3.288209, "K-Best 7": 3.288209, "Cserna": 3.288209, "Bellman": 3.352427, "Minimin": 3.352427, "Nancy": 3.352427, "Lookahead": 9 }