{ "K-Best 1 Pemberton Belief": 2.911214, "K-Best 2 Pemberton Belief": 2.911214, "K-Best 3 Pemberton Belief": 2.911214, "K-Best 5 Pemberton Belief": 2.911214, "K-Best 7 Pemberton Belief": 2.911214, "Cserna Pemberton Belief": 2.911214, "K-Best 1": 2.911214, "K-Best 2": 2.911214, "K-Best 3": 2.911214, "K-Best 5": 2.911214, "K-Best 7": 2.911214, "Cserna": 2.911214, "Bellman": 2.911214, "Minimin": 2.911214, "Nancy": 2.911214, "Lookahead": 9 }