{ "K-Best 1 Pemberton Belief": 2.372914, "K-Best 3 Pemberton Belief": 2.372914, "K-Best 5 Pemberton Belief": 2.372914, "K-Best 7 Pemberton Belief": 2.372914, "Cserna Pemberton Belief": 2.372914, "K-Best 1": 2.372914, "K-Best 3": 2.372914, "K-Best 5": 2.372914, "K-Best 7": 2.372914, "Cserna": 2.372914, "Bellman": 2.372914, "Minimin": 2.372914, "Nancy": 2.372914, "Lookahead": 9 }