{ "K-Best 1 Pemberton Belief": 1.838340, "K-Best 2 Pemberton Belief": 1.838340, "K-Best 3 Pemberton Belief": 1.838340, "K-Best 5 Pemberton Belief": 1.838340, "K-Best 7 Pemberton Belief": 1.838340, "Cserna Pemberton Belief": 1.838340, "K-Best 1": 1.838340, "K-Best 2": 1.838340, "K-Best 3": 1.838340, "K-Best 5": 1.838340, "K-Best 7": 1.838340, "Cserna": 1.838340, "Bellman": 1.838340, "Minimin": 1.838340, "Nancy": 1.838340, "Lookahead": 9 }