{ "K-Best 1 Pemberton Belief": 2.198854, "K-Best 2 Pemberton Belief": 2.198854, "K-Best 3 Pemberton Belief": 2.198854, "K-Best 5 Pemberton Belief": 2.198854, "K-Best 7 Pemberton Belief": 2.198854, "Cserna Pemberton Belief": 2.198854, "K-Best 1": 2.198854, "K-Best 2": 2.198854, "K-Best 3": 2.198854, "K-Best 5": 2.198854, "K-Best 7": 2.198854, "Cserna": 2.198854, "Bellman": 2.198854, "Minimin": 2.198854, "Nancy": 2.198854, "Lookahead": 9 }