{ "K-Best 1 Pemberton Belief": 1.939586, "K-Best 3 Pemberton Belief": 1.939586, "K-Best 5 Pemberton Belief": 1.939586, "K-Best 7 Pemberton Belief": 1.939586, "Cserna Pemberton Belief": 1.939586, "K-Best 1": 1.939586, "K-Best 3": 1.939586, "K-Best 5": 1.939586, "K-Best 7": 1.939586, "Cserna": 1.939586, "Bellman": 1.939586, "Minimin": 1.939586, "Nancy": 1.939586, "Lookahead": 9 }