{ "K-Best 1 Pemberton Belief": 1.619731, "K-Best 2 Pemberton Belief": 1.619731, "K-Best 3 Pemberton Belief": 1.619731, "K-Best 5 Pemberton Belief": 1.619731, "K-Best 7 Pemberton Belief": 1.619731, "Cserna Pemberton Belief": 1.619731, "K-Best 1": 1.619731, "K-Best 2": 1.619731, "K-Best 3": 1.619731, "K-Best 5": 1.619731, "K-Best 7": 1.619731, "Cserna": 1.619731, "Bellman": 1.619731, "Minimin": 1.619731, "Nancy": 1.619731, "Lookahead": 9 }