{ "K-Best 1 Pemberton Belief": 2.031664, "K-Best 3 Pemberton Belief": 2.031664, "K-Best 5 Pemberton Belief": 2.031664, "K-Best 7 Pemberton Belief": 2.031664, "Cserna Pemberton Belief": 2.031664, "K-Best 1": 2.031664, "K-Best 3": 2.031664, "K-Best 5": 2.031664, "K-Best 7": 2.031664, "Cserna": 2.031664, "Bellman": 2.031664, "Minimin": 2.031664, "Nancy": 2.031664, "Lookahead": 9 }