{ "K-Best 1 Pemberton Belief": 2.912180, "K-Best 3 Pemberton Belief": 2.955292, "K-Best 5 Pemberton Belief": 2.955292, "K-Best 7 Pemberton Belief": 2.955292, "Cserna Pemberton Belief": 2.955292, "K-Best 1": 2.912180, "K-Best 3": 2.912180, "K-Best 5": 2.912180, "K-Best 7": 2.912180, "Cserna": 2.912180, "Bellman": 2.912180, "Minimin": 2.912180, "Nancy": 2.912180, "Lookahead": 9 }