{ "K-Best 1 Pemberton Belief": 2.906358, "K-Best 2 Pemberton Belief": 2.906358, "K-Best 3 Pemberton Belief": 2.906358, "K-Best 5 Pemberton Belief": 2.906358, "K-Best 7 Pemberton Belief": 2.906358, "Cserna Pemberton Belief": 2.906358, "K-Best 1": 2.906358, "K-Best 2": 2.906358, "K-Best 3": 2.906358, "K-Best 5": 2.906358, "K-Best 7": 2.906358, "Cserna": 2.906358, "Bellman": 2.906358, "Minimin": 2.906358, "Nancy": 2.906358, "Lookahead": 9 }