{ "K-Best 1 Pemberton Belief": 3.157733, "K-Best 2 Pemberton Belief": 3.157733, "K-Best 3 Pemberton Belief": 3.157733, "K-Best 5 Pemberton Belief": 3.157733, "K-Best 7 Pemberton Belief": 3.157733, "Cserna Pemberton Belief": 3.157733, "K-Best 1": 3.157733, "K-Best 2": 3.157733, "K-Best 3": 3.157733, "K-Best 5": 3.157733, "K-Best 7": 3.157733, "Cserna": 3.157733, "Bellman": 3.157733, "Minimin": 3.157733, "Nancy": 3.157733, "Lookahead": 9 }