{ "K-Best 1 Pemberton Belief": 2.638468, "K-Best 3 Pemberton Belief": 2.638468, "K-Best 5 Pemberton Belief": 2.638468, "K-Best 7 Pemberton Belief": 2.638468, "Cserna Pemberton Belief": 2.638468, "K-Best 1": 2.638468, "K-Best 3": 2.638468, "K-Best 5": 2.638468, "K-Best 7": 2.638468, "Cserna": 2.638468, "Bellman": 2.638468, "Minimin": 2.638468, "Nancy": 2.638468, "Lookahead": 9 }