{ "K-Best 1 Pemberton Belief": 2.667691, "K-Best 3 Pemberton Belief": 2.667691, "K-Best 5 Pemberton Belief": 2.667691, "K-Best 7 Pemberton Belief": 2.667691, "Cserna Pemberton Belief": 2.667691, "K-Best 1": 2.667691, "K-Best 3": 2.667691, "K-Best 5": 2.667691, "K-Best 7": 2.667691, "Cserna": 2.667691, "Bellman": 2.667691, "Minimin": 2.667691, "Nancy": 2.667691, "Lookahead": 9 }