{ "K-Best 1 Pemberton Belief": 2.587312, "K-Best 2 Pemberton Belief": 2.587312, "K-Best 3 Pemberton Belief": 2.587312, "K-Best 5 Pemberton Belief": 2.587312, "K-Best 7 Pemberton Belief": 2.587312, "Cserna Pemberton Belief": 2.587312, "K-Best 1": 2.587312, "K-Best 2": 2.587312, "K-Best 3": 2.587312, "K-Best 5": 2.587312, "K-Best 7": 2.587312, "Cserna": 2.587312, "Bellman": 2.587312, "Minimin": 2.587312, "Nancy": 2.587312, "Lookahead": 9 }