{ "K-Best 1 Pemberton Belief": 2.882949, "K-Best 3 Pemberton Belief": 2.882949, "K-Best 5 Pemberton Belief": 2.882949, "K-Best 7 Pemberton Belief": 2.882949, "Cserna Pemberton Belief": 2.882949, "K-Best 1": 2.882949, "K-Best 3": 2.882949, "K-Best 5": 2.882949, "K-Best 7": 2.882949, "Cserna": 2.882949, "Bellman": 2.882949, "Minimin": 2.882949, "Nancy": 2.882949, "Lookahead": 9 }