{ "K-Best 1 Pemberton Belief": 2.416649, "K-Best 3 Pemberton Belief": 2.416649, "K-Best 5 Pemberton Belief": 2.416649, "K-Best 7 Pemberton Belief": 2.416649, "Cserna Pemberton Belief": 2.416649, "K-Best 1": 2.416649, "K-Best 3": 2.416649, "K-Best 5": 2.416649, "K-Best 7": 2.416649, "Cserna": 2.416649, "Bellman": 2.416649, "Minimin": 2.416649, "Nancy": 2.416649, "Lookahead": 9 }