{ "K-Best 1 Pemberton Belief": 1.988145, "K-Best 2 Pemberton Belief": 1.988145, "K-Best 3 Pemberton Belief": 1.988145, "K-Best 5 Pemberton Belief": 1.988145, "K-Best 7 Pemberton Belief": 1.988145, "Cserna Pemberton Belief": 1.988145, "K-Best 1": 1.988145, "K-Best 2": 1.988145, "K-Best 3": 1.988145, "K-Best 5": 1.988145, "K-Best 7": 1.988145, "Cserna": 1.988145, "Bellman": 1.988145, "Minimin": 1.988145, "Nancy": 1.988145, "Lookahead": 9 }