{ "K-Best 1 Pemberton Belief": 2.103706, "K-Best 3 Pemberton Belief": 2.103706, "K-Best 5 Pemberton Belief": 2.259554, "K-Best 7 Pemberton Belief": 2.259554, "Cserna Pemberton Belief": 2.259554, "K-Best 1": 2.103706, "K-Best 3": 2.103706, "K-Best 5": 2.103706, "K-Best 7": 2.103706, "Cserna": 2.103706, "Bellman": 2.103706, "Minimin": 2.103706, "Nancy": 2.103706, "Lookahead": 9 }