{ "K-Best 1 Pemberton Belief": 1.864595, "K-Best 3 Pemberton Belief": 1.864595, "K-Best 5 Pemberton Belief": 1.864595, "K-Best 7 Pemberton Belief": 1.864595, "Cserna Pemberton Belief": 1.864595, "K-Best 1": 1.864595, "K-Best 3": 1.864595, "K-Best 5": 1.864595, "K-Best 7": 1.864595, "Cserna": 1.864595, "Bellman": 1.864595, "Minimin": 1.864595, "Nancy": 1.864595, "Lookahead": 9 }