{ "K-Best 1 Pemberton Belief": 2.763333, "K-Best 2 Pemberton Belief": 2.763333, "K-Best 3 Pemberton Belief": 2.763333, "K-Best 5 Pemberton Belief": 2.763333, "K-Best 7 Pemberton Belief": 2.763333, "Cserna Pemberton Belief": 2.763333, "K-Best 1": 2.763333, "K-Best 2": 2.763333, "K-Best 3": 2.763333, "K-Best 5": 2.763333, "K-Best 7": 2.763333, "Cserna": 2.763333, "Bellman": 2.763333, "Minimin": 2.763333, "Nancy": 2.763333, "Lookahead": 9 }