{ "K-Best 1 Pemberton Belief": 2.524768, "K-Best 2 Pemberton Belief": 2.524768, "K-Best 3 Pemberton Belief": 2.524768, "K-Best 5 Pemberton Belief": 2.524768, "K-Best 7 Pemberton Belief": 2.524768, "Cserna Pemberton Belief": 2.524768, "K-Best 1": 2.524768, "K-Best 2": 2.524768, "K-Best 3": 2.524768, "K-Best 5": 2.524768, "K-Best 7": 2.524768, "Cserna": 2.524768, "Bellman": 2.524768, "Minimin": 2.524768, "Nancy": 2.524768, "Lookahead": 9 }