{ "K-Best 1 Pemberton Belief": 2.500938, "K-Best 3 Pemberton Belief": 2.500938, "K-Best 5 Pemberton Belief": 2.500938, "K-Best 7 Pemberton Belief": 2.500938, "Cserna Pemberton Belief": 2.500938, "K-Best 1": 2.500938, "K-Best 3": 2.500938, "K-Best 5": 2.500938, "K-Best 7": 2.500938, "Cserna": 2.500938, "Bellman": 2.500938, "Minimin": 2.500938, "Nancy": 2.500938, "Lookahead": 9 }