{ "K-Best 1 Pemberton Belief": 2.880009, "K-Best 2 Pemberton Belief": 2.880009, "K-Best 3 Pemberton Belief": 2.880009, "K-Best 5 Pemberton Belief": 2.880009, "K-Best 7 Pemberton Belief": 2.880009, "Cserna Pemberton Belief": 2.880009, "K-Best 1": 2.880009, "K-Best 2": 2.880009, "K-Best 3": 2.880009, "K-Best 5": 2.880009, "K-Best 7": 2.880009, "Cserna": 2.880009, "Bellman": 2.880009, "Minimin": 2.880009, "Nancy": 2.880009, "Lookahead": 9 }