{ "K-Best 1 Pemberton Belief": 2.405083, "K-Best 2 Pemberton Belief": 2.405083, "K-Best 3 Pemberton Belief": 2.405083, "K-Best 5 Pemberton Belief": 2.405083, "K-Best 7 Pemberton Belief": 2.405083, "Cserna Pemberton Belief": 2.405083, "K-Best 1": 2.405083, "K-Best 2": 2.405083, "K-Best 3": 2.405083, "K-Best 5": 2.405083, "K-Best 7": 2.405083, "Cserna": 2.405083, "Bellman": 2.405083, "Minimin": 2.405083, "Nancy": 2.405083, "Lookahead": 9 }