{ "K-Best 1 Pemberton Belief": 2.525646, "K-Best 3 Pemberton Belief": 2.525646, "K-Best 5 Pemberton Belief": 2.525646, "K-Best 7 Pemberton Belief": 2.525646, "Cserna Pemberton Belief": 2.525646, "K-Best 1": 2.525646, "K-Best 3": 2.525646, "K-Best 5": 2.525646, "K-Best 7": 2.525646, "Cserna": 2.525646, "Bellman": 2.525646, "Minimin": 2.525646, "Nancy": 2.525646, "Lookahead": 9 }