{ "K-Best 1 Pemberton Belief": 2.152943, "K-Best 3 Pemberton Belief": 2.152943, "K-Best 5 Pemberton Belief": 2.152943, "K-Best 7 Pemberton Belief": 2.152943, "Cserna Pemberton Belief": 2.152943, "K-Best 1": 2.152943, "K-Best 3": 2.152943, "K-Best 5": 2.152943, "K-Best 7": 2.152943, "Cserna": 2.152943, "Bellman": 2.152943, "Minimin": 2.152943, "Nancy": 2.152943, "Lookahead": 9 }