{ "K-Best 1 Pemberton Belief": 2.157858, "K-Best 2 Pemberton Belief": 2.157858, "K-Best 3 Pemberton Belief": 2.157858, "K-Best 5 Pemberton Belief": 2.157858, "K-Best 7 Pemberton Belief": 2.157858, "Cserna Pemberton Belief": 2.157858, "K-Best 1": 2.157858, "K-Best 2": 2.157858, "K-Best 3": 2.157858, "K-Best 5": 2.157858, "K-Best 7": 2.157858, "Cserna": 2.157858, "Bellman": 2.157858, "Minimin": 2.157858, "Nancy": 2.157858, "Lookahead": 9 }