{ "K-Best 1 Pemberton Belief": 2.886499, "K-Best 2 Pemberton Belief": 2.886499, "K-Best 3 Pemberton Belief": 2.886499, "K-Best 5 Pemberton Belief": 2.886499, "K-Best 7 Pemberton Belief": 2.886499, "Cserna Pemberton Belief": 2.886499, "K-Best 1": 2.886499, "K-Best 2": 2.886499, "K-Best 3": 2.886499, "K-Best 5": 2.886499, "K-Best 7": 2.886499, "Cserna": 2.886499, "Bellman": 2.886499, "Minimin": 2.886499, "Nancy": 2.886499, "Lookahead": 9 }