{ "K-Best 1 Pemberton Belief": 1.405605, "K-Best 2 Pemberton Belief": 1.405605, "K-Best 3 Pemberton Belief": 1.405605, "K-Best 5 Pemberton Belief": 1.405605, "K-Best 7 Pemberton Belief": 1.405605, "Cserna Pemberton Belief": 1.405605, "K-Best 1": 1.405605, "K-Best 2": 1.405605, "K-Best 3": 1.405605, "K-Best 5": 1.405605, "K-Best 7": 1.405605, "Cserna": 1.405605, "Bellman": 1.405605, "Minimin": 1.405605, "Nancy": 1.405605, "Lookahead": 9 }