{ "K-Best 1 Pemberton Belief": 2.676131, "K-Best 2 Pemberton Belief": 2.676131, "K-Best 3 Pemberton Belief": 2.676131, "K-Best 5 Pemberton Belief": 2.676131, "K-Best 7 Pemberton Belief": 2.676131, "Cserna Pemberton Belief": 2.676131, "K-Best 1": 2.676131, "K-Best 2": 2.676131, "K-Best 3": 2.676131, "K-Best 5": 2.676131, "K-Best 7": 2.676131, "Cserna": 2.676131, "Bellman": 2.676131, "Minimin": 2.676131, "Nancy": 2.676131, "Lookahead": 9 }