{ "K-Best 1 Pemberton Belief": 3.107123, "K-Best 2 Pemberton Belief": 3.248877, "K-Best 3 Pemberton Belief": 3.248877, "K-Best 5 Pemberton Belief": 3.248877, "K-Best 7 Pemberton Belief": 3.248877, "Cserna Pemberton Belief": 3.248877, "K-Best 1": 3.107123, "K-Best 2": 3.248877, "K-Best 3": 3.248877, "K-Best 5": 3.248877, "K-Best 7": 3.248877, "Cserna": 3.248877, "Bellman": 3.107123, "Minimin": 3.107123, "Nancy": 3.107123, "Lookahead": 9 }