{ "K-Best 1 Pemberton Belief": 2.560285, "K-Best 3 Pemberton Belief": 2.560285, "K-Best 5 Pemberton Belief": 2.560285, "K-Best 7 Pemberton Belief": 2.560285, "Cserna Pemberton Belief": 2.560285, "K-Best 1": 2.560285, "K-Best 3": 2.560285, "K-Best 5": 2.560285, "K-Best 7": 2.560285, "Cserna": 2.560285, "Bellman": 2.560285, "Minimin": 2.560285, "Nancy": 2.560285, "Lookahead": 9 }