{ "K-Best 1 Pemberton Belief": 2.827483, "K-Best 3 Pemberton Belief": 2.827483, "K-Best 5 Pemberton Belief": 2.827483, "K-Best 7 Pemberton Belief": 2.827483, "Cserna Pemberton Belief": 2.827483, "K-Best 1": 2.827483, "K-Best 3": 2.827483, "K-Best 5": 2.827483, "K-Best 7": 2.827483, "Cserna": 2.827483, "Bellman": 2.827483, "Minimin": 2.827483, "Nancy": 2.827483, "Lookahead": 9 }