{ "K-Best 1 Pemberton Belief": 2.362924, "K-Best 2 Pemberton Belief": 2.362924, "K-Best 3 Pemberton Belief": 2.362924, "K-Best 5 Pemberton Belief": 2.362924, "K-Best 7 Pemberton Belief": 2.362924, "Cserna Pemberton Belief": 2.362924, "K-Best 1": 2.362924, "K-Best 2": 2.362924, "K-Best 3": 2.362924, "K-Best 5": 2.362924, "K-Best 7": 2.362924, "Cserna": 2.362924, "Bellman": 2.362924, "Minimin": 2.362924, "Nancy": 2.362924, "Lookahead": 9 }