{ "K-Best 1 Pemberton Belief": 1.911712, "K-Best 2 Pemberton Belief": 1.911712, "K-Best 3 Pemberton Belief": 1.911712, "K-Best 5 Pemberton Belief": 1.911712, "K-Best 7 Pemberton Belief": 1.911712, "Cserna Pemberton Belief": 1.911712, "K-Best 1": 1.911712, "K-Best 2": 1.911712, "K-Best 3": 1.911712, "K-Best 5": 1.911712, "K-Best 7": 1.911712, "Cserna": 1.911712, "Bellman": 1.911712, "Minimin": 1.911712, "Nancy": 1.911712, "Lookahead": 9 }