{ "K-Best 1 Pemberton Belief": 2.838689, "K-Best 3 Pemberton Belief": 2.838689, "K-Best 5 Pemberton Belief": 2.838689, "K-Best 7 Pemberton Belief": 2.838689, "Cserna Pemberton Belief": 2.838689, "K-Best 1": 2.838689, "K-Best 3": 2.838689, "K-Best 5": 2.838689, "K-Best 7": 2.838689, "Cserna": 2.838689, "Bellman": 2.838689, "Minimin": 2.838689, "Nancy": 2.838689, "Lookahead": 9 }