{ "K-Best 1 Pemberton Belief": 3.082885, "K-Best 3 Pemberton Belief": 3.082885, "K-Best 5 Pemberton Belief": 3.082885, "K-Best 7 Pemberton Belief": 3.082885, "Cserna Pemberton Belief": 3.082885, "K-Best 1": 3.082885, "K-Best 3": 3.082885, "K-Best 5": 3.082885, "K-Best 7": 3.082885, "Cserna": 3.082885, "Bellman": 3.082885, "Minimin": 3.082885, "Nancy": 3.082885, "Lookahead": 9 }