{ "K-Best 1 Pemberton Belief": 2.296864, "K-Best 3 Pemberton Belief": 2.296864, "K-Best 5 Pemberton Belief": 2.296864, "K-Best 7 Pemberton Belief": 2.296864, "Cserna Pemberton Belief": 2.296864, "K-Best 1": 2.296864, "K-Best 3": 2.296864, "K-Best 5": 2.296864, "K-Best 7": 2.296864, "Cserna": 2.296864, "Bellman": 2.296864, "Minimin": 2.296864, "Nancy": 2.296864, "Lookahead": 9 }