{ "K-Best 1 Pemberton Belief": 2.604510, "K-Best 2 Pemberton Belief": 2.604510, "K-Best 3 Pemberton Belief": 2.604510, "K-Best 5 Pemberton Belief": 2.604510, "K-Best 7 Pemberton Belief": 2.604510, "Cserna Pemberton Belief": 2.604510, "K-Best 1": 2.604510, "K-Best 2": 2.604510, "K-Best 3": 2.604510, "K-Best 5": 2.604510, "K-Best 7": 2.604510, "Cserna": 2.604510, "Bellman": 2.604510, "Minimin": 2.604510, "Nancy": 2.604510, "Lookahead": 9 }