{ "K-Best 1 Pemberton Belief": 1.357410, "K-Best 3 Pemberton Belief": 1.357410, "K-Best 5 Pemberton Belief": 1.357410, "K-Best 7 Pemberton Belief": 1.357410, "Cserna Pemberton Belief": 1.357410, "K-Best 1": 1.357410, "K-Best 3": 1.357410, "K-Best 5": 1.357410, "K-Best 7": 1.357410, "Cserna": 1.357410, "Bellman": 1.357410, "Minimin": 1.357410, "Nancy": 1.357410, "Lookahead": 9 }