{ "K-Best 1 Pemberton Belief": 3.301764, "K-Best 2 Pemberton Belief": 3.301764, "K-Best 3 Pemberton Belief": 3.301764, "K-Best 5 Pemberton Belief": 3.301764, "K-Best 7 Pemberton Belief": 3.301764, "Cserna Pemberton Belief": 3.301764, "K-Best 1": 3.301764, "K-Best 2": 3.301764, "K-Best 3": 3.301764, "K-Best 5": 3.301764, "K-Best 7": 3.301764, "Cserna": 3.301764, "Bellman": 3.301764, "Minimin": 3.301764, "Nancy": 3.301764, "Lookahead": 9 }