{ "K-Best 1 Pemberton Belief": 1.822784, "K-Best 3 Pemberton Belief": 1.822784, "K-Best 5 Pemberton Belief": 1.822784, "K-Best 7 Pemberton Belief": 1.822784, "Cserna Pemberton Belief": 1.822784, "K-Best 1": 1.822784, "K-Best 3": 1.822784, "K-Best 5": 1.822784, "K-Best 7": 1.822784, "Cserna": 1.822784, "Bellman": 1.822784, "Minimin": 1.822784, "Nancy": 1.822784, "Lookahead": 9 }