{ "K-Best 1 Pemberton Belief": 2.275439, "K-Best 2 Pemberton Belief": 2.275439, "K-Best 3 Pemberton Belief": 2.275439, "K-Best 5 Pemberton Belief": 2.275439, "K-Best 7 Pemberton Belief": 2.275439, "Cserna Pemberton Belief": 2.275439, "K-Best 1": 2.275439, "K-Best 2": 2.275439, "K-Best 3": 2.275439, "K-Best 5": 2.275439, "K-Best 7": 2.275439, "Cserna": 2.275439, "Bellman": 2.275439, "Minimin": 2.275439, "Nancy": 2.275439, "Lookahead": 9 }