{ "K-Best 1 Pemberton Belief": 3.135407, "K-Best 2 Pemberton Belief": 3.135407, "K-Best 3 Pemberton Belief": 3.135407, "K-Best 5 Pemberton Belief": 3.135407, "K-Best 7 Pemberton Belief": 3.135407, "Cserna Pemberton Belief": 3.135407, "K-Best 1": 3.135407, "K-Best 2": 3.135407, "K-Best 3": 3.135407, "K-Best 5": 3.135407, "K-Best 7": 3.135407, "Cserna": 3.135407, "Bellman": 3.135407, "Minimin": 3.135407, "Nancy": 3.135407, "Lookahead": 9 }