{ "K-Best 1 Pemberton Belief": 2.320245, "K-Best 2 Pemberton Belief": 2.320245, "K-Best 3 Pemberton Belief": 2.320245, "K-Best 5 Pemberton Belief": 2.320245, "K-Best 7 Pemberton Belief": 2.320245, "Cserna Pemberton Belief": 2.320245, "K-Best 1": 2.320245, "K-Best 2": 2.320245, "K-Best 3": 2.320245, "K-Best 5": 2.320245, "K-Best 7": 2.320245, "Cserna": 2.320245, "Bellman": 2.320245, "Minimin": 2.320245, "Nancy": 2.320245, "Lookahead": 9 }