{ "K-Best 1 Pemberton Belief": 2.486054, "K-Best 3 Pemberton Belief": 2.486054, "K-Best 5 Pemberton Belief": 2.486054, "K-Best 7 Pemberton Belief": 2.486054, "Cserna Pemberton Belief": 2.486054, "K-Best 1": 2.486054, "K-Best 3": 2.486054, "K-Best 5": 2.486054, "K-Best 7": 2.486054, "Cserna": 2.486054, "Bellman": 2.486054, "Minimin": 2.486054, "Nancy": 2.486054, "Lookahead": 9 }