{ "K-Best 1 Pemberton Belief": 1.993112, "K-Best 2 Pemberton Belief": 1.993112, "K-Best 3 Pemberton Belief": 1.993112, "K-Best 5 Pemberton Belief": 1.993112, "K-Best 7 Pemberton Belief": 1.993112, "Cserna Pemberton Belief": 1.993112, "K-Best 1": 1.993112, "K-Best 2": 1.993112, "K-Best 3": 1.993112, "K-Best 5": 1.993112, "K-Best 7": 1.993112, "Cserna": 1.993112, "Bellman": 1.993112, "Minimin": 1.993112, "Nancy": 1.993112, "Lookahead": 9 }