{ "K-Best 1 Pemberton Belief": 2.371798, "K-Best 2 Pemberton Belief": 2.371798, "K-Best 3 Pemberton Belief": 2.371798, "K-Best 5 Pemberton Belief": 2.371798, "K-Best 7 Pemberton Belief": 2.371798, "Cserna Pemberton Belief": 2.371798, "K-Best 1": 2.371798, "K-Best 2": 2.371798, "K-Best 3": 2.371798, "K-Best 5": 2.371798, "K-Best 7": 2.371798, "Cserna": 2.371798, "Bellman": 2.371798, "Minimin": 2.371798, "Nancy": 2.371798, "Lookahead": 9 }