{ "K-Best 1 Pemberton Belief": 3.196202, "K-Best 3 Pemberton Belief": 3.196202, "K-Best 5 Pemberton Belief": 3.196202, "K-Best 7 Pemberton Belief": 3.196202, "Cserna Pemberton Belief": 3.196202, "K-Best 1": 3.196202, "K-Best 3": 3.196202, "K-Best 5": 3.196202, "K-Best 7": 3.196202, "Cserna": 3.196202, "Bellman": 3.196202, "Minimin": 3.196202, "Nancy": 3.196202, "Lookahead": 9 }