{ "K-Best 1 Pemberton Belief": 2.606435, "K-Best 3 Pemberton Belief": 2.606435, "K-Best 5 Pemberton Belief": 2.606435, "K-Best 7 Pemberton Belief": 2.606435, "Cserna Pemberton Belief": 2.606435, "K-Best 1": 2.606435, "K-Best 3": 2.606435, "K-Best 5": 2.606435, "K-Best 7": 2.606435, "Cserna": 2.606435, "Bellman": 2.606435, "Minimin": 2.606435, "Nancy": 2.606435, "Lookahead": 9 }