{ "K-Best 1 Pemberton Belief": 2.350311, "K-Best 2 Pemberton Belief": 2.350311, "K-Best 3 Pemberton Belief": 2.350311, "K-Best 5 Pemberton Belief": 2.350311, "K-Best 7 Pemberton Belief": 2.350311, "Cserna Pemberton Belief": 2.350311, "K-Best 1": 2.350311, "K-Best 2": 2.350311, "K-Best 3": 2.350311, "K-Best 5": 2.350311, "K-Best 7": 2.350311, "Cserna": 2.350311, "Bellman": 2.350311, "Minimin": 2.350311, "Nancy": 2.350311, "Lookahead": 9 }