{ "K-Best 1 Pemberton Belief": 3.137851, "K-Best 2 Pemberton Belief": 3.137851, "K-Best 3 Pemberton Belief": 3.137851, "K-Best 5 Pemberton Belief": 3.137851, "K-Best 7 Pemberton Belief": 3.137851, "Cserna Pemberton Belief": 3.137851, "K-Best 1": 3.137851, "K-Best 2": 3.137851, "K-Best 3": 3.137851, "K-Best 5": 3.137851, "K-Best 7": 3.137851, "Cserna": 3.137851, "Bellman": 3.137851, "Minimin": 3.137851, "Nancy": 3.137851, "Lookahead": 9 }