{ "K-Best 1 Pemberton Belief": 3.461979, "K-Best 2 Pemberton Belief": 3.461979, "K-Best 3 Pemberton Belief": 3.461979, "K-Best 5 Pemberton Belief": 3.461979, "K-Best 7 Pemberton Belief": 3.461979, "Cserna Pemberton Belief": 3.461979, "K-Best 1": 3.461979, "K-Best 2": 3.461979, "K-Best 3": 3.461979, "K-Best 5": 3.461979, "K-Best 7": 3.461979, "Cserna": 3.461979, "Bellman": 3.461979, "Minimin": 3.461979, "Nancy": 3.461979, "Lookahead": 9 }