{ "K-Best 1 Pemberton Belief": 3.045542, "K-Best 3 Pemberton Belief": 3.045542, "K-Best 5 Pemberton Belief": 3.045542, "K-Best 7 Pemberton Belief": 3.045542, "Cserna Pemberton Belief": 3.045542, "K-Best 1": 3.045542, "K-Best 3": 3.045542, "K-Best 5": 3.045542, "K-Best 7": 3.045542, "Cserna": 3.045542, "Bellman": 3.045542, "Minimin": 3.045542, "Nancy": 3.045542, "Lookahead": 9 }