{ "K-Best 1 Pemberton Belief": 1.903015, "K-Best 3 Pemberton Belief": 1.903015, "K-Best 5 Pemberton Belief": 1.903015, "K-Best 7 Pemberton Belief": 1.903015, "Cserna Pemberton Belief": 1.903015, "K-Best 1": 1.903015, "K-Best 3": 1.903015, "K-Best 5": 1.903015, "K-Best 7": 1.903015, "Cserna": 1.903015, "Bellman": 1.903015, "Minimin": 1.903015, "Nancy": 1.903015, "Lookahead": 9 }