{ "K-Best 1 Pemberton Belief": 1.980764, "K-Best 2 Pemberton Belief": 1.980764, "K-Best 3 Pemberton Belief": 1.980764, "K-Best 5 Pemberton Belief": 1.980764, "K-Best 7 Pemberton Belief": 1.980764, "Cserna Pemberton Belief": 1.980764, "K-Best 1": 1.980764, "K-Best 2": 1.980764, "K-Best 3": 1.980764, "K-Best 5": 1.980764, "K-Best 7": 1.980764, "Cserna": 1.980764, "Bellman": 1.980764, "Minimin": 1.980764, "Nancy": 1.980764, "Lookahead": 9 }