{ "K-Best 1 Pemberton Belief": 2.031817, "K-Best 2 Pemberton Belief": 2.031817, "K-Best 3 Pemberton Belief": 2.031817, "K-Best 5 Pemberton Belief": 2.031817, "K-Best 7 Pemberton Belief": 2.031817, "Cserna Pemberton Belief": 2.031817, "K-Best 1": 2.031817, "K-Best 2": 2.031817, "K-Best 3": 2.031817, "K-Best 5": 2.031817, "K-Best 7": 2.031817, "Cserna": 2.031817, "Bellman": 2.031817, "Minimin": 2.031817, "Nancy": 2.031817, "Lookahead": 9 }