{ "K-Best 1 Pemberton Belief": 1.672691, "K-Best 3 Pemberton Belief": 1.672691, "K-Best 5 Pemberton Belief": 1.672691, "K-Best 7 Pemberton Belief": 1.672691, "Cserna Pemberton Belief": 1.672691, "K-Best 1": 1.672691, "K-Best 3": 1.672691, "K-Best 5": 1.672691, "K-Best 7": 1.672691, "Cserna": 1.672691, "Bellman": 1.672691, "Minimin": 1.672691, "Nancy": 1.672691, "Lookahead": 9 }