{ "K-Best 1 Pemberton Belief": 2.381320, "K-Best 2 Pemberton Belief": 2.381320, "K-Best 3 Pemberton Belief": 2.381320, "K-Best 5 Pemberton Belief": 2.381320, "K-Best 7 Pemberton Belief": 2.381320, "Cserna Pemberton Belief": 2.381320, "K-Best 1": 2.381320, "K-Best 2": 2.381320, "K-Best 3": 2.381320, "K-Best 5": 2.381320, "K-Best 7": 2.381320, "Cserna": 2.381320, "Bellman": 2.381320, "Minimin": 2.381320, "Nancy": 2.381320, "Lookahead": 9 }