{ "K-Best 1 Pemberton Belief": 2.560609, "K-Best 3 Pemberton Belief": 2.560609, "K-Best 5 Pemberton Belief": 2.560609, "K-Best 7 Pemberton Belief": 2.560609, "Cserna Pemberton Belief": 2.560609, "K-Best 1": 2.560609, "K-Best 3": 2.560609, "K-Best 5": 2.560609, "K-Best 7": 2.560609, "Cserna": 2.560609, "Bellman": 2.560609, "Minimin": 2.560609, "Nancy": 2.560609, "Lookahead": 9 }