{ "K-Best 1 Pemberton Belief": 1.389142, "K-Best 2 Pemberton Belief": 1.389142, "K-Best 3 Pemberton Belief": 1.389142, "K-Best 5 Pemberton Belief": 1.389142, "K-Best 7 Pemberton Belief": 1.389142, "Cserna Pemberton Belief": 1.389142, "K-Best 1": 1.389142, "K-Best 2": 1.389142, "K-Best 3": 1.389142, "K-Best 5": 1.389142, "K-Best 7": 1.389142, "Cserna": 1.389142, "Bellman": 1.389142, "Minimin": 1.389142, "Nancy": 1.389142, "Lookahead": 9 }