{ "K-Best 1 Pemberton Belief": 2.253959, "K-Best 2 Pemberton Belief": 2.253959, "K-Best 3 Pemberton Belief": 2.253959, "K-Best 5 Pemberton Belief": 2.253959, "K-Best 7 Pemberton Belief": 2.253959, "Cserna Pemberton Belief": 2.253959, "K-Best 1": 2.253959, "K-Best 2": 2.253959, "K-Best 3": 2.253959, "K-Best 5": 2.253959, "K-Best 7": 2.253959, "Cserna": 2.253959, "Bellman": 2.253959, "Minimin": 2.253959, "Nancy": 2.253959, "Lookahead": 9 }