{ "K-Best 1 Pemberton Belief": 2.151308, "K-Best 3 Pemberton Belief": 2.151308, "K-Best 5 Pemberton Belief": 2.151308, "K-Best 7 Pemberton Belief": 2.151308, "Cserna Pemberton Belief": 2.151308, "K-Best 1": 2.151308, "K-Best 3": 2.151308, "K-Best 5": 2.151308, "K-Best 7": 2.151308, "Cserna": 2.151308, "Bellman": 2.151308, "Minimin": 2.151308, "Nancy": 2.151308, "Lookahead": 9 }