{ "K-Best 1 Pemberton Belief": 2.413422, "K-Best 3 Pemberton Belief": 2.413422, "K-Best 5 Pemberton Belief": 2.413422, "K-Best 7 Pemberton Belief": 2.413422, "Cserna Pemberton Belief": 2.413422, "K-Best 1": 2.413422, "K-Best 3": 2.413422, "K-Best 5": 2.413422, "K-Best 7": 2.413422, "Cserna": 2.413422, "Bellman": 2.413422, "Minimin": 2.413422, "Nancy": 2.413422, "Lookahead": 9 }