{ "K-Best 1 Pemberton Belief": 2.168423, "K-Best 3 Pemberton Belief": 2.168423, "K-Best 5 Pemberton Belief": 2.168423, "K-Best 7 Pemberton Belief": 2.168423, "Cserna Pemberton Belief": 2.168423, "K-Best 1": 2.168423, "K-Best 3": 2.168423, "K-Best 5": 2.168423, "K-Best 7": 2.168423, "Cserna": 2.168423, "Bellman": 2.168423, "Minimin": 2.168423, "Nancy": 2.168423, "Lookahead": 9 }