{ "K-Best 1 Pemberton Belief": 3.062422, "K-Best 2 Pemberton Belief": 3.062422, "K-Best 3 Pemberton Belief": 3.062422, "K-Best 5 Pemberton Belief": 3.062422, "K-Best 7 Pemberton Belief": 3.062422, "Cserna Pemberton Belief": 3.062422, "K-Best 1": 3.062422, "K-Best 2": 3.062422, "K-Best 3": 3.062422, "K-Best 5": 3.062422, "K-Best 7": 3.062422, "Cserna": 3.062422, "Bellman": 3.062422, "Minimin": 3.062422, "Nancy": 3.062422, "Lookahead": 9 }