{ "K-Best 1 Pemberton Belief": 2.645008, "K-Best 2 Pemberton Belief": 2.645008, "K-Best 3 Pemberton Belief": 2.645008, "K-Best 5 Pemberton Belief": 2.645008, "K-Best 7 Pemberton Belief": 2.645008, "Cserna Pemberton Belief": 2.645008, "K-Best 1": 2.645008, "K-Best 2": 2.645008, "K-Best 3": 2.645008, "K-Best 5": 2.645008, "K-Best 7": 2.645008, "Cserna": 2.645008, "Bellman": 2.645008, "Minimin": 2.645008, "Nancy": 2.645008, "Lookahead": 9 }