{ "K-Best 1 Pemberton Belief": 1.668868, "K-Best 3 Pemberton Belief": 1.668868, "K-Best 5 Pemberton Belief": 1.668868, "K-Best 7 Pemberton Belief": 1.668868, "Cserna Pemberton Belief": 1.668868, "K-Best 1": 1.668868, "K-Best 3": 1.668868, "K-Best 5": 1.668868, "K-Best 7": 1.668868, "Cserna": 1.668868, "Bellman": 1.668868, "Minimin": 1.668868, "Nancy": 1.668868, "Lookahead": 9 }