{ "K-Best 1 Pemberton Belief": 1.918004, "K-Best 2 Pemberton Belief": 1.918004, "K-Best 3 Pemberton Belief": 1.918004, "K-Best 5 Pemberton Belief": 1.918004, "K-Best 7 Pemberton Belief": 1.918004, "Cserna Pemberton Belief": 1.918004, "K-Best 1": 1.918004, "K-Best 2": 1.918004, "K-Best 3": 1.918004, "K-Best 5": 1.918004, "K-Best 7": 1.918004, "Cserna": 1.918004, "Bellman": 1.918004, "Minimin": 1.918004, "Nancy": 1.918004, "Lookahead": 9 }