{ "K-Best 1 Pemberton Belief": 3.281092, "K-Best 2 Pemberton Belief": 3.281092, "K-Best 3 Pemberton Belief": 3.281092, "K-Best 5 Pemberton Belief": 3.281092, "K-Best 7 Pemberton Belief": 3.281092, "Cserna Pemberton Belief": 3.281092, "K-Best 1": 3.281092, "K-Best 2": 3.281092, "K-Best 3": 3.281092, "K-Best 5": 3.281092, "K-Best 7": 3.281092, "Cserna": 3.281092, "Bellman": 3.281092, "Minimin": 3.281092, "Nancy": 3.281092, "Lookahead": 9 }