{ "K-Best 1 Pemberton Belief": 2.913875, "K-Best 3 Pemberton Belief": 2.913875, "K-Best 5 Pemberton Belief": 2.913875, "K-Best 7 Pemberton Belief": 2.913875, "Cserna Pemberton Belief": 2.913875, "K-Best 1": 2.913875, "K-Best 3": 2.913875, "K-Best 5": 2.913875, "K-Best 7": 2.913875, "Cserna": 2.913875, "Bellman": 2.913875, "Minimin": 2.913875, "Nancy": 2.913875, "Lookahead": 9 }