{ "K-Best 1 Pemberton Belief": 2.432520, "K-Best 2 Pemberton Belief": 2.432520, "K-Best 3 Pemberton Belief": 2.432520, "K-Best 5 Pemberton Belief": 2.432520, "K-Best 7 Pemberton Belief": 2.432520, "Cserna Pemberton Belief": 2.432520, "K-Best 1": 2.432520, "K-Best 2": 2.432520, "K-Best 3": 2.432520, "K-Best 5": 2.432520, "K-Best 7": 2.432520, "Cserna": 2.432520, "Bellman": 2.432520, "Minimin": 2.432520, "Nancy": 2.432520, "Lookahead": 9 }