{ "K-Best 1 Pemberton Belief": 1.892833, "K-Best 2 Pemberton Belief": 1.892833, "K-Best 3 Pemberton Belief": 1.892833, "K-Best 5 Pemberton Belief": 1.892833, "K-Best 7 Pemberton Belief": 1.892833, "Cserna Pemberton Belief": 1.892833, "K-Best 1": 1.892833, "K-Best 2": 1.892833, "K-Best 3": 1.892833, "K-Best 5": 1.892833, "K-Best 7": 1.892833, "Cserna": 1.892833, "Bellman": 1.892833, "Minimin": 1.892833, "Nancy": 1.892833, "Lookahead": 9 }