{ "K-Best 1 Pemberton Belief": 2.362076, "K-Best 2 Pemberton Belief": 2.362076, "K-Best 3 Pemberton Belief": 2.362076, "K-Best 5 Pemberton Belief": 2.362076, "K-Best 7 Pemberton Belief": 2.362076, "Cserna Pemberton Belief": 2.362076, "K-Best 1": 2.362076, "K-Best 2": 2.362076, "K-Best 3": 2.362076, "K-Best 5": 2.362076, "K-Best 7": 2.362076, "Cserna": 2.362076, "Bellman": 2.362076, "Minimin": 2.362076, "Nancy": 2.362076, "Lookahead": 9 }