{ "K-Best 1 Pemberton Belief": 2.930340, "K-Best 2 Pemberton Belief": 2.930340, "K-Best 3 Pemberton Belief": 2.930340, "K-Best 5 Pemberton Belief": 2.930340, "K-Best 7 Pemberton Belief": 2.930340, "Cserna Pemberton Belief": 2.930340, "K-Best 1": 2.930340, "K-Best 2": 2.930340, "K-Best 3": 2.930340, "K-Best 5": 2.930340, "K-Best 7": 2.930340, "Cserna": 2.930340, "Bellman": 2.930340, "Minimin": 2.930340, "Nancy": 2.930340, "Lookahead": 9 }