{ "K-Best 1 Pemberton Belief": 2.637005, "K-Best 3 Pemberton Belief": 2.656038, "K-Best 5 Pemberton Belief": 2.656038, "K-Best 7 Pemberton Belief": 2.656038, "Cserna Pemberton Belief": 2.656038, "K-Best 1": 2.637005, "K-Best 3": 2.656038, "K-Best 5": 2.656038, "K-Best 7": 2.656038, "Cserna": 2.656038, "Bellman": 2.637005, "Minimin": 2.637005, "Nancy": 2.637005, "Lookahead": 9 }