{ "K-Best 1 Pemberton Belief": 2.419803, "K-Best 3 Pemberton Belief": 2.419803, "K-Best 5 Pemberton Belief": 2.419803, "K-Best 7 Pemberton Belief": 2.419803, "Cserna Pemberton Belief": 2.419803, "K-Best 1": 2.419803, "K-Best 3": 2.419803, "K-Best 5": 2.419803, "K-Best 7": 2.419803, "Cserna": 2.419803, "Bellman": 2.419803, "Minimin": 2.419803, "Nancy": 2.419803, "Lookahead": 9 }