{ "K-Best 1 Pemberton Belief": 2.556908, "K-Best 2 Pemberton Belief": 2.556908, "K-Best 3 Pemberton Belief": 2.556908, "K-Best 5 Pemberton Belief": 2.556908, "K-Best 7 Pemberton Belief": 2.556908, "Cserna Pemberton Belief": 2.556908, "K-Best 1": 2.556908, "K-Best 2": 2.556908, "K-Best 3": 2.556908, "K-Best 5": 2.556908, "K-Best 7": 2.556908, "Cserna": 2.556908, "Bellman": 2.556908, "Minimin": 2.556908, "Nancy": 2.556908, "Lookahead": 9 }