{ "K-Best 1 Pemberton Belief": 2.596160, "K-Best 2 Pemberton Belief": 2.596160, "K-Best 3 Pemberton Belief": 2.596160, "K-Best 5 Pemberton Belief": 2.596160, "K-Best 7 Pemberton Belief": 2.596160, "Cserna Pemberton Belief": 2.596160, "K-Best 1": 2.596160, "K-Best 2": 2.596160, "K-Best 3": 2.596160, "K-Best 5": 2.596160, "K-Best 7": 2.596160, "Cserna": 2.596160, "Bellman": 2.596160, "Minimin": 2.596160, "Nancy": 2.596160, "Lookahead": 9 }