{ "K-Best 1 Pemberton Belief": 1.568855, "K-Best 3 Pemberton Belief": 1.568855, "K-Best 5 Pemberton Belief": 1.568855, "K-Best 7 Pemberton Belief": 1.568855, "Cserna Pemberton Belief": 1.568855, "K-Best 1": 1.568855, "K-Best 3": 1.568855, "K-Best 5": 1.568855, "K-Best 7": 1.568855, "Cserna": 1.568855, "Bellman": 1.568855, "Minimin": 1.568855, "Nancy": 1.568855, "Lookahead": 9 }