{ "K-Best 1 Pemberton Belief": 2.058525, "K-Best 2 Pemberton Belief": 2.058525, "K-Best 3 Pemberton Belief": 2.058525, "K-Best 5 Pemberton Belief": 2.058525, "K-Best 7 Pemberton Belief": 2.058525, "Cserna Pemberton Belief": 2.058525, "K-Best 1": 2.058525, "K-Best 2": 2.058525, "K-Best 3": 2.058525, "K-Best 5": 2.058525, "K-Best 7": 2.058525, "Cserna": 2.058525, "Bellman": 2.058525, "Minimin": 2.058525, "Nancy": 2.058525, "Lookahead": 9 }