{ "K-Best 1 Pemberton Belief": 2.718299, "K-Best 2 Pemberton Belief": 2.718299, "K-Best 3 Pemberton Belief": 2.718299, "K-Best 5 Pemberton Belief": 2.718299, "K-Best 7 Pemberton Belief": 2.718299, "Cserna Pemberton Belief": 2.718299, "K-Best 1": 2.718299, "K-Best 2": 2.718299, "K-Best 3": 2.718299, "K-Best 5": 2.718299, "K-Best 7": 2.718299, "Cserna": 2.718299, "Bellman": 2.718299, "Minimin": 2.718299, "Nancy": 2.718299, "Lookahead": 9 }