{ "K-Best 1 Pemberton Belief": 1.711082, "K-Best 3 Pemberton Belief": 1.711082, "K-Best 5 Pemberton Belief": 1.711082, "K-Best 7 Pemberton Belief": 1.711082, "Cserna Pemberton Belief": 1.711082, "K-Best 1": 1.711082, "K-Best 3": 1.711082, "K-Best 5": 1.711082, "K-Best 7": 1.711082, "Cserna": 1.711082, "Bellman": 1.711082, "Minimin": 1.711082, "Nancy": 1.711082, "Lookahead": 9 }