{ "K-Best 1 Pemberton Belief": 3.020204, "K-Best 3 Pemberton Belief": 3.020204, "K-Best 5 Pemberton Belief": 3.020204, "K-Best 7 Pemberton Belief": 3.020204, "Cserna Pemberton Belief": 3.020204, "K-Best 1": 3.020204, "K-Best 3": 3.020204, "K-Best 5": 3.020204, "K-Best 7": 3.020204, "Cserna": 3.020204, "Bellman": 3.020204, "Minimin": 3.020204, "Nancy": 3.020204, "Lookahead": 9 }