{ "K-Best 1 Pemberton Belief": 2.381151, "K-Best 2 Pemberton Belief": 2.381151, "K-Best 3 Pemberton Belief": 2.381151, "K-Best 5 Pemberton Belief": 2.381151, "K-Best 7 Pemberton Belief": 2.381151, "Cserna Pemberton Belief": 2.381151, "K-Best 1": 2.381151, "K-Best 2": 2.381151, "K-Best 3": 2.381151, "K-Best 5": 2.381151, "K-Best 7": 2.381151, "Cserna": 2.381151, "Bellman": 2.381151, "Minimin": 2.381151, "Nancy": 2.381151, "Lookahead": 9 }