{ "K-Best 1 Pemberton Belief": 3.702583, "K-Best 2 Pemberton Belief": 3.702583, "K-Best 3 Pemberton Belief": 3.702583, "K-Best 5 Pemberton Belief": 3.702583, "K-Best 7 Pemberton Belief": 3.702583, "Cserna Pemberton Belief": 3.702583, "K-Best 1": 3.702583, "K-Best 2": 3.702583, "K-Best 3": 3.702583, "K-Best 5": 3.702583, "K-Best 7": 3.702583, "Cserna": 3.702583, "Bellman": 3.702583, "Minimin": 3.702583, "Nancy": 3.702583, "Lookahead": 9 }