{ "K-Best 1 Pemberton Belief": 1.991325, "K-Best 2 Pemberton Belief": 1.991325, "K-Best 3 Pemberton Belief": 1.991325, "K-Best 5 Pemberton Belief": 1.991325, "K-Best 7 Pemberton Belief": 1.991325, "Cserna Pemberton Belief": 1.991325, "K-Best 1": 1.991325, "K-Best 2": 1.991325, "K-Best 3": 1.991325, "K-Best 5": 1.991325, "K-Best 7": 1.991325, "Cserna": 1.991325, "Bellman": 1.991325, "Minimin": 1.991325, "Nancy": 1.991325, "Lookahead": 9 }