{ "K-Best 1 Pemberton Belief": 2.560632, "K-Best 3 Pemberton Belief": 2.560632, "K-Best 5 Pemberton Belief": 2.560632, "K-Best 7 Pemberton Belief": 2.560632, "Cserna Pemberton Belief": 2.560632, "K-Best 1": 2.560632, "K-Best 3": 2.560632, "K-Best 5": 2.560632, "K-Best 7": 2.560632, "Cserna": 2.560632, "Bellman": 2.560632, "Minimin": 2.560632, "Nancy": 2.560632, "Lookahead": 9 }