{ "K-Best 1 Pemberton Belief": 1.598262, "K-Best 2 Pemberton Belief": 1.598262, "K-Best 3 Pemberton Belief": 1.598262, "K-Best 5 Pemberton Belief": 1.598262, "K-Best 7 Pemberton Belief": 1.598262, "Cserna Pemberton Belief": 1.598262, "K-Best 1": 1.598262, "K-Best 2": 1.598262, "K-Best 3": 1.598262, "K-Best 5": 1.598262, "K-Best 7": 1.598262, "Cserna": 1.598262, "Bellman": 1.598262, "Minimin": 1.598262, "Nancy": 1.598262, "Lookahead": 9 }