{ "K-Best 1 Pemberton Belief": 2.635757, "K-Best 3 Pemberton Belief": 2.635757, "K-Best 5 Pemberton Belief": 2.635757, "K-Best 7 Pemberton Belief": 2.635757, "Cserna Pemberton Belief": 2.635757, "K-Best 1": 2.635757, "K-Best 3": 2.635757, "K-Best 5": 2.635757, "K-Best 7": 2.635757, "Cserna": 2.635757, "Bellman": 2.635757, "Minimin": 2.635757, "Nancy": 2.635757, "Lookahead": 9 }