{ "K-Best 1 Pemberton Belief": 2.590990, "K-Best 3 Pemberton Belief": 2.590990, "K-Best 5 Pemberton Belief": 2.590990, "K-Best 7 Pemberton Belief": 2.590990, "Cserna Pemberton Belief": 2.590990, "K-Best 1": 2.590990, "K-Best 3": 2.590990, "K-Best 5": 2.590990, "K-Best 7": 2.590990, "Cserna": 2.590990, "Bellman": 2.590990, "Minimin": 2.590990, "Nancy": 2.590990, "Lookahead": 9 }