{ "K-Best 1 Pemberton Belief": 3.756208, "K-Best 3 Pemberton Belief": 3.756208, "K-Best 5 Pemberton Belief": 3.756208, "K-Best 7 Pemberton Belief": 3.756208, "Cserna Pemberton Belief": 3.756208, "K-Best 1": 3.756208, "K-Best 3": 3.756208, "K-Best 5": 3.756208, "K-Best 7": 3.756208, "Cserna": 3.756208, "Bellman": 3.756208, "Minimin": 3.756208, "Nancy": 3.756208, "Lookahead": 9 }