{ "K-Best 1 Pemberton Belief": 2.715387, "K-Best 3 Pemberton Belief": 2.715387, "K-Best 5 Pemberton Belief": 2.715387, "K-Best 7 Pemberton Belief": 2.715387, "Cserna Pemberton Belief": 2.715387, "K-Best 1": 2.715387, "K-Best 3": 2.715387, "K-Best 5": 2.715387, "K-Best 7": 2.715387, "Cserna": 2.715387, "Bellman": 2.715387, "Minimin": 2.715387, "Nancy": 2.715387, "Lookahead": 9 }