{ "K-Best 1 Pemberton Belief": 1.568446, "K-Best 3 Pemberton Belief": 1.568446, "K-Best 5 Pemberton Belief": 1.568446, "K-Best 7 Pemberton Belief": 1.568446, "Cserna Pemberton Belief": 1.568446, "K-Best 1": 1.568446, "K-Best 3": 1.568446, "K-Best 5": 1.568446, "K-Best 7": 1.568446, "Cserna": 1.568446, "Bellman": 1.568446, "Minimin": 1.568446, "Nancy": 1.568446, "Lookahead": 9 }