{ "K-Best 1 Pemberton Belief": 3.157654, "K-Best 3 Pemberton Belief": 3.157654, "K-Best 5 Pemberton Belief": 3.157654, "K-Best 7 Pemberton Belief": 3.157654, "Cserna Pemberton Belief": 3.157654, "K-Best 1": 3.157654, "K-Best 3": 3.157654, "K-Best 5": 3.157654, "K-Best 7": 3.157654, "Cserna": 3.157654, "Bellman": 3.157654, "Minimin": 3.157654, "Nancy": 3.157654, "Lookahead": 9 }