{ "K-Best 1 Pemberton Belief": 3.529495, "K-Best 2 Pemberton Belief": 3.529495, "K-Best 3 Pemberton Belief": 3.529495, "K-Best 5 Pemberton Belief": 3.529495, "K-Best 7 Pemberton Belief": 3.529495, "Cserna Pemberton Belief": 3.529495, "K-Best 1": 3.529495, "K-Best 2": 3.529495, "K-Best 3": 3.529495, "K-Best 5": 3.529495, "K-Best 7": 3.529495, "Cserna": 3.529495, "Bellman": 3.529495, "Minimin": 3.529495, "Nancy": 3.529495, "Lookahead": 9 }