{ "K-Best 1 Pemberton Belief": 2.867756, "K-Best 2 Pemberton Belief": 2.867756, "K-Best 3 Pemberton Belief": 2.867756, "K-Best 5 Pemberton Belief": 2.867756, "K-Best 7 Pemberton Belief": 2.867756, "Cserna Pemberton Belief": 2.867756, "K-Best 1": 2.867756, "K-Best 2": 2.867756, "K-Best 3": 2.867756, "K-Best 5": 2.867756, "K-Best 7": 2.867756, "Cserna": 2.867756, "Bellman": 2.867756, "Minimin": 2.867756, "Nancy": 2.867756, "Lookahead": 9 }