{ "K-Best 1 Pemberton Belief": 2.412801, "K-Best 3 Pemberton Belief": 2.412801, "K-Best 5 Pemberton Belief": 2.412801, "K-Best 7 Pemberton Belief": 2.412801, "Cserna Pemberton Belief": 2.412801, "K-Best 1": 2.412801, "K-Best 3": 2.412801, "K-Best 5": 2.412801, "K-Best 7": 2.412801, "Cserna": 2.412801, "Bellman": 2.412801, "Minimin": 2.412801, "Nancy": 2.412801, "Lookahead": 9 }