{ "K-Best 1 Pemberton Belief": 2.295156, "K-Best 2 Pemberton Belief": 2.295156, "K-Best 3 Pemberton Belief": 2.295156, "K-Best 5 Pemberton Belief": 2.295156, "K-Best 7 Pemberton Belief": 2.295156, "Cserna Pemberton Belief": 2.295156, "K-Best 1": 2.295156, "K-Best 2": 2.295156, "K-Best 3": 2.295156, "K-Best 5": 2.295156, "K-Best 7": 2.295156, "Cserna": 2.295156, "Bellman": 2.295156, "Minimin": 2.295156, "Nancy": 2.295156, "Lookahead": 9 }