{ "K-Best 1 Pemberton Belief": 2.329570, "K-Best 3 Pemberton Belief": 2.329570, "K-Best 5 Pemberton Belief": 2.329570, "K-Best 7 Pemberton Belief": 2.329570, "Cserna Pemberton Belief": 2.329570, "K-Best 1": 2.329570, "K-Best 3": 2.329570, "K-Best 5": 2.329570, "K-Best 7": 2.329570, "Cserna": 2.329570, "Bellman": 2.329570, "Minimin": 2.329570, "Nancy": 2.329570, "Lookahead": 9 }