{ "K-Best 1 Pemberton Belief": 2.469448, "K-Best 3 Pemberton Belief": 2.469448, "K-Best 5 Pemberton Belief": 2.469448, "K-Best 7 Pemberton Belief": 2.469448, "Cserna Pemberton Belief": 2.469448, "K-Best 1": 2.469448, "K-Best 3": 2.469448, "K-Best 5": 2.469448, "K-Best 7": 2.469448, "Cserna": 2.469448, "Bellman": 2.469448, "Minimin": 2.469448, "Nancy": 2.469448, "Lookahead": 9 }