{ "K-Best 1 Pemberton Belief": 2.457454, "K-Best 2 Pemberton Belief": 2.460109, "K-Best 3 Pemberton Belief": 2.460109, "K-Best 5 Pemberton Belief": 2.460109, "K-Best 7 Pemberton Belief": 2.460109, "Cserna Pemberton Belief": 2.460109, "K-Best 1": 2.457454, "K-Best 2": 2.460109, "K-Best 3": 2.460109, "K-Best 5": 2.460109, "K-Best 7": 2.460109, "Cserna": 2.460109, "Bellman": 2.457454, "Minimin": 2.457454, "Nancy": 2.457454, "Lookahead": 9 }