{ "K-Best 1 Pemberton Belief": 2.555699, "K-Best 2 Pemberton Belief": 2.645797, "K-Best 3 Pemberton Belief": 2.645797, "K-Best 5 Pemberton Belief": 2.645797, "K-Best 7 Pemberton Belief": 2.645797, "Cserna Pemberton Belief": 2.645797, "K-Best 1": 2.555699, "K-Best 2": 2.645797, "K-Best 3": 2.645797, "K-Best 5": 2.645797, "K-Best 7": 2.645797, "Cserna": 2.645797, "Bellman": 2.555699, "Minimin": 2.555699, "Nancy": 2.555699, "Lookahead": 9 }