{ "K-Best 1 Pemberton Belief": 1.989147, "K-Best 2 Pemberton Belief": 1.989147, "K-Best 3 Pemberton Belief": 1.989147, "K-Best 5 Pemberton Belief": 1.989147, "K-Best 7 Pemberton Belief": 1.989147, "Cserna Pemberton Belief": 1.989147, "K-Best 1": 1.989147, "K-Best 2": 1.989147, "K-Best 3": 1.989147, "K-Best 5": 1.989147, "K-Best 7": 1.989147, "Cserna": 1.989147, "Bellman": 1.989147, "Minimin": 1.989147, "Nancy": 1.989147, "Lookahead": 9 }