{ "K-Best 1 Pemberton Belief": 1.778059, "K-Best 2 Pemberton Belief": 1.778059, "K-Best 3 Pemberton Belief": 1.778059, "K-Best 5 Pemberton Belief": 1.778059, "K-Best 7 Pemberton Belief": 1.778059, "Cserna Pemberton Belief": 1.778059, "K-Best 1": 1.778059, "K-Best 2": 1.778059, "K-Best 3": 1.778059, "K-Best 5": 1.778059, "K-Best 7": 1.778059, "Cserna": 1.778059, "Bellman": 1.778059, "Minimin": 1.778059, "Nancy": 1.778059, "Lookahead": 9 }