{ "K-Best 1 Pemberton Belief": 2.504397, "K-Best 2 Pemberton Belief": 2.504397, "K-Best 3 Pemberton Belief": 2.504397, "K-Best 5 Pemberton Belief": 2.504397, "K-Best 7 Pemberton Belief": 2.504397, "Cserna Pemberton Belief": 2.504397, "K-Best 1": 2.504397, "K-Best 2": 2.504397, "K-Best 3": 2.504397, "K-Best 5": 2.504397, "K-Best 7": 2.504397, "Cserna": 2.504397, "Bellman": 2.504397, "Minimin": 2.504397, "Nancy": 2.504397, "Lookahead": 9 }