{ "K-Best 1 Pemberton Belief": 1.631055, "K-Best 3 Pemberton Belief": 1.631055, "K-Best 5 Pemberton Belief": 1.631055, "K-Best 7 Pemberton Belief": 1.631055, "Cserna Pemberton Belief": 1.631055, "K-Best 1": 1.631055, "K-Best 3": 1.631055, "K-Best 5": 1.631055, "K-Best 7": 1.631055, "Cserna": 1.631055, "Bellman": 1.631055, "Minimin": 1.631055, "Nancy": 1.631055, "Lookahead": 9 }