{ "K-Best 1 Pemberton Belief": 2.225459, "K-Best 3 Pemberton Belief": 2.225459, "K-Best 5 Pemberton Belief": 2.225459, "K-Best 7 Pemberton Belief": 2.225459, "Cserna Pemberton Belief": 2.225459, "K-Best 1": 2.225459, "K-Best 3": 2.225459, "K-Best 5": 2.225459, "K-Best 7": 2.225459, "Cserna": 2.225459, "Bellman": 2.225459, "Minimin": 2.225459, "Nancy": 2.225459, "Lookahead": 9 }