{ "K-Best 1 Pemberton Belief": 1.914572, "K-Best 3 Pemberton Belief": 1.914572, "K-Best 5 Pemberton Belief": 1.914572, "K-Best 7 Pemberton Belief": 1.914572, "Cserna Pemberton Belief": 1.914572, "K-Best 1": 1.914572, "K-Best 3": 1.914572, "K-Best 5": 1.914572, "K-Best 7": 1.914572, "Cserna": 1.914572, "Bellman": 1.914572, "Minimin": 1.914572, "Nancy": 1.914572, "Lookahead": 9 }