{ "K-Best 1 Pemberton Belief": 1.398619, "K-Best 2 Pemberton Belief": 1.398619, "K-Best 3 Pemberton Belief": 1.398619, "K-Best 5 Pemberton Belief": 1.398619, "K-Best 7 Pemberton Belief": 1.398619, "Cserna Pemberton Belief": 1.398619, "K-Best 1": 1.398619, "K-Best 2": 1.398619, "K-Best 3": 1.398619, "K-Best 5": 1.398619, "K-Best 7": 1.398619, "Cserna": 1.398619, "Bellman": 1.398619, "Minimin": 1.398619, "Nancy": 1.398619, "Lookahead": 9 }