{ "K-Best 1 Pemberton Belief": 2.964366, "K-Best 3 Pemberton Belief": 2.964366, "K-Best 5 Pemberton Belief": 2.964366, "K-Best 7 Pemberton Belief": 2.964366, "Cserna Pemberton Belief": 2.964366, "K-Best 1": 2.964366, "K-Best 3": 2.964366, "K-Best 5": 2.964366, "K-Best 7": 2.964366, "Cserna": 2.964366, "Bellman": 2.964366, "Minimin": 2.964366, "Nancy": 2.964366, "Lookahead": 9 }