{ "K-Best 1 Pemberton Belief": 2.250167, "K-Best 3 Pemberton Belief": 2.250167, "K-Best 5 Pemberton Belief": 2.250167, "K-Best 7 Pemberton Belief": 2.250167, "Cserna Pemberton Belief": 2.250167, "K-Best 1": 2.250167, "K-Best 3": 2.250167, "K-Best 5": 2.250167, "K-Best 7": 2.250167, "Cserna": 2.250167, "Bellman": 2.250167, "Minimin": 2.250167, "Nancy": 2.250167, "Lookahead": 9 }