{ "K-Best 1 Pemberton Belief": 2.477634, "K-Best 2 Pemberton Belief": 2.477634, "K-Best 3 Pemberton Belief": 2.477634, "K-Best 5 Pemberton Belief": 2.477634, "K-Best 7 Pemberton Belief": 2.477634, "Cserna Pemberton Belief": 2.477634, "K-Best 1": 2.477634, "K-Best 2": 2.477634, "K-Best 3": 2.477634, "K-Best 5": 2.477634, "K-Best 7": 2.477634, "Cserna": 2.477634, "Bellman": 2.477634, "Minimin": 2.477634, "Nancy": 2.477634, "Lookahead": 9 }