{ "K-Best 1 Pemberton Belief": 1.550395, "K-Best 2 Pemberton Belief": 1.550395, "K-Best 3 Pemberton Belief": 1.550395, "K-Best 5 Pemberton Belief": 1.550395, "K-Best 7 Pemberton Belief": 1.550395, "Cserna Pemberton Belief": 1.550395, "K-Best 1": 1.550395, "K-Best 2": 1.550395, "K-Best 3": 1.550395, "K-Best 5": 1.550395, "K-Best 7": 1.550395, "Cserna": 1.550395, "Bellman": 1.550395, "Minimin": 1.550395, "Nancy": 1.550395, "Lookahead": 9 }