{ "K-Best 1 Pemberton Belief": 3.260981, "K-Best 2 Pemberton Belief": 3.260981, "K-Best 3 Pemberton Belief": 3.260981, "K-Best 5 Pemberton Belief": 3.260981, "K-Best 7 Pemberton Belief": 3.260981, "Cserna Pemberton Belief": 3.260981, "K-Best 1": 3.260981, "K-Best 2": 3.260981, "K-Best 3": 3.260981, "K-Best 5": 3.260981, "K-Best 7": 3.260981, "Cserna": 3.260981, "Bellman": 3.260981, "Minimin": 3.260981, "Nancy": 3.260981, "Lookahead": 9 }