{ "K-Best 1 Pemberton Belief": 2.594244, "K-Best 3 Pemberton Belief": 2.594244, "K-Best 5 Pemberton Belief": 2.594244, "K-Best 7 Pemberton Belief": 2.594244, "Cserna Pemberton Belief": 2.594244, "K-Best 1": 2.594244, "K-Best 3": 2.594244, "K-Best 5": 2.594244, "K-Best 7": 2.594244, "Cserna": 2.594244, "Bellman": 2.594244, "Minimin": 2.594244, "Nancy": 2.594244, "Lookahead": 9 }