{ "K-Best 1 Pemberton Belief": 1.531504, "K-Best 3 Pemberton Belief": 1.531504, "K-Best 5 Pemberton Belief": 1.531504, "K-Best 7 Pemberton Belief": 1.531504, "Cserna Pemberton Belief": 1.531504, "K-Best 1": 1.531504, "K-Best 3": 1.531504, "K-Best 5": 1.531504, "K-Best 7": 1.531504, "Cserna": 1.531504, "Bellman": 1.531504, "Minimin": 1.531504, "Nancy": 1.531504, "Lookahead": 9 }