{ "K-Best 1 Pemberton Belief": 1.982435, "K-Best 2 Pemberton Belief": 1.982435, "K-Best 3 Pemberton Belief": 1.982435, "K-Best 5 Pemberton Belief": 1.982435, "K-Best 7 Pemberton Belief": 1.982435, "Cserna Pemberton Belief": 1.982435, "K-Best 1": 1.982435, "K-Best 2": 1.982435, "K-Best 3": 1.982435, "K-Best 5": 1.982435, "K-Best 7": 1.982435, "Cserna": 1.982435, "Bellman": 1.982435, "Minimin": 1.982435, "Nancy": 1.982435, "Lookahead": 9 }