{ "K-Best 1 Pemberton Belief": 2.463804, "K-Best 3 Pemberton Belief": 2.463804, "K-Best 5 Pemberton Belief": 2.463804, "K-Best 7 Pemberton Belief": 2.463804, "Cserna Pemberton Belief": 2.463804, "K-Best 1": 2.463804, "K-Best 3": 2.463804, "K-Best 5": 2.463804, "K-Best 7": 2.463804, "Cserna": 2.463804, "Bellman": 2.463804, "Minimin": 2.463804, "Nancy": 2.463804, "Lookahead": 9 }