{ "K-Best 1 Pemberton Belief": 2.526978, "K-Best 3 Pemberton Belief": 2.526978, "K-Best 5 Pemberton Belief": 2.526978, "K-Best 7 Pemberton Belief": 2.526978, "Cserna Pemberton Belief": 2.526978, "K-Best 1": 2.526978, "K-Best 3": 2.526978, "K-Best 5": 2.526978, "K-Best 7": 2.526978, "Cserna": 2.526978, "Bellman": 2.526978, "Minimin": 2.526978, "Nancy": 2.526978, "Lookahead": 9 }