{ "K-Best 1 Pemberton Belief": 3.210916, "K-Best 2 Pemberton Belief": 3.210916, "K-Best 3 Pemberton Belief": 3.210916, "K-Best 5 Pemberton Belief": 3.210916, "K-Best 7 Pemberton Belief": 3.210916, "Cserna Pemberton Belief": 3.210916, "K-Best 1": 3.210916, "K-Best 2": 3.210916, "K-Best 3": 3.210916, "K-Best 5": 3.210916, "K-Best 7": 3.210916, "Cserna": 3.210916, "Bellman": 3.210916, "Minimin": 3.210916, "Nancy": 3.210916, "Lookahead": 9 }