{ "K-Best 1 Pemberton Belief": 2.663928, "K-Best 2 Pemberton Belief": 2.663928, "K-Best 3 Pemberton Belief": 2.663928, "K-Best 5 Pemberton Belief": 2.663928, "K-Best 7 Pemberton Belief": 2.663928, "Cserna Pemberton Belief": 2.663928, "K-Best 1": 2.663928, "K-Best 2": 2.663928, "K-Best 3": 2.663928, "K-Best 5": 2.663928, "K-Best 7": 2.663928, "Cserna": 2.663928, "Bellman": 2.663928, "Minimin": 2.663928, "Nancy": 2.663928, "Lookahead": 9 }