{ "K-Best 1 Pemberton Belief": 3.115742, "K-Best 2 Pemberton Belief": 3.115742, "K-Best 3 Pemberton Belief": 3.115742, "K-Best 5 Pemberton Belief": 3.115742, "K-Best 7 Pemberton Belief": 3.115742, "Cserna Pemberton Belief": 3.115742, "K-Best 1": 3.115742, "K-Best 2": 3.115742, "K-Best 3": 3.115742, "K-Best 5": 3.115742, "K-Best 7": 3.115742, "Cserna": 3.115742, "Bellman": 3.115742, "Minimin": 3.115742, "Nancy": 3.115742, "Lookahead": 9 }