{ "K-Best 1 Pemberton Belief": 3.434448, "K-Best 2 Pemberton Belief": 3.434448, "K-Best 3 Pemberton Belief": 3.434448, "K-Best 5 Pemberton Belief": 3.434448, "K-Best 7 Pemberton Belief": 3.434448, "Cserna Pemberton Belief": 3.434448, "K-Best 1": 3.434448, "K-Best 2": 3.434448, "K-Best 3": 3.434448, "K-Best 5": 3.434448, "K-Best 7": 3.434448, "Cserna": 3.434448, "Bellman": 3.434448, "Minimin": 3.434448, "Nancy": 3.434448, "Lookahead": 9 }