{ "K-Best 1 Pemberton Belief": 2.181196, "K-Best 3 Pemberton Belief": 2.181196, "K-Best 5 Pemberton Belief": 2.181196, "K-Best 7 Pemberton Belief": 2.181196, "Cserna Pemberton Belief": 2.181196, "K-Best 1": 2.181196, "K-Best 3": 2.181196, "K-Best 5": 2.181196, "K-Best 7": 2.181196, "Cserna": 2.181196, "Bellman": 2.181196, "Minimin": 2.181196, "Nancy": 2.181196, "Lookahead": 9 }