{ "K-Best 1 Pemberton Belief": 2.019674, "K-Best 3 Pemberton Belief": 2.019674, "K-Best 5 Pemberton Belief": 2.019674, "K-Best 7 Pemberton Belief": 2.019674, "Cserna Pemberton Belief": 2.019674, "K-Best 1": 2.019674, "K-Best 3": 2.019674, "K-Best 5": 2.019674, "K-Best 7": 2.019674, "Cserna": 2.019674, "Bellman": 2.019674, "Minimin": 2.019674, "Nancy": 2.019674, "Lookahead": 9 }