{ "K-Best 1 Pemberton Belief": 2.281137, "K-Best 3 Pemberton Belief": 2.281137, "K-Best 5 Pemberton Belief": 2.281137, "K-Best 7 Pemberton Belief": 2.281137, "Cserna Pemberton Belief": 2.281137, "K-Best 1": 2.281137, "K-Best 3": 2.281137, "K-Best 5": 2.281137, "K-Best 7": 2.281137, "Cserna": 2.281137, "Bellman": 2.281137, "Minimin": 2.281137, "Nancy": 2.281137, "Lookahead": 9 }