{ "K-Best 1 Pemberton Belief": 1.909473, "K-Best 2 Pemberton Belief": 1.909473, "K-Best 3 Pemberton Belief": 1.909473, "K-Best 5 Pemberton Belief": 1.909473, "K-Best 7 Pemberton Belief": 1.909473, "Cserna Pemberton Belief": 1.909473, "K-Best 1": 1.909473, "K-Best 2": 1.909473, "K-Best 3": 1.909473, "K-Best 5": 1.909473, "K-Best 7": 1.909473, "Cserna": 1.909473, "Bellman": 1.909473, "Minimin": 1.909473, "Nancy": 1.909473, "Lookahead": 9 }