{ "K-Best 1 Pemberton Belief": 3.395362, "K-Best 2 Pemberton Belief": 3.395362, "K-Best 3 Pemberton Belief": 3.395362, "K-Best 5 Pemberton Belief": 3.395362, "K-Best 7 Pemberton Belief": 3.395362, "Cserna Pemberton Belief": 3.395362, "K-Best 1": 3.395362, "K-Best 2": 3.395362, "K-Best 3": 3.395362, "K-Best 5": 3.395362, "K-Best 7": 3.395362, "Cserna": 3.395362, "Bellman": 3.395362, "Minimin": 3.395362, "Nancy": 3.395362, "Lookahead": 9 }