{ "K-Best 1 Pemberton Belief": 2.491445, "K-Best 3 Pemberton Belief": 2.491445, "K-Best 5 Pemberton Belief": 2.491445, "K-Best 7 Pemberton Belief": 2.491445, "Cserna Pemberton Belief": 2.491445, "K-Best 1": 2.491445, "K-Best 3": 2.491445, "K-Best 5": 2.491445, "K-Best 7": 2.491445, "Cserna": 2.491445, "Bellman": 2.491445, "Minimin": 2.491445, "Nancy": 2.491445, "Lookahead": 9 }