{ "K-Best 1 Pemberton Belief": 2.936978, "K-Best 2 Pemberton Belief": 2.936978, "K-Best 3 Pemberton Belief": 2.936978, "K-Best 5 Pemberton Belief": 2.936978, "K-Best 7 Pemberton Belief": 2.936978, "Cserna Pemberton Belief": 2.936978, "K-Best 1": 2.936978, "K-Best 2": 2.936978, "K-Best 3": 2.936978, "K-Best 5": 2.936978, "K-Best 7": 2.936978, "Cserna": 2.936978, "Bellman": 2.936978, "Minimin": 2.936978, "Nancy": 2.936978, "Lookahead": 9 }