{ "K-Best 1 Pemberton Belief": 2.463916, "K-Best 3 Pemberton Belief": 2.463916, "K-Best 5 Pemberton Belief": 2.463916, "K-Best 7 Pemberton Belief": 2.463916, "Cserna Pemberton Belief": 2.463916, "K-Best 1": 2.463916, "K-Best 3": 2.463916, "K-Best 5": 2.463916, "K-Best 7": 2.463916, "Cserna": 2.463916, "Bellman": 2.463916, "Minimin": 2.463916, "Nancy": 2.463916, "Lookahead": 9 }