{ "K-Best 1 Pemberton Belief": 2.984451, "K-Best 3 Pemberton Belief": 2.984451, "K-Best 5 Pemberton Belief": 2.984451, "K-Best 7 Pemberton Belief": 2.984451, "Cserna Pemberton Belief": 2.984451, "K-Best 1": 2.984451, "K-Best 3": 2.984451, "K-Best 5": 2.984451, "K-Best 7": 2.984451, "Cserna": 2.984451, "Bellman": 2.984451, "Minimin": 2.984451, "Nancy": 2.984451, "Lookahead": 9 }