{ "K-Best 1 Pemberton Belief": 3.366375, "K-Best 3 Pemberton Belief": 3.366375, "K-Best 5 Pemberton Belief": 3.366375, "K-Best 7 Pemberton Belief": 3.366375, "Cserna Pemberton Belief": 3.366375, "K-Best 1": 3.366375, "K-Best 3": 3.366375, "K-Best 5": 3.366375, "K-Best 7": 3.366375, "Cserna": 3.366375, "Bellman": 3.366375, "Minimin": 3.366375, "Nancy": 3.366375, "Lookahead": 9 }