{ "K-Best 1 Pemberton Belief": 2.793595, "K-Best 3 Pemberton Belief": 2.793595, "K-Best 5 Pemberton Belief": 2.793595, "K-Best 7 Pemberton Belief": 2.793595, "Cserna Pemberton Belief": 2.793595, "K-Best 1": 2.793595, "K-Best 3": 2.793595, "K-Best 5": 2.793595, "K-Best 7": 2.793595, "Cserna": 2.793595, "Bellman": 2.793595, "Minimin": 2.793595, "Nancy": 2.793595, "Lookahead": 9 }