{ "K-Best 1 Pemberton Belief": 2.231034, "K-Best 2 Pemberton Belief": 2.231034, "K-Best 3 Pemberton Belief": 2.231034, "K-Best 5 Pemberton Belief": 2.231034, "K-Best 7 Pemberton Belief": 2.231034, "Cserna Pemberton Belief": 2.231034, "K-Best 1": 2.231034, "K-Best 2": 2.231034, "K-Best 3": 2.231034, "K-Best 5": 2.231034, "K-Best 7": 2.231034, "Cserna": 2.231034, "Bellman": 2.231034, "Minimin": 2.231034, "Nancy": 2.231034, "Lookahead": 9 }