{ "K-Best 1 Pemberton Belief": 2.594372, "K-Best 2 Pemberton Belief": 2.594372, "K-Best 3 Pemberton Belief": 2.594372, "K-Best 5 Pemberton Belief": 2.594372, "K-Best 7 Pemberton Belief": 2.594372, "Cserna Pemberton Belief": 2.594372, "K-Best 1": 2.594372, "K-Best 2": 2.594372, "K-Best 3": 2.594372, "K-Best 5": 2.594372, "K-Best 7": 2.594372, "Cserna": 2.594372, "Bellman": 2.594372, "Minimin": 2.594372, "Nancy": 2.594372, "Lookahead": 9 }