{ "K-Best 1 Pemberton Belief": 3.424908, "K-Best 2 Pemberton Belief": 3.424908, "K-Best 3 Pemberton Belief": 3.424908, "K-Best 5 Pemberton Belief": 3.424908, "K-Best 7 Pemberton Belief": 3.424908, "Cserna Pemberton Belief": 3.424908, "K-Best 1": 3.424908, "K-Best 2": 3.424908, "K-Best 3": 3.424908, "K-Best 5": 3.424908, "K-Best 7": 3.424908, "Cserna": 3.424908, "Bellman": 3.424908, "Minimin": 3.424908, "Nancy": 3.424908, "Lookahead": 9 }