{ "K-Best 1 Pemberton Belief": 3.276902, "K-Best 2 Pemberton Belief": 3.276902, "K-Best 3 Pemberton Belief": 3.276902, "K-Best 5 Pemberton Belief": 3.276902, "K-Best 7 Pemberton Belief": 3.276902, "Cserna Pemberton Belief": 3.276902, "K-Best 1": 3.276902, "K-Best 2": 3.276902, "K-Best 3": 3.276902, "K-Best 5": 3.276902, "K-Best 7": 3.276902, "Cserna": 3.276902, "Bellman": 3.276902, "Minimin": 3.276902, "Nancy": 3.276902, "Lookahead": 9 }