{ "K-Best 1 Pemberton Belief": 2.410966, "K-Best 3 Pemberton Belief": 2.410966, "K-Best 5 Pemberton Belief": 2.410966, "K-Best 7 Pemberton Belief": 2.410966, "Cserna Pemberton Belief": 2.410966, "K-Best 1": 2.410966, "K-Best 3": 2.410966, "K-Best 5": 2.410966, "K-Best 7": 2.410966, "Cserna": 2.410966, "Bellman": 2.410966, "Minimin": 2.410966, "Nancy": 2.410966, "Lookahead": 9 }