{ "K-Best 1 Pemberton Belief": 3.382206, "K-Best 2 Pemberton Belief": 3.382206, "K-Best 3 Pemberton Belief": 3.382206, "K-Best 5 Pemberton Belief": 3.382206, "K-Best 7 Pemberton Belief": 3.382206, "Cserna Pemberton Belief": 3.382206, "K-Best 1": 3.382206, "K-Best 2": 3.382206, "K-Best 3": 3.382206, "K-Best 5": 3.382206, "K-Best 7": 3.382206, "Cserna": 3.382206, "Bellman": 3.382206, "Minimin": 3.382206, "Nancy": 3.382206, "Lookahead": 9 }