{ "K-Best 1 Pemberton Belief": 2.360561, "K-Best 3 Pemberton Belief": 2.360561, "K-Best 5 Pemberton Belief": 2.360561, "K-Best 7 Pemberton Belief": 2.360561, "Cserna Pemberton Belief": 2.360561, "K-Best 1": 2.360561, "K-Best 3": 2.360561, "K-Best 5": 2.360561, "K-Best 7": 2.360561, "Cserna": 2.360561, "Bellman": 2.360561, "Minimin": 2.360561, "Nancy": 2.360561, "Lookahead": 9 }