{ "K-Best 1 Pemberton Belief": 2.558857, "K-Best 3 Pemberton Belief": 2.558857, "K-Best 5 Pemberton Belief": 2.558857, "K-Best 7 Pemberton Belief": 2.558857, "Cserna Pemberton Belief": 2.558857, "K-Best 1": 2.558857, "K-Best 3": 2.558857, "K-Best 5": 2.558857, "K-Best 7": 2.558857, "Cserna": 2.558857, "Bellman": 2.558857, "Minimin": 2.558857, "Nancy": 2.558857, "Lookahead": 9 }