{ "K-Best 1 Pemberton Belief": 2.920673, "K-Best 3 Pemberton Belief": 2.935350, "K-Best 5 Pemberton Belief": 2.920673, "K-Best 7 Pemberton Belief": 2.920673, "Cserna Pemberton Belief": 2.920673, "K-Best 1": 2.920673, "K-Best 3": 2.935350, "K-Best 5": 2.920673, "K-Best 7": 2.920673, "Cserna": 2.920673, "Bellman": 2.920673, "Minimin": 2.920673, "Nancy": 2.920673, "Lookahead": 9 }