{ "K-Best 1 Pemberton Belief": 2.519608, "K-Best 3 Pemberton Belief": 2.519608, "K-Best 5 Pemberton Belief": 2.519608, "K-Best 7 Pemberton Belief": 2.519608, "Cserna Pemberton Belief": 2.519608, "K-Best 1": 2.519608, "K-Best 3": 2.519608, "K-Best 5": 2.519608, "K-Best 7": 2.519608, "Cserna": 2.519608, "Bellman": 2.519608, "Minimin": 2.519608, "Nancy": 2.519608, "Lookahead": 9 }