{ "K-Best 1 Pemberton Belief": 2.583204, "K-Best 2 Pemberton Belief": 2.583204, "K-Best 3 Pemberton Belief": 2.583204, "K-Best 5 Pemberton Belief": 2.583204, "K-Best 7 Pemberton Belief": 2.583204, "Cserna Pemberton Belief": 2.583204, "K-Best 1": 2.583204, "K-Best 2": 2.583204, "K-Best 3": 2.583204, "K-Best 5": 2.583204, "K-Best 7": 2.583204, "Cserna": 2.583204, "Bellman": 2.583204, "Minimin": 2.583204, "Nancy": 2.583204, "Lookahead": 9 }