{ "K-Best 1 Pemberton Belief": 2.683839, "K-Best 2 Pemberton Belief": 2.683839, "K-Best 3 Pemberton Belief": 2.683839, "K-Best 5 Pemberton Belief": 2.683839, "K-Best 7 Pemberton Belief": 2.683839, "Cserna Pemberton Belief": 2.683839, "K-Best 1": 2.683839, "K-Best 2": 2.683839, "K-Best 3": 2.683839, "K-Best 5": 2.683839, "K-Best 7": 2.683839, "Cserna": 2.683839, "Bellman": 2.683839, "Minimin": 2.683839, "Nancy": 2.683839, "Lookahead": 9 }