{ "K-Best 1 Pemberton Belief": 2.377866, "K-Best 2 Pemberton Belief": 2.380260, "K-Best 3 Pemberton Belief": 2.380260, "K-Best 5 Pemberton Belief": 2.380260, "K-Best 7 Pemberton Belief": 2.380260, "Cserna Pemberton Belief": 2.380260, "K-Best 1": 2.377866, "K-Best 2": 2.380260, "K-Best 3": 2.380260, "K-Best 5": 2.380260, "K-Best 7": 2.380260, "Cserna": 2.380260, "Bellman": 2.377866, "Minimin": 2.377866, "Nancy": 2.377866, "Lookahead": 9 }