{ "K-Best 1 Pemberton Belief": 1.736649, "K-Best 2 Pemberton Belief": 1.736649, "K-Best 3 Pemberton Belief": 1.736649, "K-Best 5 Pemberton Belief": 1.736649, "K-Best 7 Pemberton Belief": 1.736649, "Cserna Pemberton Belief": 1.736649, "K-Best 1": 1.736649, "K-Best 2": 1.736649, "K-Best 3": 1.736649, "K-Best 5": 1.736649, "K-Best 7": 1.736649, "Cserna": 1.736649, "Bellman": 1.736649, "Minimin": 1.736649, "Nancy": 1.736649, "Lookahead": 9 }