{ "K-Best 1 Pemberton Belief": 2.404383, "K-Best 2 Pemberton Belief": 2.404383, "K-Best 3 Pemberton Belief": 2.404383, "K-Best 5 Pemberton Belief": 2.404383, "K-Best 7 Pemberton Belief": 2.404383, "Cserna Pemberton Belief": 2.404383, "K-Best 1": 2.404383, "K-Best 2": 2.404383, "K-Best 3": 2.404383, "K-Best 5": 2.404383, "K-Best 7": 2.404383, "Cserna": 2.404383, "Bellman": 2.404383, "Minimin": 2.404383, "Nancy": 2.404383, "Lookahead": 9 }