{ "K-Best 1 Pemberton Belief": 2.703118, "K-Best 2 Pemberton Belief": 2.703118, "K-Best 3 Pemberton Belief": 2.703118, "K-Best 5 Pemberton Belief": 2.703118, "K-Best 7 Pemberton Belief": 2.703118, "Cserna Pemberton Belief": 2.703118, "K-Best 1": 2.703118, "K-Best 2": 2.703118, "K-Best 3": 2.703118, "K-Best 5": 2.703118, "K-Best 7": 2.703118, "Cserna": 2.703118, "Bellman": 2.703118, "Minimin": 2.703118, "Nancy": 2.703118, "Lookahead": 9 }