{ "K-Best 1 Pemberton Belief": 2.976168, "K-Best 2 Pemberton Belief": 2.976168, "K-Best 3 Pemberton Belief": 2.976168, "K-Best 5 Pemberton Belief": 2.976168, "K-Best 7 Pemberton Belief": 2.976168, "Cserna Pemberton Belief": 2.976168, "K-Best 1": 2.976168, "K-Best 2": 2.976168, "K-Best 3": 2.976168, "K-Best 5": 2.976168, "K-Best 7": 2.976168, "Cserna": 2.976168, "Bellman": 2.976168, "Minimin": 2.976168, "Nancy": 2.976168, "Lookahead": 9 }