{ "K-Best 1 Pemberton Belief": 2.553215, "K-Best 2 Pemberton Belief": 2.553215, "K-Best 3 Pemberton Belief": 2.553215, "K-Best 5 Pemberton Belief": 2.553215, "K-Best 7 Pemberton Belief": 2.553215, "Cserna Pemberton Belief": 2.553215, "K-Best 1": 2.553215, "K-Best 2": 2.553215, "K-Best 3": 2.553215, "K-Best 5": 2.553215, "K-Best 7": 2.553215, "Cserna": 2.553215, "Bellman": 2.553215, "Minimin": 2.553215, "Nancy": 2.553215, "Lookahead": 9 }