{ "K-Best 1 Pemberton Belief": 2.604581, "K-Best 2 Pemberton Belief": 2.604581, "K-Best 3 Pemberton Belief": 2.604581, "K-Best 5 Pemberton Belief": 2.604581, "K-Best 7 Pemberton Belief": 2.604581, "Cserna Pemberton Belief": 2.604581, "K-Best 1": 2.604581, "K-Best 2": 2.604581, "K-Best 3": 2.604581, "K-Best 5": 2.604581, "K-Best 7": 2.604581, "Cserna": 2.604581, "Bellman": 2.604581, "Minimin": 2.604581, "Nancy": 2.604581, "Lookahead": 9 }