{ "K-Best 1 Pemberton Belief": 2.024066, "K-Best 2 Pemberton Belief": 2.024066, "K-Best 3 Pemberton Belief": 2.024066, "K-Best 5 Pemberton Belief": 2.024066, "K-Best 7 Pemberton Belief": 2.024066, "Cserna Pemberton Belief": 2.024066, "K-Best 1": 2.024066, "K-Best 2": 2.024066, "K-Best 3": 2.024066, "K-Best 5": 2.024066, "K-Best 7": 2.024066, "Cserna": 2.024066, "Bellman": 2.024066, "Minimin": 2.024066, "Nancy": 2.024066, "Lookahead": 9 }