{ "K-Best 1 Pemberton Belief": 2.417452, "K-Best 3 Pemberton Belief": 2.417452, "K-Best 5 Pemberton Belief": 2.417452, "K-Best 7 Pemberton Belief": 2.417452, "Cserna Pemberton Belief": 2.417452, "K-Best 1": 2.417452, "K-Best 3": 2.417452, "K-Best 5": 2.417452, "K-Best 7": 2.417452, "Cserna": 2.417452, "Bellman": 2.417452, "Minimin": 2.417452, "Nancy": 2.417452, "Lookahead": 9 }