{ "K-Best 1 Pemberton Belief": 1.568225, "K-Best 2 Pemberton Belief": 1.568225, "K-Best 3 Pemberton Belief": 1.568225, "K-Best 5 Pemberton Belief": 1.568225, "K-Best 7 Pemberton Belief": 1.568225, "Cserna Pemberton Belief": 1.568225, "K-Best 1": 1.568225, "K-Best 2": 1.568225, "K-Best 3": 1.568225, "K-Best 5": 1.568225, "K-Best 7": 1.568225, "Cserna": 1.568225, "Bellman": 1.568225, "Minimin": 1.568225, "Nancy": 1.568225, "Lookahead": 9 }