{ "K-Best 1 Pemberton Belief": 2.918570, "K-Best 2 Pemberton Belief": 2.918570, "K-Best 3 Pemberton Belief": 2.918570, "K-Best 5 Pemberton Belief": 2.918570, "K-Best 7 Pemberton Belief": 2.918570, "Cserna Pemberton Belief": 2.918570, "K-Best 1": 2.918570, "K-Best 2": 2.918570, "K-Best 3": 2.918570, "K-Best 5": 2.918570, "K-Best 7": 2.918570, "Cserna": 2.918570, "Bellman": 2.918570, "Minimin": 2.918570, "Nancy": 2.918570, "Lookahead": 9 }