{ "K-Best 1 Pemberton Belief": 2.482601, "K-Best 2 Pemberton Belief": 2.482601, "K-Best 3 Pemberton Belief": 2.482601, "K-Best 5 Pemberton Belief": 2.482601, "K-Best 7 Pemberton Belief": 2.482601, "Cserna Pemberton Belief": 2.482601, "K-Best 1": 2.482601, "K-Best 2": 2.482601, "K-Best 3": 2.482601, "K-Best 5": 2.482601, "K-Best 7": 2.482601, "Cserna": 2.482601, "Bellman": 2.482601, "Minimin": 2.482601, "Nancy": 2.482601, "Lookahead": 9 }