{ "K-Best 1 Pemberton Belief": 2.909078, "K-Best 3 Pemberton Belief": 2.909078, "K-Best 5 Pemberton Belief": 2.909078, "K-Best 7 Pemberton Belief": 2.909078, "Cserna Pemberton Belief": 2.909078, "K-Best 1": 2.909078, "K-Best 3": 2.909078, "K-Best 5": 2.909078, "K-Best 7": 2.909078, "Cserna": 2.909078, "Bellman": 2.909078, "Minimin": 2.909078, "Nancy": 2.909078, "Lookahead": 9 }