{ "K-Best 1 Pemberton Belief": 2.407307, "K-Best 2 Pemberton Belief": 2.407307, "K-Best 3 Pemberton Belief": 2.407307, "K-Best 5 Pemberton Belief": 2.407307, "K-Best 7 Pemberton Belief": 2.407307, "Cserna Pemberton Belief": 2.407307, "K-Best 1": 2.407307, "K-Best 2": 2.407307, "K-Best 3": 2.407307, "K-Best 5": 2.407307, "K-Best 7": 2.407307, "Cserna": 2.407307, "Bellman": 2.407307, "Minimin": 2.407307, "Nancy": 2.407307, "Lookahead": 9 }