{ "K-Best 1 Pemberton Belief": 3.010129, "K-Best 3 Pemberton Belief": 3.010129, "K-Best 5 Pemberton Belief": 3.010129, "K-Best 7 Pemberton Belief": 3.010129, "Cserna Pemberton Belief": 3.010129, "K-Best 1": 3.010129, "K-Best 3": 3.010129, "K-Best 5": 3.010129, "K-Best 7": 3.010129, "Cserna": 3.010129, "Bellman": 3.010129, "Minimin": 3.010129, "Nancy": 3.010129, "Lookahead": 9 }