{ "K-Best 1 Pemberton Belief": 2.869230, "K-Best 3 Pemberton Belief": 2.869230, "K-Best 5 Pemberton Belief": 2.869230, "K-Best 7 Pemberton Belief": 2.869230, "Cserna Pemberton Belief": 2.869230, "K-Best 1": 2.869230, "K-Best 3": 2.869230, "K-Best 5": 2.869230, "K-Best 7": 2.869230, "Cserna": 2.869230, "Bellman": 2.869230, "Minimin": 2.869230, "Nancy": 2.869230, "Lookahead": 9 }