{ "K-Best 1 Pemberton Belief": 2.111691, "K-Best 2 Pemberton Belief": 2.111691, "K-Best 3 Pemberton Belief": 2.111691, "K-Best 5 Pemberton Belief": 2.111691, "K-Best 7 Pemberton Belief": 2.111691, "Cserna Pemberton Belief": 2.111691, "K-Best 1": 2.111691, "K-Best 2": 2.111691, "K-Best 3": 2.111691, "K-Best 5": 2.111691, "K-Best 7": 2.111691, "Cserna": 2.111691, "Bellman": 2.111691, "Minimin": 2.111691, "Nancy": 2.111691, "Lookahead": 9 }