{ "K-Best 1 Pemberton Belief": 2.028598, "K-Best 2 Pemberton Belief": 2.028598, "K-Best 3 Pemberton Belief": 2.028598, "K-Best 5 Pemberton Belief": 2.028598, "K-Best 7 Pemberton Belief": 2.028598, "Cserna Pemberton Belief": 2.028598, "K-Best 1": 2.028598, "K-Best 2": 2.028598, "K-Best 3": 2.028598, "K-Best 5": 2.028598, "K-Best 7": 2.028598, "Cserna": 2.028598, "Bellman": 2.028598, "Minimin": 2.028598, "Nancy": 2.028598, "Lookahead": 9 }