{ "K-Best 1 Pemberton Belief": 2.917296, "K-Best 2 Pemberton Belief": 2.917296, "K-Best 3 Pemberton Belief": 2.917296, "K-Best 5 Pemberton Belief": 2.917296, "K-Best 7 Pemberton Belief": 2.917296, "Cserna Pemberton Belief": 2.917296, "K-Best 1": 2.917296, "K-Best 2": 2.917296, "K-Best 3": 2.917296, "K-Best 5": 2.917296, "K-Best 7": 2.917296, "Cserna": 2.917296, "Bellman": 2.917296, "Minimin": 2.917296, "Nancy": 2.917296, "Lookahead": 9 }