{ "K-Best 1 Pemberton Belief": 1.878570, "K-Best 2 Pemberton Belief": 1.878570, "K-Best 3 Pemberton Belief": 1.878570, "K-Best 5 Pemberton Belief": 1.878570, "K-Best 7 Pemberton Belief": 1.878570, "Cserna Pemberton Belief": 1.878570, "K-Best 1": 1.878570, "K-Best 2": 1.878570, "K-Best 3": 1.878570, "K-Best 5": 1.878570, "K-Best 7": 1.878570, "Cserna": 1.878570, "Bellman": 1.878570, "Minimin": 1.878570, "Nancy": 1.878570, "Lookahead": 9 }