{ "K-Best 1 Pemberton Belief": 1.570683, "K-Best 3 Pemberton Belief": 1.570683, "K-Best 5 Pemberton Belief": 1.570683, "K-Best 7 Pemberton Belief": 1.570683, "Cserna Pemberton Belief": 1.570683, "K-Best 1": 1.570683, "K-Best 3": 1.570683, "K-Best 5": 1.570683, "K-Best 7": 1.570683, "Cserna": 1.570683, "Bellman": 1.570683, "Minimin": 1.570683, "Nancy": 1.570683, "Lookahead": 9 }