{ "K-Best 1 Pemberton Belief": 2.423903, "K-Best 3 Pemberton Belief": 2.423903, "K-Best 5 Pemberton Belief": 2.423903, "K-Best 7 Pemberton Belief": 2.423903, "Cserna Pemberton Belief": 2.423903, "K-Best 1": 2.423903, "K-Best 3": 2.423903, "K-Best 5": 2.423903, "K-Best 7": 2.423903, "Cserna": 2.423903, "Bellman": 2.423903, "Minimin": 2.423903, "Nancy": 2.423903, "Lookahead": 9 }