{ "K-Best 1 Pemberton Belief": 1.684182, "K-Best 2 Pemberton Belief": 1.684182, "K-Best 3 Pemberton Belief": 1.684182, "K-Best 5 Pemberton Belief": 1.684182, "K-Best 7 Pemberton Belief": 1.684182, "Cserna Pemberton Belief": 1.684182, "K-Best 1": 1.684182, "K-Best 2": 1.684182, "K-Best 3": 1.684182, "K-Best 5": 1.684182, "K-Best 7": 1.684182, "Cserna": 1.684182, "Bellman": 1.684182, "Minimin": 1.684182, "Nancy": 1.684182, "Lookahead": 9 }