{ "K-Best 1 Pemberton Belief": 1.996276, "K-Best 3 Pemberton Belief": 1.996276, "K-Best 5 Pemberton Belief": 1.996276, "K-Best 7 Pemberton Belief": 1.996276, "Cserna Pemberton Belief": 1.996276, "K-Best 1": 1.996276, "K-Best 3": 1.996276, "K-Best 5": 1.996276, "K-Best 7": 1.996276, "Cserna": 1.996276, "Bellman": 1.996276, "Minimin": 1.996276, "Nancy": 1.996276, "Lookahead": 9 }