{ "K-Best 1 Pemberton Belief": 1.651094, "K-Best 3 Pemberton Belief": 1.651094, "K-Best 5 Pemberton Belief": 1.651094, "K-Best 7 Pemberton Belief": 1.651094, "Cserna Pemberton Belief": 1.651094, "K-Best 1": 1.651094, "K-Best 3": 1.651094, "K-Best 5": 1.651094, "K-Best 7": 1.651094, "Cserna": 1.651094, "Bellman": 1.651094, "Minimin": 1.651094, "Nancy": 1.651094, "Lookahead": 9 }