{ "K-Best 1 Pemberton Belief": 1.790349, "K-Best 2 Pemberton Belief": 1.790349, "K-Best 3 Pemberton Belief": 1.790349, "K-Best 5 Pemberton Belief": 1.790349, "K-Best 7 Pemberton Belief": 1.790349, "Cserna Pemberton Belief": 1.790349, "K-Best 1": 1.790349, "K-Best 2": 1.790349, "K-Best 3": 1.790349, "K-Best 5": 1.790349, "K-Best 7": 1.790349, "Cserna": 1.790349, "Bellman": 1.790349, "Minimin": 1.790349, "Nancy": 1.790349, "Lookahead": 9 }