{ "K-Best 1 Pemberton Belief": 2.382078, "K-Best 2 Pemberton Belief": 2.382078, "K-Best 3 Pemberton Belief": 2.382078, "K-Best 5 Pemberton Belief": 2.382078, "K-Best 7 Pemberton Belief": 2.382078, "Cserna Pemberton Belief": 2.382078, "K-Best 1": 2.382078, "K-Best 2": 2.382078, "K-Best 3": 2.382078, "K-Best 5": 2.382078, "K-Best 7": 2.382078, "Cserna": 2.382078, "Bellman": 2.382078, "Minimin": 2.382078, "Nancy": 2.382078, "Lookahead": 9 }