{ "K-Best 1 Pemberton Belief": 2.685240, "K-Best 2 Pemberton Belief": 2.685240, "K-Best 3 Pemberton Belief": 2.685240, "K-Best 5 Pemberton Belief": 2.685240, "K-Best 7 Pemberton Belief": 2.685240, "Cserna Pemberton Belief": 2.685240, "K-Best 1": 2.685240, "K-Best 2": 2.685240, "K-Best 3": 2.685240, "K-Best 5": 2.685240, "K-Best 7": 2.685240, "Cserna": 2.685240, "Bellman": 2.685240, "Minimin": 2.685240, "Nancy": 2.685240, "Lookahead": 9 }