{ "K-Best 1 Pemberton Belief": 2.318871, "K-Best 3 Pemberton Belief": 2.318871, "K-Best 5 Pemberton Belief": 2.318871, "K-Best 7 Pemberton Belief": 2.318871, "Cserna Pemberton Belief": 2.318871, "K-Best 1": 2.318871, "K-Best 3": 2.318871, "K-Best 5": 2.318871, "K-Best 7": 2.318871, "Cserna": 2.318871, "Bellman": 2.318871, "Minimin": 2.318871, "Nancy": 2.318871, "Lookahead": 9 }