{ "K-Best 1 Pemberton Belief": 2.537000, "K-Best 2 Pemberton Belief": 2.537000, "K-Best 3 Pemberton Belief": 2.537000, "K-Best 5 Pemberton Belief": 2.537000, "K-Best 7 Pemberton Belief": 2.537000, "Cserna Pemberton Belief": 2.537000, "K-Best 1": 2.537000, "K-Best 2": 2.537000, "K-Best 3": 2.537000, "K-Best 5": 2.537000, "K-Best 7": 2.537000, "Cserna": 2.537000, "Bellman": 2.537000, "Minimin": 2.537000, "Nancy": 2.537000, "Lookahead": 9 }