{ "K-Best 1 Pemberton Belief": 2.973555, "K-Best 3 Pemberton Belief": 2.973555, "K-Best 5 Pemberton Belief": 2.973555, "K-Best 7 Pemberton Belief": 2.973555, "Cserna Pemberton Belief": 2.973555, "K-Best 1": 2.973555, "K-Best 3": 2.973555, "K-Best 5": 2.973555, "K-Best 7": 2.973555, "Cserna": 2.973555, "Bellman": 2.973555, "Minimin": 2.973555, "Nancy": 2.973555, "Lookahead": 9 }