{ "K-Best 1 Pemberton Belief": 2.716513, "K-Best 2 Pemberton Belief": 2.716513, "K-Best 3 Pemberton Belief": 2.716513, "K-Best 5 Pemberton Belief": 2.716513, "K-Best 7 Pemberton Belief": 2.716513, "Cserna Pemberton Belief": 2.716513, "K-Best 1": 2.716513, "K-Best 2": 2.716513, "K-Best 3": 2.716513, "K-Best 5": 2.716513, "K-Best 7": 2.716513, "Cserna": 2.716513, "Bellman": 2.716513, "Minimin": 2.716513, "Nancy": 2.716513, "Lookahead": 9 }