{ "K-Best 1 Pemberton Belief": 3.374131, "K-Best 2 Pemberton Belief": 3.374131, "K-Best 3 Pemberton Belief": 3.374131, "K-Best 5 Pemberton Belief": 3.374131, "K-Best 7 Pemberton Belief": 3.374131, "Cserna Pemberton Belief": 3.374131, "K-Best 1": 3.374131, "K-Best 2": 3.374131, "K-Best 3": 3.374131, "K-Best 5": 3.374131, "K-Best 7": 3.374131, "Cserna": 3.374131, "Bellman": 3.374131, "Minimin": 3.374131, "Nancy": 3.374131, "Lookahead": 9 }