{ "K-Best 1 Pemberton Belief": 2.565489, "K-Best 2 Pemberton Belief": 2.565489, "K-Best 3 Pemberton Belief": 2.565489, "K-Best 5 Pemberton Belief": 2.565489, "K-Best 7 Pemberton Belief": 2.565489, "Cserna Pemberton Belief": 2.565489, "K-Best 1": 2.565489, "K-Best 2": 2.565489, "K-Best 3": 2.565489, "K-Best 5": 2.565489, "K-Best 7": 2.565489, "Cserna": 2.565489, "Bellman": 2.565489, "Minimin": 2.565489, "Nancy": 2.565489, "Lookahead": 9 }