{ "K-Best 1 Pemberton Belief": 2.103860, "K-Best 3 Pemberton Belief": 2.103860, "K-Best 5 Pemberton Belief": 2.103860, "K-Best 7 Pemberton Belief": 2.103860, "Cserna Pemberton Belief": 2.103860, "K-Best 1": 2.103860, "K-Best 3": 2.103860, "K-Best 5": 2.103860, "K-Best 7": 2.103860, "Cserna": 2.103860, "Bellman": 2.103860, "Minimin": 2.103860, "Nancy": 2.103860, "Lookahead": 9 }