{ "K-Best 1 Pemberton Belief": 2.638678, "K-Best 2 Pemberton Belief": 2.638678, "K-Best 3 Pemberton Belief": 2.638678, "K-Best 5 Pemberton Belief": 2.638678, "K-Best 7 Pemberton Belief": 2.638678, "Cserna Pemberton Belief": 2.638678, "K-Best 1": 2.638678, "K-Best 2": 2.638678, "K-Best 3": 2.638678, "K-Best 5": 2.638678, "K-Best 7": 2.638678, "Cserna": 2.638678, "Bellman": 2.638678, "Minimin": 2.638678, "Nancy": 2.638678, "Lookahead": 9 }