{ "K-Best 1 Pemberton Belief": 2.105802, "K-Best 3 Pemberton Belief": 2.105802, "K-Best 5 Pemberton Belief": 2.105802, "K-Best 7 Pemberton Belief": 2.105802, "Cserna Pemberton Belief": 2.105802, "K-Best 1": 2.105802, "K-Best 3": 2.105802, "K-Best 5": 2.105802, "K-Best 7": 2.105802, "Cserna": 2.105802, "Bellman": 2.105802, "Minimin": 2.105802, "Nancy": 2.105802, "Lookahead": 9 }