{ "K-Best 1 Pemberton Belief": 2.695845, "K-Best 3 Pemberton Belief": 2.695845, "K-Best 5 Pemberton Belief": 2.695845, "K-Best 7 Pemberton Belief": 2.695845, "Cserna Pemberton Belief": 2.695845, "K-Best 1": 2.695845, "K-Best 3": 2.695845, "K-Best 5": 2.695845, "K-Best 7": 2.695845, "Cserna": 2.695845, "Bellman": 2.695845, "Minimin": 2.695845, "Nancy": 2.695845, "Lookahead": 9 }