{ "K-Best 1 Pemberton Belief": 3.276578, "K-Best 3 Pemberton Belief": 3.276578, "K-Best 5 Pemberton Belief": 3.276578, "K-Best 7 Pemberton Belief": 3.276578, "Cserna Pemberton Belief": 3.276578, "K-Best 1": 3.276578, "K-Best 3": 3.276578, "K-Best 5": 3.276578, "K-Best 7": 3.276578, "Cserna": 3.276578, "Bellman": 3.276578, "Minimin": 3.276578, "Nancy": 3.276578, "Lookahead": 9 }