{ "K-Best 1 Pemberton Belief": 3.475026, "K-Best 2 Pemberton Belief": 3.475026, "K-Best 3 Pemberton Belief": 3.475026, "K-Best 5 Pemberton Belief": 3.475026, "K-Best 7 Pemberton Belief": 3.475026, "Cserna Pemberton Belief": 3.475026, "K-Best 1": 3.475026, "K-Best 2": 3.475026, "K-Best 3": 3.475026, "K-Best 5": 3.475026, "K-Best 7": 3.475026, "Cserna": 3.475026, "Bellman": 3.475026, "Minimin": 3.475026, "Nancy": 3.475026, "Lookahead": 9 }