{ "K-Best 1 Pemberton Belief": 2.881931, "K-Best 2 Pemberton Belief": 2.881931, "K-Best 3 Pemberton Belief": 2.881931, "K-Best 5 Pemberton Belief": 2.881931, "K-Best 7 Pemberton Belief": 2.881931, "Cserna Pemberton Belief": 2.881931, "K-Best 1": 2.881931, "K-Best 2": 2.881931, "K-Best 3": 2.881931, "K-Best 5": 2.881931, "K-Best 7": 2.881931, "Cserna": 2.881931, "Bellman": 2.881931, "Minimin": 2.881931, "Nancy": 2.881931, "Lookahead": 9 }