{ "K-Best 1 Pemberton Belief": 2.002824, "K-Best 3 Pemberton Belief": 2.002824, "K-Best 5 Pemberton Belief": 2.002824, "K-Best 7 Pemberton Belief": 2.002824, "Cserna Pemberton Belief": 2.002824, "K-Best 1": 2.002824, "K-Best 3": 2.002824, "K-Best 5": 2.002824, "K-Best 7": 2.002824, "Cserna": 2.002824, "Bellman": 2.002824, "Minimin": 2.002824, "Nancy": 2.002824, "Lookahead": 9 }