{ "K-Best 1 Pemberton Belief": 2.017422, "K-Best 3 Pemberton Belief": 2.017422, "K-Best 5 Pemberton Belief": 2.017422, "K-Best 7 Pemberton Belief": 2.017422, "Cserna Pemberton Belief": 2.017422, "K-Best 1": 2.017422, "K-Best 3": 2.017422, "K-Best 5": 2.017422, "K-Best 7": 2.017422, "Cserna": 2.017422, "Bellman": 2.017422, "Minimin": 2.017422, "Nancy": 2.017422, "Lookahead": 9 }