{ "K-Best 1 Pemberton Belief": 2.495635, "K-Best 3 Pemberton Belief": 2.495635, "K-Best 5 Pemberton Belief": 2.495635, "K-Best 7 Pemberton Belief": 2.495635, "Cserna Pemberton Belief": 2.495635, "K-Best 1": 2.495635, "K-Best 3": 2.495635, "K-Best 5": 2.495635, "K-Best 7": 2.495635, "Cserna": 2.495635, "Bellman": 2.495635, "Minimin": 2.495635, "Nancy": 2.495635, "Lookahead": 9 }