{ "K-Best 1 Pemberton Belief": 2.530161, "K-Best 3 Pemberton Belief": 2.530161, "K-Best 5 Pemberton Belief": 2.530161, "K-Best 7 Pemberton Belief": 2.530161, "Cserna Pemberton Belief": 2.530161, "K-Best 1": 2.530161, "K-Best 3": 2.530161, "K-Best 5": 2.530161, "K-Best 7": 2.530161, "Cserna": 2.530161, "Bellman": 2.530161, "Minimin": 2.530161, "Nancy": 2.530161, "Lookahead": 9 }