{ "K-Best 1 Pemberton Belief": 1.974887, "K-Best 2 Pemberton Belief": 1.974887, "K-Best 3 Pemberton Belief": 1.974887, "K-Best 5 Pemberton Belief": 1.974887, "K-Best 7 Pemberton Belief": 1.974887, "Cserna Pemberton Belief": 1.974887, "K-Best 1": 1.974887, "K-Best 2": 1.974887, "K-Best 3": 1.974887, "K-Best 5": 1.974887, "K-Best 7": 1.974887, "Cserna": 1.974887, "Bellman": 1.974887, "Minimin": 1.974887, "Nancy": 1.974887, "Lookahead": 9 }