{ "K-Best 1 Pemberton Belief": 2.557250, "K-Best 2 Pemberton Belief": 2.557250, "K-Best 3 Pemberton Belief": 2.557250, "K-Best 5 Pemberton Belief": 2.557250, "K-Best 7 Pemberton Belief": 2.557250, "Cserna Pemberton Belief": 2.557250, "K-Best 1": 2.557250, "K-Best 2": 2.557250, "K-Best 3": 2.557250, "K-Best 5": 2.557250, "K-Best 7": 2.557250, "Cserna": 2.557250, "Bellman": 2.557250, "Minimin": 2.557250, "Nancy": 2.557250, "Lookahead": 9 }