{ "K-Best 1 Pemberton Belief": 1.758843, "K-Best 2 Pemberton Belief": 1.758843, "K-Best 3 Pemberton Belief": 1.758843, "K-Best 5 Pemberton Belief": 1.758843, "K-Best 7 Pemberton Belief": 1.758843, "Cserna Pemberton Belief": 1.758843, "K-Best 1": 1.758843, "K-Best 2": 1.758843, "K-Best 3": 1.758843, "K-Best 5": 1.758843, "K-Best 7": 1.758843, "Cserna": 1.758843, "Bellman": 1.758843, "Minimin": 1.758843, "Nancy": 1.758843, "Lookahead": 9 }