{ "K-Best 1 Pemberton Belief": 2.967805, "K-Best 2 Pemberton Belief": 2.967805, "K-Best 3 Pemberton Belief": 2.967805, "K-Best 5 Pemberton Belief": 2.967805, "K-Best 7 Pemberton Belief": 2.967805, "Cserna Pemberton Belief": 2.967805, "K-Best 1": 2.967805, "K-Best 2": 2.967805, "K-Best 3": 2.967805, "K-Best 5": 2.967805, "K-Best 7": 2.967805, "Cserna": 2.967805, "Bellman": 2.967805, "Minimin": 2.967805, "Nancy": 2.967805, "Lookahead": 9 }