{ "K-Best 1 Pemberton Belief": 2.382031, "K-Best 3 Pemberton Belief": 2.382031, "K-Best 5 Pemberton Belief": 2.382031, "K-Best 7 Pemberton Belief": 2.382031, "Cserna Pemberton Belief": 2.382031, "K-Best 1": 2.382031, "K-Best 3": 2.382031, "K-Best 5": 2.382031, "K-Best 7": 2.382031, "Cserna": 2.382031, "Bellman": 2.382031, "Minimin": 2.382031, "Nancy": 2.382031, "Lookahead": 9 }