{ "K-Best 1 Pemberton Belief": 1.671050, "K-Best 3 Pemberton Belief": 1.671050, "K-Best 5 Pemberton Belief": 1.671050, "K-Best 7 Pemberton Belief": 1.671050, "Cserna Pemberton Belief": 1.671050, "K-Best 1": 1.671050, "K-Best 3": 1.671050, "K-Best 5": 1.671050, "K-Best 7": 1.671050, "Cserna": 1.671050, "Bellman": 1.671050, "Minimin": 1.671050, "Nancy": 1.671050, "Lookahead": 9 }