{ "K-Best 1 Pemberton Belief": 2.413487, "K-Best 3 Pemberton Belief": 2.413487, "K-Best 5 Pemberton Belief": 2.636176, "K-Best 7 Pemberton Belief": 2.636176, "Cserna Pemberton Belief": 2.636176, "K-Best 1": 2.413487, "K-Best 3": 2.413487, "K-Best 5": 2.413487, "K-Best 7": 2.413487, "Cserna": 2.413487, "Bellman": 2.413487, "Minimin": 2.413487, "Nancy": 2.413487, "Lookahead": 9 }