{ "K-Best 1 Pemberton Belief": 3.699974, "K-Best 2 Pemberton Belief": 3.699974, "K-Best 3 Pemberton Belief": 3.699974, "K-Best 5 Pemberton Belief": 3.699974, "K-Best 7 Pemberton Belief": 3.699974, "Cserna Pemberton Belief": 3.699974, "K-Best 1": 3.699974, "K-Best 2": 3.699974, "K-Best 3": 3.699974, "K-Best 5": 3.699974, "K-Best 7": 3.699974, "Cserna": 3.699974, "Bellman": 3.699974, "Minimin": 3.699974, "Nancy": 3.699974, "Lookahead": 9 }