{ "K-Best 1 Pemberton Belief": 2.884617, "K-Best 3 Pemberton Belief": 2.884617, "K-Best 5 Pemberton Belief": 2.884617, "K-Best 7 Pemberton Belief": 2.884617, "Cserna Pemberton Belief": 2.884617, "K-Best 1": 2.884617, "K-Best 3": 2.884617, "K-Best 5": 2.884617, "K-Best 7": 2.884617, "Cserna": 2.884617, "Bellman": 2.884617, "Minimin": 2.884617, "Nancy": 2.884617, "Lookahead": 9 }