{ "K-Best 1 Pemberton Belief": 2.679565, "K-Best 3 Pemberton Belief": 2.706141, "K-Best 5 Pemberton Belief": 2.706141, "K-Best 7 Pemberton Belief": 2.706141, "Cserna Pemberton Belief": 2.706141, "K-Best 1": 2.679565, "K-Best 3": 2.706141, "K-Best 5": 2.706141, "K-Best 7": 2.706141, "Cserna": 2.706141, "Bellman": 2.679565, "Minimin": 2.679565, "Nancy": 2.679565, "Lookahead": 9 }