{ "K-Best 1 Pemberton Belief": 2.392160, "K-Best 3 Pemberton Belief": 2.392160, "K-Best 5 Pemberton Belief": 2.392160, "K-Best 7 Pemberton Belief": 2.392160, "Cserna Pemberton Belief": 2.392160, "K-Best 1": 2.392160, "K-Best 3": 2.392160, "K-Best 5": 2.392160, "K-Best 7": 2.392160, "Cserna": 2.392160, "Bellman": 2.392160, "Minimin": 2.392160, "Nancy": 2.392160, "Lookahead": 9 }