{ "K-Best 1 Pemberton Belief": 3.464606, "K-Best 3 Pemberton Belief": 3.117164, "K-Best 5 Pemberton Belief": 3.117164, "K-Best 7 Pemberton Belief": 3.117164, "Cserna Pemberton Belief": 3.117164, "K-Best 1": 3.464606, "K-Best 3": 3.117164, "K-Best 5": 3.117164, "K-Best 7": 3.117164, "Cserna": 3.117164, "Bellman": 3.464606, "Minimin": 3.464606, "Nancy": 3.464606, "Lookahead": 9 }