{ "K-Best 1 Pemberton Belief": 2.580060, "K-Best 2 Pemberton Belief": 2.580060, "K-Best 3 Pemberton Belief": 2.580060, "K-Best 5 Pemberton Belief": 2.580060, "K-Best 7 Pemberton Belief": 2.580060, "Cserna Pemberton Belief": 2.580060, "K-Best 1": 2.580060, "K-Best 2": 2.580060, "K-Best 3": 2.580060, "K-Best 5": 2.580060, "K-Best 7": 2.580060, "Cserna": 2.580060, "Bellman": 2.580060, "Minimin": 2.580060, "Nancy": 2.580060, "Lookahead": 9 }