{ "K-Best 1 Pemberton Belief": 2.733641, "K-Best 2 Pemberton Belief": 2.733641, "K-Best 3 Pemberton Belief": 2.733641, "K-Best 5 Pemberton Belief": 2.733641, "K-Best 7 Pemberton Belief": 2.733641, "Cserna Pemberton Belief": 2.733641, "K-Best 1": 2.733641, "K-Best 2": 2.733641, "K-Best 3": 2.733641, "K-Best 5": 2.733641, "K-Best 7": 2.733641, "Cserna": 2.733641, "Bellman": 2.733641, "Minimin": 2.733641, "Nancy": 2.733641, "Lookahead": 9 }