{ "K-Best 1 Pemberton Belief": 1.820488, "K-Best 3 Pemberton Belief": 1.820488, "K-Best 5 Pemberton Belief": 1.820488, "K-Best 7 Pemberton Belief": 1.820488, "Cserna Pemberton Belief": 1.820488, "K-Best 1": 1.820488, "K-Best 3": 1.820488, "K-Best 5": 1.820488, "K-Best 7": 1.820488, "Cserna": 1.820488, "Bellman": 1.820488, "Minimin": 1.820488, "Nancy": 1.820488, "Lookahead": 9 }