{ "K-Best 1 Pemberton Belief": 2.642287, "K-Best 2 Pemberton Belief": 2.642287, "K-Best 3 Pemberton Belief": 2.642287, "K-Best 5 Pemberton Belief": 2.642287, "K-Best 7 Pemberton Belief": 2.642287, "Cserna Pemberton Belief": 2.642287, "K-Best 1": 2.642287, "K-Best 2": 2.642287, "K-Best 3": 2.642287, "K-Best 5": 2.642287, "K-Best 7": 2.642287, "Cserna": 2.642287, "Bellman": 2.642287, "Minimin": 2.642287, "Nancy": 2.642287, "Lookahead": 9 }