{ "K-Best 1 Pemberton Belief": 1.392704, "K-Best 2 Pemberton Belief": 1.392704, "K-Best 3 Pemberton Belief": 1.392704, "K-Best 5 Pemberton Belief": 1.392704, "K-Best 7 Pemberton Belief": 1.392704, "Cserna Pemberton Belief": 1.392704, "K-Best 1": 1.392704, "K-Best 2": 1.392704, "K-Best 3": 1.392704, "K-Best 5": 1.392704, "K-Best 7": 1.392704, "Cserna": 1.392704, "Bellman": 1.392704, "Minimin": 1.392704, "Nancy": 1.392704, "Lookahead": 9 }