{ "K-Best 1 Pemberton Belief": 1.978873, "K-Best 3 Pemberton Belief": 1.978873, "K-Best 5 Pemberton Belief": 1.978873, "K-Best 7 Pemberton Belief": 1.978873, "Cserna Pemberton Belief": 1.978873, "K-Best 1": 1.978873, "K-Best 3": 1.978873, "K-Best 5": 1.978873, "K-Best 7": 1.978873, "Cserna": 1.978873, "Bellman": 1.978873, "Minimin": 1.978873, "Nancy": 1.978873, "Lookahead": 9 }