{ "K-Best 1 Pemberton Belief": 1.898847, "K-Best 2 Pemberton Belief": 1.898847, "K-Best 3 Pemberton Belief": 1.898847, "K-Best 5 Pemberton Belief": 1.898847, "K-Best 7 Pemberton Belief": 1.898847, "Cserna Pemberton Belief": 1.898847, "K-Best 1": 1.898847, "K-Best 2": 1.898847, "K-Best 3": 1.898847, "K-Best 5": 1.898847, "K-Best 7": 1.898847, "Cserna": 1.898847, "Bellman": 1.898847, "Minimin": 1.898847, "Nancy": 1.898847, "Lookahead": 9 }