{ "K-Best 1 Pemberton Belief": 2.232724, "K-Best 3 Pemberton Belief": 2.232724, "K-Best 5 Pemberton Belief": 2.232724, "K-Best 7 Pemberton Belief": 2.232724, "Cserna Pemberton Belief": 2.232724, "K-Best 1": 2.232724, "K-Best 3": 2.232724, "K-Best 5": 2.232724, "K-Best 7": 2.232724, "Cserna": 2.232724, "Bellman": 2.232724, "Minimin": 2.232724, "Nancy": 2.232724, "Lookahead": 9 }