{ "K-Best 1 Pemberton Belief": 2.764400, "K-Best 3 Pemberton Belief": 2.764400, "K-Best 5 Pemberton Belief": 2.764400, "K-Best 7 Pemberton Belief": 2.764400, "Cserna Pemberton Belief": 2.764400, "K-Best 1": 2.764400, "K-Best 3": 2.764400, "K-Best 5": 2.764400, "K-Best 7": 2.764400, "Cserna": 2.764400, "Bellman": 2.764400, "Minimin": 2.764400, "Nancy": 2.764400, "Lookahead": 9 }