{ "K-Best 1 Pemberton Belief": 2.337124, "K-Best 2 Pemberton Belief": 2.337124, "K-Best 3 Pemberton Belief": 2.337124, "K-Best 5 Pemberton Belief": 2.337124, "K-Best 7 Pemberton Belief": 2.337124, "Cserna Pemberton Belief": 2.337124, "K-Best 1": 2.337124, "K-Best 2": 2.337124, "K-Best 3": 2.337124, "K-Best 5": 2.337124, "K-Best 7": 2.337124, "Cserna": 2.337124, "Bellman": 2.337124, "Minimin": 2.337124, "Nancy": 2.337124, "Lookahead": 9 }