{ "K-Best 1 Pemberton Belief": 3.058846, "K-Best 2 Pemberton Belief": 3.058846, "K-Best 3 Pemberton Belief": 3.058846, "K-Best 5 Pemberton Belief": 3.058846, "K-Best 7 Pemberton Belief": 3.058846, "Cserna Pemberton Belief": 3.058846, "K-Best 1": 3.058846, "K-Best 2": 3.058846, "K-Best 3": 3.058846, "K-Best 5": 3.058846, "K-Best 7": 3.058846, "Cserna": 3.058846, "Bellman": 3.058846, "Minimin": 3.058846, "Nancy": 3.058846, "Lookahead": 9 }