{ "K-Best 1 Pemberton Belief": 2.310839, "K-Best 3 Pemberton Belief": 2.310839, "K-Best 5 Pemberton Belief": 2.310839, "K-Best 7 Pemberton Belief": 2.310839, "Cserna Pemberton Belief": 2.310839, "K-Best 1": 2.310839, "K-Best 3": 2.310839, "K-Best 5": 2.310839, "K-Best 7": 2.310839, "Cserna": 2.310839, "Bellman": 2.310839, "Minimin": 2.310839, "Nancy": 2.310839, "Lookahead": 9 }