{ "K-Best 1 Pemberton Belief": 3.012552, "K-Best 3 Pemberton Belief": 3.012552, "K-Best 5 Pemberton Belief": 3.012552, "K-Best 7 Pemberton Belief": 3.012552, "Cserna Pemberton Belief": 3.012552, "K-Best 1": 3.012552, "K-Best 3": 3.012552, "K-Best 5": 3.012552, "K-Best 7": 3.012552, "Cserna": 3.012552, "Bellman": 3.012552, "Minimin": 3.012552, "Nancy": 3.012552, "Lookahead": 9 }