{ "K-Best 1 Pemberton Belief": 2.373444, "K-Best 3 Pemberton Belief": 2.373444, "K-Best 5 Pemberton Belief": 2.373444, "K-Best 7 Pemberton Belief": 2.373444, "Cserna Pemberton Belief": 2.373444, "K-Best 1": 2.373444, "K-Best 3": 2.373444, "K-Best 5": 2.373444, "K-Best 7": 2.373444, "Cserna": 2.373444, "Bellman": 2.373444, "Minimin": 2.373444, "Nancy": 2.373444, "Lookahead": 9 }