{ "K-Best 1 Pemberton Belief": 2.180394, "K-Best 2 Pemberton Belief": 2.180394, "K-Best 3 Pemberton Belief": 2.180394, "K-Best 5 Pemberton Belief": 2.180394, "K-Best 7 Pemberton Belief": 2.180394, "Cserna Pemberton Belief": 2.180394, "K-Best 1": 2.180394, "K-Best 2": 2.180394, "K-Best 3": 2.180394, "K-Best 5": 2.180394, "K-Best 7": 2.180394, "Cserna": 2.180394, "Bellman": 2.180394, "Minimin": 2.180394, "Nancy": 2.180394, "Lookahead": 9 }