{ "K-Best 1 Pemberton Belief": 2.255661, "K-Best 2 Pemberton Belief": 2.255661, "K-Best 3 Pemberton Belief": 2.255661, "K-Best 5 Pemberton Belief": 2.255661, "K-Best 7 Pemberton Belief": 2.255661, "Cserna Pemberton Belief": 2.255661, "K-Best 1": 2.255661, "K-Best 2": 2.255661, "K-Best 3": 2.255661, "K-Best 5": 2.255661, "K-Best 7": 2.255661, "Cserna": 2.255661, "Bellman": 2.255661, "Minimin": 2.255661, "Nancy": 2.255661, "Lookahead": 9 }