{ "K-Best 1 Pemberton Belief": 2.162638, "K-Best 2 Pemberton Belief": 2.162638, "K-Best 3 Pemberton Belief": 2.162638, "K-Best 5 Pemberton Belief": 2.162638, "K-Best 7 Pemberton Belief": 2.162638, "Cserna Pemberton Belief": 2.162638, "K-Best 1": 2.162638, "K-Best 2": 2.162638, "K-Best 3": 2.162638, "K-Best 5": 2.162638, "K-Best 7": 2.162638, "Cserna": 2.162638, "Bellman": 2.162638, "Minimin": 2.162638, "Nancy": 2.162638, "Lookahead": 9 }