{ "K-Best 1 Pemberton Belief": 2.639062, "K-Best 3 Pemberton Belief": 2.639062, "K-Best 5 Pemberton Belief": 2.639062, "K-Best 7 Pemberton Belief": 2.639062, "Cserna Pemberton Belief": 2.639062, "K-Best 1": 2.639062, "K-Best 3": 2.639062, "K-Best 5": 2.639062, "K-Best 7": 2.639062, "Cserna": 2.639062, "Bellman": 2.639062, "Minimin": 2.639062, "Nancy": 2.639062, "Lookahead": 9 }