{ "K-Best 1 Pemberton Belief": 2.230782, "K-Best 2 Pemberton Belief": 2.230782, "K-Best 3 Pemberton Belief": 2.230782, "K-Best 5 Pemberton Belief": 2.230782, "K-Best 7 Pemberton Belief": 2.230782, "Cserna Pemberton Belief": 2.230782, "K-Best 1": 2.230782, "K-Best 2": 2.230782, "K-Best 3": 2.230782, "K-Best 5": 2.230782, "K-Best 7": 2.230782, "Cserna": 2.230782, "Bellman": 2.230782, "Minimin": 2.230782, "Nancy": 2.230782, "Lookahead": 9 }