{ "K-Best 1 Pemberton Belief": 2.475509, "K-Best 2 Pemberton Belief": 2.475509, "K-Best 3 Pemberton Belief": 2.475509, "K-Best 5 Pemberton Belief": 2.475509, "K-Best 7 Pemberton Belief": 2.475509, "Cserna Pemberton Belief": 2.475509, "K-Best 1": 2.475509, "K-Best 2": 2.475509, "K-Best 3": 2.475509, "K-Best 5": 2.475509, "K-Best 7": 2.475509, "Cserna": 2.475509, "Bellman": 2.475509, "Minimin": 2.475509, "Nancy": 2.475509, "Lookahead": 9 }