{ "K-Best 1 Pemberton Belief": 2.383900, "K-Best 2 Pemberton Belief": 2.383900, "K-Best 3 Pemberton Belief": 2.383900, "K-Best 5 Pemberton Belief": 2.383900, "K-Best 7 Pemberton Belief": 2.383900, "Cserna Pemberton Belief": 2.383900, "K-Best 1": 2.383900, "K-Best 2": 2.383900, "K-Best 3": 2.383900, "K-Best 5": 2.383900, "K-Best 7": 2.383900, "Cserna": 2.383900, "Bellman": 2.383900, "Minimin": 2.383900, "Nancy": 2.383900, "Lookahead": 9 }