{ "K-Best 1 Pemberton Belief": 1.741748, "K-Best 2 Pemberton Belief": 1.741748, "K-Best 3 Pemberton Belief": 1.741748, "K-Best 5 Pemberton Belief": 1.741748, "K-Best 7 Pemberton Belief": 1.741748, "Cserna Pemberton Belief": 1.741748, "K-Best 1": 1.741748, "K-Best 2": 1.741748, "K-Best 3": 1.741748, "K-Best 5": 1.741748, "K-Best 7": 1.741748, "Cserna": 1.741748, "Bellman": 1.741748, "Minimin": 1.741748, "Nancy": 1.741748, "Lookahead": 9 }