{ "K-Best 1 Pemberton Belief": 2.333628, "K-Best 2 Pemberton Belief": 2.333628, "K-Best 3 Pemberton Belief": 2.333628, "K-Best 5 Pemberton Belief": 2.333628, "K-Best 7 Pemberton Belief": 2.333628, "Cserna Pemberton Belief": 2.333628, "K-Best 1": 2.333628, "K-Best 2": 2.333628, "K-Best 3": 2.333628, "K-Best 5": 2.333628, "K-Best 7": 2.333628, "Cserna": 2.333628, "Bellman": 2.333628, "Minimin": 2.333628, "Nancy": 2.333628, "Lookahead": 9 }