{ "K-Best 1 Pemberton Belief": 2.072196, "K-Best 2 Pemberton Belief": 2.072196, "K-Best 3 Pemberton Belief": 2.072196, "K-Best 5 Pemberton Belief": 2.072196, "K-Best 7 Pemberton Belief": 2.072196, "Cserna Pemberton Belief": 2.072196, "K-Best 1": 2.072196, "K-Best 2": 2.072196, "K-Best 3": 2.072196, "K-Best 5": 2.072196, "K-Best 7": 2.072196, "Cserna": 2.072196, "Bellman": 2.072196, "Minimin": 2.072196, "Nancy": 2.072196, "Lookahead": 9 }