{ "K-Best 1 Pemberton Belief": 2.447270, "K-Best 3 Pemberton Belief": 2.447270, "K-Best 5 Pemberton Belief": 2.447270, "K-Best 7 Pemberton Belief": 2.447270, "Cserna Pemberton Belief": 2.447270, "K-Best 1": 2.447270, "K-Best 3": 2.447270, "K-Best 5": 2.447270, "K-Best 7": 2.447270, "Cserna": 2.447270, "Bellman": 2.447270, "Minimin": 2.447270, "Nancy": 2.447270, "Lookahead": 9 }