{ "K-Best 1 Pemberton Belief": 2.340549, "K-Best 3 Pemberton Belief": 2.340549, "K-Best 5 Pemberton Belief": 2.340549, "K-Best 7 Pemberton Belief": 2.340549, "Cserna Pemberton Belief": 2.340549, "K-Best 1": 2.340549, "K-Best 3": 2.340549, "K-Best 5": 2.340549, "K-Best 7": 2.340549, "Cserna": 2.340549, "Bellman": 2.340549, "Minimin": 2.340549, "Nancy": 2.340549, "Lookahead": 9 }