{ "K-Best 1 Pemberton Belief": 1.907868, "K-Best 3 Pemberton Belief": 1.907868, "K-Best 5 Pemberton Belief": 1.907868, "K-Best 7 Pemberton Belief": 1.907868, "Cserna Pemberton Belief": 1.907868, "K-Best 1": 1.907868, "K-Best 3": 1.907868, "K-Best 5": 1.907868, "K-Best 7": 1.907868, "Cserna": 1.907868, "Bellman": 1.907868, "Minimin": 1.907868, "Nancy": 1.907868, "Lookahead": 9 }