{ "K-Best 1 Pemberton Belief": 2.263066, "K-Best 2 Pemberton Belief": 2.263066, "K-Best 3 Pemberton Belief": 2.263066, "K-Best 5 Pemberton Belief": 2.263066, "K-Best 7 Pemberton Belief": 2.263066, "Cserna Pemberton Belief": 2.263066, "K-Best 1": 2.263066, "K-Best 2": 2.263066, "K-Best 3": 2.263066, "K-Best 5": 2.263066, "K-Best 7": 2.263066, "Cserna": 2.263066, "Bellman": 2.263066, "Minimin": 2.263066, "Nancy": 2.263066, "Lookahead": 9 }