{ "K-Best 1 Pemberton Belief": 2.498736, "K-Best 3 Pemberton Belief": 2.498736, "K-Best 5 Pemberton Belief": 2.498736, "K-Best 7 Pemberton Belief": 2.498736, "Cserna Pemberton Belief": 2.498736, "K-Best 1": 2.498736, "K-Best 3": 2.498736, "K-Best 5": 2.498736, "K-Best 7": 2.498736, "Cserna": 2.498736, "Bellman": 2.498736, "Minimin": 2.498736, "Nancy": 2.498736, "Lookahead": 9 }