{ "K-Best 1 Pemberton Belief": 2.931944, "K-Best 3 Pemberton Belief": 2.931944, "K-Best 5 Pemberton Belief": 2.931944, "K-Best 7 Pemberton Belief": 2.931944, "Cserna Pemberton Belief": 2.931944, "K-Best 1": 2.931944, "K-Best 3": 2.931944, "K-Best 5": 2.931944, "K-Best 7": 2.931944, "Cserna": 2.931944, "Bellman": 2.931944, "Minimin": 2.931944, "Nancy": 2.931944, "Lookahead": 9 }