{ "K-Best 1 Pemberton Belief": 1.470713, "K-Best 3 Pemberton Belief": 1.470713, "K-Best 5 Pemberton Belief": 1.470713, "K-Best 7 Pemberton Belief": 1.470713, "Cserna Pemberton Belief": 1.470713, "K-Best 1": 1.470713, "K-Best 3": 1.470713, "K-Best 5": 1.470713, "K-Best 7": 1.470713, "Cserna": 1.470713, "Bellman": 1.470713, "Minimin": 1.470713, "Nancy": 1.470713, "Lookahead": 9 }