{ "K-Best 1 Pemberton Belief": 2.819574, "K-Best 2 Pemberton Belief": 2.819574, "K-Best 3 Pemberton Belief": 2.819574, "K-Best 5 Pemberton Belief": 2.819574, "K-Best 7 Pemberton Belief": 2.819574, "Cserna Pemberton Belief": 2.819574, "K-Best 1": 2.819574, "K-Best 2": 2.819574, "K-Best 3": 2.819574, "K-Best 5": 2.819574, "K-Best 7": 2.819574, "Cserna": 2.819574, "Bellman": 2.819574, "Minimin": 2.819574, "Nancy": 2.819574, "Lookahead": 9 }