{ "K-Best 1 Pemberton Belief": 2.890409, "K-Best 2 Pemberton Belief": 2.663266, "K-Best 3 Pemberton Belief": 2.663266, "K-Best 5 Pemberton Belief": 2.663266, "K-Best 7 Pemberton Belief": 2.663266, "Cserna Pemberton Belief": 2.663266, "K-Best 1": 2.890409, "K-Best 2": 2.890409, "K-Best 3": 2.890409, "K-Best 5": 2.890409, "K-Best 7": 2.890409, "Cserna": 2.890409, "Bellman": 2.890409, "Minimin": 2.890409, "Nancy": 2.890409, "Lookahead": 9 }