{ "K-Best 1 Pemberton Belief": 2.597420, "K-Best 2 Pemberton Belief": 2.597420, "K-Best 3 Pemberton Belief": 2.597420, "K-Best 5 Pemberton Belief": 2.597420, "K-Best 7 Pemberton Belief": 2.597420, "Cserna Pemberton Belief": 2.597420, "K-Best 1": 2.597420, "K-Best 2": 2.597420, "K-Best 3": 2.597420, "K-Best 5": 2.597420, "K-Best 7": 2.597420, "Cserna": 2.597420, "Bellman": 2.597420, "Minimin": 2.597420, "Nancy": 2.597420, "Lookahead": 9 }