{ "K-Best 1 Pemberton Belief": 2.475193, "K-Best 3 Pemberton Belief": 2.475193, "K-Best 5 Pemberton Belief": 2.475193, "K-Best 7 Pemberton Belief": 2.475193, "Cserna Pemberton Belief": 2.475193, "K-Best 1": 2.475193, "K-Best 3": 2.475193, "K-Best 5": 2.475193, "K-Best 7": 2.475193, "Cserna": 2.475193, "Bellman": 2.475193, "Minimin": 2.475193, "Nancy": 2.475193, "Lookahead": 9 }