{ "K-Best 1 Pemberton Belief": 3.202618, "K-Best 3 Pemberton Belief": 3.020234, "K-Best 5 Pemberton Belief": 3.020234, "K-Best 7 Pemberton Belief": 3.020234, "Cserna Pemberton Belief": 3.020234, "K-Best 1": 3.202618, "K-Best 3": 3.020234, "K-Best 5": 3.020234, "K-Best 7": 3.020234, "Cserna": 3.020234, "Bellman": 3.202618, "Minimin": 3.202618, "Nancy": 3.202618, "Lookahead": 9 }