{ "K-Best 1 Pemberton Belief": 2.488417, "K-Best 2 Pemberton Belief": 2.488417, "K-Best 3 Pemberton Belief": 2.488417, "K-Best 5 Pemberton Belief": 2.488417, "K-Best 7 Pemberton Belief": 2.488417, "Cserna Pemberton Belief": 2.488417, "K-Best 1": 2.488417, "K-Best 2": 2.488417, "K-Best 3": 2.488417, "K-Best 5": 2.488417, "K-Best 7": 2.488417, "Cserna": 2.488417, "Bellman": 2.488417, "Minimin": 2.488417, "Nancy": 2.488417, "Lookahead": 9 }