{ "K-Best 1 Pemberton Belief": 1.969175, "K-Best 3 Pemberton Belief": 1.969175, "K-Best 5 Pemberton Belief": 1.969175, "K-Best 7 Pemberton Belief": 1.969175, "Cserna Pemberton Belief": 1.969175, "K-Best 1": 1.969175, "K-Best 3": 1.969175, "K-Best 5": 1.969175, "K-Best 7": 1.969175, "Cserna": 1.969175, "Bellman": 1.969175, "Minimin": 1.969175, "Nancy": 1.969175, "Lookahead": 9 }