{ "K-Best 1 Pemberton Belief": 2.696842, "K-Best 3 Pemberton Belief": 2.696842, "K-Best 5 Pemberton Belief": 2.696842, "K-Best 7 Pemberton Belief": 2.696842, "Cserna Pemberton Belief": 2.696842, "K-Best 1": 2.696842, "K-Best 3": 2.696842, "K-Best 5": 2.696842, "K-Best 7": 2.696842, "Cserna": 2.696842, "Bellman": 2.696842, "Minimin": 2.696842, "Nancy": 2.696842, "Lookahead": 9 }