{ "K-Best 1 Pemberton Belief": 2.822808, "K-Best 3 Pemberton Belief": 2.822808, "K-Best 5 Pemberton Belief": 2.822808, "K-Best 7 Pemberton Belief": 2.822808, "Cserna Pemberton Belief": 2.822808, "K-Best 1": 2.822808, "K-Best 3": 2.822808, "K-Best 5": 2.822808, "K-Best 7": 2.822808, "Cserna": 2.822808, "Bellman": 2.822808, "Minimin": 2.822808, "Nancy": 2.822808, "Lookahead": 9 }