{ "K-Best 1 Pemberton Belief": 2.341952, "K-Best 3 Pemberton Belief": 2.341952, "K-Best 5 Pemberton Belief": 2.341952, "K-Best 7 Pemberton Belief": 2.341952, "Cserna Pemberton Belief": 2.341952, "K-Best 1": 2.341952, "K-Best 3": 2.341952, "K-Best 5": 2.341952, "K-Best 7": 2.341952, "Cserna": 2.341952, "Bellman": 2.341952, "Minimin": 2.341952, "Nancy": 2.341952, "Lookahead": 9 }