{ "K-Best 1 Pemberton Belief": 1.750224, "K-Best 2 Pemberton Belief": 1.750224, "K-Best 3 Pemberton Belief": 1.750224, "K-Best 5 Pemberton Belief": 1.750224, "K-Best 7 Pemberton Belief": 1.750224, "Cserna Pemberton Belief": 1.750224, "K-Best 1": 1.750224, "K-Best 2": 1.750224, "K-Best 3": 1.750224, "K-Best 5": 1.750224, "K-Best 7": 1.750224, "Cserna": 1.750224, "Bellman": 1.750224, "Minimin": 1.750224, "Nancy": 1.750224, "Lookahead": 9 }