{ "K-Best 1 Pemberton Belief": 1.696634, "K-Best 3 Pemberton Belief": 1.696634, "K-Best 5 Pemberton Belief": 1.696634, "K-Best 7 Pemberton Belief": 1.696634, "Cserna Pemberton Belief": 1.696634, "K-Best 1": 1.696634, "K-Best 3": 1.696634, "K-Best 5": 1.696634, "K-Best 7": 1.696634, "Cserna": 1.696634, "Bellman": 1.696634, "Minimin": 1.696634, "Nancy": 1.696634, "Lookahead": 9 }