{ "K-Best 1 Pemberton Belief": 1.911524, "K-Best 3 Pemberton Belief": 1.911524, "K-Best 5 Pemberton Belief": 1.911524, "K-Best 7 Pemberton Belief": 1.911524, "Cserna Pemberton Belief": 1.911524, "K-Best 1": 1.911524, "K-Best 3": 1.911524, "K-Best 5": 1.911524, "K-Best 7": 1.911524, "Cserna": 1.911524, "Bellman": 1.911524, "Minimin": 1.911524, "Nancy": 1.911524, "Lookahead": 9 }