{ "K-Best 1 Pemberton Belief": 1.801387, "K-Best 2 Pemberton Belief": 1.801387, "K-Best 3 Pemberton Belief": 1.801387, "K-Best 5 Pemberton Belief": 1.801387, "K-Best 7 Pemberton Belief": 1.801387, "Cserna Pemberton Belief": 1.801387, "K-Best 1": 1.801387, "K-Best 2": 1.801387, "K-Best 3": 1.801387, "K-Best 5": 1.801387, "K-Best 7": 1.801387, "Cserna": 1.801387, "Bellman": 1.801387, "Minimin": 1.801387, "Nancy": 1.801387, "Lookahead": 9 }