{ "K-Best 1 Pemberton Belief": 2.773326, "K-Best 2 Pemberton Belief": 2.773326, "K-Best 3 Pemberton Belief": 2.773326, "K-Best 5 Pemberton Belief": 2.773326, "K-Best 7 Pemberton Belief": 2.773326, "Cserna Pemberton Belief": 2.773326, "K-Best 1": 2.773326, "K-Best 2": 2.773326, "K-Best 3": 2.773326, "K-Best 5": 2.773326, "K-Best 7": 2.773326, "Cserna": 2.773326, "Bellman": 2.773326, "Minimin": 2.773326, "Nancy": 2.773326, "Lookahead": 9 }