{ "K-Best 1 Pemberton Belief": 1.717723, "K-Best 2 Pemberton Belief": 1.717723, "K-Best 3 Pemberton Belief": 1.717723, "K-Best 5 Pemberton Belief": 1.717723, "K-Best 7 Pemberton Belief": 1.717723, "Cserna Pemberton Belief": 1.717723, "K-Best 1": 1.717723, "K-Best 2": 1.717723, "K-Best 3": 1.717723, "K-Best 5": 1.717723, "K-Best 7": 1.717723, "Cserna": 1.717723, "Bellman": 1.717723, "Minimin": 1.717723, "Nancy": 1.717723, "Lookahead": 9 }