{ "K-Best 1 Pemberton Belief": 3.292281, "K-Best 2 Pemberton Belief": 3.292281, "K-Best 3 Pemberton Belief": 3.292281, "K-Best 5 Pemberton Belief": 3.292281, "K-Best 7 Pemberton Belief": 3.292281, "Cserna Pemberton Belief": 3.292281, "K-Best 1": 3.292281, "K-Best 2": 3.292281, "K-Best 3": 3.292281, "K-Best 5": 3.292281, "K-Best 7": 3.292281, "Cserna": 3.292281, "Bellman": 3.292281, "Minimin": 3.292281, "Nancy": 3.292281, "Lookahead": 9 }