{ "K-Best 1 Pemberton Belief": 2.005926, "K-Best 3 Pemberton Belief": 2.005926, "K-Best 5 Pemberton Belief": 2.005926, "K-Best 7 Pemberton Belief": 2.005926, "Cserna Pemberton Belief": 2.005926, "K-Best 1": 2.005926, "K-Best 3": 2.005926, "K-Best 5": 2.005926, "K-Best 7": 2.005926, "Cserna": 2.005926, "Bellman": 2.005926, "Minimin": 2.005926, "Nancy": 2.005926, "Lookahead": 9 }