{ "K-Best 1 Pemberton Belief": 2.822115, "K-Best 3 Pemberton Belief": 2.822115, "K-Best 5 Pemberton Belief": 2.822115, "K-Best 7 Pemberton Belief": 2.822115, "Cserna Pemberton Belief": 2.822115, "K-Best 1": 2.822115, "K-Best 3": 2.822115, "K-Best 5": 2.822115, "K-Best 7": 2.822115, "Cserna": 2.822115, "Bellman": 2.822115, "Minimin": 2.822115, "Nancy": 2.822115, "Lookahead": 9 }