{ "K-Best 1 Pemberton Belief": 2.528410, "K-Best 3 Pemberton Belief": 2.528410, "K-Best 5 Pemberton Belief": 2.528410, "K-Best 7 Pemberton Belief": 2.528410, "Cserna Pemberton Belief": 2.528410, "K-Best 1": 2.528410, "K-Best 3": 2.528410, "K-Best 5": 2.528410, "K-Best 7": 2.528410, "Cserna": 2.528410, "Bellman": 2.528410, "Minimin": 2.528410, "Nancy": 2.528410, "Lookahead": 9 }