{ "K-Best 1 Pemberton Belief": 2.125732, "K-Best 2 Pemberton Belief": 2.125732, "K-Best 3 Pemberton Belief": 2.125732, "K-Best 5 Pemberton Belief": 2.125732, "K-Best 7 Pemberton Belief": 2.125732, "Cserna Pemberton Belief": 2.125732, "K-Best 1": 2.125732, "K-Best 2": 2.125732, "K-Best 3": 2.125732, "K-Best 5": 2.125732, "K-Best 7": 2.125732, "Cserna": 2.125732, "Bellman": 2.125732, "Minimin": 2.125732, "Nancy": 2.125732, "Lookahead": 9 }