{ "K-Best 1 Pemberton Belief": 2.182198, "K-Best 3 Pemberton Belief": 2.182198, "K-Best 5 Pemberton Belief": 2.182198, "K-Best 7 Pemberton Belief": 2.182198, "Cserna Pemberton Belief": 2.182198, "K-Best 1": 2.182198, "K-Best 3": 2.182198, "K-Best 5": 2.182198, "K-Best 7": 2.182198, "Cserna": 2.182198, "Bellman": 2.182198, "Minimin": 2.182198, "Nancy": 2.182198, "Lookahead": 9 }