{ "K-Best 1 Pemberton Belief": 2.215132, "K-Best 3 Pemberton Belief": 2.215132, "K-Best 5 Pemberton Belief": 2.215132, "K-Best 7 Pemberton Belief": 2.215132, "Cserna Pemberton Belief": 2.215132, "K-Best 1": 2.215132, "K-Best 3": 2.215132, "K-Best 5": 2.215132, "K-Best 7": 2.215132, "Cserna": 2.215132, "Bellman": 2.215132, "Minimin": 2.215132, "Nancy": 2.215132, "Lookahead": 9 }