{ "K-Best 1 Pemberton Belief": 2.450884, "K-Best 2 Pemberton Belief": 2.450884, "K-Best 3 Pemberton Belief": 2.450884, "K-Best 5 Pemberton Belief": 2.450884, "K-Best 7 Pemberton Belief": 2.450884, "Cserna Pemberton Belief": 2.450884, "K-Best 1": 2.450884, "K-Best 2": 2.450884, "K-Best 3": 2.450884, "K-Best 5": 2.450884, "K-Best 7": 2.450884, "Cserna": 2.450884, "Bellman": 2.450884, "Minimin": 2.450884, "Nancy": 2.450884, "Lookahead": 9 }