{ "K-Best 1 Pemberton Belief": 2.175252, "K-Best 3 Pemberton Belief": 2.175252, "K-Best 5 Pemberton Belief": 2.175252, "K-Best 7 Pemberton Belief": 2.175252, "Cserna Pemberton Belief": 2.175252, "K-Best 1": 2.175252, "K-Best 3": 2.175252, "K-Best 5": 2.175252, "K-Best 7": 2.175252, "Cserna": 2.175252, "Bellman": 2.175252, "Minimin": 2.175252, "Nancy": 2.175252, "Lookahead": 9 }