{ "K-Best 1 Pemberton Belief": 2.248393, "K-Best 2 Pemberton Belief": 2.248393, "K-Best 3 Pemberton Belief": 2.248393, "K-Best 5 Pemberton Belief": 2.248393, "K-Best 7 Pemberton Belief": 2.248393, "Cserna Pemberton Belief": 2.248393, "K-Best 1": 2.248393, "K-Best 2": 2.248393, "K-Best 3": 2.248393, "K-Best 5": 2.248393, "K-Best 7": 2.248393, "Cserna": 2.248393, "Bellman": 2.248393, "Minimin": 2.248393, "Nancy": 2.248393, "Lookahead": 9 }