{ "K-Best 1 Pemberton Belief": 2.138136, "K-Best 3 Pemberton Belief": 2.138136, "K-Best 5 Pemberton Belief": 2.138136, "K-Best 7 Pemberton Belief": 2.138136, "Cserna Pemberton Belief": 2.138136, "K-Best 1": 2.138136, "K-Best 3": 2.138136, "K-Best 5": 2.138136, "K-Best 7": 2.138136, "Cserna": 2.138136, "Bellman": 2.138136, "Minimin": 2.138136, "Nancy": 2.138136, "Lookahead": 9 }