{ "K-Best 1 Pemberton Belief": 2.300960, "K-Best 2 Pemberton Belief": 2.300960, "K-Best 3 Pemberton Belief": 2.300960, "K-Best 5 Pemberton Belief": 2.300960, "K-Best 7 Pemberton Belief": 2.300960, "Cserna Pemberton Belief": 2.300960, "K-Best 1": 2.300960, "K-Best 2": 2.300960, "K-Best 3": 2.300960, "K-Best 5": 2.300960, "K-Best 7": 2.300960, "Cserna": 2.300960, "Bellman": 2.300960, "Minimin": 2.300960, "Nancy": 2.300960, "Lookahead": 9 }