{ "K-Best 1 Pemberton Belief": 1.610322, "K-Best 2 Pemberton Belief": 1.610322, "K-Best 3 Pemberton Belief": 1.699946, "K-Best 5 Pemberton Belief": 1.699946, "K-Best 7 Pemberton Belief": 1.699946, "Cserna Pemberton Belief": 1.699946, "K-Best 1": 1.610322, "K-Best 2": 1.610322, "K-Best 3": 1.610322, "K-Best 5": 1.610322, "K-Best 7": 1.610322, "Cserna": 1.610322, "Bellman": 1.610322, "Minimin": 1.610322, "Nancy": 1.610322, "Lookahead": 9 }