{ "K-Best 1 Pemberton Belief": 2.368597, "K-Best 3 Pemberton Belief": 2.368597, "K-Best 5 Pemberton Belief": 2.368597, "K-Best 7 Pemberton Belief": 2.368597, "Cserna Pemberton Belief": 2.368597, "K-Best 1": 2.368597, "K-Best 3": 2.368597, "K-Best 5": 2.368597, "K-Best 7": 2.368597, "Cserna": 2.368597, "Bellman": 2.368597, "Minimin": 2.368597, "Nancy": 2.368597, "Lookahead": 9 }