{ "K-Best 1 Pemberton Belief": 2.720946, "K-Best 2 Pemberton Belief": 2.720946, "K-Best 3 Pemberton Belief": 2.720946, "K-Best 5 Pemberton Belief": 2.720946, "K-Best 7 Pemberton Belief": 2.720946, "Cserna Pemberton Belief": 2.720946, "K-Best 1": 2.720946, "K-Best 2": 2.720946, "K-Best 3": 2.720946, "K-Best 5": 2.720946, "K-Best 7": 2.720946, "Cserna": 2.720946, "Bellman": 2.720946, "Minimin": 2.720946, "Nancy": 2.720946, "Lookahead": 9 }