{ "K-Best 1 Pemberton Belief": 2.479882, "K-Best 3 Pemberton Belief": 2.479882, "K-Best 5 Pemberton Belief": 2.479882, "K-Best 7 Pemberton Belief": 2.479882, "Cserna Pemberton Belief": 2.479882, "K-Best 1": 2.479882, "K-Best 3": 2.479882, "K-Best 5": 2.479882, "K-Best 7": 2.479882, "Cserna": 2.479882, "Bellman": 2.479882, "Minimin": 2.479882, "Nancy": 2.479882, "Lookahead": 9 }