{ "K-Best 1 Pemberton Belief": 2.001089, "K-Best 3 Pemberton Belief": 2.001089, "K-Best 5 Pemberton Belief": 2.001089, "K-Best 7 Pemberton Belief": 2.001089, "Cserna Pemberton Belief": 2.001089, "K-Best 1": 2.001089, "K-Best 3": 2.001089, "K-Best 5": 2.001089, "K-Best 7": 2.001089, "Cserna": 2.001089, "Bellman": 2.001089, "Minimin": 2.001089, "Nancy": 2.001089, "Lookahead": 9 }