{ "K-Best 1 Pemberton Belief": 1.234365, "K-Best 2 Pemberton Belief": 1.234365, "K-Best 3 Pemberton Belief": 1.234365, "K-Best 5 Pemberton Belief": 1.234365, "K-Best 7 Pemberton Belief": 1.234365, "Cserna Pemberton Belief": 1.234365, "K-Best 1": 1.234365, "K-Best 2": 1.234365, "K-Best 3": 1.234365, "K-Best 5": 1.234365, "K-Best 7": 1.234365, "Cserna": 1.234365, "Bellman": 1.234365, "Minimin": 1.234365, "Nancy": 1.234365, "Lookahead": 9 }