{ "K-Best 1 Pemberton Belief": 2.199576, "K-Best 2 Pemberton Belief": 2.199576, "K-Best 3 Pemberton Belief": 2.199576, "K-Best 5 Pemberton Belief": 2.199576, "K-Best 7 Pemberton Belief": 2.199576, "Cserna Pemberton Belief": 2.199576, "K-Best 1": 2.199576, "K-Best 2": 2.199576, "K-Best 3": 2.199576, "K-Best 5": 2.199576, "K-Best 7": 2.199576, "Cserna": 2.199576, "Bellman": 2.199576, "Minimin": 2.199576, "Nancy": 2.199576, "Lookahead": 9 }