{ "K-Best 1 Pemberton Belief": 2.273263, "K-Best 2 Pemberton Belief": 2.273263, "K-Best 3 Pemberton Belief": 2.273263, "K-Best 5 Pemberton Belief": 2.273263, "K-Best 7 Pemberton Belief": 2.273263, "Cserna Pemberton Belief": 2.273263, "K-Best 1": 2.273263, "K-Best 2": 2.273263, "K-Best 3": 2.273263, "K-Best 5": 2.273263, "K-Best 7": 2.273263, "Cserna": 2.273263, "Bellman": 2.273263, "Minimin": 2.273263, "Nancy": 2.273263, "Lookahead": 9 }