{ "K-Best 1 Pemberton Belief": 2.067218, "K-Best 3 Pemberton Belief": 2.067218, "K-Best 5 Pemberton Belief": 2.067218, "K-Best 7 Pemberton Belief": 2.067218, "Cserna Pemberton Belief": 2.067218, "K-Best 1": 2.067218, "K-Best 3": 2.067218, "K-Best 5": 2.067218, "K-Best 7": 2.067218, "Cserna": 2.067218, "Bellman": 2.067218, "Minimin": 2.067218, "Nancy": 2.067218, "Lookahead": 9 }