{ "K-Best 1 Pemberton Belief": 2.766739, "K-Best 3 Pemberton Belief": 2.766739, "K-Best 5 Pemberton Belief": 2.766739, "K-Best 7 Pemberton Belief": 2.766739, "Cserna Pemberton Belief": 2.766739, "K-Best 1": 2.766739, "K-Best 3": 2.766739, "K-Best 5": 2.766739, "K-Best 7": 2.766739, "Cserna": 2.766739, "Bellman": 2.766739, "Minimin": 2.766739, "Nancy": 2.766739, "Lookahead": 9 }