{ "K-Best 1 Pemberton Belief": 2.743921, "K-Best 2 Pemberton Belief": 2.743921, "K-Best 3 Pemberton Belief": 2.743921, "K-Best 5 Pemberton Belief": 2.743921, "K-Best 7 Pemberton Belief": 2.743921, "Cserna Pemberton Belief": 2.743921, "K-Best 1": 2.743921, "K-Best 2": 2.743921, "K-Best 3": 2.743921, "K-Best 5": 2.743921, "K-Best 7": 2.743921, "Cserna": 2.743921, "Bellman": 2.743921, "Minimin": 2.743921, "Nancy": 2.743921, "Lookahead": 9 }