{ "K-Best 1 Pemberton Belief": 2.487004, "K-Best 2 Pemberton Belief": 2.487004, "K-Best 3 Pemberton Belief": 2.487004, "K-Best 5 Pemberton Belief": 2.487004, "K-Best 7 Pemberton Belief": 2.487004, "Cserna Pemberton Belief": 2.487004, "K-Best 1": 2.487004, "K-Best 2": 2.487004, "K-Best 3": 2.487004, "K-Best 5": 2.487004, "K-Best 7": 2.487004, "Cserna": 2.487004, "Bellman": 2.487004, "Minimin": 2.487004, "Nancy": 2.487004, "Lookahead": 9 }