{ "K-Best 1 Pemberton Belief": 2.425068, "K-Best 2 Pemberton Belief": 2.425068, "K-Best 3 Pemberton Belief": 2.425068, "K-Best 5 Pemberton Belief": 2.425068, "K-Best 7 Pemberton Belief": 2.425068, "Cserna Pemberton Belief": 2.425068, "K-Best 1": 2.425068, "K-Best 2": 2.425068, "K-Best 3": 2.425068, "K-Best 5": 2.425068, "K-Best 7": 2.425068, "Cserna": 2.425068, "Bellman": 2.425068, "Minimin": 2.425068, "Nancy": 2.425068, "Lookahead": 9 }