{ "K-Best 1 Pemberton Belief": 1.841087, "K-Best 3 Pemberton Belief": 1.841087, "K-Best 5 Pemberton Belief": 1.841087, "K-Best 7 Pemberton Belief": 1.841087, "Cserna Pemberton Belief": 1.841087, "K-Best 1": 1.841087, "K-Best 3": 1.841087, "K-Best 5": 1.841087, "K-Best 7": 1.841087, "Cserna": 1.841087, "Bellman": 1.841087, "Minimin": 1.841087, "Nancy": 1.841087, "Lookahead": 9 }