{ "K-Best 1 Pemberton Belief": 3.015095, "K-Best 3 Pemberton Belief": 3.015095, "K-Best 5 Pemberton Belief": 3.015095, "K-Best 7 Pemberton Belief": 3.015095, "Cserna Pemberton Belief": 3.015095, "K-Best 1": 3.015095, "K-Best 3": 3.015095, "K-Best 5": 3.015095, "K-Best 7": 3.015095, "Cserna": 3.015095, "Bellman": 3.015095, "Minimin": 3.015095, "Nancy": 3.015095, "Lookahead": 9 }