{ "K-Best 1 Pemberton Belief": 2.076284, "K-Best 2 Pemberton Belief": 2.076284, "K-Best 3 Pemberton Belief": 2.076284, "K-Best 5 Pemberton Belief": 2.076284, "K-Best 7 Pemberton Belief": 2.076284, "Cserna Pemberton Belief": 2.076284, "K-Best 1": 2.076284, "K-Best 2": 2.076284, "K-Best 3": 2.076284, "K-Best 5": 2.076284, "K-Best 7": 2.076284, "Cserna": 2.076284, "Bellman": 2.076284, "Minimin": 2.076284, "Nancy": 2.076284, "Lookahead": 9 }