{ "K-Best 1 Pemberton Belief": 2.451610, "K-Best 3 Pemberton Belief": 2.451610, "K-Best 5 Pemberton Belief": 2.451610, "K-Best 7 Pemberton Belief": 2.451610, "Cserna Pemberton Belief": 2.451610, "K-Best 1": 2.451610, "K-Best 3": 2.451610, "K-Best 5": 2.451610, "K-Best 7": 2.451610, "Cserna": 2.451610, "Bellman": 2.451610, "Minimin": 2.451610, "Nancy": 2.451610, "Lookahead": 9 }