{ "K-Best 1 Pemberton Belief": 1.855065, "K-Best 3 Pemberton Belief": 1.855065, "K-Best 5 Pemberton Belief": 1.855065, "K-Best 7 Pemberton Belief": 1.855065, "Cserna Pemberton Belief": 1.855065, "K-Best 1": 1.855065, "K-Best 3": 1.855065, "K-Best 5": 1.855065, "K-Best 7": 1.855065, "Cserna": 1.855065, "Bellman": 1.855065, "Minimin": 1.855065, "Nancy": 1.855065, "Lookahead": 9 }