{ "K-Best 1 Pemberton Belief": 2.349855, "K-Best 3 Pemberton Belief": 2.349855, "K-Best 5 Pemberton Belief": 2.349855, "K-Best 7 Pemberton Belief": 2.349855, "Cserna Pemberton Belief": 2.349855, "K-Best 1": 2.349855, "K-Best 3": 2.349855, "K-Best 5": 2.349855, "K-Best 7": 2.349855, "Cserna": 2.349855, "Bellman": 2.349855, "Minimin": 2.349855, "Nancy": 2.349855, "Lookahead": 9 }