{ "K-Best 1 Pemberton Belief": 2.542466, "K-Best 3 Pemberton Belief": 2.542466, "K-Best 5 Pemberton Belief": 2.542466, "K-Best 7 Pemberton Belief": 2.542466, "Cserna Pemberton Belief": 2.542466, "K-Best 1": 2.542466, "K-Best 3": 2.542466, "K-Best 5": 2.542466, "K-Best 7": 2.542466, "Cserna": 2.542466, "Bellman": 2.542466, "Minimin": 2.542466, "Nancy": 2.542466, "Lookahead": 9 }