{ "K-Best 1 Pemberton Belief": 3.058876, "K-Best 3 Pemberton Belief": 2.947522, "K-Best 5 Pemberton Belief": 2.947522, "K-Best 7 Pemberton Belief": 2.947522, "Cserna Pemberton Belief": 2.947522, "K-Best 1": 3.058876, "K-Best 3": 3.058876, "K-Best 5": 3.058876, "K-Best 7": 3.058876, "Cserna": 3.058876, "Bellman": 3.058876, "Minimin": 3.058876, "Nancy": 3.058876, "Lookahead": 9 }