{ "K-Best 1 Pemberton Belief": 2.947514, "K-Best 3 Pemberton Belief": 2.947514, "K-Best 5 Pemberton Belief": 2.947514, "K-Best 7 Pemberton Belief": 2.947514, "Cserna Pemberton Belief": 2.947514, "K-Best 1": 2.947514, "K-Best 3": 2.947514, "K-Best 5": 2.947514, "K-Best 7": 2.947514, "Cserna": 2.947514, "Bellman": 2.947514, "Minimin": 2.947514, "Nancy": 2.947514, "Lookahead": 9 }