{ "K-Best 1 Pemberton Belief": 1.570320, "K-Best 2 Pemberton Belief": 1.570320, "K-Best 3 Pemberton Belief": 1.570320, "K-Best 5 Pemberton Belief": 1.570320, "K-Best 7 Pemberton Belief": 1.570320, "Cserna Pemberton Belief": 1.570320, "K-Best 1": 1.570320, "K-Best 2": 1.570320, "K-Best 3": 1.570320, "K-Best 5": 1.570320, "K-Best 7": 1.570320, "Cserna": 1.570320, "Bellman": 1.570320, "Minimin": 1.570320, "Nancy": 1.570320, "Lookahead": 9 }