{ "K-Best 1 Pemberton Belief": 2.323996, "K-Best 2 Pemberton Belief": 2.323996, "K-Best 3 Pemberton Belief": 2.323996, "K-Best 5 Pemberton Belief": 2.323996, "K-Best 7 Pemberton Belief": 2.323996, "Cserna Pemberton Belief": 2.323996, "K-Best 1": 2.323996, "K-Best 2": 2.323996, "K-Best 3": 2.323996, "K-Best 5": 2.323996, "K-Best 7": 2.323996, "Cserna": 2.323996, "Bellman": 2.323996, "Minimin": 2.323996, "Nancy": 2.323996, "Lookahead": 9 }