{ "K-Best 1 Pemberton Belief": 2.584701, "K-Best 2 Pemberton Belief": 2.584701, "K-Best 3 Pemberton Belief": 2.584701, "K-Best 5 Pemberton Belief": 2.584701, "K-Best 7 Pemberton Belief": 2.584701, "Cserna Pemberton Belief": 2.584701, "K-Best 1": 2.584701, "K-Best 2": 2.584701, "K-Best 3": 2.584701, "K-Best 5": 2.584701, "K-Best 7": 2.584701, "Cserna": 2.584701, "Bellman": 2.584701, "Minimin": 2.584701, "Nancy": 2.584701, "Lookahead": 9 }