{ "K-Best 1 Pemberton Belief": 1.831093, "K-Best 3 Pemberton Belief": 1.831093, "K-Best 5 Pemberton Belief": 1.831093, "K-Best 7 Pemberton Belief": 1.831093, "Cserna Pemberton Belief": 1.831093, "K-Best 1": 1.831093, "K-Best 3": 1.831093, "K-Best 5": 1.831093, "K-Best 7": 1.831093, "Cserna": 1.831093, "Bellman": 1.831093, "Minimin": 1.831093, "Nancy": 1.831093, "Lookahead": 9 }