{ "K-Best 1 Pemberton Belief": 3.123789, "K-Best 2 Pemberton Belief": 3.123789, "K-Best 3 Pemberton Belief": 3.123789, "K-Best 5 Pemberton Belief": 3.123789, "K-Best 7 Pemberton Belief": 3.123789, "Cserna Pemberton Belief": 3.123789, "K-Best 1": 3.123789, "K-Best 2": 3.123789, "K-Best 3": 3.123789, "K-Best 5": 3.123789, "K-Best 7": 3.123789, "Cserna": 3.123789, "Bellman": 3.123789, "Minimin": 3.123789, "Nancy": 3.123789, "Lookahead": 9 }