{ "K-Best 1 Pemberton Belief": 1.822729, "K-Best 3 Pemberton Belief": 1.822729, "K-Best 5 Pemberton Belief": 1.822729, "K-Best 7 Pemberton Belief": 1.822729, "Cserna Pemberton Belief": 1.822729, "K-Best 1": 1.822729, "K-Best 3": 1.822729, "K-Best 5": 1.822729, "K-Best 7": 1.822729, "Cserna": 1.822729, "Bellman": 1.822729, "Minimin": 1.822729, "Nancy": 1.822729, "Lookahead": 9 }