{ "K-Best 1 Pemberton Belief": 2.686565, "K-Best 3 Pemberton Belief": 2.686565, "K-Best 5 Pemberton Belief": 2.686565, "K-Best 7 Pemberton Belief": 2.686565, "Cserna Pemberton Belief": 2.686565, "K-Best 1": 2.686565, "K-Best 3": 2.686565, "K-Best 5": 2.686565, "K-Best 7": 2.686565, "Cserna": 2.686565, "Bellman": 2.686565, "Minimin": 2.686565, "Nancy": 2.686565, "Lookahead": 9 }