{ "K-Best 1 Pemberton Belief": 2.563680, "K-Best 2 Pemberton Belief": 2.563680, "K-Best 3 Pemberton Belief": 2.563680, "K-Best 5 Pemberton Belief": 2.563680, "K-Best 7 Pemberton Belief": 2.563680, "Cserna Pemberton Belief": 2.563680, "K-Best 1": 2.563680, "K-Best 2": 2.563680, "K-Best 3": 2.563680, "K-Best 5": 2.563680, "K-Best 7": 2.563680, "Cserna": 2.563680, "Bellman": 2.563680, "Minimin": 2.563680, "Nancy": 2.563680, "Lookahead": 9 }