{ "K-Best 1 Pemberton Belief": 2.871698, "K-Best 2 Pemberton Belief": 2.871698, "K-Best 3 Pemberton Belief": 2.871698, "K-Best 5 Pemberton Belief": 2.871698, "K-Best 7 Pemberton Belief": 2.871698, "Cserna Pemberton Belief": 2.871698, "K-Best 1": 2.871698, "K-Best 2": 2.871698, "K-Best 3": 2.871698, "K-Best 5": 2.871698, "K-Best 7": 2.871698, "Cserna": 2.871698, "Bellman": 2.871698, "Minimin": 2.871698, "Nancy": 2.871698, "Lookahead": 9 }