{ "K-Best 1 Pemberton Belief": 1.772585, "K-Best 2 Pemberton Belief": 1.772585, "K-Best 3 Pemberton Belief": 1.772585, "K-Best 5 Pemberton Belief": 1.772585, "K-Best 7 Pemberton Belief": 1.772585, "Cserna Pemberton Belief": 1.772585, "K-Best 1": 1.772585, "K-Best 2": 1.772585, "K-Best 3": 1.772585, "K-Best 5": 1.772585, "K-Best 7": 1.772585, "Cserna": 1.772585, "Bellman": 1.772585, "Minimin": 1.772585, "Nancy": 1.772585, "Lookahead": 9 }