{ "K-Best 1 Pemberton Belief": 3.484697, "K-Best 3 Pemberton Belief": 3.484697, "K-Best 5 Pemberton Belief": 3.484697, "K-Best 7 Pemberton Belief": 3.484697, "Cserna Pemberton Belief": 3.484697, "K-Best 1": 3.484697, "K-Best 3": 3.484697, "K-Best 5": 3.484697, "K-Best 7": 3.484697, "Cserna": 3.484697, "Bellman": 3.484697, "Minimin": 3.484697, "Nancy": 3.484697, "Lookahead": 9 }