{ "K-Best 1 Pemberton Belief": 1.992316, "K-Best 2 Pemberton Belief": 1.992316, "K-Best 3 Pemberton Belief": 1.992316, "K-Best 5 Pemberton Belief": 1.992316, "K-Best 7 Pemberton Belief": 1.992316, "Cserna Pemberton Belief": 1.992316, "K-Best 1": 1.992316, "K-Best 2": 1.992316, "K-Best 3": 1.992316, "K-Best 5": 1.992316, "K-Best 7": 1.992316, "Cserna": 1.992316, "Bellman": 1.992316, "Minimin": 1.992316, "Nancy": 1.992316, "Lookahead": 9 }