{ "K-Best 1 Pemberton Belief": 2.870548, "K-Best 3 Pemberton Belief": 2.870548, "K-Best 5 Pemberton Belief": 2.870548, "K-Best 7 Pemberton Belief": 2.870548, "Cserna Pemberton Belief": 2.870548, "K-Best 1": 2.870548, "K-Best 3": 2.870548, "K-Best 5": 2.870548, "K-Best 7": 2.870548, "Cserna": 2.870548, "Bellman": 2.870548, "Minimin": 2.870548, "Nancy": 2.870548, "Lookahead": 9 }