{ "K-Best 1 Pemberton Belief": 2.860610, "K-Best 3 Pemberton Belief": 2.860610, "K-Best 5 Pemberton Belief": 2.860610, "K-Best 7 Pemberton Belief": 2.860610, "Cserna Pemberton Belief": 2.860610, "K-Best 1": 2.860610, "K-Best 3": 2.860610, "K-Best 5": 2.860610, "K-Best 7": 2.860610, "Cserna": 2.860610, "Bellman": 2.860610, "Minimin": 2.860610, "Nancy": 2.860610, "Lookahead": 9 }