{ "K-Best 1 Pemberton Belief": 2.813102, "K-Best 3 Pemberton Belief": 2.813102, "K-Best 5 Pemberton Belief": 2.813102, "K-Best 7 Pemberton Belief": 2.813102, "Cserna Pemberton Belief": 2.813102, "K-Best 1": 2.813102, "K-Best 3": 2.813102, "K-Best 5": 2.813102, "K-Best 7": 2.813102, "Cserna": 2.813102, "Bellman": 2.813102, "Minimin": 2.813102, "Nancy": 2.813102, "Lookahead": 9 }