{ "K-Best 1 Pemberton Belief": 2.368382, "K-Best 2 Pemberton Belief": 2.368382, "K-Best 3 Pemberton Belief": 2.368382, "K-Best 5 Pemberton Belief": 2.368382, "K-Best 7 Pemberton Belief": 2.368382, "Cserna Pemberton Belief": 2.368382, "K-Best 1": 2.368382, "K-Best 2": 2.368382, "K-Best 3": 2.368382, "K-Best 5": 2.368382, "K-Best 7": 2.368382, "Cserna": 2.368382, "Bellman": 2.368382, "Minimin": 2.368382, "Nancy": 2.368382, "Lookahead": 9 }