{ "K-Best 1 Pemberton Belief": 2.807305, "K-Best 2 Pemberton Belief": 2.807305, "K-Best 3 Pemberton Belief": 2.807305, "K-Best 5 Pemberton Belief": 2.807305, "K-Best 7 Pemberton Belief": 2.807305, "Cserna Pemberton Belief": 2.807305, "K-Best 1": 2.807305, "K-Best 2": 2.807305, "K-Best 3": 2.807305, "K-Best 5": 2.807305, "K-Best 7": 2.807305, "Cserna": 2.807305, "Bellman": 2.807305, "Minimin": 2.807305, "Nancy": 2.807305, "Lookahead": 9 }