{ "K-Best 1 Pemberton Belief": 2.028857, "K-Best 2 Pemberton Belief": 2.028857, "K-Best 3 Pemberton Belief": 2.028857, "K-Best 5 Pemberton Belief": 2.028857, "K-Best 7 Pemberton Belief": 2.028857, "Cserna Pemberton Belief": 2.028857, "K-Best 1": 2.028857, "K-Best 2": 2.028857, "K-Best 3": 2.028857, "K-Best 5": 2.028857, "K-Best 7": 2.028857, "Cserna": 2.028857, "Bellman": 2.028857, "Minimin": 2.028857, "Nancy": 2.028857, "Lookahead": 9 }