{ "K-Best 1 Pemberton Belief": 1.645556, "K-Best 2 Pemberton Belief": 1.645556, "K-Best 3 Pemberton Belief": 1.645556, "K-Best 5 Pemberton Belief": 1.645556, "K-Best 7 Pemberton Belief": 1.645556, "Cserna Pemberton Belief": 1.645556, "K-Best 1": 1.645556, "K-Best 2": 1.645556, "K-Best 3": 1.645556, "K-Best 5": 1.645556, "K-Best 7": 1.645556, "Cserna": 1.645556, "Bellman": 1.645556, "Minimin": 1.645556, "Nancy": 1.645556, "Lookahead": 9 }