{ "K-Best 1 Pemberton Belief": 2.145379, "K-Best 3 Pemberton Belief": 2.145379, "K-Best 5 Pemberton Belief": 2.145379, "K-Best 7 Pemberton Belief": 2.145379, "Cserna Pemberton Belief": 2.145379, "K-Best 1": 2.145379, "K-Best 3": 2.145379, "K-Best 5": 2.145379, "K-Best 7": 2.145379, "Cserna": 2.145379, "Bellman": 2.145379, "Minimin": 2.145379, "Nancy": 2.145379, "Lookahead": 9 }