{ "K-Best 1 Pemberton Belief": 1.784706, "K-Best 3 Pemberton Belief": 1.784706, "K-Best 5 Pemberton Belief": 1.784706, "K-Best 7 Pemberton Belief": 1.784706, "Cserna Pemberton Belief": 1.784706, "K-Best 1": 1.784706, "K-Best 3": 1.784706, "K-Best 5": 1.784706, "K-Best 7": 1.784706, "Cserna": 1.784706, "Bellman": 1.784706, "Minimin": 1.784706, "Nancy": 1.784706, "Lookahead": 9 }