{ "K-Best 1 Pemberton Belief": 2.205363, "K-Best 3 Pemberton Belief": 2.205363, "K-Best 5 Pemberton Belief": 2.205363, "K-Best 7 Pemberton Belief": 2.205363, "Cserna Pemberton Belief": 2.205363, "K-Best 1": 2.205363, "K-Best 3": 2.205363, "K-Best 5": 2.205363, "K-Best 7": 2.205363, "Cserna": 2.205363, "Bellman": 2.205363, "Minimin": 2.205363, "Nancy": 2.205363, "Lookahead": 9 }