{ "K-Best 1 Pemberton Belief": 2.380564, "K-Best 2 Pemberton Belief": 2.380564, "K-Best 3 Pemberton Belief": 2.380564, "K-Best 5 Pemberton Belief": 2.380564, "K-Best 7 Pemberton Belief": 2.380564, "Cserna Pemberton Belief": 2.380564, "K-Best 1": 2.380564, "K-Best 2": 2.380564, "K-Best 3": 2.380564, "K-Best 5": 2.380564, "K-Best 7": 2.380564, "Cserna": 2.380564, "Bellman": 2.380564, "Minimin": 2.380564, "Nancy": 2.380564, "Lookahead": 9 }