{ "K-Best 1 Pemberton Belief": 2.362478, "K-Best 3 Pemberton Belief": 2.362478, "K-Best 5 Pemberton Belief": 2.362478, "K-Best 7 Pemberton Belief": 2.362478, "Cserna Pemberton Belief": 2.362478, "K-Best 1": 2.362478, "K-Best 3": 2.362478, "K-Best 5": 2.362478, "K-Best 7": 2.362478, "Cserna": 2.362478, "Bellman": 2.362478, "Minimin": 2.362478, "Nancy": 2.362478, "Lookahead": 9 }