{ "K-Best 1 Pemberton Belief": 2.517189, "K-Best 3 Pemberton Belief": 2.517189, "K-Best 5 Pemberton Belief": 2.517189, "K-Best 7 Pemberton Belief": 2.517189, "Cserna Pemberton Belief": 2.517189, "K-Best 1": 2.517189, "K-Best 3": 2.517189, "K-Best 5": 2.517189, "K-Best 7": 2.517189, "Cserna": 2.517189, "Bellman": 2.517189, "Minimin": 2.517189, "Nancy": 2.517189, "Lookahead": 9 }