{ "K-Best 1 Pemberton Belief": 1.710269, "K-Best 2 Pemberton Belief": 1.710269, "K-Best 3 Pemberton Belief": 1.710269, "K-Best 5 Pemberton Belief": 1.710269, "K-Best 7 Pemberton Belief": 1.710269, "Cserna Pemberton Belief": 1.710269, "K-Best 1": 1.710269, "K-Best 2": 1.710269, "K-Best 3": 1.710269, "K-Best 5": 1.710269, "K-Best 7": 1.710269, "Cserna": 1.710269, "Bellman": 1.710269, "Minimin": 1.710269, "Nancy": 1.710269, "Lookahead": 9 }