{ "K-Best 1 Pemberton Belief": 2.964256, "K-Best 3 Pemberton Belief": 2.964256, "K-Best 5 Pemberton Belief": 2.964256, "K-Best 7 Pemberton Belief": 2.964256, "Cserna Pemberton Belief": 2.964256, "K-Best 1": 2.964256, "K-Best 3": 2.964256, "K-Best 5": 2.964256, "K-Best 7": 2.964256, "Cserna": 2.964256, "Bellman": 2.964256, "Minimin": 2.964256, "Nancy": 2.964256, "Lookahead": 9 }