{ "K-Best 1 Pemberton Belief": 1.624409, "K-Best 3 Pemberton Belief": 1.624409, "K-Best 5 Pemberton Belief": 1.624409, "K-Best 7 Pemberton Belief": 1.624409, "Cserna Pemberton Belief": 1.624409, "K-Best 1": 1.624409, "K-Best 3": 1.624409, "K-Best 5": 1.624409, "K-Best 7": 1.624409, "Cserna": 1.624409, "Bellman": 1.624409, "Minimin": 1.624409, "Nancy": 1.624409, "Lookahead": 9 }