{ "K-Best 1 Pemberton Belief": 2.268662, "K-Best 2 Pemberton Belief": 2.268662, "K-Best 3 Pemberton Belief": 2.268662, "K-Best 5 Pemberton Belief": 2.268662, "K-Best 7 Pemberton Belief": 2.268662, "Cserna Pemberton Belief": 2.268662, "K-Best 1": 2.268662, "K-Best 2": 2.268662, "K-Best 3": 2.268662, "K-Best 5": 2.268662, "K-Best 7": 2.268662, "Cserna": 2.268662, "Bellman": 2.268662, "Minimin": 2.268662, "Nancy": 2.268662, "Lookahead": 9 }