{ "K-Best 1 Pemberton Belief": 2.374172, "K-Best 2 Pemberton Belief": 2.637870, "K-Best 3 Pemberton Belief": 2.637870, "K-Best 5 Pemberton Belief": 2.637870, "K-Best 7 Pemberton Belief": 2.637870, "Cserna Pemberton Belief": 2.637870, "K-Best 1": 2.374172, "K-Best 2": 2.637870, "K-Best 3": 2.374172, "K-Best 5": 2.374172, "K-Best 7": 2.374172, "Cserna": 2.374172, "Bellman": 2.374172, "Minimin": 2.374172, "Nancy": 2.374172, "Lookahead": 9 }