{ "K-Best 1 Pemberton Belief": 2.578550, "K-Best 2 Pemberton Belief": 2.578550, "K-Best 3 Pemberton Belief": 2.578550, "K-Best 5 Pemberton Belief": 2.578550, "K-Best 7 Pemberton Belief": 2.578550, "Cserna Pemberton Belief": 2.578550, "K-Best 1": 2.578550, "K-Best 2": 2.578550, "K-Best 3": 2.578550, "K-Best 5": 2.578550, "K-Best 7": 2.578550, "Cserna": 2.578550, "Bellman": 2.578550, "Minimin": 2.578550, "Nancy": 2.578550, "Lookahead": 9 }