{ "K-Best 1 Pemberton Belief": 2.907088, "K-Best 2 Pemberton Belief": 2.907088, "K-Best 3 Pemberton Belief": 2.907088, "K-Best 5 Pemberton Belief": 2.907088, "K-Best 7 Pemberton Belief": 2.907088, "Cserna Pemberton Belief": 2.907088, "K-Best 1": 2.907088, "K-Best 2": 2.907088, "K-Best 3": 2.907088, "K-Best 5": 2.907088, "K-Best 7": 2.907088, "Cserna": 2.907088, "Bellman": 2.907088, "Minimin": 2.907088, "Nancy": 2.907088, "Lookahead": 9 }