{ "K-Best 1 Pemberton Belief": 2.493018, "K-Best 3 Pemberton Belief": 2.493018, "K-Best 5 Pemberton Belief": 2.493018, "K-Best 7 Pemberton Belief": 2.493018, "Cserna Pemberton Belief": 2.493018, "K-Best 1": 2.493018, "K-Best 3": 2.493018, "K-Best 5": 2.493018, "K-Best 7": 2.493018, "Cserna": 2.493018, "Bellman": 2.493018, "Minimin": 2.493018, "Nancy": 2.493018, "Lookahead": 9 }