{ "K-Best 1 Pemberton Belief": 2.939452, "K-Best 3 Pemberton Belief": 2.939452, "K-Best 5 Pemberton Belief": 2.939452, "K-Best 7 Pemberton Belief": 2.939452, "Cserna Pemberton Belief": 2.939452, "K-Best 1": 2.939452, "K-Best 3": 2.939452, "K-Best 5": 2.939452, "K-Best 7": 2.939452, "Cserna": 2.939452, "Bellman": 2.939452, "Minimin": 2.939452, "Nancy": 2.939452, "Lookahead": 9 }