{ "K-Best 1 Pemberton Belief": 1.839639, "K-Best 3 Pemberton Belief": 1.839639, "K-Best 5 Pemberton Belief": 1.839639, "K-Best 7 Pemberton Belief": 1.839639, "Cserna Pemberton Belief": 1.839639, "K-Best 1": 1.839639, "K-Best 3": 1.839639, "K-Best 5": 1.839639, "K-Best 7": 1.839639, "Cserna": 1.839639, "Bellman": 1.839639, "Minimin": 1.839639, "Nancy": 1.839639, "Lookahead": 9 }