{ "K-Best 1 Pemberton Belief": 1.574776, "K-Best 3 Pemberton Belief": 1.574776, "K-Best 5 Pemberton Belief": 1.574776, "K-Best 7 Pemberton Belief": 1.574776, "Cserna Pemberton Belief": 1.574776, "K-Best 1": 1.574776, "K-Best 3": 1.574776, "K-Best 5": 1.574776, "K-Best 7": 1.574776, "Cserna": 1.574776, "Bellman": 1.574776, "Minimin": 1.574776, "Nancy": 1.574776, "Lookahead": 9 }