{ "K-Best 1 Pemberton Belief": 1.864710, "K-Best 2 Pemberton Belief": 1.864710, "K-Best 3 Pemberton Belief": 1.864710, "K-Best 5 Pemberton Belief": 1.864710, "K-Best 7 Pemberton Belief": 1.864710, "Cserna Pemberton Belief": 1.864710, "K-Best 1": 1.864710, "K-Best 2": 1.864710, "K-Best 3": 1.864710, "K-Best 5": 1.864710, "K-Best 7": 1.864710, "Cserna": 1.864710, "Bellman": 1.864710, "Minimin": 1.864710, "Nancy": 1.864710, "Lookahead": 9 }