{ "K-Best 1 Pemberton Belief": 2.223213, "K-Best 2 Pemberton Belief": 2.223213, "K-Best 3 Pemberton Belief": 2.223213, "K-Best 5 Pemberton Belief": 2.223213, "K-Best 7 Pemberton Belief": 2.223213, "Cserna Pemberton Belief": 2.223213, "K-Best 1": 2.223213, "K-Best 2": 2.223213, "K-Best 3": 2.223213, "K-Best 5": 2.223213, "K-Best 7": 2.223213, "Cserna": 2.223213, "Bellman": 2.223213, "Minimin": 2.223213, "Nancy": 2.223213, "Lookahead": 9 }