{ "K-Best 1 Pemberton Belief": 1.870462, "K-Best 2 Pemberton Belief": 1.870462, "K-Best 3 Pemberton Belief": 1.870462, "K-Best 5 Pemberton Belief": 1.870462, "K-Best 7 Pemberton Belief": 1.870462, "Cserna Pemberton Belief": 1.870462, "K-Best 1": 1.870462, "K-Best 2": 1.870462, "K-Best 3": 1.870462, "K-Best 5": 1.870462, "K-Best 7": 1.870462, "Cserna": 1.870462, "Bellman": 1.870462, "Minimin": 1.870462, "Nancy": 1.870462, "Lookahead": 9 }