{ "K-Best 1 Pemberton Belief": 2.674117, "K-Best 3 Pemberton Belief": 2.674117, "K-Best 5 Pemberton Belief": 2.674117, "K-Best 7 Pemberton Belief": 2.674117, "Cserna Pemberton Belief": 2.674117, "K-Best 1": 2.674117, "K-Best 3": 2.674117, "K-Best 5": 2.674117, "K-Best 7": 2.674117, "Cserna": 2.674117, "Bellman": 2.674117, "Minimin": 2.674117, "Nancy": 2.674117, "Lookahead": 9 }