{ "K-Best 1 Pemberton Belief": 2.761129, "K-Best 2 Pemberton Belief": 2.761129, "K-Best 3 Pemberton Belief": 2.761129, "K-Best 5 Pemberton Belief": 2.761129, "K-Best 7 Pemberton Belief": 2.761129, "Cserna Pemberton Belief": 2.761129, "K-Best 1": 2.761129, "K-Best 2": 2.761129, "K-Best 3": 2.761129, "K-Best 5": 2.761129, "K-Best 7": 2.761129, "Cserna": 2.761129, "Bellman": 2.761129, "Minimin": 2.761129, "Nancy": 2.761129, "Lookahead": 9 }