{ "K-Best 1 Pemberton Belief": 1.347671, "K-Best 2 Pemberton Belief": 1.347671, "K-Best 3 Pemberton Belief": 1.347671, "K-Best 5 Pemberton Belief": 1.347671, "K-Best 7 Pemberton Belief": 1.347671, "Cserna Pemberton Belief": 1.347671, "K-Best 1": 1.347671, "K-Best 2": 1.347671, "K-Best 3": 1.347671, "K-Best 5": 1.347671, "K-Best 7": 1.347671, "Cserna": 1.347671, "Bellman": 1.347671, "Minimin": 1.347671, "Nancy": 1.347671, "Lookahead": 9 }