{ "K-Best 1 Pemberton Belief": 2.537621, "K-Best 2 Pemberton Belief": 2.537621, "K-Best 3 Pemberton Belief": 2.537621, "K-Best 5 Pemberton Belief": 2.537621, "K-Best 7 Pemberton Belief": 2.537621, "Cserna Pemberton Belief": 2.537621, "K-Best 1": 2.537621, "K-Best 2": 2.537621, "K-Best 3": 2.537621, "K-Best 5": 2.537621, "K-Best 7": 2.537621, "Cserna": 2.537621, "Bellman": 2.537621, "Minimin": 2.537621, "Nancy": 2.537621, "Lookahead": 9 }