{ "K-Best 1 Pemberton Belief": 2.595276, "K-Best 2 Pemberton Belief": 2.595276, "K-Best 3 Pemberton Belief": 2.595276, "K-Best 5 Pemberton Belief": 2.595276, "K-Best 7 Pemberton Belief": 2.595276, "Cserna Pemberton Belief": 2.595276, "K-Best 1": 2.595276, "K-Best 2": 2.595276, "K-Best 3": 2.595276, "K-Best 5": 2.595276, "K-Best 7": 2.595276, "Cserna": 2.595276, "Bellman": 2.595276, "Minimin": 2.595276, "Nancy": 2.595276, "Lookahead": 9 }