{ "K-Best 1 Pemberton Belief": 3.067522, "K-Best 3 Pemberton Belief": 3.067522, "K-Best 5 Pemberton Belief": 3.067522, "K-Best 7 Pemberton Belief": 3.067522, "Cserna Pemberton Belief": 3.067522, "K-Best 1": 3.067522, "K-Best 3": 3.067522, "K-Best 5": 3.067522, "K-Best 7": 3.067522, "Cserna": 3.067522, "Bellman": 3.067522, "Minimin": 3.067522, "Nancy": 3.067522, "Lookahead": 9 }