{ "K-Best 1 Pemberton Belief": 1.992480, "K-Best 2 Pemberton Belief": 1.992480, "K-Best 3 Pemberton Belief": 1.992480, "K-Best 5 Pemberton Belief": 1.992480, "K-Best 7 Pemberton Belief": 1.992480, "Cserna Pemberton Belief": 1.992480, "K-Best 1": 1.992480, "K-Best 2": 1.992480, "K-Best 3": 1.992480, "K-Best 5": 1.992480, "K-Best 7": 1.992480, "Cserna": 1.992480, "Bellman": 1.992480, "Minimin": 1.992480, "Nancy": 1.992480, "Lookahead": 9 }