{ "K-Best 1 Pemberton Belief": 2.072056, "K-Best 2 Pemberton Belief": 2.072056, "K-Best 3 Pemberton Belief": 2.072056, "K-Best 5 Pemberton Belief": 2.072056, "K-Best 7 Pemberton Belief": 2.072056, "Cserna Pemberton Belief": 2.072056, "K-Best 1": 2.072056, "K-Best 2": 2.072056, "K-Best 3": 2.072056, "K-Best 5": 2.072056, "K-Best 7": 2.072056, "Cserna": 2.072056, "Bellman": 2.072056, "Minimin": 2.072056, "Nancy": 2.072056, "Lookahead": 9 }