{ "K-Best 1 Pemberton Belief": 2.323437, "K-Best 2 Pemberton Belief": 2.323437, "K-Best 3 Pemberton Belief": 2.323437, "K-Best 5 Pemberton Belief": 2.323437, "K-Best 7 Pemberton Belief": 2.323437, "Cserna Pemberton Belief": 2.323437, "K-Best 1": 2.323437, "K-Best 2": 2.323437, "K-Best 3": 2.323437, "K-Best 5": 2.323437, "K-Best 7": 2.323437, "Cserna": 2.323437, "Bellman": 2.323437, "Minimin": 2.323437, "Nancy": 2.323437, "Lookahead": 9 }