{ "K-Best 1 Pemberton Belief": 2.945848, "K-Best 2 Pemberton Belief": 2.945848, "K-Best 3 Pemberton Belief": 2.945848, "K-Best 5 Pemberton Belief": 2.945848, "K-Best 7 Pemberton Belief": 2.945848, "Cserna Pemberton Belief": 2.945848, "K-Best 1": 2.945848, "K-Best 2": 2.945848, "K-Best 3": 2.945848, "K-Best 5": 2.945848, "K-Best 7": 2.945848, "Cserna": 2.945848, "Bellman": 2.945848, "Minimin": 2.945848, "Nancy": 2.945848, "Lookahead": 9 }