{ "K-Best 1 Pemberton Belief": 2.265970, "K-Best 2 Pemberton Belief": 2.265970, "K-Best 3 Pemberton Belief": 2.265970, "K-Best 5 Pemberton Belief": 2.265970, "K-Best 7 Pemberton Belief": 2.265970, "Cserna Pemberton Belief": 2.265970, "K-Best 1": 2.265970, "K-Best 2": 2.265970, "K-Best 3": 2.265970, "K-Best 5": 2.265970, "K-Best 7": 2.265970, "Cserna": 2.265970, "Bellman": 2.265970, "Minimin": 2.265970, "Nancy": 2.265970, "Lookahead": 9 }