{ "K-Best 1 Pemberton Belief": 2.137616, "K-Best 2 Pemberton Belief": 2.137616, "K-Best 3 Pemberton Belief": 2.137616, "K-Best 5 Pemberton Belief": 2.137616, "K-Best 7 Pemberton Belief": 2.137616, "Cserna Pemberton Belief": 2.137616, "K-Best 1": 2.137616, "K-Best 2": 2.137616, "K-Best 3": 2.137616, "K-Best 5": 2.137616, "K-Best 7": 2.137616, "Cserna": 2.137616, "Bellman": 2.137616, "Minimin": 2.137616, "Nancy": 2.137616, "Lookahead": 9 }