{ "K-Best 1 Pemberton Belief": 1.757188, "K-Best 3 Pemberton Belief": 1.757188, "K-Best 5 Pemberton Belief": 1.757188, "K-Best 7 Pemberton Belief": 1.757188, "Cserna Pemberton Belief": 1.757188, "K-Best 1": 1.757188, "K-Best 3": 1.757188, "K-Best 5": 1.757188, "K-Best 7": 1.757188, "Cserna": 1.757188, "Bellman": 1.757188, "Minimin": 1.757188, "Nancy": 1.757188, "Lookahead": 9 }