{ "K-Best 1 Pemberton Belief": 2.132767, "K-Best 3 Pemberton Belief": 2.132767, "K-Best 5 Pemberton Belief": 2.132767, "K-Best 7 Pemberton Belief": 2.132767, "Cserna Pemberton Belief": 2.132767, "K-Best 1": 2.132767, "K-Best 3": 2.132767, "K-Best 5": 2.132767, "K-Best 7": 2.132767, "Cserna": 2.132767, "Bellman": 2.132767, "Minimin": 2.132767, "Nancy": 2.132767, "Lookahead": 9 }