{ "K-Best 1 Pemberton Belief": 2.907083, "K-Best 2 Pemberton Belief": 3.172954, "K-Best 3 Pemberton Belief": 3.172954, "K-Best 5 Pemberton Belief": 3.172954, "K-Best 7 Pemberton Belief": 3.172954, "Cserna Pemberton Belief": 3.172954, "K-Best 1": 2.907083, "K-Best 2": 3.172954, "K-Best 3": 3.172954, "K-Best 5": 3.172954, "K-Best 7": 3.172954, "Cserna": 3.172954, "Bellman": 2.907083, "Minimin": 2.907083, "Nancy": 2.907083, "Lookahead": 9 }