{ "K-Best 1 Pemberton Belief": 2.621971, "K-Best 3 Pemberton Belief": 2.621971, "K-Best 5 Pemberton Belief": 2.621971, "K-Best 7 Pemberton Belief": 2.621971, "Cserna Pemberton Belief": 2.621971, "K-Best 1": 2.621971, "K-Best 3": 2.621971, "K-Best 5": 2.621971, "K-Best 7": 2.621971, "Cserna": 2.621971, "Bellman": 2.621971, "Minimin": 2.621971, "Nancy": 2.621971, "Lookahead": 9 }