{ "K-Best 1 Pemberton Belief": 2.359098, "K-Best 3 Pemberton Belief": 2.359098, "K-Best 5 Pemberton Belief": 2.359098, "K-Best 7 Pemberton Belief": 2.359098, "Cserna Pemberton Belief": 2.359098, "K-Best 1": 2.359098, "K-Best 3": 2.359098, "K-Best 5": 2.359098, "K-Best 7": 2.359098, "Cserna": 2.359098, "Bellman": 2.359098, "Minimin": 2.359098, "Nancy": 2.359098, "Lookahead": 9 }