{ "K-Best 1 Pemberton Belief": 1.954319, "K-Best 3 Pemberton Belief": 1.954319, "K-Best 5 Pemberton Belief": 1.954319, "K-Best 7 Pemberton Belief": 1.954319, "Cserna Pemberton Belief": 1.954319, "K-Best 1": 1.954319, "K-Best 3": 1.954319, "K-Best 5": 1.954319, "K-Best 7": 1.954319, "Cserna": 1.954319, "Bellman": 1.954319, "Minimin": 1.954319, "Nancy": 1.954319, "Lookahead": 9 }