{ "K-Best 1 Pemberton Belief": 3.300272, "K-Best 2 Pemberton Belief": 3.300272, "K-Best 3 Pemberton Belief": 3.300272, "K-Best 5 Pemberton Belief": 3.300272, "K-Best 7 Pemberton Belief": 3.300272, "Cserna Pemberton Belief": 3.300272, "K-Best 1": 3.300272, "K-Best 2": 3.300272, "K-Best 3": 3.300272, "K-Best 5": 3.300272, "K-Best 7": 3.300272, "Cserna": 3.300272, "Bellman": 3.300272, "Minimin": 3.300272, "Nancy": 3.300272, "Lookahead": 9 }