{ "K-Best 1 Pemberton Belief": 2.636065, "K-Best 2 Pemberton Belief": 2.636065, "K-Best 3 Pemberton Belief": 2.636065, "K-Best 5 Pemberton Belief": 2.636065, "K-Best 7 Pemberton Belief": 2.636065, "Cserna Pemberton Belief": 2.636065, "K-Best 1": 2.636065, "K-Best 2": 2.636065, "K-Best 3": 2.636065, "K-Best 5": 2.636065, "K-Best 7": 2.636065, "Cserna": 2.636065, "Bellman": 2.636065, "Minimin": 2.636065, "Nancy": 2.636065, "Lookahead": 9 }