{ "K-Best 1 Pemberton Belief": 2.450835, "K-Best 3 Pemberton Belief": 2.450835, "K-Best 5 Pemberton Belief": 2.450835, "K-Best 7 Pemberton Belief": 2.450835, "Cserna Pemberton Belief": 2.450835, "K-Best 1": 2.450835, "K-Best 3": 2.450835, "K-Best 5": 2.450835, "K-Best 7": 2.450835, "Cserna": 2.450835, "Bellman": 2.450835, "Minimin": 2.450835, "Nancy": 2.450835, "Lookahead": 9 }