{ "K-Best 1 Pemberton Belief": 1.707723, "K-Best 3 Pemberton Belief": 1.707723, "K-Best 5 Pemberton Belief": 1.707723, "K-Best 7 Pemberton Belief": 1.707723, "Cserna Pemberton Belief": 1.707723, "K-Best 1": 1.707723, "K-Best 3": 1.707723, "K-Best 5": 1.707723, "K-Best 7": 1.707723, "Cserna": 1.707723, "Bellman": 1.707723, "Minimin": 1.707723, "Nancy": 1.707723, "Lookahead": 9 }