{ "Minimin": 24.744813, "Bellman": 24.744813, "Nancy": 24.744813, "Cserna": 32.008685, "Lookahead": 10 }