{ "Minimin": 25.639711, "Bellman": 25.639711, "Nancy": 25.639711, "Cserna": 32.507922, "Lookahead": 10 }