{ "Minimin": 24.214854, "Bellman": 24.214854, "Nancy": 24.214854, "Cserna": 23.411341, "CsernaPembertonBelief": 23.528750, "Lookahead": 10 }