{ "Minimin": 22.381101, "Bellman": 22.381101, "Nancy": 22.381101, "Cserna": 32.050524, "Lookahead": 10 }