{ "Minimin": 22.526148, "Bellman": 22.526148, "Nancy": 22.526148, "Cserna": 21.610553, "CsernaPembertonBelief": 22.876207, "Lookahead": 10 }