{ "Minimin": 23.402163, "Bellman": 23.402163, "Nancy": 23.402163, "Cserna": 23.540442, "CsernaPembertonBelief": 23.441887, "Lookahead": 10 }