{ "Minimin": 23.479903, "Bellman": 23.479903, "Nancy": 23.479903, "Cserna": 31.545510, "Lookahead": 10 }