{ "Minimin": 23.210205, "Bellman": 23.210205, "Nancy": 23.210205, "Cserna": 31.007235, "Lookahead": 10 }