{ "Minimin": 24.082456, "Bellman": 24.082456, "Nancy": 24.082456, "Cserna": 32.487816, "Lookahead": 10 }