{ "Minimin": 21.004769, "Bellman": 21.004769, "Nancy": 21.004769, "Cserna": 22.596880, "CsernaPembertonBelief": 21.983154, "Lookahead": 10 }