{ "Minimin": 20.018930, "Bellman": 20.018930, "Nancy": 20.018930, "Cserna": 20.018930, "CsernaPembertonBelief": 20.018930, "Lookahead": 10 }