{ "Minimin": 21.903291, "Bellman": 21.903291, "Nancy": 21.903291, "Cserna": 22.311185, "CsernaPembertonBelief": 23.530159, "Lookahead": 10 }