{ "Minimin": 22.973641, "Bellman": 22.973641, "Nancy": 22.973641, "Cserna": 38.471554, "Lookahead": 10 }