{ "Minimin": 21.873389, "Bellman": 21.873389, "Nancy": 21.873389, "Cserna": 22.168919, "CsernaPembertonBelief": 23.251651, "Lookahead": 10 }