{ "Minimin": 23.327995, "Bellman": 23.327995, "Nancy": 23.327995, "Cserna": 31.538886, "Lookahead": 10 }