{ "Minimin": 23.707014, "Bellman": 23.707014, "Nancy": 23.707014, "Cserna": 22.595430, "CsernaPembertonBelief": 22.759315, "Lookahead": 10 }