{ "Minimin": 24.114752, "Bellman": 24.114752, "Nancy": 24.114752, "Cserna": 33.526053, "Lookahead": 10 }