{ "Minimin": 23.233949, "Bellman": 23.233949, "Nancy": 23.233949, "Cserna": 34.257953, "Lookahead": 10 }