{ "Minimin": 20.521623, "Bellman": 20.521623, "Nancy": 20.521623, "Cserna": 23.382063, "CsernaPembertonBelief": 20.521623, "Lookahead": 10 }