{ "Minimin": 21.054166, "Bellman": 21.054166, "Nancy": 21.054166, "Cserna": 32.738632, "Lookahead": 10 }