{ "Minimin": 24.020102, "Bellman": 24.020102, "Nancy": 24.020102, "Cserna": 29.729829, "Lookahead": 10 }