{ "Minimin": 23.907842, "Bellman": 23.907842, "Nancy": 23.907842, "Cserna": 23.231728, "CsernaPembertonBelief": 21.859171, "Lookahead": 10 }