{ "Minimin": 21.964665, "Bellman": 21.964665, "Nancy": 21.964665, "Cserna": 22.266825, "CsernaPembertonBelief": 23.603182, "Lookahead": 10 }