{ "Minimin": 22.577625, "Bellman": 22.577625, "Nancy": 22.577625, "Cserna": 21.054544, "CsernaPembertonBelief": 21.541015, "Lookahead": 10 }