{ "Minimin": 21.348988, "Bellman": 21.348988, "Nancy": 21.348988, "Cserna": 31.872044, "Lookahead": 10 }