{ "Minimin": 22.530932, "Bellman": 22.530932, "Nancy": 22.530932, "Cserna": 28.678924, "Lookahead": 10 }