{ "Minimin": 23.308057, "Bellman": 23.308057, "Nancy": 23.308057, "Cserna": 32.366947, "Lookahead": 10 }