{ "Minimin": 23.697834, "Bellman": 23.697834, "Nancy": 23.697834, "Cserna": 21.431867, "CsernaPembertonBelief": 23.338571, "Lookahead": 10 }