{ "Minimin": 23.787926, "Bellman": 23.787926, "Nancy": 23.787926, "Cserna": 22.410229, "CsernaPembertonBelief": 24.384599, "Lookahead": 10 }