{ "Minimin": 23.764078, "Bellman": 23.764078, "Nancy": 23.764078, "Cserna": 31.866709, "Lookahead": 10 }