{ "Minimin": 20.392856, "Bellman": 20.392856, "Nancy": 20.392856, "Cserna": 27.007494, "Lookahead": 10 }