{ "Minimin": 22.959490, "Bellman": 22.959490, "Nancy": 22.959490, "Cserna": 22.865923, "CsernaPembertonBelief": 22.328886, "Lookahead": 10 }