{ "Minimin": 22.091455, "Bellman": 22.091455, "Nancy": 22.091455, "Cserna": 22.488180, "CsernaPembertonBelief": 23.864854, "Lookahead": 10 }