{ "Minimin": 21.644616, "Bellman": 21.644616, "Nancy": 21.644616, "Cserna": 21.818374, "CsernaPembertonBelief": 21.088073, "Lookahead": 10 }