{ "Minimin": 23.353734, "Bellman": 23.353734, "Nancy": 23.353734, "Cserna": 35.346490, "Lookahead": 10 }