{ "Minimin": 22.745964, "Bellman": 22.745964, "Nancy": 22.745964, "Cserna": 29.569352, "Lookahead": 10 }