{ "Minimin": 23.491048, "Bellman": 23.491048, "Nancy": 23.491048, "Cserna": 33.281447, "Lookahead": 10 }