{ "Minimin": 21.874242, "Bellman": 21.874242, "Nancy": 21.874242, "Cserna": 33.083434, "Lookahead": 10 }