{ "Minimin": 23.053239, "Bellman": 23.053239, "Nancy": 23.053239, "Cserna": 27.795414, "Lookahead": 10 }