{ "Minimin": 23.358544, "Bellman": 23.358544, "Nancy": 23.358544, "Cserna": 23.199410, "CsernaPembertonBelief": 23.312592, "Lookahead": 10 }