{ "Minimin": 23.480089, "Bellman": 23.480089, "Nancy": 23.480089, "Cserna": 34.486885, "Lookahead": 10 }