{ "Minimin": 22.136757, "Bellman": 22.136757, "Nancy": 22.136757, "Cserna": 31.156680, "Lookahead": 10 }