{ "Minimin": 21.757281, "Bellman": 21.757281, "Nancy": 21.757281, "Cserna": 32.847548, "Lookahead": 10 }