{ "Minimin": 20.788259, "Bellman": 20.788259, "Nancy": 20.788259, "Cserna": 21.263873, "CsernaPembertonBelief": 21.263873, "Lookahead": 10 }