{ "Minimin": 24.662578, "Bellman": 24.662578, "Nancy": 24.662578, "Cserna": 23.108493, "CsernaPembertonBelief": 24.155324, "Lookahead": 10 }