{ "Minimin": 24.687611, "Bellman": 24.687611, "Nancy": 24.687611, "Cserna": 22.915021, "CsernaPembertonBelief": 22.731295, "Lookahead": 10 }