{ "Minimin": 20.589894, "Bellman": 20.589894, "Nancy": 20.589894, "Cserna": 36.163249, "Lookahead": 10 }