{ "Minimin": 23.445410, "Bellman": 23.445410, "Nancy": 23.445410, "Cserna": 22.033281, "CsernaPembertonBelief": 23.774332, "Lookahead": 10 }