{ "Minimin": 21.362068, "Bellman": 21.362068, "Nancy": 21.362068, "Cserna": 23.159541, "CsernaPembertonBelief": 22.467450, "Lookahead": 10 }