{ "Minimin": 22.210376, "Bellman": 22.210376, "Nancy": 22.210376, "Cserna": 23.721537, "CsernaPembertonBelief": 22.488264, "Lookahead": 10 }