{ "Minimin": 21.948717, "Bellman": 21.948717, "Nancy": 21.948717, "Cserna": 33.622057, "Lookahead": 10 }