{ "Minimin": 23.182468, "Bellman": 23.182468, "Nancy": 23.182468, "Cserna": 21.852883, "CsernaPembertonBelief": 22.859857, "Lookahead": 10 }