{ "Minimin": 21.679040, "Bellman": 21.679040, "Nancy": 21.679040, "Cserna": 32.693756, "Lookahead": 10 }