{ "Minimin": 23.548194, "Bellman": 23.548194, "Nancy": 23.548194, "Cserna": 23.478038, "CsernaPembertonBelief": 21.957660, "Lookahead": 10 }