{ "Minimin": 23.682119, "Bellman": 23.682119, "Nancy": 23.682119, "Cserna": 30.062280, "Lookahead": 10 }