{ "Minimin": 24.272859, "Bellman": 24.272859, "Nancy": 24.272859, "Cserna": 24.068357, "CsernaPembertonBelief": 23.850924, "Lookahead": 10 }