{ "Minimin": 24.256072, "Bellman": 24.256072, "Nancy": 24.256072, "Cserna": 23.407585, "CsernaPembertonBelief": 23.508126, "Lookahead": 10 }