{ "Minimin": 23.322732, "Bellman": 23.322732, "Nancy": 23.322732, "Cserna": 24.077346, "CsernaPembertonBelief": 22.061361, "Lookahead": 10 }