{ "Minimin": 23.431259, "Bellman": 23.431259, "Nancy": 23.431259, "Cserna": 23.559266, "CsernaPembertonBelief": 22.791171, "Lookahead": 10 }