{ "Minimin": 24.620006, "Bellman": 24.620006, "Nancy": 24.620006, "Cserna": 22.134186, "CsernaPembertonBelief": 22.134186, "Lookahead": 10 }