{ "Minimin": 23.513937, "Bellman": 23.513937, "Nancy": 23.513937, "Cserna": 21.967454, "CsernaPembertonBelief": 21.967454, "Lookahead": 10 }