{ "Minimin": 24.064034, "Bellman": 24.064034, "Nancy": 24.064034, "Cserna": 34.298328, "Lookahead": 10 }