{ "Minimin": 22.077532, "Bellman": 22.077532, "Nancy": 22.077532, "Cserna": 21.519719, "CsernaPembertonBelief": 21.544380, "Lookahead": 10 }