{ "Minimin": 21.816250, "Bellman": 21.816250, "Nancy": 21.816250, "Cserna": 35.891253, "Lookahead": 10 }