{ "Minimin": 22.715106, "Bellman": 22.715106, "Nancy": 22.715106, "Cserna": 23.069812, "CsernaPembertonBelief": 22.228382, "Lookahead": 10 }