{ "Minimin": 21.181263, "Bellman": 21.181263, "Nancy": 21.181263, "Cserna": 20.810251, "CsernaPembertonBelief": 20.810251, "Lookahead": 10 }