{ "Minimin": 24.894549, "Bellman": 24.894549, "Nancy": 24.894549, "Cserna": 24.550848, "CsernaPembertonBelief": 23.788055, "Lookahead": 10 }