{ "Minimin": 21.958937, "Bellman": 21.958937, "Nancy": 21.958937, "Cserna": 22.928756, "CsernaPembertonBelief": 22.928756, "Lookahead": 10 }