{ "Minimin": 22.426354, "Bellman": 22.426354, "Nancy": 22.426354, "Cserna": 29.587030, "Lookahead": 10 }