{ "Minimin": 23.414066, "Bellman": 23.414066, "Nancy": 23.414066, "Cserna": 30.078206, "Lookahead": 10 }