{ "Minimin": 22.708137, "Bellman": 22.708137, "Nancy": 22.708137, "Cserna": 31.500224, "Lookahead": 10 }