{ "Minimin": 21.572278, "Bellman": 21.572278, "Nancy": 21.572278, "Cserna": 30.805426, "Lookahead": 10 }