{ "Minimin": 22.433855, "Bellman": 22.433855, "Nancy": 22.433855, "Cserna": 30.661731, "Lookahead": 10 }