{ "Minimin": 23.361747, "Bellman": 23.361747, "Nancy": 23.361747, "Cserna": 22.538194, "CsernaPembertonBelief": 21.524157, "Lookahead": 10 }