{ "Minimin": 21.865461, "Bellman": 21.865461, "Nancy": 21.865461, "Cserna": 30.327877, "Lookahead": 10 }