{ "Minimin": 22.831852, "Bellman": 22.831852, "Nancy": 22.831852, "Cserna": 32.519215, "Lookahead": 10 }