{ "Minimin": 21.858077, "Bellman": 21.858077, "Nancy": 21.858077, "Cserna": 32.653740, "Lookahead": 10 }