{ "Minimin": 21.784248, "Bellman": 21.784248, "Nancy": 21.784248, "Cserna": 22.006553, "CsernaPembertonBelief": 22.094565, "Lookahead": 10 }