{ "Minimin": 21.903051, "Bellman": 21.903051, "Nancy": 21.903051, "Cserna": 21.977130, "CsernaPembertonBelief": 21.565284, "Lookahead": 10 }