{ "Minimin": 21.065383, "Bellman": 21.065383, "Nancy": 21.065383, "Cserna": 20.801457, "CsernaPembertonBelief": 21.079179, "Lookahead": 10 }