{ "Minimin": 22.951777, "Bellman": 22.951777, "Nancy": 22.951777, "Cserna": 28.324012, "Lookahead": 10 }