{ "Minimin": 22.394358, "Bellman": 22.394358, "Nancy": 22.394358, "Cserna": 21.055224, "CsernaPembertonBelief": 22.394358, "Lookahead": 10 }