{ "Minimin": 23.688585, "Bellman": 23.688585, "Nancy": 23.688585, "Cserna": 20.978310, "CsernaPembertonBelief": 20.978310, "Lookahead": 10 }