{ "Minimin": 23.289069, "Bellman": 23.289069, "Nancy": 23.289069, "Cserna": 31.251716, "Lookahead": 10 }