{ "Minimin": 21.580587, "Bellman": 21.580587, "Nancy": 21.580587, "Cserna": 21.230247, "CsernaPembertonBelief": 20.217541, "Lookahead": 10 }