{ "Minimin": 21.554466, "Bellman": 21.554466, "Nancy": 21.554466, "Cserna": 34.177175, "Lookahead": 10 }