{ "Minimin": 23.293831, "Bellman": 23.293831, "Nancy": 23.293831, "Cserna": 30.115916, "Lookahead": 10 }