{ "Minimin": 22.493337, "Bellman": 22.493337, "Nancy": 22.493337, "Cserna": 23.372224, "CsernaPembertonBelief": 22.741912, "Lookahead": 10 }