{ "Minimin": 22.316865, "Bellman": 22.316865, "Nancy": 22.316865, "Cserna": 22.693680, "CsernaPembertonBelief": 22.888593, "Lookahead": 10 }