{ "Minimin": 23.532384, "Bellman": 23.532384, "Nancy": 23.532384, "Cserna": 32.979123, "Lookahead": 10 }