{ "Minimin": 22.008233, "Bellman": 22.008233, "Nancy": 22.008233, "Cserna": 31.710584, "Lookahead": 10 }