{ "Minimin": 23.580445, "Bellman": 23.580445, "Nancy": 23.580445, "Cserna": 29.958994, "Lookahead": 10 }