{ "Minimin": 22.568736, "Bellman": 22.568736, "Nancy": 22.568736, "Cserna": 22.888700, "CsernaPembertonBelief": 22.999175, "Lookahead": 10 }