{ "Minimin": 23.507117, "Bellman": 23.507117, "Nancy": 23.507117, "Cserna": 23.089177, "CsernaPembertonBelief": 23.089177, "Lookahead": 10 }