{ "Minimin": 20.730468, "Bellman": 20.730468, "Nancy": 20.730468, "Cserna": 29.684808, "Lookahead": 10 }