{ "Minimin": 19.773668, "Bellman": 19.773668, "Nancy": 19.773668, "Cserna": 31.170877, "Lookahead": 10 }