{ "Minimin": 21.853773, "Bellman": 21.853773, "Nancy": 21.853773, "Cserna": 35.187782, "Lookahead": 10 }