{ "Minimin": 23.647406, "Bellman": 23.647406, "Nancy": 23.647406, "Cserna": 30.413614, "Lookahead": 10 }