{ "Minimin": 22.547018, "Bellman": 22.547018, "Nancy": 22.547018, "Cserna": 28.758747, "Lookahead": 10 }