{ "Minimin": 24.020256, "Bellman": 24.020256, "Nancy": 24.020256, "Cserna": 21.416159, "CsernaPembertonBelief": 21.416159, "Lookahead": 10 }