{ "Minimin": 23.457014, "Bellman": 23.457014, "Nancy": 23.457014, "Cserna": 22.937729, "CsernaPembertonBelief": 22.898342, "Lookahead": 10 }