{ "Minimin": 21.963592, "Bellman": 21.963592, "Nancy": 21.963592, "Cserna": 21.862874, "CsernaPembertonBelief": 24.849513, "Lookahead": 10 }