{ "Minimin": 24.003173, "Bellman": 24.003173, "Nancy": 24.003173, "Cserna": 34.094747, "Lookahead": 10 }