{ "Minimin": 23.179593, "Bellman": 23.179593, "Nancy": 23.179593, "Cserna": 32.246291, "Lookahead": 10 }