{ "Minimin": 24.138720, "Bellman": 24.138720, "Nancy": 24.138720, "Cserna": 34.611958, "Lookahead": 10 }