{ "Minimin": 25.155653, "Bellman": 25.155653, "Nancy": 25.155653, "Cserna": 24.472376, "CsernaPembertonBelief": 24.370312, "Lookahead": 10 }