{ "Minimin": 21.777455, "Bellman": 21.777455, "Nancy": 21.777455, "Cserna": 29.788829, "Lookahead": 10 }