{ "Minimin": 21.248590, "Bellman": 21.248590, "Nancy": 21.248590, "Cserna": 20.365534, "CsernaPembertonBelief": 20.365534, "Lookahead": 10 }