{ "Minimin": 23.403480, "Bellman": 23.403480, "Nancy": 23.403480, "Cserna": 24.394873, "CsernaPembertonBelief": 23.306257, "Lookahead": 10 }