{ "Minimin": 23.421041, "Bellman": 23.421041, "Nancy": 23.421041, "Cserna": 32.801393, "Lookahead": 10 }