{ "Minimin": 25.493292, "Bellman": 25.493292, "Nancy": 25.493292, "Cserna": 32.032768, "Lookahead": 10 }