{ "Minimin": 22.426731, "Bellman": 22.426731, "Nancy": 22.426731, "Cserna": 22.850326, "CsernaPembertonBelief": 22.426731, "Lookahead": 10 }