{ "Minimin": 21.858274, "Bellman": 21.858274, "Nancy": 21.858274, "Cserna": 23.004053, "CsernaPembertonBelief": 21.858274, "Lookahead": 10 }