{ "Minimin": 23.524362, "Bellman": 23.524362, "Nancy": 23.524362, "Cserna": 28.831148, "Lookahead": 10 }