{ "Minimin": 23.032550, "Bellman": 23.032550, "Nancy": 23.032550, "Cserna": 33.436254, "Lookahead": 10 }