{ "Minimin": 22.111546, "Bellman": 22.111546, "Nancy": 22.111546, "Cserna": 29.562645, "Lookahead": 10 }