{ "Minimin": 23.473082, "Bellman": 23.473082, "Nancy": 23.473082, "Cserna": 23.422322, "CsernaPembertonBelief": 23.422322, "Lookahead": 10 }