{ "Minimin": 23.259616, "Bellman": 23.259616, "Nancy": 23.259616, "Cserna": 22.957603, "CsernaPembertonBelief": 23.130930, "Lookahead": 10 }