{ "Minimin": 22.628891, "Bellman": 22.628891, "Nancy": 22.628891, "Cserna": 31.293750, "Lookahead": 10 }