{ "Minimin": 24.462995, "Bellman": 24.462995, "Nancy": 24.462995, "Cserna": 30.249667, "Lookahead": 10 }