{ "Minimin": 22.614996, "Bellman": 22.614996, "Nancy": 22.614996, "Cserna": 21.997632, "CsernaPembertonBelief": 22.614996, "Lookahead": 10 }