{ "Minimin": 24.060649, "Bellman": 24.060649, "Nancy": 24.060649, "Cserna": 34.017090, "Lookahead": 10 }