{ "Minimin": 21.253068, "Bellman": 21.253068, "Nancy": 21.253068, "Cserna": 21.253068, "CsernaPembertonBelief": 23.080215, "Lookahead": 10 }