{ "Minimin": 21.856328, "Bellman": 21.856328, "Nancy": 21.856328, "Cserna": 23.664501, "CsernaPembertonBelief": 22.194158, "Lookahead": 10 }