{ "Minimin": 21.267894, "Bellman": 21.267894, "Nancy": 21.267894, "Cserna": 31.556460, "Lookahead": 10 }