{ "Minimin": 22.783787, "Bellman": 22.783787, "Nancy": 22.783787, "Cserna": 22.688346, "CsernaPembertonBelief": 20.907614, "Lookahead": 10 }