{ "Minimin": 25.248228, "Bellman": 25.248228, "Nancy": 25.248228, "Cserna": 32.195987, "Lookahead": 10 }