{ "Minimin": 20.926499, "Bellman": 20.926499, "Nancy": 20.926499, "Cserna": 27.079941, "Lookahead": 10 }