{ "Minimin": 21.667129, "Bellman": 21.667129, "Nancy": 21.667129, "Cserna": 32.593071, "Lookahead": 10 }