{ "Minimin": 21.015078, "Bellman": 21.015078, "Nancy": 21.015078, "Cserna": 20.848354, "CsernaPembertonBelief": 21.015078, "Lookahead": 10 }