{ "Minimin": 22.287228, "Bellman": 22.287228, "Nancy": 22.287228, "Cserna": 34.251438, "Lookahead": 10 }