{ "Minimin": 22.290187, "Bellman": 22.290187, "Nancy": 22.290187, "Cserna": 31.631973, "Lookahead": 10 }