{ "Minimin": 24.274530, "Bellman": 24.274530, "Nancy": 24.274530, "Cserna": 33.373471, "Lookahead": 10 }