{ "Minimin": 23.862126, "Bellman": 23.862126, "Nancy": 23.862126, "Cserna": 24.145524, "CsernaPembertonBelief": 23.798189, "Lookahead": 10 }