{ "Minimin": 23.121950, "Bellman": 23.121950, "Nancy": 23.121950, "Cserna": 34.243961, "Lookahead": 10 }