{ "Minimin": 21.558643, "Bellman": 21.558643, "Nancy": 21.558643, "Cserna": 22.775488, "CsernaPembertonBelief": 21.969945, "Lookahead": 10 }