{ "Minimin": 22.608102, "Bellman": 22.608102, "Nancy": 22.608102, "Cserna": 32.866981, "Lookahead": 10 }