{ "Minimin": 22.720094, "Bellman": 22.720094, "Nancy": 22.720094, "Cserna": 22.927924, "CsernaPembertonBelief": 22.220643, "Lookahead": 10 }