{ "Minimin": 26.513519, "Bellman": 26.513519, "Nancy": 26.513519, "Cserna": 23.905011, "CsernaPembertonBelief": 26.054778, "Lookahead": 10 }