{ "Minimin": 24.121300, "Bellman": 24.121300, "Nancy": 24.121300, "Cserna": 22.541322, "CsernaPembertonBelief": 22.861093, "Lookahead": 10 }