{ "Minimin": 20.904268, "Bellman": 20.904268, "Nancy": 20.904268, "Cserna": 23.231001, "CsernaPembertonBelief": 22.484181, "Lookahead": 10 }