{ "Minimin": 22.163017, "Bellman": 22.163017, "Nancy": 22.163017, "Cserna": 22.519323, "CsernaPembertonBelief": 22.757411, "Lookahead": 10 }