{ "Minimin": 21.325455, "Bellman": 21.325455, "Nancy": 21.325455, "Cserna": 23.356251, "CsernaPembertonBelief": 23.356251, "Lookahead": 10 }