{ "Minimin": 22.688384, "Bellman": 22.688384, "Nancy": 22.688384, "Cserna": 34.801153, "Lookahead": 10 }