{ "Minimin": 21.904469, "Bellman": 21.904469, "Nancy": 21.904469, "Cserna": 22.177676, "CsernaPembertonBelief": 22.177676, "Lookahead": 10 }