{ "Minimin": 23.168377, "Bellman": 23.168377, "Nancy": 23.168377, "Cserna": 22.858399, "CsernaPembertonBelief": 22.858399, "Lookahead": 10 }