{ "Minimin": 22.536595, "Bellman": 22.536595, "Nancy": 22.536595, "Cserna": 23.353322, "CsernaPembertonBelief": 22.622190, "Lookahead": 10 }