{ "Minimin": 22.316823, "Bellman": 22.316823, "Nancy": 22.316823, "Cserna": 22.257682, "CsernaPembertonBelief": 22.378190, "Lookahead": 10 }