{ "Minimin": 21.669915, "Bellman": 21.669915, "Nancy": 21.669915, "Cserna": 27.491334, "Lookahead": 10 }