{ "Minimin": 21.136032, "Bellman": 21.136032, "Nancy": 21.136032, "Cserna": 23.423226, "CsernaPembertonBelief": 21.136032, "Lookahead": 10 }