{ "Minimin": 22.773921, "Bellman": 22.773921, "Nancy": 22.773921, "Cserna": 21.971711, "CsernaPembertonBelief": 23.314829, "Lookahead": 10 }