{ "Minimin": 23.425207, "Bellman": 23.425207, "Nancy": 23.425207, "Cserna": 30.709777, "Lookahead": 10 }