{ "Minimin": 23.847024, "Bellman": 23.847024, "Nancy": 23.847024, "Cserna": 32.023155, "Lookahead": 10 }