{ "Minimin": 21.305547, "Bellman": 21.305547, "Nancy": 21.305547, "Cserna": 32.959333, "Lookahead": 10 }