{ "Minimin": 20.834447, "Bellman": 20.834447, "Nancy": 20.834447, "Cserna": 28.998357, "Lookahead": 10 }