{ "Minimin": 23.321168, "Bellman": 23.321168, "Nancy": 23.321168, "Cserna": 23.063039, "CsernaPembertonBelief": 23.307318, "Lookahead": 10 }