{ "Minimin": 22.206231, "Bellman": 22.206231, "Nancy": 22.206231, "Cserna": 32.830564, "Lookahead": 10 }