{ "Minimin": 20.227227, "Bellman": 20.227227, "Nancy": 20.227227, "Cserna": 29.286734, "Lookahead": 10 }