{ "Minimin": 23.118378, "Bellman": 23.118378, "Nancy": 23.118378, "Cserna": 31.416845, "Lookahead": 10 }