{ "Minimin": 20.548496, "Bellman": 20.548496, "Nancy": 20.548496, "Cserna": 30.517564, "Lookahead": 10 }