{ "Minimin": 22.611103, "Bellman": 22.611103, "Nancy": 22.611103, "Cserna": 23.216162, "CsernaPembertonBelief": 22.611103, "Lookahead": 10 }