{ "Minimin": 22.782475, "Bellman": 22.782475, "Nancy": 22.782475, "Cserna": 22.001461, "CsernaPembertonBelief": 23.463686, "Lookahead": 10 }