{ "Minimin": 21.959063, "Bellman": 21.959063, "Nancy": 21.959063, "Cserna": 30.003978, "Lookahead": 10 }