{ "Minimin": 21.886053, "Bellman": 21.886053, "Nancy": 21.886053, "Cserna": 31.060605, "Lookahead": 10 }