{ "Minimin": 23.259464, "Bellman": 23.259464, "Nancy": 23.259464, "Cserna": 30.428083, "Lookahead": 10 }