{ "Minimin": 23.965672, "Bellman": 23.965672, "Nancy": 23.965672, "Cserna": 23.451934, "CsernaPembertonBelief": 23.965672, "Lookahead": 10 }