{ "Minimin": 21.089450, "Bellman": 21.089450, "Nancy": 21.089450, "Cserna": 22.304912, "CsernaPembertonBelief": 24.262917, "Lookahead": 10 }