{ "Minimin": 22.524638, "Bellman": 22.524638, "Nancy": 22.524638, "Cserna": 23.858555, "CsernaPembertonBelief": 23.290586, "Lookahead": 10 }