{ "Minimin": 21.472445, "Bellman": 21.472445, "Nancy": 21.472445, "Cserna": 31.767664, "Lookahead": 10 }