{ "Minimin": 23.466685, "Bellman": 23.466685, "Nancy": 23.466685, "Cserna": 22.868841, "CsernaPembertonBelief": 21.150617, "Lookahead": 10 }