{ "Minimin": 23.824867, "Bellman": 23.824867, "Nancy": 23.824867, "Cserna": 22.769022, "CsernaPembertonBelief": 23.811247, "Lookahead": 10 }