{ "Minimin": 23.214530, "Bellman": 23.214530, "Nancy": 23.214530, "Cserna": 31.284973, "Lookahead": 10 }