{ "Minimin": 22.479012, "Bellman": 22.479012, "Nancy": 22.479012, "Cserna": 31.429963, "Lookahead": 10 }