{ "Minimin": 25.619524, "Bellman": 25.619524, "Nancy": 25.619524, "Cserna": 22.406323, "CsernaPembertonBelief": 22.406323, "Lookahead": 10 }