{ "Minimin": 23.090113, "Bellman": 23.090113, "Nancy": 23.090113, "Cserna": 22.640870, "CsernaPembertonBelief": 23.090113, "Lookahead": 10 }