{ "Minimin": 23.644028, "Bellman": 23.644028, "Nancy": 23.644028, "Cserna": 21.663810, "CsernaPembertonBelief": 23.548995, "Lookahead": 10 }