{ "Minimin": 23.128907, "Bellman": 23.128907, "Nancy": 23.128907, "Cserna": 22.265340, "CsernaPembertonBelief": 23.128907, "Lookahead": 10 }