{ "Minimin": 24.838372, "Bellman": 24.838372, "Nancy": 24.838372, "Cserna": 33.515227, "Lookahead": 10 }