{ "Minimin": 22.313214, "Bellman": 22.313214, "Nancy": 22.313214, "Cserna": 22.434127, "CsernaPembertonBelief": 23.448214, "Lookahead": 10 }