{ "Minimin": 22.043386, "Bellman": 22.043386, "Nancy": 22.043386, "Cserna": 32.830440, "Lookahead": 10 }