{ "Minimin": 22.163230, "Bellman": 22.163230, "Nancy": 22.163230, "Cserna": 23.351219, "CsernaPembertonBelief": 21.455307, "Lookahead": 10 }