{ "Minimin": 22.790558, "Bellman": 22.790558, "Nancy": 22.790558, "Cserna": 33.678933, "Lookahead": 10 }