{ "Minimin": 23.986048, "Bellman": 23.986048, "Nancy": 23.986048, "Cserna": 34.168553, "Lookahead": 10 }