{ "Minimin": 22.281956, "Bellman": 22.281956, "Nancy": 22.281956, "Cserna": 34.027528, "Lookahead": 10 }