{ "Minimin": 22.040836, "Bellman": 22.040836, "Nancy": 22.040836, "Cserna": 24.081323, "CsernaPembertonBelief": 22.832747, "Lookahead": 10 }