{ "Minimin": 21.564288, "Bellman": 21.564288, "Nancy": 21.564288, "Cserna": 20.926872, "CsernaPembertonBelief": 21.139111, "Lookahead": 10 }