{ "Minimin": 23.121846, "Bellman": 23.121846, "Nancy": 23.121846, "Cserna": 30.996190, "Lookahead": 10 }