{ "Minimin": 21.173609, "Bellman": 21.173609, "Nancy": 21.173609, "Cserna": 21.892536, "CsernaPembertonBelief": 22.472727, "Lookahead": 10 }