{ "Minimin": 23.735852, "Bellman": 23.735852, "Nancy": 23.735852, "Cserna": 24.023029, "CsernaPembertonBelief": 24.435504, "Lookahead": 10 }