{ "Minimin": 23.583267, "Bellman": 23.583267, "Nancy": 23.583267, "Cserna": 24.044213, "CsernaPembertonBelief": 24.484560, "Lookahead": 10 }