{ "Minimin": 23.602277, "Bellman": 23.602277, "Nancy": 23.602277, "Cserna": 30.117968, "Lookahead": 10 }