{ "Minimin": 22.813812, "Bellman": 22.813812, "Nancy": 22.813812, "Cserna": 23.952338, "CsernaPembertonBelief": 22.504691, "Lookahead": 10 }