{ "Minimin": 23.463755, "Bellman": 23.463755, "Nancy": 23.463755, "Cserna": 31.549330, "Lookahead": 10 }