{ "Minimin": 22.824644, "Bellman": 22.824644, "Nancy": 22.824644, "Cserna": 35.819458, "Lookahead": 10 }