{ "Minimin": 24.066830, "Bellman": 24.066830, "Nancy": 24.066830, "Cserna": 21.617665, "CsernaPembertonBelief": 24.320628, "Lookahead": 10 }