{ "Minimin": 23.033966, "Bellman": 23.033966, "Nancy": 23.033966, "Cserna": 31.598818, "Lookahead": 10 }