{ "Minimin": 22.241416, "Bellman": 22.241416, "Nancy": 22.241416, "Cserna": 28.415100, "Lookahead": 10 }