{ "Minimin": 27.492752, "Bellman": 27.492752, "Nancy": 27.492752, "Cserna": 30.484325, "Lookahead": 3 }