{ "Minimin": 25.508706, "Bellman": 25.508706, "Nancy": 25.508706, "Cserna": 28.552098, "Lookahead": 3 }