{ "Minimin": 25.087069, "Bellman": 25.087069, "Nancy": 25.087069, "Cserna": 26.980702, "Lookahead": 3 }