{ "Minimin": 29.317647, "Bellman": 29.317647, "Nancy": 29.317647, "Cserna": 27.825493, "Lookahead": 3 }