{ "Minimin": 26.310603, "Bellman": 26.310603, "Nancy": 26.310603, "Cserna": 26.369300, "Lookahead": 3 }