{ "Minimin": 26.597070, "Bellman": 26.597070, "Nancy": 26.597070, "Cserna": 27.839732, "CsernaPembertonBelief": 30.073527, "Lookahead": 3 }