{ "Minimin": 29.613916, "Bellman": 29.613916, "Nancy": 29.613916, "Cserna": 27.948019, "Lookahead": 3 }