{ "Minimin": 24.689337, "Bellman": 24.689337, "Nancy": 24.689337, "Cserna": 27.001336, "CsernaPembertonBelief": 27.618562, "Lookahead": 3 }