{ "Minimin": 28.966014, "Bellman": 28.966014, "Nancy": 28.966014, "Cserna": 27.900087, "Lookahead": 3 }