{ "Minimin": 25.962099, "Bellman": 25.962099, "Nancy": 25.962099, "Cserna": 27.727557, "Lookahead": 3 }