{ "Minimin": 23.806157, "Bellman": 23.806157, "Nancy": 23.806157, "Cserna": 29.222403, "Lookahead": 3 }