{ "Minimin": 30.211137, "Bellman": 30.211137, "Nancy": 30.211137, "Cserna": 31.251811, "Lookahead": 3 }