{ "Minimin": 28.438432, "Bellman": 28.438432, "Nancy": 28.438432, "Cserna": 29.108080, "Lookahead": 3 }