{ "Minimin": 28.036933, "Bellman": 28.036933, "Nancy": 28.036933, "Cserna": 30.735338, "Lookahead": 3 }