{ "Minimin": 25.156762, "Bellman": 25.156762, "Nancy": 25.156762, "Cserna": 28.815248, "Lookahead": 3 }