{ "Minimin": 26.470989, "Bellman": 26.470989, "Nancy": 26.470989, "Cserna": 27.600928, "Lookahead": 3 }