{ "Minimin": 27.553467, "Bellman": 27.553467, "Nancy": 27.553467, "Cserna": 26.566095, "Lookahead": 3 }