{ "Minimin": 26.868621, "Bellman": 26.868621, "Nancy": 26.868621, "Cserna": 25.512158, "Lookahead": 3 }