{ "Minimin": 28.391894, "Bellman": 28.391894, "Nancy": 28.391894, "Cserna": 25.825866, "Lookahead": 3 }