{ "Minimin": 25.787626, "Bellman": 25.787626, "Nancy": 25.787626, "Cserna": 29.383751, "Lookahead": 3 }