{ "Minimin": 26.695024, "Bellman": 26.695024, "Nancy": 26.695024, "Cserna": 29.420209, "CsernaPembertonBelief": 27.027968, "Lookahead": 3 }