{ "Minimin": 25.492824, "Bellman": 25.492824, "Nancy": 25.492824, "Cserna": 29.581794, "Lookahead": 3 }