{ "Minimin": 27.511313, "Bellman": 27.511313, "Nancy": 27.511313, "Cserna": 27.306554, "CsernaPembertonBelief": 26.595314, "Lookahead": 3 }