{ "Minimin": 28.904190, "Bellman": 28.904190, "Nancy": 28.904190, "Cserna": 30.266324, "Lookahead": 3 }