{ "Minimin": 28.498512, "Bellman": 28.498512, "Nancy": 28.498512, "Cserna": 30.951540, "Lookahead": 3 }