{ "Minimin": 26.556801, "Bellman": 26.556801, "Nancy": 26.556801, "Cserna": 25.062511, "Lookahead": 3 }