{ "Minimin": 26.998455, "Bellman": 26.998455, "Nancy": 26.998455, "Cserna": 28.961718, "Lookahead": 3 }