{ "Minimin": 25.600960, "Bellman": 25.600960, "Nancy": 25.600960, "Cserna": 27.832430, "Lookahead": 3 }