{ "Minimin": 25.313709, "Bellman": 25.313709, "Nancy": 25.313709, "Cserna": 30.516805, "Lookahead": 3 }