{ "Minimin": 28.020107, "Bellman": 28.020107, "Nancy": 28.020107, "Cserna": 30.077941, "Lookahead": 3 }