{ "Minimin": 25.558512, "Bellman": 25.558512, "Nancy": 25.558512, "Cserna": 24.941219, "Lookahead": 3 }