{ "Minimin": 26.821359, "Bellman": 26.821359, "Nancy": 26.821359, "Cserna": 28.021462, "Lookahead": 3 }