{ "Minimin": 29.223992, "Bellman": 29.223992, "Nancy": 29.223992, "Cserna": 30.285551, "Lookahead": 3 }