{ "Minimin": 29.914530, "Bellman": 29.914530, "Nancy": 29.914530, "Cserna": 27.515569, "Lookahead": 3 }