{ "Minimin": 27.190982, "Bellman": 27.190982, "Nancy": 27.190982, "Cserna": 29.561554, "CsernaPembertonBelief": 28.580177, "Lookahead": 3 }