{ "Minimin": 27.087307, "Bellman": 27.087307, "Nancy": 27.087307, "Cserna": 29.041895, "Lookahead": 3 }