{ "Minimin": 29.729593, "Bellman": 29.729593, "Nancy": 29.729593, "Cserna": 28.941624, "CsernaPembertonBelief": 26.690247, "Lookahead": 3 }