{ "Minimin": 27.572099, "Bellman": 27.572099, "Nancy": 27.572099, "Cserna": 27.707834, "Lookahead": 3 }