{ "Minimin": 27.711694, "Bellman": 27.711694, "Nancy": 27.711694, "Cserna": 28.726823, "CsernaPembertonBelief": 26.962810, "Lookahead": 3 }