{ "Minimin": 25.333275, "Bellman": 25.333275, "Nancy": 25.333275, "Cserna": 27.587710, "Lookahead": 3 }