{ "Minimin": 26.379774, "Bellman": 26.379774, "Nancy": 26.379774, "Cserna": 30.012626, "Lookahead": 3 }