{ "Minimin": 26.401966, "Bellman": 26.401966, "Nancy": 26.401966, "Cserna": 29.199247, "CsernaPembertonBelief": 25.719151, "Lookahead": 3 }