{ "Minimin": 27.371267, "Bellman": 27.371267, "Nancy": 27.371267, "Cserna": 28.200073, "Lookahead": 3 }