{ "Minimin": 23.887684, "Bellman": 23.887684, "Nancy": 23.887684, "Cserna": 25.635887, "Lookahead": 3 }