{ "Minimin": 26.783968, "Bellman": 26.783968, "Nancy": 26.783968, "Cserna": 25.152414, "Lookahead": 3 }