{ "Minimin": 24.451937, "Bellman": 24.451937, "Nancy": 24.451937, "Cserna": 25.473369, "Lookahead": 3 }