{ "Minimin": 27.632380, "Bellman": 27.632380, "Nancy": 27.632380, "Cserna": 26.640582, "Lookahead": 3 }