{ "Minimin": 28.644952, "Bellman": 28.644952, "Nancy": 28.644952, "Cserna": 32.145982, "Lookahead": 3 }