{ "Minimin": 29.181671, "Bellman": 29.181671, "Nancy": 29.181671, "Cserna": 27.238289, "Lookahead": 3 }