{ "Minimin": 27.518599, "Bellman": 27.518599, "Nancy": 27.518599, "Cserna": 30.389488, "Lookahead": 3 }