{ "Minimin": 30.453801, "Bellman": 30.453801, "Nancy": 30.453801, "Cserna": 28.078348, "Lookahead": 3 }