{ "Minimin": 27.635851, "Bellman": 27.635851, "Nancy": 27.635851, "Cserna": 29.555342, "Lookahead": 3 }