{ "Minimin": 28.760208, "Bellman": 28.760208, "Nancy": 28.760208, "Cserna": 29.496062, "Lookahead": 3 }