{ "Minimin": 21.462919, "Bellman": 21.462919, "Nancy": 21.462919, "Cserna": 29.058054, "Lookahead": 3 }