{ "Minimin": 26.282989, "Bellman": 26.282989, "Nancy": 26.282989, "Cserna": 28.697607, "CsernaPembertonBelief": 26.282989, "Lookahead": 3 }