{ "Minimin": 27.961043, "Bellman": 27.961043, "Nancy": 27.961043, "Cserna": 28.890528, "CsernaPembertonBelief": 25.819318, "Lookahead": 3 }