{ "Minimin": 28.531096, "Bellman": 28.531096, "Nancy": 28.531096, "Cserna": 28.161022, "Lookahead": 3 }