{ "Minimin": 28.233493, "Bellman": 28.233493, "Nancy": 28.233493, "Cserna": 27.998320, "Lookahead": 3 }