{ "Minimin": 25.220382, "Bellman": 25.220382, "Nancy": 25.220382, "Cserna": 24.145710, "Lookahead": 3 }