{ "Minimin": 27.845114, "Bellman": 27.845114, "Nancy": 27.845114, "Cserna": 28.798431, "Lookahead": 3 }