{ "Minimin": 26.307711, "Bellman": 26.307711, "Nancy": 26.307711, "Cserna": 27.539401, "Lookahead": 3 }