{ "Minimin": 29.071801, "Bellman": 29.071801, "Nancy": 29.071801, "Cserna": 28.623785, "Lookahead": 3 }