{ "Minimin": 26.145063, "Bellman": 26.145063, "Nancy": 26.145063, "Cserna": 30.041048, "Lookahead": 3 }