{ "Minimin": 26.703727, "Bellman": 26.703727, "Nancy": 26.703727, "Cserna": 26.670784, "Lookahead": 3 }