{ "Minimin": 29.858630, "Bellman": 29.858630, "Nancy": 29.858630, "Cserna": 28.936008, "Lookahead": 3 }