{ "Minimin": 26.707805, "Bellman": 26.707805, "Nancy": 26.707805, "Cserna": 29.085299, "Lookahead": 3 }