{ "Minimin": 26.136849, "Bellman": 26.136849, "Nancy": 26.136849, "Cserna": 28.776989, "Lookahead": 3 }