{ "Minimin": 28.184881, "Bellman": 28.184881, "Nancy": 28.184881, "Cserna": 30.334317, "Lookahead": 3 }