{ "Minimin": 25.831527, "Bellman": 25.831527, "Nancy": 25.831527, "Cserna": 30.676682, "Lookahead": 3 }