{ "Minimin": 26.593927, "Bellman": 26.593927, "Nancy": 26.593927, "Cserna": 28.150232, "Lookahead": 3 }