{ "Minimin": 25.713716, "Bellman": 25.713716, "Nancy": 25.713716, "Cserna": 32.883432, "Lookahead": 3 }