{ "Minimin": 27.144282, "Bellman": 27.144282, "Nancy": 27.144282, "Cserna": 28.442034, "Lookahead": 3 }