{ "Minimin": 28.821389, "Bellman": 28.821389, "Nancy": 28.821389, "Cserna": 31.260802, "Lookahead": 3 }