{ "Minimin": 28.394650, "Bellman": 28.394650, "Nancy": 28.394650, "Cserna": 28.863772, "Lookahead": 3 }