{ "Minimin": 25.747087, "Bellman": 25.747087, "Nancy": 25.747087, "Cserna": 29.488427, "Lookahead": 3 }