{ "Minimin": 26.004837, "Bellman": 26.004837, "Nancy": 26.004837, "Cserna": 25.454376, "Lookahead": 3 }