{ "Minimin": 27.066635, "Bellman": 27.066635, "Nancy": 27.066635, "Cserna": 27.913875, "Lookahead": 3 }