{ "Minimin": 27.208481, "Bellman": 27.208481, "Nancy": 27.208481, "Cserna": 32.477930, "Lookahead": 3 }