{ "Minimin": 27.336540, "Bellman": 27.336540, "Nancy": 27.336540, "Cserna": 27.514019, "Lookahead": 3 }