{ "Minimin": 24.724827, "Bellman": 24.724827, "Nancy": 24.724827, "Cserna": 24.758839, "Lookahead": 3 }