{ "Minimin": 27.777523, "Bellman": 27.777523, "Nancy": 27.777523, "Cserna": 29.569213, "Lookahead": 3 }