{ "Minimin": 28.512912, "Bellman": 28.512912, "Nancy": 28.512912, "Cserna": 27.794331, "Lookahead": 3 }