{ "Minimin": 26.133496, "Bellman": 26.133496, "Nancy": 26.133496, "Cserna": 26.165910, "Lookahead": 3 }