{ "Minimin": 25.083478, "Bellman": 25.083478, "Nancy": 25.083478, "Cserna": 25.434077, "CsernaPembertonBelief": 27.525924, "Lookahead": 3 }