{ "Minimin": 24.376142, "Bellman": 24.376142, "Nancy": 24.376142, "Cserna": 24.310290, "Lookahead": 3 }