{ "Minimin": 27.375634, "Bellman": 27.375634, "Nancy": 27.375634, "Cserna": 28.989443, "CsernaPembertonBelief": 31.024658, "Lookahead": 3 }