{ "Minimin": 27.494416, "Bellman": 27.494416, "Nancy": 27.494416, "Cserna": 30.479338, "CsernaPembertonBelief": 26.190080, "Lookahead": 3 }