{ "Minimin": 27.003349, "Bellman": 27.003349, "Nancy": 27.003349, "Cserna": 26.764551, "Lookahead": 3 }