{ "Minimin": 29.455261, "Bellman": 29.455261, "Nancy": 29.455261, "Cserna": 27.181448, "Lookahead": 3 }