{ "Minimin": 26.333894, "Bellman": 26.333894, "Nancy": 26.333894, "Cserna": 27.846711, "Lookahead": 3 }