{ "Minimin": 24.403360, "Bellman": 24.403360, "Nancy": 24.403360, "Cserna": 27.258267, "Lookahead": 3 }