{ "Minimin": 25.922378, "Bellman": 25.922378, "Nancy": 25.922378, "Cserna": 26.574712, "Lookahead": 3 }