{ "Minimin": 25.834718, "Bellman": 25.834718, "Nancy": 25.834718, "Cserna": 29.728154, "Lookahead": 3 }