{ "Minimin": 27.378351, "Bellman": 27.378351, "Nancy": 27.378351, "Cserna": 28.269385, "Lookahead": 3 }