{ "Minimin": 28.681063, "Bellman": 28.681063, "Nancy": 28.681063, "Cserna": 29.210341, "Lookahead": 3 }