{ "Minimin": 28.119579, "Bellman": 28.119579, "Nancy": 28.119579, "Cserna": 29.048203, "CsernaPembertonBelief": 26.961337, "Lookahead": 3 }