{ "Minimin": 26.450165, "Bellman": 26.450165, "Nancy": 26.450165, "Cserna": 27.819939, "Lookahead": 3 }