{ "Minimin": 26.894253, "Bellman": 26.894253, "Nancy": 26.894253, "Cserna": 30.633460, "Lookahead": 3 }