{ "Minimin": 27.520757, "Bellman": 27.520757, "Nancy": 27.520757, "Cserna": 27.550306, "Lookahead": 3 }