{ "Minimin": 28.379373, "Bellman": 28.379373, "Nancy": 28.379373, "Cserna": 28.779438, "Lookahead": 3 }