{ "Minimin": 24.345396, "Bellman": 24.345396, "Nancy": 24.345396, "Cserna": 25.855618, "Lookahead": 3 }