{ "Minimin": 27.650460, "Bellman": 27.650460, "Nancy": 27.650460, "Cserna": 27.906209, "CsernaPembertonBelief": 26.546091, "Lookahead": 3 }