{ "Minimin": 27.657708, "Bellman": 27.657708, "Nancy": 27.657708, "Cserna": 28.939379, "Lookahead": 3 }