{ "Minimin": 25.055541, "Bellman": 25.055541, "Nancy": 25.055541, "Cserna": 29.803092, "Lookahead": 3 }