{ "Minimin": 28.433489, "Bellman": 28.433489, "Nancy": 28.433489, "Cserna": 24.864694, "Lookahead": 3 }