{ "Minimin": 27.675607, "Bellman": 27.675607, "Nancy": 27.675607, "Cserna": 28.729727, "Lookahead": 3 }