{ "Minimin": 29.487971, "Bellman": 29.487971, "Nancy": 29.487971, "Cserna": 30.644063, "Lookahead": 3 }