{ "Minimin": 26.585595, "Bellman": 26.585595, "Nancy": 26.585595, "Cserna": 29.031047, "Lookahead": 3 }