{ "Minimin": 28.354905, "Bellman": 28.354905, "Nancy": 28.354905, "Cserna": 28.635934, "Lookahead": 3 }