{ "Minimin": 27.212676, "Bellman": 27.212676, "Nancy": 27.212676, "Cserna": 26.723749, "CsernaPembertonBelief": 26.002115, "Lookahead": 3 }