{ "Minimin": 26.207070, "Bellman": 26.207070, "Nancy": 26.207070, "Cserna": 30.022608, "Lookahead": 3 }