{ "Minimin": 30.074400, "Bellman": 30.074400, "Nancy": 30.074400, "Cserna": 28.214310, "Lookahead": 3 }