{ "Minimin": 25.960041, "Bellman": 25.960041, "Nancy": 25.960041, "Cserna": 29.933753, "Lookahead": 3 }