{ "Minimin": 23.652871, "Bellman": 23.652871, "Nancy": 23.652871, "Cserna": 28.270305, "Lookahead": 3 }