{ "Minimin": 27.807348, "Bellman": 27.807348, "Nancy": 27.807348, "Cserna": 28.230649, "Lookahead": 3 }