{ "Minimin": 26.550495, "Bellman": 26.550495, "Nancy": 26.550495, "Cserna": 27.798544, "Lookahead": 3 }