{ "Minimin": 25.978717, "Bellman": 25.978717, "Nancy": 25.978717, "Cserna": 31.562994, "Lookahead": 3 }