{ "Minimin": 26.504036, "Bellman": 26.504036, "Nancy": 26.504036, "Cserna": 29.263448, "Lookahead": 3 }