{ "Minimin": 28.771870, "Bellman": 28.771870, "Nancy": 28.771870, "Cserna": 29.076123, "Lookahead": 3 }