{ "Minimin": 29.282678, "Bellman": 29.282678, "Nancy": 29.282678, "Cserna": 26.970037, "Lookahead": 3 }