{ "Minimin": 27.670245, "Bellman": 27.670245, "Nancy": 27.670245, "Cserna": 27.788867, "CsernaPembertonBelief": 23.633540, "Lookahead": 3 }