{ "Minimin": 28.894458, "Bellman": 28.894458, "Nancy": 28.894458, "Cserna": 29.009180, "Lookahead": 3 }