{ "Minimin": 26.679636, "Bellman": 26.679636, "Nancy": 26.679636, "Cserna": 27.896515, "Lookahead": 3 }