{ "Minimin": 29.427161, "Bellman": 29.427161, "Nancy": 29.427161, "Cserna": 26.847196, "Lookahead": 3 }