{ "Minimin": 26.757525, "Bellman": 26.757525, "Nancy": 26.757525, "Cserna": 25.609665, "Lookahead": 3 }