{ "Minimin": 24.792946, "Bellman": 24.792946, "Nancy": 24.792946, "Cserna": 27.304325, "Lookahead": 3 }