{ "Minimin": 27.613504, "Bellman": 27.613504, "Nancy": 27.613504, "Cserna": 27.620277, "Lookahead": 3 }