{ "Minimin": 26.434887, "Bellman": 26.434887, "Nancy": 26.434887, "Cserna": 29.548814, "Lookahead": 3 }