{ "Minimin": 25.990761, "Bellman": 25.990761, "Nancy": 25.990761, "Cserna": 29.377674, "Lookahead": 3 }