{ "Minimin": 31.013383, "Bellman": 31.013383, "Nancy": 31.013383, "Cserna": 30.201275, "Lookahead": 3 }