{ "Minimin": 26.769393, "Bellman": 26.769393, "Nancy": 26.769393, "Cserna": 27.409477, "Lookahead": 3 }