{ "Minimin": 26.847534, "Bellman": 26.847534, "Nancy": 26.847534, "Cserna": 29.218206, "Lookahead": 3 }