{ "Minimin": 25.890701, "Bellman": 25.890701, "Nancy": 25.890701, "Cserna": 26.136795, "Lookahead": 3 }