{ "Minimin": 28.060249, "Bellman": 28.060249, "Nancy": 28.060249, "Cserna": 28.184214, "Lookahead": 3 }