{ "Minimin": 27.476471, "Bellman": 27.476471, "Nancy": 27.476471, "Cserna": 27.403272, "Lookahead": 3 }