{ "Minimin": 29.852022, "Bellman": 29.852022, "Nancy": 29.852022, "Cserna": 29.479186, "Lookahead": 3 }