{ "Minimin": 26.437338, "Bellman": 26.437338, "Nancy": 26.437338, "Cserna": 26.915742, "Lookahead": 3 }