{ "Minimin": 25.856549, "Bellman": 25.856549, "Nancy": 25.856549, "Cserna": 27.880986, "Lookahead": 3 }