{ "Minimin": 28.735106, "Bellman": 28.735106, "Nancy": 28.735106, "Cserna": 30.342050, "Lookahead": 3 }