{ "Minimin": 25.141879, "Bellman": 25.141879, "Nancy": 25.141879, "Cserna": 30.532755, "Lookahead": 3 }