{ "Minimin": 27.994313, "Bellman": 27.994313, "Nancy": 27.994313, "Cserna": 29.147172, "CsernaPembertonBelief": 26.786850, "Lookahead": 3 }