{ "Minimin": 28.810863, "Bellman": 28.810863, "Nancy": 28.810863, "Cserna": 26.863995, "CsernaPembertonBelief": 28.772633, "Lookahead": 3 }