{ "Minimin": 27.397879, "Bellman": 27.397879, "Nancy": 27.397879, "Cserna": 28.257934, "Lookahead": 3 }