{ "Minimin": 28.393243, "Bellman": 28.393243, "Nancy": 28.393243, "Cserna": 27.604582, "Lookahead": 3 }