{ "Minimin": 27.149988, "Bellman": 27.149988, "Nancy": 27.149988, "Cserna": 30.111725, "Lookahead": 3 }