{ "Minimin": 30.498164, "Bellman": 30.498164, "Nancy": 30.498164, "Cserna": 27.894629, "Lookahead": 3 }