{ "Minimin": 27.393424, "Bellman": 27.393424, "Nancy": 27.393424, "Cserna": 27.812449, "Lookahead": 3 }