{ "Minimin": 26.737295, "Bellman": 26.737295, "Nancy": 26.737295, "Cserna": 26.878892, "CsernaPembertonBelief": 27.262307, "Lookahead": 3 }