{ "Minimin": 29.105591, "Bellman": 29.105591, "Nancy": 29.105591, "Cserna": 26.103247, "Lookahead": 3 }