{ "Minimin": 27.015428, "Bellman": 27.015428, "Nancy": 27.015428, "Cserna": 28.624575, "Lookahead": 3 }