{ "Minimin": 28.519105, "Bellman": 28.519105, "Nancy": 28.519105, "Cserna": 26.909441, "Lookahead": 3 }