{ "Minimin": 27.705900, "Bellman": 27.705900, "Nancy": 27.705900, "Cserna": 29.536345, "Lookahead": 3 }