{ "Minimin": 26.929520, "Bellman": 26.929520, "Nancy": 26.929520, "Cserna": 29.521221, "Lookahead": 3 }