{ "Minimin": 28.723133, "Bellman": 28.723133, "Nancy": 28.723133, "Cserna": 28.089293, "Lookahead": 3 }