{ "Minimin": 26.146643, "Bellman": 26.146643, "Nancy": 26.146643, "Cserna": 26.027872, "CsernaPembertonBelief": 27.817115, "Lookahead": 3 }