{ "Minimin": 25.377638, "Bellman": 25.377638, "Nancy": 25.377638, "Cserna": 26.858079, "Lookahead": 3 }