{ "Minimin": 27.995767, "Bellman": 27.995767, "Nancy": 27.995767, "Cserna": 27.266403, "Lookahead": 3 }