{ "Minimin": 30.071887, "Bellman": 30.071887, "Nancy": 30.071887, "Cserna": 24.164463, "CsernaPembertonBelief": 26.682997, "Lookahead": 3 }