{ "Minimin": 26.753510, "Bellman": 26.753510, "Nancy": 26.753510, "Cserna": 30.795713, "Lookahead": 3 }