{ "Minimin": 27.720896, "Bellman": 27.720896, "Nancy": 27.720896, "Cserna": 28.310563, "Lookahead": 3 }