{ "Minimin": 27.525167, "Bellman": 27.525167, "Nancy": 27.525167, "Cserna": 27.883058, "Lookahead": 3 }