{ "Minimin": 28.318446, "Bellman": 28.318446, "Nancy": 28.318446, "Cserna": 26.529507, "CsernaPembertonBelief": 28.417620, "Lookahead": 3 }