{ "Minimin": 26.914260, "Bellman": 26.914260, "Nancy": 26.914260, "Cserna": 29.113125, "Lookahead": 3 }