{ "Minimin": 27.158931, "Bellman": 27.158931, "Nancy": 27.158931, "Cserna": 31.053336, "Lookahead": 3 }