{ "Minimin": 28.342499, "Bellman": 28.342499, "Nancy": 28.342499, "Cserna": 28.928925, "Lookahead": 3 }