{ "Minimin": 27.077765, "Bellman": 27.077765, "Nancy": 27.077765, "Cserna": 25.332921, "Lookahead": 3 }