{ "Minimin": 26.750092, "Bellman": 26.750092, "Nancy": 26.750092, "Cserna": 28.204134, "Lookahead": 3 }