{ "Minimin": 27.931152, "Bellman": 27.931152, "Nancy": 27.931152, "Cserna": 26.964123, "CsernaPembertonBelief": 25.806480, "Lookahead": 3 }