{ "Minimin": 27.034059, "Bellman": 27.034059, "Nancy": 27.034059, "Cserna": 24.721529, "Lookahead": 3 }