{ "Minimin": 27.056126, "Bellman": 27.056126, "Nancy": 27.056126, "Cserna": 29.710536, "Lookahead": 3 }