{ "Minimin": 27.603564, "Bellman": 27.603564, "Nancy": 27.603564, "Cserna": 27.369213, "Lookahead": 3 }