{ "Minimin": 27.463703, "Bellman": 27.463703, "Nancy": 27.463703, "Cserna": 28.895671, "Lookahead": 3 }