{ "Minimin": 25.205640, "Bellman": 25.205640, "Nancy": 25.205640, "Cserna": 30.349883, "Lookahead": 3 }