{ "Minimin": 24.878709, "Bellman": 24.878709, "Nancy": 24.878709, "Cserna": 29.207217, "Lookahead": 3 }