{ "Minimin": 23.556965, "Bellman": 23.556965, "Nancy": 23.556965, "Cserna": 30.025415, "Lookahead": 3 }