{ "Minimin": 27.161270, "Bellman": 27.161270, "Nancy": 27.161270, "Cserna": 27.238132, "Lookahead": 3 }