{ "Minimin": 26.957288, "Bellman": 26.957288, "Nancy": 26.957288, "Cserna": 27.406034, "Lookahead": 3 }