{ "Minimin": 26.106902, "Bellman": 26.106902, "Nancy": 26.106902, "Cserna": 31.358659, "Lookahead": 3 }