{ "Minimin": 26.264809, "Bellman": 26.264809, "Nancy": 26.264809, "Cserna": 26.454520, "Lookahead": 3 }