{ "Minimin": 27.554371, "Bellman": 27.554371, "Nancy": 27.554371, "Cserna": 27.210531, "Lookahead": 3 }