{ "Minimin": 23.301718, "Bellman": 23.301718, "Nancy": 23.301718, "Cserna": 26.960841, "Lookahead": 3 }