{ "Minimin": 23.592265, "Bellman": 23.592265, "Nancy": 23.592265, "Cserna": 27.781654, "Lookahead": 3 }