{ "Minimin": 31.321497, "Bellman": 31.321497, "Nancy": 31.321497, "Cserna": 26.427553, "Lookahead": 3 }