{ "Minimin": 25.190497, "Bellman": 25.190497, "Nancy": 25.190497, "Cserna": 26.750733, "Lookahead": 3 }