{ "Minimin": 28.393915, "Bellman": 28.393915, "Nancy": 28.393915, "Cserna": 28.981814, "Lookahead": 3 }