{ "Minimin": 27.853492, "Bellman": 27.853492, "Nancy": 27.853492, "Cserna": 26.856791, "CsernaPembertonBelief": 25.102352, "Lookahead": 3 }