{ "Minimin": 25.816050, "Bellman": 25.816050, "Nancy": 25.816050, "Cserna": 30.096891, "Lookahead": 3 }