{ "Minimin": 27.433017, "Bellman": 27.433017, "Nancy": 27.433017, "Cserna": 28.190985, "Lookahead": 3 }