{ "Minimin": 23.302466, "Bellman": 23.302466, "Nancy": 23.302466, "Cserna": 29.455608, "Lookahead": 3 }