{ "Minimin": 25.101948, "Bellman": 25.101948, "Nancy": 25.101948, "Cserna": 28.260446, "Lookahead": 3 }