{ "Minimin": 27.720725, "Bellman": 27.720725, "Nancy": 27.720725, "Cserna": 26.944075, "Lookahead": 3 }