{ "Minimin": 26.159705, "Bellman": 26.159705, "Nancy": 26.159705, "Cserna": 25.680962, "Lookahead": 3 }