{ "Minimin": 28.396572, "Bellman": 28.396572, "Nancy": 28.396572, "Cserna": 26.560502, "Lookahead": 3 }