{ "Minimin": 26.973821, "Bellman": 26.973821, "Nancy": 26.973821, "Cserna": 31.397346, "Lookahead": 3 }