{ "Minimin": 26.832119, "Bellman": 26.832119, "Nancy": 26.832119, "Cserna": 27.966187, "CsernaPembertonBelief": 26.841363, "Lookahead": 3 }