{ "Minimin": 29.571355, "Bellman": 29.571355, "Nancy": 29.571355, "Cserna": 32.270295, "Lookahead": 3 }