{ "Minimin": 27.913113, "Bellman": 27.913113, "Nancy": 27.913113, "Cserna": 23.485844, "Lookahead": 3 }