{ "Minimin": 25.823931, "Bellman": 25.823931, "Nancy": 25.823931, "Cserna": 28.967458, "Lookahead": 3 }