{ "Minimin": 26.375788, "Bellman": 26.375788, "Nancy": 26.375788, "Cserna": 28.263237, "Lookahead": 3 }