{ "Minimin": 27.468790, "Bellman": 27.468790, "Nancy": 27.468790, "Cserna": 28.730882, "Lookahead": 3 }