{ "Minimin": 24.741059, "Bellman": 24.741059, "Nancy": 24.741059, "Cserna": 27.479961, "Lookahead": 3 }