{ "Minimin": 26.655471, "Bellman": 26.655471, "Nancy": 26.655471, "Cserna": 26.759394, "Lookahead": 3 }