{ "Minimin": 23.782729, "Bellman": 23.782729, "Nancy": 23.782729, "Cserna": 26.472392, "Lookahead": 3 }