{ "Minimin": 26.733420, "Bellman": 26.733420, "Nancy": 26.733420, "Cserna": 25.609366, "Lookahead": 3 }