{ "Minimin": 27.883698, "Bellman": 27.883698, "Nancy": 27.883698, "Cserna": 26.222661, "Lookahead": 3 }