{ "Minimin": 30.000308, "Bellman": 30.000308, "Nancy": 30.000308, "Cserna": 28.463060, "Lookahead": 3 }