{ "Minimin": 25.470046, "Bellman": 25.470046, "Nancy": 25.470046, "Cserna": 25.922122, "CsernaPembertonBelief": 24.212522, "Lookahead": 3 }