{ "Minimin": 25.081883, "Bellman": 25.081883, "Nancy": 25.081883, "Cserna": 26.509811, "CsernaPembertonBelief": 25.487272, "Lookahead": 3 }