{ "Minimin": 27.414808, "Bellman": 27.414808, "Nancy": 27.414808, "Cserna": 25.408077, "Lookahead": 3 }