{ "Minimin": 27.025499, "Bellman": 27.025499, "Nancy": 27.025499, "Cserna": 28.905297, "Lookahead": 3 }