{ "Minimin": 25.690486, "Bellman": 25.690486, "Nancy": 25.690486, "Cserna": 28.025286, "Lookahead": 3 }