{ "Minimin": 30.182510, "Bellman": 30.182510, "Nancy": 30.182510, "Cserna": 30.962701, "Lookahead": 3 }