{ "Minimin": 26.535616, "Bellman": 26.535616, "Nancy": 26.535616, "Cserna": 26.832696, "Lookahead": 3 }