{ "Minimin": 27.211139, "Bellman": 27.211139, "Nancy": 27.211139, "Cserna": 27.782460, "Lookahead": 3 }