{ "Minimin": 24.553549, "Bellman": 24.553549, "Nancy": 24.553549, "Cserna": 30.564882, "Lookahead": 3 }