{ "Minimin": 23.977857, "Bellman": 23.977857, "Nancy": 23.977857, "Cserna": 30.665968, "Lookahead": 3 }