{ "Minimin": 28.005449, "Bellman": 28.005449, "Nancy": 28.005449, "Cserna": 28.322711, "Lookahead": 3 }