{ "Minimin": 28.893366, "Bellman": 28.893366, "Nancy": 28.893366, "Cserna": 32.476162, "Lookahead": 3 }