{ "Minimin": 28.045475, "Bellman": 28.045475, "Nancy": 28.045475, "Cserna": 23.909911, "Lookahead": 3 }