{ "Minimin": 27.169833, "Bellman": 27.169833, "Nancy": 27.169833, "Cserna": 27.756150, "Lookahead": 3 }