{ "Minimin": 26.993970, "Bellman": 26.993970, "Nancy": 26.993970, "Cserna": 28.149295, "Lookahead": 3 }