{ "Minimin": 24.188772, "Bellman": 24.188772, "Nancy": 24.188772, "Cserna": 28.447794, "Lookahead": 3 }