{ "Minimin": 27.837801, "Bellman": 27.837801, "Nancy": 27.837801, "Cserna": 26.261720, "CsernaPembertonBelief": 23.764722, "Lookahead": 3 }