{ "Minimin": 26.116612, "Bellman": 26.116612, "Nancy": 26.116612, "Cserna": 27.680902, "Lookahead": 3 }