{ "Minimin": 27.034774, "Bellman": 27.034774, "Nancy": 27.034774, "Cserna": 26.109398, "Lookahead": 3 }