{ "Minimin": 26.443223, "Bellman": 26.443223, "Nancy": 26.443223, "Cserna": 26.865185, "Lookahead": 3 }