{ "Minimin": 25.467726, "Bellman": 25.467726, "Nancy": 25.467726, "Cserna": 28.985591, "Lookahead": 3 }