{ "Minimin": 26.811652, "Bellman": 26.811652, "Nancy": 26.811652, "Cserna": 27.450256, "Lookahead": 3 }