{ "Minimin": 29.510870, "Bellman": 29.510870, "Nancy": 29.510870, "Cserna": 27.526802, "CsernaPembertonBelief": 27.522561, "Lookahead": 3 }