{ "Minimin": 28.129725, "Bellman": 28.129725, "Nancy": 28.129725, "Cserna": 29.352439, "CsernaPembertonBelief": 27.031025, "Lookahead": 3 }