{ "Minimin": 26.468405, "Bellman": 26.468405, "Nancy": 26.468405, "Cserna": 28.163732, "CsernaPembertonBelief": 30.085931, "Lookahead": 3 }