{ "Minimin": 27.998150, "Bellman": 27.998150, "Nancy": 27.998150, "Cserna": 28.246350, "Lookahead": 3 }