{ "Minimin": 26.991818, "Bellman": 26.991818, "Nancy": 26.991818, "Cserna": 29.068381, "CsernaPembertonBelief": 26.114000, "Lookahead": 3 }