{ "Minimin": 26.414161, "Bellman": 26.414161, "Nancy": 26.414161, "Cserna": 30.252728, "Lookahead": 3 }