{ "Minimin": 26.710337, "Bellman": 26.710337, "Nancy": 26.710337, "Cserna": 29.170207, "Lookahead": 3 }