{ "Minimin": 30.501550, "Bellman": 30.501550, "Nancy": 30.501550, "Cserna": 30.170791, "Lookahead": 3 }