{ "Minimin": 28.887938, "Bellman": 28.887938, "Nancy": 28.887938, "Cserna": 29.179858, "Lookahead": 3 }