{ "Minimin": 27.906157, "Bellman": 27.906157, "Nancy": 27.906157, "Cserna": 23.732936, "CsernaPembertonBelief": 23.651384, "Lookahead": 3 }