{ "Minimin": 31.806304, "Bellman": 31.806304, "Nancy": 31.806304, "Cserna": 27.889920, "Lookahead": 3 }