{ "Minimin": 28.395352, "Bellman": 28.395352, "Nancy": 28.395352, "Cserna": 26.882665, "CsernaPembertonBelief": 28.363047, "Lookahead": 3 }