{ "Minimin": 28.651812, "Bellman": 28.651812, "Nancy": 28.651812, "Cserna": 27.437805, "CsernaPembertonBelief": 27.346448, "Lookahead": 3 }