{ "Minimin": 26.434769, "Bellman": 26.434769, "Nancy": 26.434769, "Cserna": 31.577946, "Lookahead": 3 }