{ "Minimin": 24.517031, "Bellman": 24.517031, "Nancy": 24.517031, "Cserna": 26.670041, "Lookahead": 3 }