{ "Minimin": 30.034743, "Bellman": 30.034743, "Nancy": 30.034743, "Cserna": 29.804567, "Lookahead": 3 }