{ "Minimin": 27.566120, "Bellman": 27.566120, "Nancy": 27.566120, "Cserna": 29.572714, "CsernaPembertonBelief": 29.072192, "Lookahead": 3 }