{ "Minimin": 30.816998, "Bellman": 30.816998, "Nancy": 30.816998, "Cserna": 27.780890, "Lookahead": 3 }