{ "Minimin": 23.919634, "Bellman": 23.919634, "Nancy": 23.919634, "Cserna": 27.603830, "Lookahead": 3 }