{ "Minimin": 25.624435, "Bellman": 25.624435, "Nancy": 25.624435, "Cserna": 28.526524, "Lookahead": 3 }