{ "Minimin": 25.278303, "Bellman": 25.278303, "Nancy": 25.278303, "Cserna": 28.839588, "Lookahead": 3 }