{ "Minimin": 24.945024, "Bellman": 24.945024, "Nancy": 24.945024, "Cserna": 27.277178, "Lookahead": 3 }