{ "Minimin": 26.452432, "Bellman": 26.452432, "Nancy": 26.452432, "Cserna": 27.513050, "Lookahead": 3 }