{ "Minimin": 28.548452, "Bellman": 28.548452, "Nancy": 28.548452, "Cserna": 30.696338, "Lookahead": 3 }