{ "Minimin": 27.193896, "Bellman": 27.193896, "Nancy": 27.193896, "Cserna": 26.504613, "Lookahead": 3 }