{ "Minimin": 26.436080, "Bellman": 26.436080, "Nancy": 26.436080, "Cserna": 27.286645, "CsernaPembertonBelief": 31.234820, "Lookahead": 3 }