{ "Minimin": 26.240783, "Bellman": 26.240783, "Nancy": 26.240783, "Cserna": 28.061464, "Lookahead": 3 }