{ "Minimin": 26.752030, "Bellman": 26.752030, "Nancy": 26.752030, "Cserna": 28.718160, "Lookahead": 3 }