{ "Minimin": 25.517983, "Bellman": 25.517983, "Nancy": 25.517983, "Cserna": 26.107950, "Lookahead": 3 }