{ "Minimin": 26.851360, "Bellman": 26.851360, "Nancy": 26.851360, "Cserna": 29.195329, "Lookahead": 3 }