{ "Minimin": 26.430994, "Bellman": 26.430994, "Nancy": 26.430994, "Cserna": 29.978186, "Lookahead": 3 }