{ "Minimin": 27.497079, "Bellman": 27.497079, "Nancy": 27.497079, "Cserna": 27.556747, "Lookahead": 3 }