{ "Minimin": 26.912954, "Bellman": 26.912954, "Nancy": 26.912954, "Cserna": 27.202830, "Lookahead": 3 }