{ "Minimin": 27.719095, "Bellman": 27.719095, "Nancy": 27.719095, "Cserna": 28.158295, "Lookahead": 3 }