{ "Minimin": 27.180188, "Bellman": 27.180188, "Nancy": 27.180188, "Cserna": 30.846084, "Lookahead": 3 }