{ "Minimin": 26.791370, "Bellman": 26.791370, "Nancy": 26.791370, "Cserna": 26.659734, "Lookahead": 3 }