{ "Minimin": 25.843799, "Bellman": 25.843799, "Nancy": 25.843799, "Cserna": 24.045099, "CsernaPembertonBelief": 28.109724, "Lookahead": 3 }