{ "Minimin": 28.418631, "Bellman": 28.418631, "Nancy": 28.418631, "Cserna": 27.718585, "Lookahead": 3 }