{ "Minimin": 27.975306, "Bellman": 27.975306, "Nancy": 27.975306, "Cserna": 27.364654, "Lookahead": 3 }