{ "Minimin": 25.593035, "Bellman": 25.593035, "Nancy": 25.593035, "Cserna": 26.431134, "Lookahead": 3 }