{ "Minimin": 26.852696, "Bellman": 26.852696, "Nancy": 26.852696, "Cserna": 26.311032, "Lookahead": 3 }