{ "Minimin": 27.790719, "Bellman": 27.790719, "Nancy": 27.790719, "Cserna": 29.720676, "Lookahead": 3 }