{ "Minimin": 24.254141, "Bellman": 24.254141, "Nancy": 24.254141, "Cserna": 27.578088, "Lookahead": 3 }