{ "Minimin": 27.174641, "Bellman": 27.174641, "Nancy": 27.174641, "Cserna": 29.292369, "Lookahead": 3 }