{ "Minimin": 28.539166, "Bellman": 28.539166, "Nancy": 28.539166, "Cserna": 28.656593, "Lookahead": 3 }