{ "Minimin": 27.498400, "Bellman": 27.498400, "Nancy": 27.498400, "Cserna": 28.890553, "Lookahead": 3 }