{ "Minimin": 26.560247, "Bellman": 26.560247, "Nancy": 26.560247, "Cserna": 28.327527, "Lookahead": 3 }