{ "Minimin": 31.398825, "Bellman": 31.398825, "Nancy": 31.398825, "Cserna": 29.788753, "Lookahead": 3 }