{ "Minimin": 26.935348, "Bellman": 26.935348, "Nancy": 26.935348, "Cserna": 27.714929, "Lookahead": 3 }