{ "Minimin": 31.063409, "Bellman": 31.063409, "Nancy": 31.063409, "Cserna": 26.658737, "Lookahead": 3 }