{ "Minimin": 29.013453, "Bellman": 29.013453, "Nancy": 29.013453, "Cserna": 32.689011, "Lookahead": 3 }