{ "Minimin": 25.794468, "Bellman": 25.794468, "Nancy": 25.794468, "Cserna": 30.222240, "Lookahead": 3 }