{ "Minimin": 30.374941, "Bellman": 30.374941, "Nancy": 30.374941, "Cserna": 27.325674, "Lookahead": 3 }