{ "Minimin": 25.837364, "Bellman": 25.837364, "Nancy": 25.837364, "Cserna": 26.961857, "Lookahead": 3 }