{ "Minimin": 26.598718, "Bellman": 26.598718, "Nancy": 26.598718, "Cserna": 25.457589, "Lookahead": 3 }