{ "Minimin": 26.874255, "Bellman": 26.874255, "Nancy": 26.874255, "Cserna": 28.730601, "CsernaPembertonBelief": 27.805090, "Lookahead": 3 }