{ "Minimin": 28.729229, "Bellman": 28.729229, "Nancy": 28.729229, "Cserna": 28.648002, "CsernaPembertonBelief": 27.662200, "Lookahead": 3 }