{ "Minimin": 26.167086, "Bellman": 26.167086, "Nancy": 26.167086, "Cserna": 31.698283, "Lookahead": 3 }