{ "Minimin": 29.024344, "Bellman": 29.024344, "Nancy": 29.024344, "Cserna": 28.769560, "CsernaPembertonBelief": 28.893067, "Lookahead": 3 }