{ "Minimin": 30.617863, "Bellman": 30.617863, "Nancy": 30.617863, "Cserna": 27.515633, "Lookahead": 3 }