{ "Minimin": 25.623161, "Bellman": 25.623161, "Nancy": 25.623161, "Cserna": 29.482239, "Lookahead": 3 }