{ "Minimin": 24.787448, "Bellman": 24.787448, "Nancy": 24.787448, "Cserna": 28.184361, "Lookahead": 3 }