{ "Minimin": 28.986355, "Bellman": 28.986355, "Nancy": 28.986355, "Cserna": 29.164594, "CsernaPembertonBelief": 26.988371, "Lookahead": 3 }