{ "Minimin": 28.734415, "Bellman": 28.734415, "Nancy": 28.734415, "Cserna": 28.046816, "Lookahead": 3 }