{ "Minimin": 28.976159, "Bellman": 28.976159, "Nancy": 28.976159, "Cserna": 28.551290, "Lookahead": 3 }