{ "Minimin": 24.543715, "Bellman": 24.543715, "Nancy": 24.543715, "Cserna": 27.097264, "CsernaPembertonBelief": 25.561882, "Lookahead": 3 }