{ "Minimin": 25.743949, "Bellman": 25.743949, "Nancy": 25.743949, "Cserna": 27.678796, "Lookahead": 3 }