{ "Minimin": 31.404981, "Bellman": 31.404981, "Nancy": 31.404981, "Cserna": 23.796421, "CsernaPembertonBelief": 24.226554, "Lookahead": 3 }