{ "Minimin": 27.232474, "Bellman": 27.232474, "Nancy": 27.232474, "Cserna": 30.608807, "Lookahead": 3 }