{ "Minimin": 29.765229, "Bellman": 29.765229, "Nancy": 29.765229, "Cserna": 28.407122, "Lookahead": 3 }