{ "Minimin": 25.994221, "Bellman": 25.994221, "Nancy": 25.994221, "Cserna": 27.098856, "CsernaPembertonBelief": 27.092857, "Lookahead": 3 }