{ "Minimin": 27.910486, "Bellman": 27.910486, "Nancy": 27.910486, "Cserna": 25.260223, "Lookahead": 3 }