{ "Minimin": 30.931214, "Bellman": 30.931214, "Nancy": 30.931214, "Cserna": 28.429478, "Lookahead": 3 }