{ "Minimin": 26.359453, "Bellman": 26.359453, "Nancy": 26.359453, "Cserna": 27.520967, "Lookahead": 3 }