{ "Minimin": 26.451868, "Bellman": 26.451868, "Nancy": 26.451868, "Cserna": 32.088675, "Lookahead": 3 }