{ "Minimin": 28.451266, "Bellman": 28.451266, "Nancy": 28.451266, "Cserna": 24.135651, "Lookahead": 3 }