{ "Minimin": 29.494378, "Bellman": 29.494378, "Nancy": 29.494378, "Cserna": 27.679655, "Lookahead": 3 }