{ "Minimin": 27.324527, "Bellman": 27.324527, "Nancy": 27.324527, "Cserna": 27.886209, "Lookahead": 3 }