{ "Minimin": 28.796756, "Bellman": 28.796756, "Nancy": 28.796756, "Cserna": 29.484531, "Lookahead": 3 }