{ "Minimin": 23.294841, "Bellman": 23.294841, "Nancy": 23.294841, "Cserna": 29.180414, "Lookahead": 3 }