{ "Minimin": 25.443401, "Bellman": 25.443401, "Nancy": 25.443401, "Cserna": 29.192135, "Lookahead": 3 }