{ "Minimin": 28.827502, "Bellman": 28.827502, "Nancy": 28.827502, "Cserna": 31.755200, "Lookahead": 3 }