{ "Minimin": 24.543141, "Bellman": 24.543141, "Nancy": 24.543141, "Cserna": 27.179894, "Lookahead": 3 }