{ "Minimin": 32.145323, "Bellman": 32.145323, "Nancy": 32.145323, "Cserna": 30.688459, "Lookahead": 3 }