{ "Minimin": 25.100526, "Bellman": 25.100526, "Nancy": 25.100526, "Cserna": 30.834290, "Lookahead": 3 }