{ "Minimin": 27.588699, "Bellman": 27.588699, "Nancy": 27.588699, "Cserna": 27.345571, "Lookahead": 3 }