{ "Minimin": 26.082049, "Bellman": 26.082049, "Nancy": 26.082049, "Cserna": 25.110023, "Lookahead": 3 }