{ "Minimin": 26.901018, "Bellman": 26.901018, "Nancy": 26.901018, "Cserna": 27.503487, "CsernaPembertonBelief": 28.636975, "Lookahead": 3 }