{ "Minimin": 26.399957, "Bellman": 26.399957, "Nancy": 26.399957, "Cserna": 28.131246, "Lookahead": 3 }