{ "Minimin": 26.567948, "Bellman": 26.567948, "Nancy": 26.567948, "Cserna": 28.286716, "Lookahead": 3 }