{ "Minimin": 26.270127, "Bellman": 26.270127, "Nancy": 26.270127, "Cserna": 32.894064, "Lookahead": 3 }