{ "Minimin": 28.443731, "Bellman": 28.443731, "Nancy": 28.443731, "Cserna": 26.384807, "Lookahead": 3 }