{ "Minimin": 27.340240, "Bellman": 27.340240, "Nancy": 27.340240, "Cserna": 27.334976, "Lookahead": 3 }