{ "Minimin": 26.167340, "Bellman": 26.167340, "Nancy": 26.167340, "Cserna": 29.258268, "Lookahead": 3 }