{ "Minimin": 30.060498, "Bellman": 30.060498, "Nancy": 30.060498, "Cserna": 30.764637, "Lookahead": 3 }