{ "Minimin": 24.479958, "Bellman": 24.479958, "Nancy": 24.479958, "Cserna": 30.229191, "Lookahead": 3 }