{ "Minimin": 29.218516, "Bellman": 29.218516, "Nancy": 29.218516, "Cserna": 28.924410, "Lookahead": 3 }