{ "Minimin": 25.810191, "Bellman": 25.810191, "Nancy": 25.810191, "Cserna": 27.382585, "Lookahead": 3 }