{ "Minimin": 28.555051, "Bellman": 28.555051, "Nancy": 28.555051, "Cserna": 27.818455, "Lookahead": 3 }