{ "Minimin": 27.271790, "Bellman": 27.271790, "Nancy": 27.271790, "Cserna": 27.361752, "Lookahead": 3 }