{ "Minimin": 28.338737, "Bellman": 28.338737, "Nancy": 28.338737, "Cserna": 27.631919, "Lookahead": 3 }