{ "Minimin": 30.073132, "Bellman": 30.073132, "Nancy": 30.073132, "Cserna": 27.323998, "Lookahead": 3 }