{ "Minimin": 29.914784, "Bellman": 29.914784, "Nancy": 29.914784, "Cserna": 27.760539, "Lookahead": 3 }