{ "Minimin": 28.636179, "Bellman": 28.636179, "Nancy": 28.636179, "Cserna": 31.111817, "Lookahead": 3 }