{ "Minimin": 27.318224, "Bellman": 27.318224, "Nancy": 27.318224, "Cserna": 27.213922, "Lookahead": 3 }