{ "Minimin": 31.444495, "Bellman": 31.444495, "Nancy": 31.444495, "Cserna": 26.399108, "Lookahead": 3 }