{ "Minimin": 28.540592, "Bellman": 28.540592, "Nancy": 28.540592, "Cserna": 28.569379, "CsernaPembertonBelief": 27.703147, "Lookahead": 3 }