{ "Minimin": 29.063254, "Bellman": 29.063254, "Nancy": 29.063254, "Cserna": 26.948428, "Lookahead": 3 }