{ "Minimin": 25.827023, "Bellman": 25.827023, "Nancy": 25.827023, "Cserna": 27.261065, "Lookahead": 3 }