{ "Minimin": 26.199240, "Bellman": 26.199240, "Nancy": 26.199240, "Cserna": 26.781351, "Lookahead": 3 }