{ "Minimin": 28.734979, "Bellman": 28.734979, "Nancy": 28.734979, "Cserna": 29.371479, "Lookahead": 3 }