{ "Minimin": 26.729747, "Bellman": 26.729747, "Nancy": 26.729747, "Cserna": 28.831769, "Lookahead": 3 }