{ "Minimin": 27.312712, "Bellman": 27.312712, "Nancy": 27.312712, "Cserna": 28.668639, "Lookahead": 3 }