{ "Minimin": 29.095876, "Bellman": 29.095876, "Nancy": 29.095876, "Cserna": 29.878413, "Lookahead": 3 }