{ "Minimin": 27.404871, "Bellman": 27.404871, "Nancy": 27.404871, "Cserna": 30.757733, "Lookahead": 3 }