{ "Minimin": 26.133701, "Bellman": 26.133701, "Nancy": 26.133701, "Cserna": 27.668412, "Lookahead": 3 }