{ "Minimin": 28.570378, "Bellman": 28.570378, "Nancy": 28.570378, "Cserna": 25.878744, "Lookahead": 3 }