{ "Minimin": 26.986600, "Bellman": 26.986600, "Nancy": 26.986600, "Cserna": 28.029731, "Lookahead": 3 }