{ "Minimin": 25.589383, "Bellman": 25.589383, "Nancy": 25.589383, "Cserna": 27.647288, "Lookahead": 3 }