{ "Minimin": 28.503496, "Bellman": 28.503496, "Nancy": 28.503496, "Cserna": 28.249625, "Lookahead": 3 }