{ "Minimin": 25.175969, "Bellman": 25.175969, "Nancy": 25.175969, "Cserna": 33.633687, "Lookahead": 3 }