{ "Minimin": 30.514039, "Bellman": 30.514039, "Nancy": 30.514039, "Cserna": 31.225904, "Lookahead": 3 }