{ "Minimin": 27.844529, "Bellman": 27.844529, "Nancy": 27.844529, "Cserna": 26.949525, "Lookahead": 3 }