{ "Minimin": 27.725037, "Bellman": 27.725037, "Nancy": 27.725037, "Cserna": 26.652261, "Lookahead": 3 }