{ "Minimin": 25.798254, "Bellman": 25.798254, "Nancy": 25.798254, "Cserna": 29.522236, "Lookahead": 3 }