{ "Minimin": 26.412298, "Bellman": 26.412298, "Nancy": 26.412298, "Cserna": 27.655368, "Lookahead": 3 }