{ "Minimin": 27.707246, "Bellman": 27.707246, "Nancy": 27.707246, "Cserna": 27.382946, "Lookahead": 3 }