{ "Minimin": 27.017879, "Bellman": 27.017879, "Nancy": 27.017879, "Cserna": 28.477021, "Lookahead": 3 }