{ "Minimin": 25.436334, "Bellman": 25.436334, "Nancy": 25.436334, "Cserna": 27.141947, "Lookahead": 3 }