{ "Minimin": 26.115126, "Bellman": 26.115126, "Nancy": 26.115126, "Cserna": 28.681903, "CsernaPembertonBelief": 28.676545, "Lookahead": 3 }