{ "Minimin": 28.805512, "Bellman": 28.805512, "Nancy": 28.805512, "Cserna": 30.071812, "Lookahead": 3 }