{ "Minimin": 28.327490, "Bellman": 28.327490, "Nancy": 28.327490, "Cserna": 28.264856, "Lookahead": 3 }