{ "Minimin": 27.745454, "Bellman": 27.745454, "Nancy": 27.745454, "Cserna": 30.246649, "Lookahead": 3 }