{ "Minimin": 26.481286, "Bellman": 26.481286, "Nancy": 26.481286, "Cserna": 27.186049, "Lookahead": 3 }