{ "Minimin": 31.070687, "Bellman": 31.070687, "Nancy": 31.070687, "Cserna": 26.924569, "Lookahead": 3 }