{ "Minimin": 27.593051, "Bellman": 27.593051, "Nancy": 27.593051, "Cserna": 27.018548, "Lookahead": 3 }