{ "Minimin": 27.363935, "Bellman": 27.363935, "Nancy": 27.363935, "Cserna": 28.574115, "Lookahead": 3 }