{ "Minimin": 24.506998, "Bellman": 24.506998, "Nancy": 24.506998, "Cserna": 21.105674, "Lookahead": 3 }