{ "Minimin": 28.611937, "Bellman": 28.611937, "Nancy": 28.611937, "Cserna": 31.767298, "Lookahead": 3 }