{ "Minimin": 29.663685, "Bellman": 29.663685, "Nancy": 29.663685, "Cserna": 26.472291, "Lookahead": 3 }