{ "Minimin": 25.453478, "Bellman": 25.453478, "Nancy": 25.453478, "Cserna": 27.062792, "Lookahead": 3 }