{ "Minimin": 27.594378, "Bellman": 27.594378, "Nancy": 27.594378, "Cserna": 27.855044, "Lookahead": 3 }