{ "Minimin": 29.085031, "Bellman": 29.085031, "Nancy": 29.085031, "Cserna": 28.437820, "Lookahead": 3 }