{ "Minimin": 26.748158, "Bellman": 26.748158, "Nancy": 26.748158, "Cserna": 28.270215, "Lookahead": 3 }