{ "Minimin": 28.501175, "Bellman": 28.501175, "Nancy": 28.501175, "Cserna": 26.623782, "Lookahead": 3 }