{ "Minimin": 26.059285, "Bellman": 26.059285, "Nancy": 26.059285, "Cserna": 27.862615, "Lookahead": 3 }