{ "Minimin": 24.909276, "Bellman": 24.909276, "Nancy": 24.909276, "Cserna": 30.059444, "Lookahead": 3 }