{ "Minimin": 25.394278, "Bellman": 25.394278, "Nancy": 25.394278, "Cserna": 23.581413, "Lookahead": 3 }