{ "Minimin": 29.283087, "Bellman": 29.283087, "Nancy": 29.283087, "Cserna": 30.636291, "Lookahead": 3 }