{ "Minimin": 27.226026, "Bellman": 27.226026, "Nancy": 27.226026, "Cserna": 25.448807, "Lookahead": 3 }