{ "Minimin": 24.176639, "Bellman": 24.176639, "Nancy": 24.176639, "Cserna": 26.712853, "Lookahead": 3 }