{ "Minimin": 29.473247, "Bellman": 29.473247, "Nancy": 29.473247, "Cserna": 29.351986, "Lookahead": 3 }