{ "Minimin": 24.822510, "Bellman": 24.822510, "Nancy": 24.822510, "Cserna": 27.706212, "Lookahead": 3 }