{ "Minimin": 27.996586, "Bellman": 27.996586, "Nancy": 27.996586, "Cserna": 27.050276, "Lookahead": 3 }