{ "Minimin": 27.887197, "Bellman": 27.887197, "Nancy": 27.887197, "Cserna": 26.916961, "Lookahead": 3 }