{ "Minimin": 26.559933, "Bellman": 26.559933, "Nancy": 26.559933, "Cserna": 27.585941, "Lookahead": 3 }