{ "Minimin": 25.270579, "Bellman": 25.270579, "Nancy": 25.270579, "Cserna": 24.700064, "Lookahead": 3 }