{ "Minimin": 31.422716, "Bellman": 31.422716, "Nancy": 31.422716, "Cserna": 27.000242, "Lookahead": 3 }