{ "Minimin": 25.699463, "Bellman": 25.699463, "Nancy": 25.699463, "Cserna": 27.548404, "Lookahead": 3 }