{ "Minimin": 30.631409, "Bellman": 30.631409, "Nancy": 30.631409, "Cserna": 27.033412, "Lookahead": 3 }