{ "Minimin": 29.570942, "Bellman": 29.570942, "Nancy": 29.570942, "Cserna": 26.072309, "Lookahead": 3 }