{ "Minimin": 27.711251, "Bellman": 27.711251, "Nancy": 27.711251, "Cserna": 27.066077, "Lookahead": 3 }