{ "Minimin": 25.602159, "Bellman": 25.602159, "Nancy": 25.602159, "Cserna": 28.048491, "Lookahead": 3 }