{ "Minimin": 26.919393, "Bellman": 26.919393, "Nancy": 26.919393, "Cserna": 26.901510, "Lookahead": 3 }