{ "Minimin": 25.967972, "Bellman": 25.967972, "Nancy": 25.967972, "Cserna": 28.170770, "Lookahead": 3 }