{ "Minimin": 28.621821, "Bellman": 28.621821, "Nancy": 28.621821, "Cserna": 29.399160, "Lookahead": 3 }