{ "Minimin": 26.525801, "Bellman": 26.525801, "Nancy": 26.525801, "Cserna": 27.936814, "Lookahead": 3 }