{ "Minimin": 29.004040, "Bellman": 29.004040, "Nancy": 29.004040, "Cserna": 29.342661, "Lookahead": 3 }