{ "Minimin": 27.804537, "Bellman": 27.804537, "Nancy": 27.804537, "Cserna": 29.417195, "Lookahead": 3 }