{ "Minimin": 29.341006, "Bellman": 29.341006, "Nancy": 29.341006, "Cserna": 27.063534, "Lookahead": 3 }