{ "Minimin": 28.175813, "Bellman": 28.175813, "Nancy": 28.175813, "Cserna": 28.270607, "Lookahead": 3 }