{ "Minimin": 26.449125, "Bellman": 26.449125, "Nancy": 26.449125, "Cserna": 27.052458, "Lookahead": 3 }