{ "Minimin": 26.208395, "Bellman": 26.208395, "Nancy": 26.208395, "Cserna": 28.957724, "Lookahead": 3 }