{ "Minimin": 27.650093, "Bellman": 27.650093, "Nancy": 27.650093, "Cserna": 28.724976, "Lookahead": 3 }