{ "Minimin": 31.612852, "Bellman": 31.612852, "Nancy": 31.612852, "Cserna": 31.166496, "Lookahead": 3 }