{ "Minimin": 27.313831, "Bellman": 27.313831, "Nancy": 27.313831, "Cserna": 26.759596, "Lookahead": 3 }