{ "Minimin": 28.028838, "Bellman": 28.028838, "Nancy": 28.028838, "Cserna": 27.136688, "Lookahead": 3 }