{ "Minimin": 26.302959, "Bellman": 26.302959, "Nancy": 26.302959, "Cserna": 26.178000, "Lookahead": 3 }