{ "Minimin": 29.454314, "Bellman": 29.454314, "Nancy": 29.454314, "Cserna": 28.286612, "Lookahead": 3 }