{ "Minimin": 28.418959, "Bellman": 28.418959, "Nancy": 28.418959, "Cserna": 27.875257, "Lookahead": 3 }