{ "Minimin": 30.023884, "Bellman": 30.023884, "Nancy": 30.023884, "Cserna": 28.932535, "CsernaPembertonBelief": 28.670688, "Lookahead": 3 }