{ "Minimin": 28.386913, "Bellman": 28.386913, "Nancy": 28.386913, "Cserna": 28.456622, "Lookahead": 3 }