{ "Minimin": 26.117252, "Bellman": 26.117252, "Nancy": 26.117252, "Cserna": 24.535199, "Lookahead": 3 }