{ "Minimin": 26.638823, "Bellman": 26.638823, "Nancy": 26.638823, "Cserna": 29.070856, "Lookahead": 3 }