{ "Minimin": 28.956418, "Bellman": 28.956418, "Nancy": 28.956418, "Cserna": 27.352333, "Lookahead": 3 }