{ "Minimin": 25.502729, "Bellman": 25.502729, "Nancy": 25.502729, "Cserna": 27.260487, "Lookahead": 3 }