{ "Minimin": 26.027760, "Bellman": 26.027760, "Nancy": 26.027760, "Cserna": 30.583833, "Lookahead": 3 }