{ "Minimin": 31.569855, "Bellman": 31.569855, "Nancy": 31.569855, "Cserna": 28.750632, "Lookahead": 3 }