{ "Minimin": 26.788241, "Bellman": 26.788241, "Nancy": 26.788241, "Cserna": 27.271607, "CsernaPembertonBelief": 28.889137, "Lookahead": 3 }