{ "Minimin": 25.935928, "Bellman": 25.935928, "Nancy": 25.935928, "Cserna": 28.909924, "Lookahead": 3 }