{ "Minimin": 30.017519, "Bellman": 30.017519, "Nancy": 30.017519, "Cserna": 25.970360, "CsernaPembertonBelief": 27.285775, "Lookahead": 3 }