{ "Minimin": 28.130069, "Bellman": 28.130069, "Nancy": 28.130069, "Cserna": 29.772079, "Lookahead": 3 }