{ "Minimin": 24.912473, "Bellman": 24.912473, "Nancy": 24.912473, "Cserna": 29.823102, "Lookahead": 3 }