{ "Minimin": 26.457921, "Bellman": 26.457921, "Nancy": 26.457921, "Cserna": 30.886596, "Lookahead": 3 }