{ "Minimin": 27.211912, "Bellman": 27.211912, "Nancy": 27.211912, "Cserna": 29.218615, "Lookahead": 3 }