{ "Minimin": 27.345311, "Bellman": 27.345311, "Nancy": 27.345311, "Cserna": 25.817853, "CsernaPembertonBelief": 28.109111, "Lookahead": 3 }