{ "Minimin": 27.423733, "Bellman": 27.423733, "Nancy": 27.423733, "Cserna": 25.159155, "Lookahead": 3 }