{ "Minimin": 24.897222, "Bellman": 24.897222, "Nancy": 24.897222, "Cserna": 26.870872, "Lookahead": 3 }