{ "Minimin": 29.267792, "Bellman": 29.267792, "Nancy": 29.267792, "Cserna": 25.026511, "Lookahead": 3 }