{ "Minimin": 26.208644, "Bellman": 26.208644, "Nancy": 26.208644, "Cserna": 26.559705, "CsernaPembertonBelief": 27.890723, "Lookahead": 3 }