{ "Minimin": 27.439404, "Bellman": 27.439404, "Nancy": 27.439404, "Cserna": 30.660448, "Lookahead": 3 }