{ "Minimin": 29.801186, "Bellman": 29.801186, "Nancy": 29.801186, "Cserna": 26.808213, "CsernaPembertonBelief": 24.608068, "Lookahead": 3 }