{ "Minimin": 23.625713, "Bellman": 23.625713, "Nancy": 23.625713, "Cserna": 25.087183, "Lookahead": 3 }