{ "Minimin": 30.392329, "Bellman": 30.392329, "Nancy": 30.392329, "Cserna": 27.637059, "Lookahead": 3 }