{ "Minimin": 27.228627, "Bellman": 27.228627, "Nancy": 27.228627, "Cserna": 28.560222, "Lookahead": 3 }