{ "Minimin": 27.618871, "Bellman": 27.618871, "Nancy": 27.618871, "Cserna": 26.974052, "Lookahead": 3 }