{ "Minimin": 24.838320, "Bellman": 24.838320, "Nancy": 24.838320, "Cserna": 28.055140, "Lookahead": 3 }