{ "Minimin": 26.109605, "Bellman": 26.109605, "Nancy": 26.109605, "Cserna": 27.682775, "Lookahead": 3 }