{ "Minimin": 24.838526, "Bellman": 24.838526, "Nancy": 24.838526, "Cserna": 26.904174, "Lookahead": 3 }