{ "Minimin": 24.993379, "Bellman": 24.993379, "Nancy": 24.993379, "Cserna": 26.001646, "Lookahead": 3 }