{ "Minimin": 26.537774, "Bellman": 26.537774, "Nancy": 26.537774, "Cserna": 27.020982, "Lookahead": 3 }