{ "Minimin": 26.191487, "Bellman": 26.191487, "Nancy": 26.191487, "Cserna": 29.435328, "Lookahead": 3 }