{ "Minimin": 25.698560, "Bellman": 25.698560, "Nancy": 25.698560, "Cserna": 26.319150, "Lookahead": 3 }