{ "Minimin": 25.402144, "Bellman": 25.402144, "Nancy": 25.402144, "Cserna": 26.843890, "CsernaPembertonBelief": 27.355095, "Lookahead": 3 }