{ "Minimin": 26.432558, "Bellman": 26.432558, "Nancy": 26.432558, "Cserna": 29.099730, "Lookahead": 3 }