{ "Minimin": 27.301102, "Bellman": 27.301102, "Nancy": 27.301102, "Cserna": 26.450371, "Lookahead": 3 }