{ "Minimin": 25.308653, "Bellman": 25.308653, "Nancy": 25.308653, "Cserna": 25.489051, "Lookahead": 3 }