{ "Minimin": 23.179395, "Bellman": 23.179395, "Nancy": 23.179395, "Cserna": 28.672895, "Lookahead": 3 }