{ "Minimin": 26.859524, "Bellman": 26.859524, "Nancy": 26.859524, "Cserna": 29.161816, "Lookahead": 3 }