{ "Minimin": 27.544385, "Bellman": 27.544385, "Nancy": 27.544385, "Cserna": 28.912498, "Lookahead": 3 }