{ "Minimin": 31.748974, "Bellman": 31.748974, "Nancy": 31.748974, "Cserna": 26.736928, "Lookahead": 3 }