{ "Minimin": 28.265406, "Bellman": 28.265406, "Nancy": 28.265406, "Cserna": 28.518540, "Lookahead": 3 }