{ "Minimin": 26.287052, "Bellman": 26.287052, "Nancy": 26.287052, "Cserna": 28.587295, "Lookahead": 3 }