{ "Minimin": 29.031138, "Bellman": 29.031138, "Nancy": 29.031138, "Cserna": 28.009503, "Lookahead": 3 }