{ "Minimin": 29.596042, "Bellman": 29.596042, "Nancy": 29.596042, "Cserna": 28.191728, "Lookahead": 3 }