{ "Minimin": 28.733882, "Bellman": 28.733882, "Nancy": 28.733882, "Cserna": 28.814791, "Lookahead": 3 }