{ "Minimin": 29.280961, "Bellman": 29.280961, "Nancy": 29.280961, "Cserna": 30.526806, "CsernaPembertonBelief": 30.223548, "Lookahead": 3 }