{ "Minimin": 23.979348, "Bellman": 23.979348, "Nancy": 23.979348, "Cserna": 29.558744, "Lookahead": 3 }