{ "Minimin": 27.286042, "Bellman": 27.286042, "Nancy": 27.286042, "Cserna": 25.835519, "Lookahead": 3 }