{ "Minimin": 25.228717, "Bellman": 25.228717, "Nancy": 25.228717, "Cserna": 29.347205, "Lookahead": 3 }