{ "Minimin": 28.874392, "Bellman": 28.874392, "Nancy": 28.874392, "Cserna": 27.426970, "Lookahead": 3 }