{ "Minimin": 26.289453, "Bellman": 26.289453, "Nancy": 26.289453, "Cserna": 27.047044, "Lookahead": 3 }