{ "Minimin": 23.906657, "Bellman": 23.906657, "Nancy": 23.906657, "Cserna": 29.104388, "Lookahead": 3 }