{ "Minimin": 26.019564, "Bellman": 26.019564, "Nancy": 26.019564, "Cserna": 28.133468, "Lookahead": 3 }