{ "Minimin": 25.790772, "Bellman": 25.790772, "Nancy": 25.790772, "Cserna": 29.294353, "Lookahead": 3 }