{ "Minimin": 25.734179, "Bellman": 25.734179, "Nancy": 25.734179, "Cserna": 26.087542, "CsernaPembertonBelief": 24.796592, "Lookahead": 3 }