{ "Minimin": 25.243372, "Bellman": 25.243372, "Nancy": 25.243372, "Cserna": 25.115459, "CsernaPembertonBelief": 25.433748, "Lookahead": 3 }