{ "Minimin": 26.902956, "Bellman": 26.902956, "Nancy": 26.902956, "Cserna": 26.934304, "Lookahead": 3 }