{ "Minimin": 27.654392, "Bellman": 27.654392, "Nancy": 27.654392, "Cserna": 23.318652, "Lookahead": 3 }