{ "Minimin": 25.614205, "Bellman": 25.614205, "Nancy": 25.614205, "Cserna": 26.548478, "Lookahead": 3 }