{ "Minimin": 27.250707, "Bellman": 27.250707, "Nancy": 27.250707, "Cserna": 27.201648, "Lookahead": 3 }