{ "Minimin": 26.616335, "Bellman": 26.616335, "Nancy": 26.616335, "Cserna": 28.927916, "Lookahead": 3 }