{ "Minimin": 28.204572, "Bellman": 28.204572, "Nancy": 28.204572, "Cserna": 28.312245, "Lookahead": 3 }