{ "Minimin": 26.561266, "Bellman": 26.561266, "Nancy": 26.561266, "Cserna": 28.447695, "Lookahead": 3 }