{ "Minimin": 25.236421, "Bellman": 25.236421, "Nancy": 25.236421, "Cserna": 24.952732, "Lookahead": 3 }