{ "Minimin": 29.222391, "Bellman": 29.222391, "Nancy": 29.222391, "Cserna": 27.313669, "CsernaPembertonBelief": 25.816481, "Lookahead": 3 }