{ "Minimin": 26.713496, "Bellman": 26.713496, "Nancy": 26.713496, "Cserna": 26.625911, "Lookahead": 3 }