{ "Minimin": 26.614029, "Bellman": 26.614029, "Nancy": 26.614029, "Cserna": 27.379326, "Lookahead": 3 }