{ "Minimin": 30.273790, "Bellman": 30.273790, "Nancy": 30.273790, "Cserna": 26.861303, "Lookahead": 3 }