{ "Minimin": 30.865924, "Bellman": 30.865924, "Nancy": 30.865924, "Cserna": 29.663631, "Lookahead": 3 }