{ "Minimin": 28.352271, "Bellman": 28.352271, "Nancy": 28.352271, "Cserna": 30.899327, "Lookahead": 3 }