{ "Minimin": 26.398527, "Bellman": 26.398527, "Nancy": 26.398527, "Cserna": 26.138497, "Lookahead": 3 }