{ "Minimin": 25.884955, "Bellman": 25.884955, "Nancy": 25.884955, "Cserna": 29.339479, "Lookahead": 3 }