{ "Minimin": 27.036016, "Bellman": 27.036016, "Nancy": 27.036016, "Cserna": 26.913614, "Lookahead": 3 }