{ "Minimin": 27.400739, "Bellman": 27.400739, "Nancy": 27.400739, "Cserna": 25.886739, "Lookahead": 3 }