{ "Minimin": 29.252861, "Bellman": 29.252861, "Nancy": 29.252861, "Cserna": 27.076005, "Lookahead": 3 }