{ "Minimin": 24.694074, "Bellman": 24.694074, "Nancy": 24.694074, "Cserna": 29.498421, "Lookahead": 3 }