{ "Minimin": 25.809465, "Bellman": 25.809465, "Nancy": 25.809465, "Cserna": 31.408645, "Lookahead": 3 }