{ "Minimin": 26.087966, "Bellman": 26.087966, "Nancy": 26.087966, "Cserna": 31.471489, "Lookahead": 3 }