{ "Minimin": 28.833424, "Bellman": 28.833424, "Nancy": 28.833424, "Cserna": 28.729591, "CsernaPembertonBelief": 29.274848, "Lookahead": 3 }