{ "Minimin": 25.492129, "Bellman": 25.492129, "Nancy": 25.492129, "Cserna": 24.961220, "Lookahead": 3 }