{ "Minimin": 26.561265, "Bellman": 26.561265, "Nancy": 26.561265, "Cserna": 29.354106, "Lookahead": 3 }