{ "Minimin": 27.889269, "Bellman": 27.889269, "Nancy": 27.889269, "Cserna": 28.105643, "Lookahead": 3 }