{ "Minimin": 28.352387, "Bellman": 28.352387, "Nancy": 28.352387, "Cserna": 31.112644, "Lookahead": 3 }