{ "Minimin": 25.187854, "Bellman": 25.187854, "Nancy": 25.187854, "Cserna": 25.506952, "Lookahead": 3 }