{ "Minimin": 26.058473, "Bellman": 26.058473, "Nancy": 26.058473, "Cserna": 28.098520, "Lookahead": 3 }