{ "Minimin": 30.581801, "Bellman": 30.581801, "Nancy": 30.581801, "Cserna": 25.694372, "Lookahead": 3 }