{ "Minimin": 28.414373, "Bellman": 28.414373, "Nancy": 28.414373, "Cserna": 27.016396, "Lookahead": 3 }