{ "Minimin": 28.488243, "Bellman": 28.488243, "Nancy": 28.488243, "Cserna": 26.876167, "Lookahead": 3 }