{ "Minimin": 28.191569, "Bellman": 28.191569, "Nancy": 28.191569, "Cserna": 29.597029, "Lookahead": 3 }