{ "Minimin": 27.346070, "Bellman": 27.346070, "Nancy": 27.346070, "Cserna": 28.038422, "Lookahead": 3 }