{ "Minimin": 26.792985, "Bellman": 26.792985, "Nancy": 26.792985, "Cserna": 26.795153, "Lookahead": 3 }