{ "Minimin": 27.306083, "Bellman": 27.306083, "Nancy": 27.306083, "Cserna": 27.068534, "Lookahead": 3 }