{ "Minimin": 29.264727, "Bellman": 29.264727, "Nancy": 29.264727, "Cserna": 29.238976, "Lookahead": 3 }