{ "Minimin": 27.703392, "Bellman": 27.703392, "Nancy": 27.703392, "Cserna": 30.407218, "Lookahead": 3 }