{ "Minimin": 29.260848, "Bellman": 29.260848, "Nancy": 29.260848, "Cserna": 27.783547, "Lookahead": 3 }