{ "Minimin": 27.343233, "Bellman": 27.343233, "Nancy": 27.343233, "Cserna": 30.775919, "Lookahead": 3 }