{ "Minimin": 27.276545, "Bellman": 27.276545, "Nancy": 27.276545, "Cserna": 32.032570, "Lookahead": 3 }