{ "Minimin": 28.630000, "Bellman": 28.630000, "Nancy": 28.630000, "Cserna": 25.071499, "CsernaPembertonBelief": 29.231444, "Lookahead": 3 }