{ "Minimin": 25.389142, "Bellman": 25.389142, "Nancy": 25.389142, "Cserna": 28.900068, "Lookahead": 3 }