{ "Minimin": 29.131032, "Bellman": 29.131032, "Nancy": 29.131032, "Cserna": 28.290320, "Lookahead": 3 }