{ "Minimin": 31.167311, "Bellman": 31.167311, "Nancy": 31.167311, "Cserna": 28.784622, "Lookahead": 3 }