{ "Minimin": 29.160386, "Bellman": 29.160386, "Nancy": 29.160386, "Cserna": 29.554261, "Lookahead": 3 }