{ "Minimin": 29.022531, "Bellman": 29.022531, "Nancy": 29.022531, "Cserna": 30.544170, "Lookahead": 3 }