{ "Minimin": 25.388575, "Bellman": 25.388575, "Nancy": 25.388575, "Cserna": 28.972691, "CsernaPembertonBelief": 25.623959, "Lookahead": 3 }