{ "Minimin": 28.062256, "Bellman": 28.062256, "Nancy": 28.062256, "Cserna": 28.207146, "CsernaPembertonBelief": 28.416730, "Lookahead": 3 }