{ "Minimin": 25.279186, "Bellman": 25.279186, "Nancy": 25.279186, "Cserna": 29.534022, "Lookahead": 3 }