{ "Minimin": 22.783947, "Bellman": 22.783947, "Nancy": 22.783947, "Cserna": 29.448760, "Lookahead": 3 }