{ "Minimin": 26.256292, "Bellman": 26.256292, "Nancy": 26.256292, "Cserna": 27.893118, "Lookahead": 3 }