{ "Minimin": 27.303424, "Bellman": 27.303424, "Nancy": 27.303424, "Cserna": 28.926467, "Lookahead": 3 }