{ "Minimin": 30.752780, "Bellman": 30.752780, "Nancy": 30.752780, "Cserna": 27.858102, "Lookahead": 3 }