{ "Minimin": 27.610690, "Bellman": 27.610690, "Nancy": 27.610690, "Cserna": 30.012324, "Lookahead": 3 }