{ "Minimin": 29.346018, "Bellman": 29.346018, "Nancy": 29.346018, "Cserna": 28.550495, "Lookahead": 3 }