{ "Minimin": 29.105634, "Bellman": 29.105634, "Nancy": 29.105634, "Cserna": 31.144404, "Lookahead": 3 }