{ "Minimin": 27.100676, "Bellman": 27.100676, "Nancy": 27.100676, "Cserna": 28.110783, "Lookahead": 3 }