{ "Minimin": 28.080426, "Bellman": 28.080426, "Nancy": 28.080426, "Cserna": 26.099832, "Lookahead": 3 }