{ "Minimin": 27.646110, "Bellman": 27.646110, "Nancy": 27.646110, "Cserna": 28.520612, "Lookahead": 3 }