{ "Minimin": 27.118806, "Bellman": 27.118806, "Nancy": 27.118806, "Cserna": 29.690478, "Lookahead": 3 }