{ "Minimin": 25.627937, "Bellman": 25.627937, "Nancy": 25.627937, "Cserna": 24.973658, "Lookahead": 3 }