{ "Minimin": 27.151026, "Bellman": 27.151026, "Nancy": 27.151026, "Cserna": 30.053845, "Lookahead": 3 }