{ "Minimin": 26.632775, "Bellman": 26.632775, "Nancy": 26.632775, "Cserna": 28.490654, "Lookahead": 3 }