{ "Minimin": 27.042942, "Bellman": 27.042942, "Nancy": 27.042942, "Cserna": 28.231354, "Lookahead": 3 }