{ "Minimin": 30.526706, "Bellman": 30.526706, "Nancy": 30.526706, "Cserna": 28.761839, "Lookahead": 3 }