{ "Minimin": 26.115344, "Bellman": 26.115344, "Nancy": 26.115344, "Cserna": 28.307988, "Lookahead": 3 }