{ "Minimin": 29.321821, "Bellman": 29.321821, "Nancy": 29.321821, "Cserna": 30.070038, "Lookahead": 3 }