{ "Minimin": 24.476395, "Bellman": 24.476395, "Nancy": 24.476395, "Cserna": 25.797487, "Lookahead": 3 }