{ "Minimin": 26.946470, "Bellman": 26.946470, "Nancy": 26.946470, "Cserna": 28.003877, "Lookahead": 3 }