{ "Minimin": 25.058874, "Bellman": 25.058874, "Nancy": 25.058874, "Cserna": 29.245585, "Lookahead": 3 }