{ "Minimin": 24.557006, "Bellman": 24.557006, "Nancy": 24.557006, "Cserna": 27.131809, "CsernaPembertonBelief": 23.793099, "Lookahead": 3 }