{ "Minimin": 27.458621, "Bellman": 27.458621, "Nancy": 27.458621, "Cserna": 25.284329, "Lookahead": 3 }