{ "Minimin": 29.002886, "Bellman": 29.002886, "Nancy": 29.002886, "Cserna": 28.572350, "Lookahead": 3 }