{ "Minimin": 28.455842, "Bellman": 28.455842, "Nancy": 28.455842, "Cserna": 31.252634, "Lookahead": 3 }