{ "Minimin": 31.890607, "Bellman": 31.890607, "Nancy": 31.890607, "Cserna": 30.209485, "Lookahead": 3 }