{ "Minimin": 27.604511, "Bellman": 27.604511, "Nancy": 27.604511, "Cserna": 30.867348, "Lookahead": 3 }