{ "Minimin": 27.648101, "Bellman": 27.648101, "Nancy": 27.648101, "Cserna": 27.369184, "Lookahead": 3 }