{ "Minimin": 23.404222, "Bellman": 23.404222, "Nancy": 23.404222, "Cserna": 27.607293, "CsernaPembertonBelief": 25.863356, "Lookahead": 3 }