{ "Minimin": 28.650008, "Bellman": 28.650008, "Nancy": 28.650008, "Cserna": 30.365141, "Lookahead": 3 }