{ "Minimin": 26.596860, "Bellman": 26.596860, "Nancy": 26.596860, "Cserna": 27.255413, "Lookahead": 3 }