{ "Minimin": 27.271276, "Bellman": 27.271276, "Nancy": 27.271276, "Cserna": 30.000003, "Lookahead": 3 }