{ "Minimin": 24.770948, "Bellman": 24.770948, "Nancy": 24.770948, "Cserna": 29.003580, "Lookahead": 3 }