{ "Minimin": 30.908087, "Bellman": 30.908087, "Nancy": 30.908087, "Cserna": 30.729720, "Lookahead": 3 }