{ "Minimin": 27.944425, "Bellman": 27.944425, "Nancy": 27.944425, "Cserna": 29.031692, "Lookahead": 3 }