{ "Minimin": 26.512844, "Bellman": 26.512844, "Nancy": 26.512844, "Cserna": 28.197725, "Lookahead": 3 }