{ "Minimin": 29.421026, "Bellman": 29.421026, "Nancy": 29.421026, "Cserna": 30.087949, "Lookahead": 3 }