{ "Minimin": 27.243623, "Bellman": 27.243623, "Nancy": 27.243623, "Cserna": 26.770880, "Lookahead": 3 }