{ "Minimin": 27.165579, "Bellman": 27.165579, "Nancy": 27.165579, "Cserna": 27.227889, "Lookahead": 3 }