{ "Minimin": 27.626180, "Bellman": 27.626180, "Nancy": 27.626180, "Cserna": 30.558457, "Lookahead": 3 }