{ "Minimin": 27.421973, "Bellman": 27.421973, "Nancy": 27.421973, "Cserna": 28.037446, "Lookahead": 3 }