{ "Minimin": 27.378613, "Bellman": 27.378613, "Nancy": 27.378613, "Cserna": 29.420324, "Lookahead": 3 }