{ "Minimin": 29.547166, "Bellman": 29.547166, "Nancy": 29.547166, "Cserna": 27.629756, "Lookahead": 3 }