{ "Minimin": 26.435661, "Bellman": 26.435661, "Nancy": 26.435661, "Cserna": 28.483905, "Lookahead": 3 }