{ "Minimin": 30.096283, "Bellman": 30.096283, "Nancy": 30.096283, "Cserna": 28.321930, "Lookahead": 3 }