{ "Minimin": 26.759376, "Bellman": 26.759376, "Nancy": 26.759376, "Cserna": 27.833486, "Lookahead": 3 }