{ "Minimin": 24.694296, "Bellman": 24.694296, "Nancy": 24.694296, "Cserna": 26.032060, "Lookahead": 3 }