{ "Minimin": 28.927398, "Bellman": 28.927398, "Nancy": 28.927398, "Cserna": 26.203844, "CsernaPembertonBelief": 27.542226, "Lookahead": 3 }