{ "Minimin": 26.084734, "Bellman": 26.084734, "Nancy": 26.084734, "Cserna": 32.560682, "Lookahead": 3 }