{ "Minimin": 31.323452, "Bellman": 31.323452, "Nancy": 31.323452, "Cserna": 26.416267, "CsernaPembertonBelief": 28.881515, "Lookahead": 3 }