{ "Minimin": 27.761770, "Bellman": 27.761770, "Nancy": 27.761770, "Cserna": 28.672479, "Lookahead": 3 }