{ "Minimin": 27.432002, "Bellman": 27.432002, "Nancy": 27.432002, "Cserna": 25.045922, "Lookahead": 3 }