{ "Minimin": 24.206540, "Bellman": 24.206540, "Nancy": 24.206540, "Cserna": 26.721916, "Lookahead": 3 }