{ "Minimin": 27.680315, "Bellman": 27.680315, "Nancy": 27.680315, "Cserna": 25.843488, "Lookahead": 3 }