{ "Minimin": 25.241606, "Bellman": 25.241606, "Nancy": 25.241606, "Cserna": 31.460070, "Lookahead": 3 }