{ "Minimin": 27.307565, "Bellman": 27.307565, "Nancy": 27.307565, "Cserna": 30.535331, "CsernaPembertonBelief": 30.443856, "Lookahead": 3 }