{ "Minimin": 25.397945, "Bellman": 25.397945, "Nancy": 25.397945, "Cserna": 26.881542, "Lookahead": 3 }