{ "Minimin": 24.991975, "Bellman": 24.991975, "Nancy": 24.991975, "Cserna": 26.471046, "Lookahead": 3 }