{ "Minimin": 27.706621, "Bellman": 27.706621, "Nancy": 27.706621, "Cserna": 28.979934, "Lookahead": 3 }