{ "Minimin": 25.234876, "Bellman": 25.234876, "Nancy": 25.234876, "Cserna": 30.184085, "CsernaPembertonBelief": 28.235945, "Lookahead": 3 }