{ "Minimin": 27.772228, "Bellman": 27.772228, "Nancy": 27.772228, "Cserna": 26.194980, "Lookahead": 3 }