{ "Minimin": 27.160306, "Bellman": 27.160306, "Nancy": 27.160306, "Cserna": 27.901942, "Lookahead": 3 }