{ "Minimin": 24.844069, "Bellman": 24.844069, "Nancy": 24.844069, "Cserna": 27.365980, "Lookahead": 3 }