{ "Minimin": 28.257784, "Bellman": 28.257784, "Nancy": 28.257784, "Cserna": 28.398511, "Lookahead": 3 }