{ "Minimin": 26.198257, "Bellman": 26.198257, "Nancy": 26.198257, "Cserna": 26.089021, "Lookahead": 3 }