{ "Minimin": 25.381969, "Bellman": 25.381969, "Nancy": 25.381969, "Cserna": 25.923065, "Lookahead": 3 }