{ "Minimin": 23.844372, "Bellman": 23.844372, "Nancy": 23.844372, "Cserna": 27.790622, "Lookahead": 3 }