{ "Minimin": 27.576812, "Bellman": 27.576812, "Nancy": 27.576812, "Cserna": 27.664099, "Lookahead": 3 }