{ "Minimin": 26.423439, "Bellman": 26.423439, "Nancy": 26.423439, "Cserna": 29.003526, "Lookahead": 3 }