{ "Minimin": 26.016733, "Bellman": 26.016733, "Nancy": 26.016733, "Cserna": 29.974391, "Lookahead": 3 }