{ "Minimin": 28.956574, "Bellman": 28.956574, "Nancy": 28.956574, "Cserna": 28.165674, "Lookahead": 3 }