{ "Minimin": 24.423732, "Bellman": 24.423732, "Nancy": 24.423732, "Cserna": 28.866295, "Lookahead": 3 }