{ "Minimin": 28.466824, "Bellman": 28.466824, "Nancy": 28.466824, "Cserna": 29.162978, "Lookahead": 3 }