{ "Minimin": 27.424969, "Bellman": 27.424969, "Nancy": 27.424969, "Cserna": 30.098139, "Lookahead": 3 }