{ "Minimin": 29.451543, "Bellman": 29.451543, "Nancy": 29.451543, "Cserna": 27.403180, "Lookahead": 3 }