{ "Minimin": 27.147606, "Bellman": 27.147606, "Nancy": 27.147606, "Cserna": 29.868881, "CsernaPembertonBelief": 29.202434, "Lookahead": 3 }