{ "Minimin": 28.540560, "Bellman": 28.540560, "Nancy": 28.540560, "Cserna": 30.332490, "Lookahead": 3 }