{ "Minimin": 26.235792, "Bellman": 26.235792, "Nancy": 26.235792, "Cserna": 31.539767, "Lookahead": 3 }