{ "Minimin": 25.814531, "Bellman": 25.814531, "Nancy": 25.814531, "Cserna": 26.010216, "Lookahead": 3 }