{ "Minimin": 30.767205, "Bellman": 30.767205, "Nancy": 30.767205, "Cserna": 29.936876, "Lookahead": 3 }