{ "Minimin": 25.293257, "Bellman": 25.293257, "Nancy": 25.293257, "Cserna": 28.169205, "Lookahead": 3 }