{ "Minimin": 26.984795, "Bellman": 26.984795, "Nancy": 26.984795, "Cserna": 27.991483, "Lookahead": 3 }