{ "Minimin": 27.155770, "Bellman": 27.155770, "Nancy": 27.155770, "Cserna": 29.096819, "Lookahead": 3 }