{ "Minimin": 27.029797, "Bellman": 27.029797, "Nancy": 27.029797, "Cserna": 28.896950, "Lookahead": 3 }