{ "Minimin": 27.904427, "Bellman": 27.904427, "Nancy": 27.904427, "Cserna": 29.383410, "Lookahead": 3 }