{ "Minimin": 27.776858, "Bellman": 27.776858, "Nancy": 27.776858, "Cserna": 26.951232, "Lookahead": 3 }