{ "Minimin": 27.090631, "Bellman": 27.090631, "Nancy": 27.090631, "Cserna": 27.820831, "Lookahead": 3 }