{ "Minimin": 28.353954, "Bellman": 28.353954, "Nancy": 28.353954, "Cserna": 29.581216, "Lookahead": 3 }