{ "Minimin": 24.659725, "Bellman": 24.659725, "Nancy": 24.659725, "Cserna": 25.927054, "Lookahead": 3 }