{ "Minimin": 26.447936, "Bellman": 26.447936, "Nancy": 26.447936, "Cserna": 25.838023, "Lookahead": 3 }