{ "Minimin": 30.040622, "Bellman": 30.040622, "Nancy": 30.040622, "Cserna": 27.882039, "CsernaPembertonBelief": 28.832224, "Lookahead": 3 }