{ "Minimin": 25.529911, "Bellman": 25.529911, "Nancy": 25.529911, "Cserna": 26.115139, "Lookahead": 3 }