{ "Minimin": 26.855279, "Bellman": 26.855279, "Nancy": 26.855279, "Cserna": 27.009002, "Lookahead": 3 }