{ "Minimin": 28.292974, "Bellman": 28.292974, "Nancy": 28.292974, "Cserna": 27.873287, "Lookahead": 3 }