{ "Minimin": 26.101200, "Bellman": 26.101200, "Nancy": 26.101200, "Cserna": 26.847738, "Lookahead": 3 }