{ "Minimin": 28.975473, "Bellman": 28.975473, "Nancy": 28.975473, "Cserna": 29.308290, "Lookahead": 3 }