{ "Minimin": 26.096678, "Bellman": 26.096678, "Nancy": 26.096678, "Cserna": 29.134262, "CsernaPembertonBelief": 24.399568, "Lookahead": 3 }