{ "Minimin": 26.563989, "Bellman": 26.563989, "Nancy": 26.563989, "Cserna": 25.748530, "Lookahead": 3 }