{ "Minimin": 30.526480, "Bellman": 30.526480, "Nancy": 30.526480, "Cserna": 29.487797, "Lookahead": 3 }