{ "Minimin": 28.154770, "Bellman": 28.154770, "Nancy": 28.154770, "Cserna": 27.227417, "Lookahead": 3 }