{ "Minimin": 25.978345, "Bellman": 25.978345, "Nancy": 25.978345, "Cserna": 28.535103, "Lookahead": 3 }