{ "Minimin": 27.377003, "Bellman": 27.377003, "Nancy": 27.377003, "Cserna": 28.474256, "Lookahead": 3 }