{ "Minimin": 27.587057, "Bellman": 27.587057, "Nancy": 27.587057, "Cserna": 26.070354, "Lookahead": 3 }