{ "Minimin": 27.382934, "Bellman": 27.382934, "Nancy": 27.382934, "Cserna": 27.686188, "Lookahead": 3 }