{ "Minimin": 29.773756, "Bellman": 29.773756, "Nancy": 29.773756, "Cserna": 28.142020, "Lookahead": 3 }