{ "Minimin": 27.405210, "Bellman": 27.405210, "Nancy": 27.405210, "Cserna": 29.923378, "Lookahead": 3 }