{ "Minimin": 26.758898, "Bellman": 26.758898, "Nancy": 26.758898, "Cserna": 28.913082, "Lookahead": 3 }