{ "Minimin": 28.250760, "Bellman": 28.250760, "Nancy": 28.250760, "Cserna": 31.344234, "CsernaPembertonBelief": 28.668947, "Lookahead": 3 }