{ "Minimin": 29.304285, "Bellman": 29.304285, "Nancy": 29.304285, "Cserna": 27.201157, "CsernaPembertonBelief": 25.108179, "Lookahead": 3 }