{ "Minimin": 26.625528, "Bellman": 26.625528, "Nancy": 26.625528, "Cserna": 27.165642, "Lookahead": 3 }