{ "Minimin": 26.343262, "Bellman": 26.343262, "Nancy": 26.343262, "Cserna": 28.896239, "Lookahead": 3 }