{ "Minimin": 24.844507, "Bellman": 24.844507, "Nancy": 24.844507, "Cserna": 26.904536, "Lookahead": 3 }