{ "Minimin": 28.390602, "Bellman": 28.390602, "Nancy": 28.390602, "Cserna": 28.670946, "Lookahead": 3 }