{ "Minimin": 26.816945, "Bellman": 26.816945, "Nancy": 26.816945, "Cserna": 28.614690, "Lookahead": 3 }