{ "Minimin": 26.171549, "Bellman": 26.171549, "Nancy": 26.171549, "Cserna": 29.102792, "Lookahead": 3 }