{ "Minimin": 29.891574, "Bellman": 29.891574, "Nancy": 29.891574, "Cserna": 29.997607, "Lookahead": 3 }