{ "Minimin": 24.574887, "Bellman": 24.574887, "Nancy": 24.574887, "Cserna": 27.295628, "CsernaPembertonBelief": 23.680506, "Lookahead": 3 }