{ "Minimin": 26.775301, "Bellman": 26.775301, "Nancy": 26.775301, "Cserna": 28.904886, "Lookahead": 3 }