{ "Minimin": 29.082277, "Bellman": 29.082277, "Nancy": 29.082277, "Cserna": 27.108668, "Lookahead": 3 }