{ "Minimin": 27.168990, "Bellman": 27.168990, "Nancy": 27.168990, "Cserna": 28.575429, "Lookahead": 3 }