{ "Minimin": 29.585081, "Bellman": 29.585081, "Nancy": 29.585081, "Cserna": 26.315322, "CsernaPembertonBelief": 26.653502, "Lookahead": 3 }