{ "Minimin": 26.200888, "Bellman": 26.200888, "Nancy": 26.200888, "Cserna": 28.840361, "Lookahead": 3 }