{ "Minimin": 30.654642, "Bellman": 30.654642, "Nancy": 30.654642, "Cserna": 32.967112, "Lookahead": 3 }