{ "Minimin": 27.199009, "Bellman": 27.199009, "Nancy": 27.199009, "Cserna": 27.043025, "Lookahead": 3 }