{ "Minimin": 26.953695, "Bellman": 26.953695, "Nancy": 26.953695, "Cserna": 27.486591, "Lookahead": 3 }