{ "Minimin": 25.701747, "Bellman": 25.701747, "Nancy": 25.701747, "Cserna": 28.351567, "CsernaPembertonBelief": 26.789704, "Lookahead": 3 }