{ "Minimin": 28.955176, "Bellman": 28.955176, "Nancy": 28.955176, "Cserna": 27.895765, "Lookahead": 3 }