{ "Minimin": 26.348987, "Bellman": 26.348987, "Nancy": 26.348987, "Cserna": 26.177656, "Lookahead": 3 }