{ "Minimin": 27.406379, "Bellman": 27.406379, "Nancy": 27.406379, "Cserna": 32.665456, "Lookahead": 3 }