{ "Minimin": 28.386423, "Bellman": 28.386423, "Nancy": 28.386423, "Cserna": 26.678695, "Lookahead": 3 }