{ "Minimin": 26.349500, "Bellman": 26.349500, "Nancy": 26.349500, "Cserna": 26.490758, "Lookahead": 3 }