{ "Minimin": 26.157491, "Bellman": 26.157491, "Nancy": 26.157491, "Cserna": 27.383933, "Lookahead": 3 }