{ "Minimin": 25.887570, "Bellman": 25.887570, "Nancy": 25.887570, "Cserna": 27.016765, "Lookahead": 3 }