{ "Minimin": 25.946581, "Bellman": 25.946581, "Nancy": 25.946581, "Cserna": 27.620831, "Lookahead": 3 }