{ "Minimin": 31.705800, "Bellman": 31.705800, "Nancy": 31.705800, "Cserna": 23.515979, "Lookahead": 3 }