{ "Minimin": 25.521731, "Bellman": 25.521731, "Nancy": 25.521731, "Cserna": 25.349873, "Lookahead": 3 }