{ "Minimin": 26.311505, "Bellman": 26.311505, "Nancy": 26.311505, "Cserna": 27.938169, "Lookahead": 3 }