{ "Minimin": 28.433223, "Bellman": 28.433223, "Nancy": 28.433223, "Cserna": 30.839495, "Lookahead": 3 }