{ "Minimin": 26.805087, "Bellman": 26.805087, "Nancy": 26.805087, "Cserna": 29.102527, "Lookahead": 3 }