{ "Minimin": 26.455445, "Bellman": 26.455445, "Nancy": 26.455445, "Cserna": 27.763682, "Lookahead": 3 }