{ "Minimin": 29.132896, "Bellman": 29.132896, "Nancy": 29.132896, "Cserna": 25.639660, "Lookahead": 3 }