{ "Minimin": 24.530617, "Bellman": 24.530617, "Nancy": 24.530617, "Cserna": 26.819782, "Lookahead": 3 }