{ "Minimin": 29.440816, "Bellman": 29.440816, "Nancy": 29.440816, "Cserna": 28.544295, "Lookahead": 3 }