{ "Minimin": 26.171859, "Bellman": 26.171859, "Nancy": 26.171859, "Cserna": 28.629127, "CsernaPembertonBelief": 29.162397, "Lookahead": 3 }