{ "Minimin": 27.129161, "Bellman": 27.129161, "Nancy": 27.129161, "Cserna": 28.228924, "Lookahead": 3 }