{ "Minimin": 27.609283, "Bellman": 27.609283, "Nancy": 27.609283, "Cserna": 29.907827, "Lookahead": 3 }