{ "Minimin": 25.941124, "Bellman": 25.941124, "Nancy": 25.941124, "Cserna": 27.972066, "Lookahead": 3 }