{ "Minimin": 29.072710, "Bellman": 29.072710, "Nancy": 29.072710, "Cserna": 29.168942, "Lookahead": 3 }