{ "Minimin": 30.436410, "Bellman": 30.436410, "Nancy": 30.436410, "Cserna": 25.001083, "Lookahead": 3 }