{ "Minimin": 27.915593, "Bellman": 27.915593, "Nancy": 27.915593, "Cserna": 30.290320, "Lookahead": 3 }