{ "Minimin": 26.277582, "Bellman": 26.277582, "Nancy": 26.277582, "Cserna": 28.854282, "Lookahead": 3 }