{ "Minimin": 27.253252, "Bellman": 27.253252, "Nancy": 27.253252, "Cserna": 30.181929, "Lookahead": 3 }