{ "Minimin": 22.634806, "Bellman": 22.634806, "Nancy": 22.634806, "Cserna": 23.591431, "CsernaPembertonBelief": 22.634806, "Lookahead": 3 }