{ "Minimin": 26.806038, "Bellman": 26.806038, "Nancy": 26.806038, "Cserna": 28.735259, "Lookahead": 3 }