{ "Minimin": 30.010939, "Bellman": 30.010939, "Nancy": 30.010939, "Cserna": 25.215289, "Lookahead": 3 }