{ "Minimin": 29.098140, "Bellman": 29.098140, "Nancy": 29.098140, "Cserna": 29.524416, "Lookahead": 3 }