{ "Minimin": 23.912833, "Bellman": 23.912833, "Nancy": 23.912833, "Cserna": 29.775170, "CsernaPembertonBelief": 28.908058, "Lookahead": 3 }