{ "Minimin": 27.430360, "Bellman": 27.430360, "Nancy": 27.430360, "Cserna": 24.786617, "Lookahead": 3 }