{ "Minimin": 29.893228, "Bellman": 29.893228, "Nancy": 29.893228, "Cserna": 28.469618, "Lookahead": 3 }