{ "Minimin": 26.012829, "Bellman": 26.012829, "Nancy": 26.012829, "Cserna": 27.281393, "CsernaPembertonBelief": 27.009646, "Lookahead": 3 }