{ "Minimin": 29.627471, "Bellman": 29.627471, "Nancy": 29.627471, "Cserna": 28.487803, "Lookahead": 3 }