{ "Minimin": 28.991403, "Bellman": 28.991403, "Nancy": 28.991403, "Cserna": 25.896505, "CsernaPembertonBelief": 27.476566, "Lookahead": 3 }