{ "Minimin": 26.989316, "Bellman": 26.989316, "Nancy": 26.989316, "Cserna": 27.816900, "Lookahead": 3 }