{ "Minimin": 26.592126, "Bellman": 26.592126, "Nancy": 26.592126, "Cserna": 32.820434, "Lookahead": 3 }