{ "Minimin": 26.540085, "Bellman": 26.540085, "Nancy": 26.540085, "Cserna": 30.862359, "Lookahead": 3 }