{ "Minimin": 26.279857, "Bellman": 26.279857, "Nancy": 26.279857, "Cserna": 29.874962, "Lookahead": 3 }