{ "Minimin": 28.820357, "Bellman": 28.820357, "Nancy": 28.820357, "Cserna": 30.464107, "Lookahead": 3 }