{ "Minimin": 26.433867, "Bellman": 26.433867, "Nancy": 26.433867, "Cserna": 28.144896, "Lookahead": 3 }