{ "Minimin": 29.169403, "Bellman": 29.169403, "Nancy": 29.169403, "Cserna": 26.771616, "Lookahead": 3 }