{ "Minimin": 24.649342, "Bellman": 24.649342, "Nancy": 24.649342, "Cserna": 26.218630, "CsernaPembertonBelief": 26.810412, "Lookahead": 3 }