{ "Minimin": 28.421947, "Bellman": 28.421947, "Nancy": 28.421947, "Cserna": 26.530279, "CsernaPembertonBelief": 27.374472, "Lookahead": 3 }