{ "Minimin": 24.847361, "Bellman": 24.847361, "Nancy": 24.847361, "Cserna": 31.341941, "Lookahead": 3 }