{ "Minimin": 27.163512, "Bellman": 27.163512, "Nancy": 27.163512, "Cserna": 26.544456, "Lookahead": 3 }