{ "Minimin": 27.356882, "Bellman": 27.356882, "Nancy": 27.356882, "Cserna": 26.586997, "Lookahead": 3 }