{ "Minimin": 28.459733, "Bellman": 28.459733, "Nancy": 28.459733, "Cserna": 27.824717, "CsernaPembertonBelief": 26.830131, "Lookahead": 3 }