{ "Minimin": 25.964944, "Bellman": 25.964944, "Nancy": 25.964944, "Cserna": 26.316369, "Lookahead": 3 }