{ "Minimin": 28.168555, "Bellman": 28.168555, "Nancy": 28.168555, "Cserna": 25.532581, "Lookahead": 3 }