{ "Minimin": 25.817035, "Bellman": 25.817035, "Nancy": 25.817035, "Cserna": 23.604559, "Lookahead": 3 }