{ "Minimin": 27.345370, "Bellman": 27.345370, "Nancy": 27.345370, "Cserna": 29.021411, "Lookahead": 3 }