{ "Minimin": 26.848025, "Bellman": 26.848025, "Nancy": 26.848025, "Cserna": 29.541130, "Lookahead": 3 }