{ "Minimin": 29.013661, "Bellman": 29.013661, "Nancy": 29.013661, "Cserna": 31.528934, "Lookahead": 3 }