{ "Minimin": 28.212597, "Bellman": 28.212597, "Nancy": 28.212597, "Cserna": 29.422887, "Lookahead": 3 }