{ "Minimin": 27.056882, "Bellman": 27.056882, "Nancy": 27.056882, "Cserna": 28.262563, "Lookahead": 3 }