{ "Minimin": 29.052161, "Bellman": 29.052161, "Nancy": 29.052161, "Cserna": 29.136481, "Lookahead": 3 }