{ "Minimin": 25.149289, "Bellman": 25.149289, "Nancy": 25.149289, "Cserna": 27.295672, "Lookahead": 3 }