{ "Minimin": 26.768824, "Bellman": 26.768824, "Nancy": 26.768824, "Cserna": 29.036410, "Lookahead": 3 }