{ "Minimin": 28.714090, "Bellman": 28.714090, "Nancy": 28.714090, "Cserna": 30.866038, "Lookahead": 3 }