{ "Minimin": 25.353557, "Bellman": 25.353557, "Nancy": 25.353557, "Cserna": 28.127987, "Lookahead": 3 }