{ "Minimin": 27.526113, "Bellman": 27.526113, "Nancy": 27.526113, "Cserna": 29.626047, "Lookahead": 3 }