{ "Minimin": 27.681245, "Bellman": 27.681245, "Nancy": 27.681245, "Cserna": 28.097446, "Lookahead": 3 }