{ "Minimin": 30.265210, "Bellman": 30.265210, "Nancy": 30.265210, "Cserna": 27.431381, "Lookahead": 3 }