{ "Minimin": 28.547281, "Bellman": 28.547281, "Nancy": 28.547281, "Cserna": 27.827856, "Lookahead": 3 }