{ "Minimin": 28.606737, "Bellman": 28.606737, "Nancy": 28.606737, "Cserna": 26.527032, "Lookahead": 3 }