{ "Minimin": 26.554966, "Bellman": 26.554966, "Nancy": 26.554966, "Cserna": 27.624484, "Lookahead": 3 }