{ "Minimin": 27.939363, "Bellman": 27.939363, "Nancy": 27.939363, "Cserna": 28.678477, "Lookahead": 3 }