{ "Minimin": 28.304200, "Bellman": 28.304200, "Nancy": 28.304200, "Cserna": 26.284512, "CsernaPembertonBelief": 28.304200, "Lookahead": 3 }