{ "Minimin": 27.416145, "Bellman": 27.416145, "Nancy": 27.416145, "Cserna": 27.705120, "Lookahead": 3 }