{ "Minimin": 27.388737, "Bellman": 27.388737, "Nancy": 27.388737, "Cserna": 27.012959, "Lookahead": 3 }