{ "Minimin": 23.585704, "Bellman": 23.585704, "Nancy": 23.585704, "Cserna": 30.371654, "Lookahead": 3 }