{ "Minimin": 28.013002, "Bellman": 28.013002, "Nancy": 28.013002, "Cserna": 28.141118, "Lookahead": 3 }