{ "Minimin": 26.716827, "Bellman": 26.716827, "Nancy": 26.716827, "Cserna": 26.341634, "CsernaPembertonBelief": 25.807194, "Lookahead": 3 }