{ "Minimin": 28.650743, "Bellman": 28.650743, "Nancy": 28.650743, "Cserna": 27.728773, "Lookahead": 3 }