{ "Minimin": 27.666718, "Bellman": 27.666718, "Nancy": 27.666718, "Cserna": 25.534450, "Lookahead": 3 }