{ "Minimin": 26.660506, "Bellman": 26.660506, "Nancy": 26.660506, "Cserna": 25.975221, "Lookahead": 3 }