{ "Minimin": 28.051447, "Bellman": 28.051447, "Nancy": 28.051447, "Cserna": 25.061531, "Lookahead": 3 }