{ "Minimin": 26.892719, "Bellman": 26.892719, "Nancy": 26.892719, "Cserna": 28.913146, "Lookahead": 3 }