{ "Minimin": 27.281967, "Bellman": 27.281967, "Nancy": 27.281967, "Cserna": 28.194646, "Lookahead": 3 }