{ "Minimin": 27.382595, "Bellman": 27.382595, "Nancy": 27.382595, "Cserna": 29.915642, "Lookahead": 3 }