{ "Minimin": 27.654956, "Bellman": 27.654956, "Nancy": 27.654956, "Cserna": 25.427572, "CsernaPembertonBelief": 27.831953, "Lookahead": 3 }