{ "Minimin": 27.268996, "Bellman": 27.268996, "Nancy": 27.268996, "Cserna": 26.203683, "Lookahead": 3 }