{ "Minimin": 26.390017, "Bellman": 26.390017, "Nancy": 26.390017, "Cserna": 26.121006, "Lookahead": 3 }