{ "Minimin": 25.169088, "Bellman": 25.169088, "Nancy": 25.169088, "Cserna": 28.584773, "Lookahead": 3 }