{ "Minimin": 28.972121, "Bellman": 28.972121, "Nancy": 28.972121, "Cserna": 28.060448, "Lookahead": 3 }