{ "Minimin": 26.457158, "Bellman": 26.457158, "Nancy": 26.457158, "Cserna": 30.316724, "CsernaPembertonBelief": 28.953696, "Lookahead": 3 }