{ "Minimin": 28.105159, "Bellman": 28.105159, "Nancy": 28.105159, "Cserna": 30.605771, "Lookahead": 3 }