{ "Minimin": 27.645097, "Bellman": 27.645097, "Nancy": 27.645097, "Cserna": 29.784368, "Lookahead": 3 }