{ "Minimin": 26.072738, "Bellman": 26.072738, "Nancy": 26.072738, "Cserna": 27.806687, "Lookahead": 3 }