{ "Minimin": 28.571676, "Bellman": 28.571676, "Nancy": 28.571676, "Cserna": 27.008996, "CsernaPembertonBelief": 24.229923, "Lookahead": 3 }