{ "Minimin": 28.237296, "Bellman": 28.237296, "Nancy": 28.237296, "Cserna": 28.357564, "Lookahead": 3 }