{ "Minimin": 27.388068, "Bellman": 27.388068, "Nancy": 27.388068, "Cserna": 26.776088, "Lookahead": 3 }