{ "Minimin": 26.717099, "Bellman": 26.717099, "Nancy": 26.717099, "Cserna": 28.060507, "Lookahead": 3 }