{ "Minimin": 27.436922, "Bellman": 27.436922, "Nancy": 27.436922, "Cserna": 29.187932, "Lookahead": 3 }