{ "Minimin": 27.476651, "Bellman": 27.476651, "Nancy": 27.476651, "Cserna": 27.834394, "CsernaPembertonBelief": 27.722798, "Lookahead": 3 }