{ "Minimin": 25.611975, "Bellman": 25.611975, "Nancy": 25.611975, "Cserna": 27.350035, "Lookahead": 3 }