{ "Minimin": 25.592551, "Bellman": 25.592551, "Nancy": 25.592551, "Cserna": 30.045574, "Lookahead": 3 }