{ "Minimin": 26.947150, "Bellman": 26.947150, "Nancy": 26.947150, "Cserna": 28.877365, "Lookahead": 3 }