{ "Minimin": 26.967209, "Bellman": 26.967209, "Nancy": 26.967209, "Cserna": 31.810070, "Lookahead": 3 }