{ "Minimin": 28.176694, "Bellman": 28.176694, "Nancy": 28.176694, "Cserna": 28.040506, "Lookahead": 3 }