{ "Minimin": 26.046603, "Bellman": 26.046603, "Nancy": 26.046603, "Cserna": 28.360177, "Lookahead": 3 }