{ "Minimin": 25.953116, "Bellman": 25.953116, "Nancy": 25.953116, "Cserna": 28.253620, "Lookahead": 3 }