{ "Minimin": 25.721673, "Bellman": 25.721673, "Nancy": 25.721673, "Cserna": 25.226738, "CsernaPembertonBelief": 25.119759, "Lookahead": 7 }