{ "Minimin": 22.410553, "Bellman": 22.410553, "Nancy": 22.410553, "Cserna": 25.339226, "Lookahead": 7 }