{ "Minimin": 25.021720, "Bellman": 25.021720, "Nancy": 25.021720, "Cserna": 24.646913, "CsernaPembertonBelief": 24.266740, "Lookahead": 7 }