{ "Minimin": 21.991142, "Bellman": 21.991142, "Nancy": 21.991142, "Cserna": 26.515766, "Lookahead": 7 }