{ "Minimin": 24.386873, "Bellman": 24.386873, "Nancy": 24.386873, "Cserna": 22.954051, "CsernaPembertonBelief": 21.108598, "Lookahead": 7 }