{ "Minimin": 23.119600, "Bellman": 23.119600, "Nancy": 23.119600, "Cserna": 25.665656, "Lookahead": 7 }