{ "Minimin": 25.904574, "Bellman": 25.904574, "Nancy": 25.904574, "Cserna": 24.291784, "CsernaPembertonBelief": 21.480254, "Lookahead": 7 }