{ "Minimin": 22.351093, "Bellman": 22.351093, "Nancy": 22.351093, "Cserna": 23.220434, "Lookahead": 7 }