{ "Minimin": 24.141503, "Bellman": 24.141503, "Nancy": 24.141503, "Cserna": 26.224629, "Lookahead": 7 }