{ "Minimin": 22.140404, "Bellman": 22.140404, "Nancy": 22.140404, "Cserna": 25.872040, "Lookahead": 7 }