{ "Minimin": 24.364976, "Bellman": 24.364976, "Nancy": 24.364976, "Cserna": 28.305565, "Lookahead": 7 }