{ "Minimin": 22.645502, "Bellman": 22.645502, "Nancy": 22.645502, "Cserna": 24.943892, "Lookahead": 7 }