{ "Minimin": 24.733717, "Bellman": 24.733717, "Nancy": 24.733717, "Cserna": 23.961787, "Lookahead": 7 }