{ "Minimin": 23.572004, "Bellman": 23.572004, "Nancy": 23.572004, "Cserna": 26.008800, "Lookahead": 7 }