{ "Minimin": 25.312073, "Bellman": 25.312073, "Nancy": 25.312073, "Cserna": 28.697026, "Lookahead": 7 }