{ "Minimin": 24.075247, "Bellman": 24.075247, "Nancy": 24.075247, "Cserna": 24.246064, "CsernaPembertonBelief": 23.793291, "Lookahead": 7 }