{ "Minimin": 23.714888, "Bellman": 23.714888, "Nancy": 23.714888, "Cserna": 25.674844, "Lookahead": 7 }