{ "Minimin": 23.038060, "Bellman": 23.038060, "Nancy": 23.038060, "Cserna": 23.038060, "CsernaPembertonBelief": 23.038060, "Lookahead": 7 }