{ "Minimin": 20.931463, "Bellman": 20.931463, "Nancy": 20.931463, "Cserna": 26.429389, "Lookahead": 7 }