{ "Minimin": 22.694746, "Bellman": 22.694746, "Nancy": 22.694746, "Cserna": 23.992130, "CsernaPembertonBelief": 24.916765, "Lookahead": 7 }