{ "Minimin": 23.493778, "Bellman": 23.493778, "Nancy": 23.493778, "Cserna": 25.700862, "Lookahead": 7 }