{ "Minimin": 24.018381, "Bellman": 24.018381, "Nancy": 24.018381, "Cserna": 28.092813, "Lookahead": 7 }