{ "Minimin": 24.147108, "Bellman": 24.147108, "Nancy": 24.147108, "Cserna": 23.446557, "CsernaPembertonBelief": 25.275742, "Lookahead": 7 }