{ "Minimin": 21.559857, "Bellman": 21.559857, "Nancy": 21.559857, "Cserna": 25.005664, "CsernaPembertonBelief": 23.839719, "Lookahead": 7 }