{ "Minimin": 25.768429, "Bellman": 25.768429, "Nancy": 25.768429, "Cserna": 26.605965, "Lookahead": 7 }