{ "Minimin": 23.569290, "Bellman": 23.569290, "Nancy": 23.569290, "Cserna": 28.002741, "Lookahead": 7 }