{ "Minimin": 23.899310, "Bellman": 23.899310, "Nancy": 23.899310, "Cserna": 23.094787, "CsernaPembertonBelief": 24.012109, "Lookahead": 7 }