{ "Minimin": 23.492422, "Bellman": 23.492422, "Nancy": 23.492422, "Cserna": 24.095058, "Lookahead": 7 }