{ "Minimin": 23.668852, "Bellman": 23.668852, "Nancy": 23.668852, "Cserna": 26.079118, "Lookahead": 7 }