{ "Minimin": 23.808110, "Bellman": 23.808110, "Nancy": 23.808110, "Cserna": 27.689912, "Lookahead": 7 }