{ "Minimin": 22.653524, "Bellman": 22.653524, "Nancy": 22.653524, "Cserna": 29.079758, "Lookahead": 7 }