{ "Minimin": 21.159616, "Bellman": 21.159616, "Nancy": 21.159616, "Cserna": 24.226790, "CsernaPembertonBelief": 26.894402, "Lookahead": 7 }