{ "Minimin": 24.042378, "Bellman": 24.042378, "Nancy": 24.042378, "Cserna": 27.413463, "Lookahead": 7 }