{ "Minimin": 23.743508, "Bellman": 23.743508, "Nancy": 23.743508, "Cserna": 25.187636, "CsernaPembertonBelief": 24.395197, "Lookahead": 7 }