{ "Minimin": 25.001979, "Bellman": 25.001979, "Nancy": 25.001979, "Cserna": 27.098453, "Lookahead": 7 }