{ "Minimin": 24.797309, "Bellman": 24.797309, "Nancy": 24.797309, "Cserna": 24.018178, "CsernaPembertonBelief": 25.114828, "Lookahead": 7 }