{ "Minimin": 24.508838, "Bellman": 24.508838, "Nancy": 24.508838, "Cserna": 24.791176, "CsernaPembertonBelief": 24.986883, "Lookahead": 7 }