{ "Minimin": 24.832670, "Bellman": 24.832670, "Nancy": 24.832670, "Cserna": 27.774939, "Lookahead": 7 }