{ "Minimin": 23.627303, "Bellman": 23.627303, "Nancy": 23.627303, "Cserna": 25.139163, "Lookahead": 7 }