{ "Minimin": 21.349144, "Bellman": 21.349144, "Nancy": 21.349144, "Cserna": 25.083048, "CsernaPembertonBelief": 24.858768, "Lookahead": 7 }