{ "Minimin": 24.142233, "Bellman": 24.142233, "Nancy": 24.142233, "Cserna": 27.375700, "Lookahead": 7 }