{ "Minimin": 26.009532, "Bellman": 26.009532, "Nancy": 26.009532, "Cserna": 26.179783, "Lookahead": 7 }