{ "Minimin": 21.616931, "Bellman": 21.616931, "Nancy": 21.616931, "Cserna": 22.035825, "CsernaPembertonBelief": 22.386456, "Lookahead": 7 }