{ "Minimin": 23.199772, "Bellman": 23.199772, "Nancy": 23.199772, "Cserna": 22.822712, "Lookahead": 7 }