{ "Minimin": 24.031915, "Bellman": 24.031915, "Nancy": 24.031915, "Cserna": 23.162253, "CsernaPembertonBelief": 23.514611, "Lookahead": 7 }