{ "Minimin": 23.413246, "Bellman": 23.413246, "Nancy": 23.413246, "Cserna": 26.072893, "Lookahead": 7 }