{ "Minimin": 25.084711, "Bellman": 25.084711, "Nancy": 25.084711, "Cserna": 27.841231, "Lookahead": 7 }