{ "Minimin": 23.735564, "Bellman": 23.735564, "Nancy": 23.735564, "Cserna": 27.755258, "Lookahead": 7 }