{ "Minimin": 25.849037, "Bellman": 25.849037, "Nancy": 25.849037, "Cserna": 21.165696, "CsernaPembertonBelief": 23.124612, "Lookahead": 7 }