{ "Minimin": 23.114903, "Bellman": 23.114903, "Nancy": 23.114903, "Cserna": 23.114903, "CsernaPembertonBelief": 23.114903, "Lookahead": 7 }