{ "Minimin": 21.520653, "Bellman": 21.520653, "Nancy": 21.520653, "Cserna": 21.649800, "CsernaPembertonBelief": 21.520653, "Lookahead": 7 }