{ "Minimin": 25.782015, "Bellman": 25.782015, "Nancy": 25.782015, "Cserna": 28.040281, "Lookahead": 7 }