{ "Minimin": 23.810272, "Bellman": 23.810272, "Nancy": 23.810272, "Cserna": 23.042840, "Lookahead": 7 }