{ "Minimin": 25.611361, "Bellman": 25.611361, "Nancy": 25.611361, "Cserna": 27.967188, "Lookahead": 7 }