{ "Minimin": 24.041646, "Bellman": 24.041646, "Nancy": 24.041646, "Cserna": 22.089664, "CsernaPembertonBelief": 24.041646, "Lookahead": 7 }