{ "Minimin": 22.829874, "Bellman": 22.829874, "Nancy": 22.829874, "Cserna": 25.367191, "CsernaPembertonBelief": 25.301850, "Lookahead": 7 }