{ "Minimin": 22.488021, "Bellman": 22.488021, "Nancy": 22.488021, "Cserna": 24.515748, "CsernaPembertonBelief": 22.478562, "Lookahead": 7 }