{ "Minimin": 24.261950, "Bellman": 24.261950, "Nancy": 24.261950, "Cserna": 24.167802, "CsernaPembertonBelief": 23.929163, "Lookahead": 7 }