{ "Minimin": 23.658718, "Bellman": 23.658718, "Nancy": 23.658718, "Cserna": 23.195463, "CsernaPembertonBelief": 23.213030, "Lookahead": 7 }