{ "Minimin": 23.767059, "Bellman": 23.767059, "Nancy": 23.767059, "Cserna": 22.023300, "CsernaPembertonBelief": 22.807340, "Lookahead": 7 }