{ "Minimin": 22.740208, "Bellman": 22.740208, "Nancy": 22.740208, "Cserna": 23.159399, "CsernaPembertonBelief": 22.817552, "Lookahead": 7 }