{ "Minimin": 24.906854, "Bellman": 24.906854, "Nancy": 24.906854, "Cserna": 23.877217, "CsernaPembertonBelief": 24.984819, "Lookahead": 7 }