{ "Minimin": 23.754235, "Bellman": 23.754235, "Nancy": 23.754235, "Cserna": 26.750568, "Lookahead": 7 }