{ "Minimin": 24.806125, "Bellman": 24.806125, "Nancy": 24.806125, "Cserna": 23.791671, "CsernaPembertonBelief": 24.548592, "Lookahead": 7 }