{ "Minimin": 23.909102, "Bellman": 23.909102, "Nancy": 23.909102, "Cserna": 23.491451, "CsernaPembertonBelief": 24.159898, "Lookahead": 7 }