{ "Minimin": 24.336947, "Bellman": 24.336947, "Nancy": 24.336947, "Cserna": 28.755306, "Lookahead": 7 }