{ "Minimin": 25.723019, "Bellman": 25.723019, "Nancy": 25.723019, "Cserna": 29.409796, "Lookahead": 7 }