{ "Minimin": 25.608004, "Bellman": 25.608004, "Nancy": 25.608004, "Cserna": 28.895950, "Lookahead": 7 }