{ "Minimin": 22.086347, "Bellman": 22.086347, "Nancy": 22.086347, "Cserna": 23.216075, "CsernaPembertonBelief": 22.024278, "Lookahead": 7 }