{ "Minimin": 23.427154, "Bellman": 23.427154, "Nancy": 23.427154, "Cserna": 24.599031, "Lookahead": 7 }