{ "Minimin": 25.451707, "Bellman": 25.451707, "Nancy": 25.451707, "Cserna": 25.367113, "CsernaPembertonBelief": 24.829144, "Lookahead": 7 }