{ "Minimin": 25.429306, "Bellman": 25.429306, "Nancy": 25.429306, "Cserna": 21.474884, "CsernaPembertonBelief": 21.474884, "Lookahead": 7 }