{ "Minimin": 23.465413, "Bellman": 23.465413, "Nancy": 23.465413, "Cserna": 24.260076, "CsernaPembertonBelief": 23.465413, "Lookahead": 7 }