{ "Minimin": 25.450813, "Bellman": 25.450813, "Nancy": 25.450813, "Cserna": 23.250330, "Lookahead": 7 }