{ "Minimin": 24.312020, "Bellman": 24.312020, "Nancy": 24.312020, "Cserna": 24.884452, "Lookahead": 7 }