{ "Minimin": 23.094291, "Bellman": 23.094291, "Nancy": 23.094291, "Cserna": 28.381185, "Lookahead": 7 }