{ "Minimin": 24.419826, "Bellman": 24.419826, "Nancy": 24.419826, "Cserna": 21.091353, "CsernaPembertonBelief": 23.866289, "Lookahead": 7 }