{ "Minimin": 24.106307, "Bellman": 24.106307, "Nancy": 24.106307, "Cserna": 27.986022, "Lookahead": 7 }