{ "Minimin": 24.098390, "Bellman": 24.098390, "Nancy": 24.098390, "Cserna": 27.058789, "Lookahead": 7 }