{ "Minimin": 23.485823, "Bellman": 23.485823, "Nancy": 23.485823, "Cserna": 25.896902, "Lookahead": 7 }