{ "Minimin": 22.477534, "Bellman": 22.477534, "Nancy": 22.477534, "Cserna": 22.511046, "CsernaPembertonBelief": 22.576488, "Lookahead": 7 }