{ "Minimin": 24.337856, "Bellman": 24.337856, "Nancy": 24.337856, "Cserna": 26.634723, "Lookahead": 7 }