{ "Minimin": 21.182659, "Bellman": 21.182659, "Nancy": 21.182659, "Cserna": 26.796684, "Lookahead": 7 }