{ "Minimin": 25.117165, "Bellman": 25.117165, "Nancy": 25.117165, "Cserna": 24.411035, "CsernaPembertonBelief": 25.117165, "Lookahead": 7 }