{ "Minimin": 24.146872, "Bellman": 24.146872, "Nancy": 24.146872, "Cserna": 25.130144, "CsernaPembertonBelief": 25.178798, "Lookahead": 7 }