{ "Minimin": 23.695206, "Bellman": 23.695206, "Nancy": 23.695206, "Cserna": 23.858361, "CsernaPembertonBelief": 23.496453, "Lookahead": 7 }