{ "Minimin": 23.490828, "Bellman": 23.490828, "Nancy": 23.490828, "Cserna": 27.238107, "Lookahead": 7 }