{ "Minimin": 24.628292, "Bellman": 24.628292, "Nancy": 24.628292, "Cserna": 27.803745, "Lookahead": 7 }