{ "Minimin": 21.929370, "Bellman": 21.929370, "Nancy": 21.929370, "Cserna": 23.404126, "CsernaPembertonBelief": 21.929370, "Lookahead": 7 }