{ "Minimin": 22.630938, "Bellman": 22.630938, "Nancy": 22.630938, "Cserna": 23.503663, "CsernaPembertonBelief": 22.630938, "Lookahead": 7 }