{ "Minimin": 22.848442, "Bellman": 22.848442, "Nancy": 22.848442, "Cserna": 26.216477, "Lookahead": 7 }