{ "Minimin": 22.850123, "Bellman": 22.850123, "Nancy": 22.850123, "Cserna": 28.028641, "Lookahead": 7 }