{ "Minimin": 24.175193, "Bellman": 24.175193, "Nancy": 24.175193, "Cserna": 22.825027, "CsernaPembertonBelief": 24.017402, "Lookahead": 7 }