{ "Minimin": 23.215899, "Bellman": 23.215899, "Nancy": 23.215899, "Cserna": 21.955851, "CsernaPembertonBelief": 23.224813, "Lookahead": 7 }