{ "Minimin": 23.828539, "Bellman": 23.828539, "Nancy": 23.828539, "Cserna": 23.704920, "CsernaPembertonBelief": 22.324773, "Lookahead": 7 }