{ "Minimin": 24.967691, "Bellman": 24.967691, "Nancy": 24.967691, "Cserna": 27.074886, "Lookahead": 7 }