{ "Minimin": 22.085403, "Bellman": 22.085403, "Nancy": 22.085403, "Cserna": 23.576763, "CsernaPembertonBelief": 20.570888, "Lookahead": 7 }