{ "Minimin": 23.807551, "Bellman": 23.807551, "Nancy": 23.807551, "Cserna": 23.426807, "CsernaPembertonBelief": 24.369007, "Lookahead": 7 }