{ "Minimin": 25.041755, "Bellman": 25.041755, "Nancy": 25.041755, "Cserna": 27.355267, "Lookahead": 7 }