{ "Minimin": 24.395870, "Bellman": 24.395870, "Nancy": 24.395870, "Cserna": 25.345430, "CsernaPembertonBelief": 24.242491, "Lookahead": 7 }