{ "Minimin": 23.593215, "Bellman": 23.593215, "Nancy": 23.593215, "Cserna": 21.990937, "CsernaPembertonBelief": 22.615007, "Lookahead": 7 }