{ "Minimin": 26.729028, "Bellman": 26.729028, "Nancy": 26.729028, "Cserna": 24.753478, "CsernaPembertonBelief": 25.036210, "Lookahead": 7 }