{ "Minimin": 22.807329, "Bellman": 22.807329, "Nancy": 22.807329, "Cserna": 22.068066, "CsernaPembertonBelief": 22.706838, "Lookahead": 7 }