{ "Minimin": 23.975794, "Bellman": 23.975794, "Nancy": 23.975794, "Cserna": 23.624607, "CsernaPembertonBelief": 23.814313, "Lookahead": 7 }