{ "Minimin": 23.264032, "Bellman": 23.264032, "Nancy": 23.264032, "Cserna": 28.040621, "Lookahead": 7 }