{ "Minimin": 21.850548, "Bellman": 21.850548, "Nancy": 21.850548, "Cserna": 22.621665, "CsernaPembertonBelief": 23.925172, "Lookahead": 7 }