{ "Minimin": 23.314113, "Bellman": 23.314113, "Nancy": 23.314113, "Cserna": 23.314113, "CsernaPembertonBelief": 23.314113, "Lookahead": 7 }