{ "Minimin": 20.864623, "Bellman": 20.864623, "Nancy": 20.864623, "Cserna": 23.599734, "CsernaPembertonBelief": 24.048628, "Lookahead": 7 }