{ "Minimin": 22.952138, "Bellman": 22.952138, "Nancy": 22.952138, "Cserna": 22.502982, "CsernaPembertonBelief": 21.322292, "Lookahead": 7 }