{ "Minimin": 24.552355, "Bellman": 24.552355, "Nancy": 24.552355, "Cserna": 22.357571, "CsernaPembertonBelief": 22.862696, "Lookahead": 7 }