{ "Minimin": 24.045148, "Bellman": 24.045148, "Nancy": 24.045148, "Cserna": 23.402771, "Lookahead": 7 }