{ "Minimin": 21.767515, "Bellman": 21.767515, "Nancy": 21.767515, "Cserna": 24.401147, "CsernaPembertonBelief": 24.401147, "Lookahead": 7 }