{ "Minimin": 24.458935, "Bellman": 24.458935, "Nancy": 24.458935, "Cserna": 26.918863, "Lookahead": 7 }