{ "Minimin": 23.058439, "Bellman": 23.058439, "Nancy": 23.058439, "Cserna": 25.996839, "Lookahead": 7 }