{ "Minimin": 24.687612, "Bellman": 24.687612, "Nancy": 24.687612, "Cserna": 26.152404, "Lookahead": 7 }