{ "Minimin": 24.482994, "Bellman": 24.482994, "Nancy": 24.482994, "Cserna": 27.097749, "Lookahead": 7 }