{ "Minimin": 24.777323, "Bellman": 24.777323, "Nancy": 24.777323, "Cserna": 27.654922, "Lookahead": 7 }