{ "Minimin": 24.313995, "Bellman": 24.313995, "Nancy": 24.313995, "Cserna": 30.402636, "Lookahead": 7 }