{ "Minimin": 23.399130, "Bellman": 23.399130, "Nancy": 23.399130, "Cserna": 25.589318, "CsernaPembertonBelief": 23.399130, "Lookahead": 7 }