{ "Minimin": 23.007971, "Bellman": 23.007971, "Nancy": 23.007971, "Cserna": 25.063842, "Lookahead": 7 }