{ "Minimin": 21.770801, "Bellman": 21.770801, "Nancy": 21.770801, "Cserna": 27.746826, "Lookahead": 7 }