{ "Minimin": 23.488486, "Bellman": 23.488486, "Nancy": 23.488486, "Cserna": 23.362053, "CsernaPembertonBelief": 23.488486, "Lookahead": 7 }