{ "Minimin": 22.258364, "Bellman": 22.258364, "Nancy": 22.258364, "Cserna": 23.685844, "CsernaPembertonBelief": 21.716930, "Lookahead": 7 }