{ "Minimin": 24.621462, "Bellman": 24.621462, "Nancy": 24.621462, "Cserna": 24.542940, "CsernaPembertonBelief": 24.621462, "Lookahead": 7 }