{ "Minimin": 26.460938, "Bellman": 26.460938, "Nancy": 26.460938, "Cserna": 24.014754, "CsernaPembertonBelief": 23.609165, "Lookahead": 7 }