{ "Minimin": 23.373958, "Bellman": 23.373958, "Nancy": 23.373958, "Cserna": 26.999121, "Lookahead": 7 }