{ "Minimin": 22.931459, "Bellman": 22.931459, "Nancy": 22.931459, "Cserna": 21.859150, "CsernaPembertonBelief": 22.931459, "Lookahead": 7 }