{ "Minimin": 23.285884, "Bellman": 23.285884, "Nancy": 23.285884, "Cserna": 22.791750, "CsernaPembertonBelief": 24.104764, "Lookahead": 7 }