{ "Minimin": 23.778306, "Bellman": 23.778306, "Nancy": 23.778306, "Cserna": 23.645394, "CsernaPembertonBelief": 24.618593, "Lookahead": 7 }