{ "Minimin": 24.332572, "Bellman": 24.332572, "Nancy": 24.332572, "Cserna": 23.080110, "CsernaPembertonBelief": 24.332572, "Lookahead": 7 }