{ "Minimin": 21.149090, "Bellman": 21.149090, "Nancy": 21.149090, "Cserna": 24.932031, "CsernaPembertonBelief": 24.863067, "Lookahead": 7 }