{ "Minimin": 24.794148, "Bellman": 24.794148, "Nancy": 24.794148, "Cserna": 25.574913, "Lookahead": 7 }