{ "Minimin": 23.695332, "Bellman": 23.695332, "Nancy": 23.695332, "Cserna": 24.928369, "Lookahead": 7 }