{ "Minimin": 25.879920, "Bellman": 25.879920, "Nancy": 25.879920, "Cserna": 28.229329, "Lookahead": 7 }