{ "Minimin": 22.991959, "Bellman": 22.991959, "Nancy": 22.991959, "Cserna": 28.861623, "Lookahead": 7 }