{ "Minimin": 24.830133, "Bellman": 24.830133, "Nancy": 24.830133, "Cserna": 22.071637, "CsernaPembertonBelief": 22.071637, "Lookahead": 7 }