{ "Minimin": 22.673091, "Bellman": 22.673091, "Nancy": 22.673091, "Cserna": 29.354604, "Lookahead": 7 }