{ "Minimin": 23.328714, "Bellman": 23.328714, "Nancy": 23.328714, "Cserna": 27.114849, "Lookahead": 7 }