{ "Minimin": 24.822302, "Bellman": 24.822302, "Nancy": 24.822302, "Cserna": 22.470948, "CsernaPembertonBelief": 24.616818, "Lookahead": 7 }