{ "Minimin": 22.769316, "Bellman": 22.769316, "Nancy": 22.769316, "Cserna": 22.553255, "CsernaPembertonBelief": 22.769316, "Lookahead": 7 }