{ "Minimin": 24.218792, "Bellman": 24.218792, "Nancy": 24.218792, "Cserna": 26.074584, "Lookahead": 7 }