{ "Minimin": 22.863447, "Bellman": 22.863447, "Nancy": 22.863447, "Cserna": 27.962597, "Lookahead": 7 }