{ "Minimin": 24.117044, "Bellman": 24.117044, "Nancy": 24.117044, "Cserna": 24.027422, "CsernaPembertonBelief": 24.156267, "Lookahead": 7 }