{ "Minimin": 24.087744, "Bellman": 24.087744, "Nancy": 24.087744, "Cserna": 22.563611, "CsernaPembertonBelief": 23.692972, "Lookahead": 7 }