{ "Minimin": 22.935295, "Bellman": 22.935295, "Nancy": 22.935295, "Cserna": 26.759872, "Lookahead": 7 }