{ "Minimin": 26.030093, "Bellman": 26.030093, "Nancy": 26.030093, "Cserna": 24.639569, "CsernaPembertonBelief": 23.264499, "Lookahead": 7 }