{ "Minimin": 21.481401, "Bellman": 21.481401, "Nancy": 21.481401, "Cserna": 23.216481, "CsernaPembertonBelief": 23.216481, "Lookahead": 7 }