{ "Minimin": 25.074942, "Bellman": 25.074942, "Nancy": 25.074942, "Cserna": 29.374419, "Lookahead": 7 }