{ "Minimin": 25.969132, "Bellman": 25.969132, "Nancy": 25.969132, "Cserna": 26.012011, "Lookahead": 7 }