{ "Minimin": 24.619175, "Bellman": 24.619175, "Nancy": 24.619175, "Cserna": 24.355249, "CsernaPembertonBelief": 22.978240, "Lookahead": 7 }