{ "Minimin": 25.999272, "Bellman": 25.999272, "Nancy": 25.999272, "Cserna": 21.848944, "CsernaPembertonBelief": 24.893267, "Lookahead": 7 }