{ "Minimin": 22.152422, "Bellman": 22.152422, "Nancy": 22.152422, "Cserna": 26.493820, "Lookahead": 7 }