{ "Minimin": 25.597823, "Bellman": 25.597823, "Nancy": 25.597823, "Cserna": 24.268328, "CsernaPembertonBelief": 24.123735, "Lookahead": 7 }