{ "Minimin": 21.785097, "Bellman": 21.785097, "Nancy": 21.785097, "Cserna": 26.092485, "CsernaPembertonBelief": 25.189364, "Lookahead": 7 }