{ "Minimin": 24.182364, "Bellman": 24.182364, "Nancy": 24.182364, "Cserna": 29.297384, "Lookahead": 7 }