{ "Minimin": 22.494884, "Bellman": 22.494884, "Nancy": 22.494884, "Cserna": 25.505533, "Lookahead": 7 }