{ "Minimin": 25.782434, "Bellman": 25.782434, "Nancy": 25.782434, "Cserna": 24.094248, "CsernaPembertonBelief": 25.282516, "Lookahead": 7 }