{ "Minimin": 26.349687, "Bellman": 26.349687, "Nancy": 26.349687, "Cserna": 25.292609, "CsernaPembertonBelief": 26.349687, "Lookahead": 7 }