{ "Minimin": 22.562409, "Bellman": 22.562409, "Nancy": 22.562409, "Cserna": 21.816139, "CsernaPembertonBelief": 23.410844, "Lookahead": 7 }