{ "Minimin": 25.679448, "Bellman": 25.679448, "Nancy": 25.679448, "Cserna": 26.807707, "Lookahead": 7 }