{ "Minimin": 22.755570, "Bellman": 22.755570, "Nancy": 22.755570, "Cserna": 23.918789, "CsernaPembertonBelief": 22.024925, "Lookahead": 7 }