{ "Minimin": 23.980405, "Bellman": 23.980405, "Nancy": 23.980405, "Cserna": 25.847324, "Lookahead": 7 }