{ "K-Best 1 Pemberton Belief": 4.068118, "K-Best 3 Pemberton Belief": 4.068118, "K-Best 5 Pemberton Belief": 4.068118, "K-Best 7 Pemberton Belief": 4.068118, "Cserna Pemberton Belief": 4.068118, "K-Best 1": 4.068118, "K-Best 3": 4.068118, "K-Best 5": 4.068118, "K-Best 7": 4.068118, "Cserna": 4.068118, "Bellman": 4.068118, "Minimin": 4.068118, "Nancy": 4.068118, "Lookahead": 14 }