{ "K-Best 1 Pemberton Belief": 4.089692, "K-Best 3 Pemberton Belief": 4.062649, "K-Best 5 Pemberton Belief": 4.062649, "K-Best 7 Pemberton Belief": 4.062649, "Cserna Pemberton Belief": 4.062649, "K-Best 1": 4.089692, "K-Best 3": 4.062649, "K-Best 5": 4.062649, "K-Best 7": 4.062649, "Cserna": 4.062649, "Bellman": 4.089692, "Minimin": 4.089692, "Nancy": 4.089692, "Lookahead": 14 }