{ "K-Best 1 Pemberton Belief": 3.483578, "K-Best 3 Pemberton Belief": 3.483578, "K-Best 5 Pemberton Belief": 3.483578, "K-Best 7 Pemberton Belief": 3.483578, "Cserna Pemberton Belief": 3.483578, "K-Best 1": 3.483578, "K-Best 3": 3.483578, "K-Best 5": 3.483578, "K-Best 7": 3.483578, "Cserna": 3.483578, "Bellman": 3.483578, "Minimin": 3.483578, "Nancy": 3.483578, "Lookahead": 14 }