{ "K-Best 1 Pemberton Belief": 3.222541, "K-Best 3 Pemberton Belief": 3.222541, "K-Best 5 Pemberton Belief": 3.222541, "K-Best 7 Pemberton Belief": 3.222541, "Cserna Pemberton Belief": 3.222541, "K-Best 1": 3.222541, "K-Best 3": 3.222541, "K-Best 5": 3.222541, "K-Best 7": 3.222541, "Cserna": 3.222541, "Bellman": 3.222541, "Minimin": 3.222541, "Nancy": 3.222541, "Lookahead": 14 }