{ "K-Best 1 Pemberton Belief": 3.514036, "K-Best 3 Pemberton Belief": 3.514036, "K-Best 5 Pemberton Belief": 3.514036, "K-Best 7 Pemberton Belief": 3.514036, "Cserna Pemberton Belief": 3.514036, "K-Best 1": 3.514036, "K-Best 3": 3.514036, "K-Best 5": 3.514036, "K-Best 7": 3.514036, "Cserna": 3.514036, "Bellman": 3.514036, "Minimin": 3.514036, "Nancy": 3.514036, "Lookahead": 14 }