{ "K-Best 1 Pemberton Belief": 3.937072, "K-Best 3 Pemberton Belief": 3.937072, "K-Best 5 Pemberton Belief": 3.937072, "K-Best 7 Pemberton Belief": 3.937072, "Cserna Pemberton Belief": 3.937072, "K-Best 1": 3.937072, "K-Best 3": 3.937072, "K-Best 5": 3.937072, "K-Best 7": 3.937072, "Cserna": 3.937072, "Bellman": 3.937072, "Minimin": 3.937072, "Nancy": 3.937072, "Lookahead": 14 }