{ "K-Best 1 Pemberton Belief": 3.644611, "K-Best 3 Pemberton Belief": 3.644611, "K-Best 5 Pemberton Belief": 3.644611, "K-Best 7 Pemberton Belief": 3.644611, "Cserna Pemberton Belief": 3.644611, "K-Best 1": 3.644611, "K-Best 3": 3.644611, "K-Best 5": 3.644611, "K-Best 7": 3.644611, "Cserna": 3.644611, "Bellman": 3.644611, "Minimin": 3.644611, "Nancy": 3.644611, "Lookahead": 14 }