{ "K-Best 1 Pemberton Belief": 4.403905, "K-Best 3 Pemberton Belief": 4.403905, "K-Best 5 Pemberton Belief": 4.403905, "K-Best 7 Pemberton Belief": 4.403905, "Cserna Pemberton Belief": 4.403905, "K-Best 1": 4.403905, "K-Best 3": 4.403905, "K-Best 5": 4.403905, "K-Best 7": 4.403905, "Cserna": 4.403905, "Bellman": 4.403905, "Minimin": 4.403905, "Nancy": 4.403905, "Lookahead": 14 }