{ "K-Best 1 Pemberton Belief": 3.020107, "K-Best 3 Pemberton Belief": 3.020107, "K-Best 5 Pemberton Belief": 3.020107, "K-Best 7 Pemberton Belief": 3.020107, "Cserna Pemberton Belief": 3.020107, "K-Best 1": 3.020107, "K-Best 3": 3.020107, "K-Best 5": 3.020107, "K-Best 7": 3.020107, "Cserna": 3.020107, "Bellman": 3.020107, "Minimin": 3.020107, "Nancy": 3.020107, "Lookahead": 14 }