{ "K-Best 1 Pemberton Belief": 4.098279, "K-Best 3 Pemberton Belief": 4.098279, "K-Best 5 Pemberton Belief": 4.098279, "K-Best 7 Pemberton Belief": 4.098279, "Cserna Pemberton Belief": 4.098279, "K-Best 1": 4.098279, "K-Best 3": 4.098279, "K-Best 5": 4.098279, "K-Best 7": 4.098279, "Cserna": 4.098279, "Bellman": 4.098279, "Minimin": 4.098279, "Nancy": 4.098279, "Lookahead": 14 }