{ "K-Best 1 Pemberton Belief": 3.770512, "K-Best 3 Pemberton Belief": 3.770512, "K-Best 5 Pemberton Belief": 3.770512, "K-Best 7 Pemberton Belief": 3.770512, "Cserna Pemberton Belief": 3.770512, "K-Best 1": 3.770512, "K-Best 3": 3.770512, "K-Best 5": 3.770512, "K-Best 7": 3.770512, "Cserna": 3.770512, "Bellman": 3.770512, "Minimin": 3.770512, "Nancy": 3.770512, "Lookahead": 14 }