{ "K-Best 1 Pemberton Belief": 3.797621, "K-Best 3 Pemberton Belief": 3.797621, "K-Best 5 Pemberton Belief": 3.797621, "K-Best 7 Pemberton Belief": 3.797621, "Cserna Pemberton Belief": 3.797621, "K-Best 1": 3.797621, "K-Best 3": 3.797621, "K-Best 5": 3.797621, "K-Best 7": 3.797621, "Cserna": 3.797621, "Bellman": 3.797621, "Minimin": 3.797621, "Nancy": 3.797621, "Lookahead": 14 }