{ "K-Best 1 Pemberton Belief": 3.819825, "K-Best 3 Pemberton Belief": 3.819825, "K-Best 5 Pemberton Belief": 3.819825, "K-Best 7 Pemberton Belief": 3.819825, "Cserna Pemberton Belief": 3.819825, "K-Best 1": 3.819825, "K-Best 3": 3.819825, "K-Best 5": 3.819825, "K-Best 7": 3.819825, "Cserna": 3.819825, "Bellman": 3.819825, "Minimin": 3.819825, "Nancy": 3.819825, "Lookahead": 14 }