{ "K-Best 1 Pemberton Belief": 3.832973, "K-Best 3 Pemberton Belief": 3.832973, "K-Best 5 Pemberton Belief": 3.832973, "K-Best 7 Pemberton Belief": 3.832973, "Cserna Pemberton Belief": 3.832973, "K-Best 1": 3.832973, "K-Best 3": 3.832973, "K-Best 5": 3.832973, "K-Best 7": 3.832973, "Cserna": 3.832973, "Bellman": 3.832973, "Minimin": 3.832973, "Nancy": 3.832973, "Lookahead": 14 }