{ "K-Best 1 Pemberton Belief": 3.443339, "K-Best 3 Pemberton Belief": 3.443339, "K-Best 5 Pemberton Belief": 3.443339, "K-Best 7 Pemberton Belief": 3.443339, "Cserna Pemberton Belief": 3.443339, "K-Best 1": 3.443339, "K-Best 3": 3.443339, "K-Best 5": 3.443339, "K-Best 7": 3.443339, "Cserna": 3.443339, "Bellman": 3.443339, "Minimin": 3.443339, "Nancy": 3.443339, "Lookahead": 14 }