{ "K-Best 1 Pemberton Belief": 3.890943, "K-Best 3 Pemberton Belief": 3.890943, "K-Best 5 Pemberton Belief": 3.890943, "K-Best 7 Pemberton Belief": 3.890943, "Cserna Pemberton Belief": 3.890943, "K-Best 1": 3.890943, "K-Best 3": 3.890943, "K-Best 5": 3.890943, "K-Best 7": 3.890943, "Cserna": 3.890943, "Bellman": 3.890943, "Minimin": 3.890943, "Nancy": 3.890943, "Lookahead": 14 }