{ "K-Best 1 Pemberton Belief": 3.453344, "K-Best 3 Pemberton Belief": 3.453344, "K-Best 5 Pemberton Belief": 3.453344, "K-Best 7 Pemberton Belief": 3.453344, "Cserna Pemberton Belief": 3.453344, "K-Best 1": 3.453344, "K-Best 3": 3.453344, "K-Best 5": 3.453344, "K-Best 7": 3.453344, "Cserna": 3.453344, "Bellman": 3.453344, "Minimin": 3.453344, "Nancy": 3.453344, "Lookahead": 14 }