{ "K-Best 1 Pemberton Belief": 2.799072, "K-Best 3 Pemberton Belief": 2.799072, "K-Best 5 Pemberton Belief": 2.799072, "K-Best 7 Pemberton Belief": 2.799072, "Cserna Pemberton Belief": 2.799072, "K-Best 1": 2.799072, "K-Best 3": 2.799072, "K-Best 5": 2.799072, "K-Best 7": 2.799072, "Cserna": 2.799072, "Bellman": 2.799072, "Minimin": 2.799072, "Nancy": 2.799072, "Lookahead": 14 }