{ "K-Best 1 Pemberton Belief": 3.062348, "K-Best 3 Pemberton Belief": 3.062348, "K-Best 5 Pemberton Belief": 3.062348, "K-Best 7 Pemberton Belief": 3.062348, "Cserna Pemberton Belief": 3.062348, "K-Best 1": 3.062348, "K-Best 3": 3.062348, "K-Best 5": 3.062348, "K-Best 7": 3.062348, "Cserna": 3.062348, "Bellman": 3.062348, "Minimin": 3.062348, "Nancy": 3.062348, "Lookahead": 14 }