{ "K-Best 1 Pemberton Belief": 3.248543, "K-Best 3 Pemberton Belief": 3.248543, "K-Best 5 Pemberton Belief": 3.248543, "K-Best 7 Pemberton Belief": 3.248543, "Cserna Pemberton Belief": 3.248543, "K-Best 1": 3.248543, "K-Best 3": 3.248543, "K-Best 5": 3.248543, "K-Best 7": 3.248543, "Cserna": 3.248543, "Bellman": 3.248543, "Minimin": 3.248543, "Nancy": 3.248543, "Lookahead": 14 }