{ "K-Best 1 Pemberton Belief": 3.092077, "K-Best 3 Pemberton Belief": 3.092077, "K-Best 5 Pemberton Belief": 3.092077, "K-Best 7 Pemberton Belief": 3.092077, "Cserna Pemberton Belief": 3.092077, "K-Best 1": 3.092077, "K-Best 3": 3.092077, "K-Best 5": 3.092077, "K-Best 7": 3.092077, "Cserna": 3.092077, "Bellman": 3.092077, "Minimin": 3.092077, "Nancy": 3.092077, "Lookahead": 14 }