{ "K-Best 1 Pemberton Belief": 3.447625, "K-Best 3 Pemberton Belief": 3.447625, "K-Best 5 Pemberton Belief": 3.447625, "K-Best 7 Pemberton Belief": 3.447625, "Cserna Pemberton Belief": 3.447625, "K-Best 1": 3.447625, "K-Best 3": 3.447625, "K-Best 5": 3.447625, "K-Best 7": 3.447625, "Cserna": 3.447625, "Bellman": 3.447625, "Minimin": 3.447625, "Nancy": 3.447625, "Lookahead": 14 }