{ "K-Best 1 Pemberton Belief": 3.224706, "K-Best 3 Pemberton Belief": 3.224706, "K-Best 5 Pemberton Belief": 3.224706, "K-Best 7 Pemberton Belief": 3.224706, "Cserna Pemberton Belief": 3.224706, "K-Best 1": 3.224706, "K-Best 3": 3.224706, "K-Best 5": 3.224706, "K-Best 7": 3.224706, "Cserna": 3.224706, "Bellman": 3.224706, "Minimin": 3.224706, "Nancy": 3.224706, "Lookahead": 14 }