{ "K-Best 1 Pemberton Belief": 2.615261, "K-Best 3 Pemberton Belief": 2.615261, "K-Best 5 Pemberton Belief": 2.615261, "K-Best 7 Pemberton Belief": 2.615261, "Cserna Pemberton Belief": 2.615261, "K-Best 1": 2.615261, "K-Best 3": 2.615261, "K-Best 5": 2.615261, "K-Best 7": 2.615261, "Cserna": 2.615261, "Bellman": 2.615261, "Minimin": 2.615261, "Nancy": 2.615261, "Lookahead": 14 }