{ "K-Best 1 Pemberton Belief": 4.280689, "K-Best 3 Pemberton Belief": 4.280689, "K-Best 5 Pemberton Belief": 4.280689, "K-Best 7 Pemberton Belief": 4.280689, "Cserna Pemberton Belief": 4.280689, "K-Best 1": 4.280689, "K-Best 3": 4.280689, "K-Best 5": 4.280689, "K-Best 7": 4.280689, "Cserna": 4.280689, "Bellman": 4.280689, "Minimin": 4.280689, "Nancy": 4.280689, "Lookahead": 14 }