{ "K-Best 1 Pemberton Belief": 4.358482, "K-Best 3 Pemberton Belief": 4.358482, "K-Best 5 Pemberton Belief": 4.358482, "K-Best 7 Pemberton Belief": 4.358482, "Cserna Pemberton Belief": 4.358482, "K-Best 1": 4.358482, "K-Best 3": 4.358482, "K-Best 5": 4.358482, "K-Best 7": 4.358482, "Cserna": 4.358482, "Bellman": 4.358482, "Minimin": 4.358482, "Nancy": 4.358482, "Lookahead": 14 }