{ "K-Best 1 Pemberton Belief": 3.392692, "K-Best 3 Pemberton Belief": 3.392692, "K-Best 5 Pemberton Belief": 3.392692, "K-Best 7 Pemberton Belief": 3.392692, "Cserna Pemberton Belief": 3.392692, "K-Best 1": 3.392692, "K-Best 3": 3.392692, "K-Best 5": 3.392692, "K-Best 7": 3.392692, "Cserna": 3.392692, "Bellman": 3.392692, "Minimin": 3.392692, "Nancy": 3.392692, "Lookahead": 14 }