{ "K-Best 1 Pemberton Belief": 3.856372, "K-Best 3 Pemberton Belief": 3.856372, "K-Best 5 Pemberton Belief": 3.856372, "K-Best 7 Pemberton Belief": 3.856372, "Cserna Pemberton Belief": 3.856372, "K-Best 1": 3.856372, "K-Best 3": 3.856372, "K-Best 5": 3.856372, "K-Best 7": 3.856372, "Cserna": 3.856372, "Bellman": 3.856372, "Minimin": 3.856372, "Nancy": 3.856372, "Lookahead": 14 }