{ "K-Best 1 Pemberton Belief": 4.065843, "K-Best 3 Pemberton Belief": 4.309203, "K-Best 5 Pemberton Belief": 4.309203, "K-Best 7 Pemberton Belief": 4.309203, "Cserna Pemberton Belief": 4.309203, "K-Best 1": 4.065843, "K-Best 3": 4.309203, "K-Best 5": 4.309203, "K-Best 7": 4.309203, "Cserna": 4.309203, "Bellman": 4.065843, "Minimin": 4.065843, "Nancy": 4.065843, "Lookahead": 14 }