{ "K-Best 1 Pemberton Belief": 3.218738, "K-Best 3 Pemberton Belief": 3.218738, "K-Best 5 Pemberton Belief": 3.218738, "K-Best 7 Pemberton Belief": 3.218738, "Cserna Pemberton Belief": 3.218738, "K-Best 1": 3.218738, "K-Best 3": 3.218738, "K-Best 5": 3.218738, "K-Best 7": 3.218738, "Cserna": 3.218738, "Bellman": 3.218738, "Minimin": 3.218738, "Nancy": 3.218738, "Lookahead": 14 }