{ "K-Best 1 Pemberton Belief": 3.704726, "K-Best 3 Pemberton Belief": 3.704726, "K-Best 5 Pemberton Belief": 3.704726, "K-Best 7 Pemberton Belief": 3.704726, "Cserna Pemberton Belief": 3.704726, "K-Best 1": 3.704726, "K-Best 3": 3.704726, "K-Best 5": 3.704726, "K-Best 7": 3.704726, "Cserna": 3.704726, "Bellman": 3.704726, "Minimin": 3.704726, "Nancy": 3.704726, "Lookahead": 14 }