{ "K-Best 1 Pemberton Belief": 3.181241, "K-Best 3 Pemberton Belief": 3.181241, "K-Best 5 Pemberton Belief": 3.181241, "K-Best 7 Pemberton Belief": 3.181241, "Cserna Pemberton Belief": 3.181241, "K-Best 1": 3.181241, "K-Best 3": 3.181241, "K-Best 5": 3.181241, "K-Best 7": 3.181241, "Cserna": 3.181241, "Bellman": 3.181241, "Minimin": 3.181241, "Nancy": 3.181241, "Lookahead": 14 }