{ "K-Best 1 Pemberton Belief": 4.465848, "K-Best 3 Pemberton Belief": 4.465848, "K-Best 5 Pemberton Belief": 4.175265, "K-Best 7 Pemberton Belief": 4.175265, "Cserna Pemberton Belief": 4.175265, "K-Best 1": 4.465848, "K-Best 3": 4.465848, "K-Best 5": 4.465848, "K-Best 7": 4.465848, "Cserna": 4.465848, "Bellman": 4.465848, "Minimin": 4.465848, "Nancy": 4.465848, "Lookahead": 14 }