{ "K-Best 1 Pemberton Belief": 4.529382, "K-Best 3 Pemberton Belief": 4.529382, "K-Best 5 Pemberton Belief": 4.529382, "K-Best 7 Pemberton Belief": 4.529382, "Cserna Pemberton Belief": 4.529382, "K-Best 1": 4.529382, "K-Best 3": 4.529382, "K-Best 5": 4.529382, "K-Best 7": 4.529382, "Cserna": 4.529382, "Bellman": 4.529382, "Minimin": 4.529382, "Nancy": 4.529382, "Lookahead": 14 }