{ "K-Best 1 Pemberton Belief": 3.041113, "K-Best 3 Pemberton Belief": 3.041113, "K-Best 5 Pemberton Belief": 3.041113, "K-Best 7 Pemberton Belief": 3.041113, "Cserna Pemberton Belief": 3.041113, "K-Best 1": 3.041113, "K-Best 3": 3.041113, "K-Best 5": 3.041113, "K-Best 7": 3.041113, "Cserna": 3.041113, "Bellman": 3.041113, "Minimin": 3.041113, "Nancy": 3.041113, "Lookahead": 14 }