{ "K-Best 1 Pemberton Belief": 3.081054, "K-Best 3 Pemberton Belief": 3.081054, "K-Best 5 Pemberton Belief": 3.081054, "K-Best 7 Pemberton Belief": 3.081054, "Cserna Pemberton Belief": 3.081054, "K-Best 1": 3.081054, "K-Best 3": 3.081054, "K-Best 5": 3.081054, "K-Best 7": 3.081054, "Cserna": 3.081054, "Bellman": 3.081054, "Minimin": 3.081054, "Nancy": 3.081054, "Lookahead": 14 }