{ "K-Best 1 Pemberton Belief": 3.300664, "K-Best 3 Pemberton Belief": 3.300664, "K-Best 5 Pemberton Belief": 3.300664, "K-Best 7 Pemberton Belief": 3.300664, "Cserna Pemberton Belief": 3.300664, "K-Best 1": 3.300664, "K-Best 3": 3.300664, "K-Best 5": 3.300664, "K-Best 7": 3.300664, "Cserna": 3.300664, "Bellman": 3.300664, "Minimin": 3.300664, "Nancy": 3.300664, "Lookahead": 14 }