{ "K-Best 1 Pemberton Belief": 4.213359, "K-Best 3 Pemberton Belief": 4.213359, "K-Best 5 Pemberton Belief": 4.213359, "K-Best 7 Pemberton Belief": 4.213359, "Cserna Pemberton Belief": 4.213359, "K-Best 1": 4.213359, "K-Best 3": 4.213359, "K-Best 5": 4.213359, "K-Best 7": 4.213359, "Cserna": 4.213359, "Bellman": 4.213359, "Minimin": 4.213359, "Nancy": 4.213359, "Lookahead": 14 }