{ "K-Best 1 Pemberton Belief": 4.062811, "K-Best 3 Pemberton Belief": 4.062811, "K-Best 5 Pemberton Belief": 4.062811, "K-Best 7 Pemberton Belief": 4.062811, "Cserna Pemberton Belief": 4.062811, "K-Best 1": 4.062811, "K-Best 3": 4.062811, "K-Best 5": 4.062811, "K-Best 7": 4.062811, "Cserna": 4.062811, "Bellman": 4.062811, "Minimin": 4.062811, "Nancy": 4.062811, "Lookahead": 14 }