{ "K-Best 1 Pemberton Belief": 3.353338, "K-Best 3 Pemberton Belief": 3.353338, "K-Best 5 Pemberton Belief": 3.353338, "K-Best 7 Pemberton Belief": 3.353338, "Cserna Pemberton Belief": 3.353338, "K-Best 1": 3.353338, "K-Best 3": 3.353338, "K-Best 5": 3.353338, "K-Best 7": 3.353338, "Cserna": 3.353338, "Bellman": 3.353338, "Minimin": 3.353338, "Nancy": 3.353338, "Lookahead": 14 }