{ "K-Best 1 Pemberton Belief": 3.209879, "K-Best 3 Pemberton Belief": 3.209879, "K-Best 5 Pemberton Belief": 3.209879, "K-Best 7 Pemberton Belief": 3.209879, "Cserna Pemberton Belief": 3.209879, "K-Best 1": 3.209879, "K-Best 3": 3.209879, "K-Best 5": 3.209879, "K-Best 7": 3.209879, "Cserna": 3.209879, "Bellman": 3.209879, "Minimin": 3.209879, "Nancy": 3.209879, "Lookahead": 14 }