{ "K-Best 1 Pemberton Belief": 3.269979, "K-Best 3 Pemberton Belief": 3.269979, "K-Best 5 Pemberton Belief": 3.269979, "K-Best 7 Pemberton Belief": 3.269979, "Cserna Pemberton Belief": 3.269979, "K-Best 1": 3.269979, "K-Best 3": 3.269979, "K-Best 5": 3.269979, "K-Best 7": 3.269979, "Cserna": 3.269979, "Bellman": 3.269979, "Minimin": 3.269979, "Nancy": 3.269979, "Lookahead": 14 }