{ "K-Best 1 Pemberton Belief": 3.066225, "K-Best 3 Pemberton Belief": 3.066225, "K-Best 5 Pemberton Belief": 3.066225, "K-Best 7 Pemberton Belief": 3.066225, "Cserna Pemberton Belief": 3.066225, "K-Best 1": 3.066225, "K-Best 3": 3.066225, "K-Best 5": 3.066225, "K-Best 7": 3.066225, "Cserna": 3.066225, "Bellman": 3.066225, "Minimin": 3.066225, "Nancy": 3.066225, "Lookahead": 14 }