{ "K-Best 1 Pemberton Belief": 4.077362, "K-Best 3 Pemberton Belief": 4.077362, "K-Best 5 Pemberton Belief": 4.077362, "K-Best 7 Pemberton Belief": 4.077362, "Cserna Pemberton Belief": 4.077362, "K-Best 1": 4.077362, "K-Best 3": 4.077362, "K-Best 5": 4.077362, "K-Best 7": 4.077362, "Cserna": 4.077362, "Bellman": 4.077362, "Minimin": 4.077362, "Nancy": 4.077362, "Lookahead": 14 }