{ "K-Best 1 Pemberton Belief": 3.599490, "K-Best 3 Pemberton Belief": 3.361210, "K-Best 5 Pemberton Belief": 3.361210, "K-Best 7 Pemberton Belief": 3.361210, "Cserna Pemberton Belief": 3.361210, "K-Best 1": 3.599490, "K-Best 3": 3.599490, "K-Best 5": 3.599490, "K-Best 7": 3.599490, "Cserna": 3.599490, "Bellman": 3.599490, "Minimin": 3.599490, "Nancy": 3.599490, "Lookahead": 14 }