{ "K-Best 1 Pemberton Belief": 2.860833, "K-Best 3 Pemberton Belief": 2.860833, "K-Best 5 Pemberton Belief": 2.860833, "K-Best 7 Pemberton Belief": 2.860833, "Cserna Pemberton Belief": 2.860833, "K-Best 1": 2.860833, "K-Best 3": 2.860833, "K-Best 5": 2.860833, "K-Best 7": 2.860833, "Cserna": 2.860833, "Bellman": 2.860833, "Minimin": 2.860833, "Nancy": 2.860833, "Lookahead": 14 }