{ "K-Best 1 Pemberton Belief": 3.316851, "K-Best 3 Pemberton Belief": 3.316851, "K-Best 5 Pemberton Belief": 3.316851, "K-Best 7 Pemberton Belief": 3.316851, "Cserna Pemberton Belief": 3.316851, "K-Best 1": 3.316851, "K-Best 3": 3.316851, "K-Best 5": 3.316851, "K-Best 7": 3.316851, "Cserna": 3.316851, "Bellman": 3.316851, "Minimin": 3.316851, "Nancy": 3.316851, "Lookahead": 14 }