{ "K-Best 1 Pemberton Belief": 4.160372, "K-Best 3 Pemberton Belief": 4.160372, "K-Best 5 Pemberton Belief": 4.160372, "K-Best 7 Pemberton Belief": 4.160372, "Cserna Pemberton Belief": 4.160372, "K-Best 1": 4.160372, "K-Best 3": 4.160372, "K-Best 5": 4.160372, "K-Best 7": 4.160372, "Cserna": 4.160372, "Bellman": 4.160372, "Minimin": 4.160372, "Nancy": 4.160372, "Lookahead": 14 }