{ "K-Best 1 Pemberton Belief": 3.766273, "K-Best 3 Pemberton Belief": 3.766273, "K-Best 5 Pemberton Belief": 3.766273, "K-Best 7 Pemberton Belief": 3.766273, "Cserna Pemberton Belief": 3.766273, "K-Best 1": 3.766273, "K-Best 3": 3.766273, "K-Best 5": 3.766273, "K-Best 7": 3.766273, "Cserna": 3.766273, "Bellman": 3.766273, "Minimin": 3.766273, "Nancy": 3.766273, "Lookahead": 14 }