{ "K-Best 1 Pemberton Belief": 3.675127, "K-Best 3 Pemberton Belief": 3.675127, "K-Best 5 Pemberton Belief": 3.675127, "K-Best 7 Pemberton Belief": 3.675127, "Cserna Pemberton Belief": 3.675127, "K-Best 1": 3.675127, "K-Best 3": 3.675127, "K-Best 5": 3.675127, "K-Best 7": 3.675127, "Cserna": 3.675127, "Bellman": 3.675127, "Minimin": 3.675127, "Nancy": 3.675127, "Lookahead": 14 }