{ "K-Best 1 Pemberton Belief": 3.691135, "K-Best 3 Pemberton Belief": 3.691135, "K-Best 5 Pemberton Belief": 3.691135, "K-Best 7 Pemberton Belief": 3.691135, "Cserna Pemberton Belief": 3.691135, "K-Best 1": 3.691135, "K-Best 3": 3.691135, "K-Best 5": 3.691135, "K-Best 7": 3.691135, "Cserna": 3.691135, "Bellman": 3.691135, "Minimin": 3.691135, "Nancy": 3.691135, "Lookahead": 14 }