{ "K-Best 1 Pemberton Belief": 4.037797, "K-Best 3 Pemberton Belief": 4.037797, "K-Best 5 Pemberton Belief": 4.037797, "K-Best 7 Pemberton Belief": 4.037797, "Cserna Pemberton Belief": 4.037797, "K-Best 1": 4.037797, "K-Best 3": 4.037797, "K-Best 5": 4.037797, "K-Best 7": 4.037797, "Cserna": 4.037797, "Bellman": 4.037797, "Minimin": 4.037797, "Nancy": 4.037797, "Lookahead": 14 }