{ "K-Best 1 Pemberton Belief": 2.846294, "K-Best 3 Pemberton Belief": 2.846294, "K-Best 5 Pemberton Belief": 2.846294, "K-Best 7 Pemberton Belief": 2.846294, "Cserna Pemberton Belief": 2.846294, "K-Best 1": 2.846294, "K-Best 3": 2.846294, "K-Best 5": 2.846294, "K-Best 7": 2.846294, "Cserna": 2.846294, "Bellman": 2.846294, "Minimin": 2.846294, "Nancy": 2.846294, "Lookahead": 14 }