{ "K-Best 1 Pemberton Belief": 3.569408, "K-Best 3 Pemberton Belief": 3.569408, "K-Best 5 Pemberton Belief": 3.569408, "K-Best 7 Pemberton Belief": 3.569408, "Cserna Pemberton Belief": 3.569408, "K-Best 1": 3.569408, "K-Best 3": 3.569408, "K-Best 5": 3.569408, "K-Best 7": 3.569408, "Cserna": 3.569408, "Bellman": 3.569408, "Minimin": 3.569408, "Nancy": 3.569408, "Lookahead": 14 }