{ "K-Best 1 Pemberton Belief": 3.672258, "K-Best 3 Pemberton Belief": 3.672258, "K-Best 5 Pemberton Belief": 3.672258, "K-Best 7 Pemberton Belief": 3.672258, "Cserna Pemberton Belief": 3.672258, "K-Best 1": 3.672258, "K-Best 3": 3.672258, "K-Best 5": 3.672258, "K-Best 7": 3.672258, "Cserna": 3.672258, "Bellman": 3.672258, "Minimin": 3.672258, "Nancy": 3.672258, "Lookahead": 14 }