{ "K-Best 1 Pemberton Belief": 3.414415, "K-Best 3 Pemberton Belief": 3.414415, "K-Best 5 Pemberton Belief": 3.414415, "K-Best 7 Pemberton Belief": 3.414415, "Cserna Pemberton Belief": 3.414415, "K-Best 1": 3.414415, "K-Best 3": 3.414415, "K-Best 5": 3.414415, "K-Best 7": 3.414415, "Cserna": 3.414415, "Bellman": 3.414415, "Minimin": 3.414415, "Nancy": 3.414415, "Lookahead": 14 }