{ "K-Best 1 Pemberton Belief": 3.545410, "K-Best 3 Pemberton Belief": 3.687160, "K-Best 5 Pemberton Belief": 3.687160, "K-Best 7 Pemberton Belief": 3.687160, "Cserna Pemberton Belief": 3.687160, "K-Best 1": 3.545410, "K-Best 3": 3.545410, "K-Best 5": 3.687160, "K-Best 7": 3.687160, "Cserna": 3.687160, "Bellman": 3.545410, "Minimin": 3.545410, "Nancy": 3.545410, "Lookahead": 14 }