{ "K-Best 1 Pemberton Belief": 3.844046, "K-Best 3 Pemberton Belief": 3.844046, "K-Best 5 Pemberton Belief": 3.844046, "K-Best 7 Pemberton Belief": 3.844046, "Cserna Pemberton Belief": 3.844046, "K-Best 1": 3.844046, "K-Best 3": 3.844046, "K-Best 5": 3.844046, "K-Best 7": 3.844046, "Cserna": 3.844046, "Bellman": 3.844046, "Minimin": 3.844046, "Nancy": 3.844046, "Lookahead": 14 }