{ "K-Best 1 Pemberton Belief": 3.298255, "K-Best 3 Pemberton Belief": 3.298255, "K-Best 5 Pemberton Belief": 3.298255, "K-Best 7 Pemberton Belief": 3.298255, "Cserna Pemberton Belief": 3.298255, "K-Best 1": 3.298255, "K-Best 3": 3.298255, "K-Best 5": 3.298255, "K-Best 7": 3.298255, "Cserna": 3.298255, "Bellman": 3.298255, "Minimin": 3.298255, "Nancy": 3.298255, "Lookahead": 14 }