{ "K-Best 1 Pemberton Belief": 4.048454, "K-Best 3 Pemberton Belief": 4.048454, "K-Best 5 Pemberton Belief": 4.048454, "K-Best 7 Pemberton Belief": 4.048454, "Cserna Pemberton Belief": 4.048454, "K-Best 1": 4.048454, "K-Best 3": 4.048454, "K-Best 5": 4.048454, "K-Best 7": 4.048454, "Cserna": 4.048454, "Bellman": 4.048454, "Minimin": 4.048454, "Nancy": 4.048454, "Lookahead": 14 }