{ "K-Best 1 Pemberton Belief": 3.880470, "K-Best 3 Pemberton Belief": 3.880470, "K-Best 5 Pemberton Belief": 3.880470, "K-Best 7 Pemberton Belief": 3.880470, "Cserna Pemberton Belief": 3.880470, "K-Best 1": 3.880470, "K-Best 3": 3.880470, "K-Best 5": 3.880470, "K-Best 7": 3.880470, "Cserna": 3.880470, "Bellman": 3.880470, "Minimin": 3.880470, "Nancy": 3.880470, "Lookahead": 14 }