{ "K-Best 1 Pemberton Belief": 2.997390, "K-Best 3 Pemberton Belief": 2.997390, "K-Best 5 Pemberton Belief": 2.997390, "K-Best 7 Pemberton Belief": 2.997390, "Cserna Pemberton Belief": 2.997390, "K-Best 1": 2.997390, "K-Best 3": 2.997390, "K-Best 5": 2.997390, "K-Best 7": 2.997390, "Cserna": 2.997390, "Bellman": 2.997390, "Minimin": 2.997390, "Nancy": 2.997390, "Lookahead": 14 }