{ "K-Best 1 Pemberton Belief": 4.151379, "K-Best 3 Pemberton Belief": 4.151379, "K-Best 5 Pemberton Belief": 4.151379, "K-Best 7 Pemberton Belief": 4.151379, "Cserna Pemberton Belief": 4.151379, "K-Best 1": 4.151379, "K-Best 3": 4.151379, "K-Best 5": 4.151379, "K-Best 7": 4.151379, "Cserna": 4.151379, "Bellman": 4.151379, "Minimin": 4.151379, "Nancy": 4.151379, "Lookahead": 14 }