{ "K-Best 1 Pemberton Belief": 3.523613, "K-Best 3 Pemberton Belief": 3.523613, "K-Best 5 Pemberton Belief": 3.523613, "K-Best 7 Pemberton Belief": 3.523613, "Cserna Pemberton Belief": 3.523613, "K-Best 1": 3.523613, "K-Best 3": 3.523613, "K-Best 5": 3.523613, "K-Best 7": 3.523613, "Cserna": 3.523613, "Bellman": 3.523613, "Minimin": 3.523613, "Nancy": 3.523613, "Lookahead": 14 }