{ "K-Best 1 Pemberton Belief": 4.313732, "K-Best 3 Pemberton Belief": 4.313732, "K-Best 5 Pemberton Belief": 4.313732, "K-Best 7 Pemberton Belief": 4.313732, "Cserna Pemberton Belief": 4.313732, "K-Best 1": 4.313732, "K-Best 3": 4.313732, "K-Best 5": 4.313732, "K-Best 7": 4.313732, "Cserna": 4.313732, "Bellman": 4.313732, "Minimin": 4.313732, "Nancy": 4.313732, "Lookahead": 14 }