{ "K-Best 1 Pemberton Belief": 3.582062, "K-Best 3 Pemberton Belief": 3.582062, "K-Best 5 Pemberton Belief": 3.582062, "K-Best 7 Pemberton Belief": 3.582062, "Cserna Pemberton Belief": 3.582062, "K-Best 1": 3.582062, "K-Best 3": 3.582062, "K-Best 5": 3.582062, "K-Best 7": 3.582062, "Cserna": 3.582062, "Bellman": 3.582062, "Minimin": 3.582062, "Nancy": 3.582062, "Lookahead": 14 }