{ "K-Best 1 Pemberton Belief": 4.091898, "K-Best 3 Pemberton Belief": 4.091898, "K-Best 5 Pemberton Belief": 4.091898, "K-Best 7 Pemberton Belief": 4.091898, "Cserna Pemberton Belief": 4.091898, "K-Best 1": 4.091898, "K-Best 3": 4.091898, "K-Best 5": 4.091898, "K-Best 7": 4.091898, "Cserna": 4.091898, "Bellman": 4.091898, "Minimin": 4.091898, "Nancy": 4.091898, "Lookahead": 14 }