{ "K-Best 1 Pemberton Belief": 3.097834, "K-Best 3 Pemberton Belief": 3.097834, "K-Best 5 Pemberton Belief": 3.097834, "K-Best 7 Pemberton Belief": 3.097834, "Cserna Pemberton Belief": 3.097834, "K-Best 1": 3.097834, "K-Best 3": 3.097834, "K-Best 5": 3.097834, "K-Best 7": 3.097834, "Cserna": 3.097834, "Bellman": 3.097834, "Minimin": 3.097834, "Nancy": 3.097834, "Lookahead": 14 }