{ "K-Best 1 Pemberton Belief": 4.043168, "K-Best 3 Pemberton Belief": 4.025663, "K-Best 5 Pemberton Belief": 4.025663, "K-Best 7 Pemberton Belief": 4.025663, "Cserna Pemberton Belief": 4.025663, "K-Best 1": 4.043168, "K-Best 3": 4.025663, "K-Best 5": 4.025663, "K-Best 7": 4.025663, "Cserna": 4.025663, "Bellman": 4.043168, "Minimin": 4.043168, "Nancy": 4.043168, "Lookahead": 14 }