{ "K-Best 1 Pemberton Belief": 3.813396, "K-Best 3 Pemberton Belief": 3.813396, "K-Best 5 Pemberton Belief": 3.813396, "K-Best 7 Pemberton Belief": 3.813396, "Cserna Pemberton Belief": 3.813396, "K-Best 1": 3.813396, "K-Best 3": 3.813396, "K-Best 5": 3.813396, "K-Best 7": 3.813396, "Cserna": 3.813396, "Bellman": 3.813396, "Minimin": 3.813396, "Nancy": 3.813396, "Lookahead": 14 }