{ "K-Best 1 Pemberton Belief": 3.492406, "K-Best 3 Pemberton Belief": 3.492406, "K-Best 5 Pemberton Belief": 3.709482, "K-Best 7 Pemberton Belief": 3.709482, "Cserna Pemberton Belief": 3.709482, "K-Best 1": 3.492406, "K-Best 3": 3.492406, "K-Best 5": 3.492406, "K-Best 7": 3.709482, "Cserna": 3.709482, "Bellman": 3.492406, "Minimin": 3.492406, "Nancy": 3.492406, "Lookahead": 14 }