{ "K-Best 1 Pemberton Belief": 3.880151, "K-Best 3 Pemberton Belief": 3.880151, "K-Best 5 Pemberton Belief": 3.880151, "K-Best 7 Pemberton Belief": 3.880151, "Cserna Pemberton Belief": 3.880151, "K-Best 1": 3.880151, "K-Best 3": 3.880151, "K-Best 5": 3.880151, "K-Best 7": 3.880151, "Cserna": 3.880151, "Bellman": 3.880151, "Minimin": 3.880151, "Nancy": 3.880151, "Lookahead": 14 }