{ "K-Best 1 Pemberton Belief": 4.131940, "K-Best 3 Pemberton Belief": 4.088984, "K-Best 5 Pemberton Belief": 4.088984, "K-Best 7 Pemberton Belief": 4.088984, "Cserna Pemberton Belief": 4.131940, "K-Best 1": 4.131940, "K-Best 3": 4.088984, "K-Best 5": 4.088984, "K-Best 7": 4.088984, "Cserna": 4.088984, "Bellman": 4.131940, "Minimin": 4.131940, "Nancy": 4.131940, "Lookahead": 14 }