{ "K-Best 1 Pemberton Belief": 4.020824, "K-Best 3 Pemberton Belief": 4.020824, "K-Best 5 Pemberton Belief": 4.020824, "K-Best 7 Pemberton Belief": 4.020824, "Cserna Pemberton Belief": 4.020824, "K-Best 1": 4.020824, "K-Best 3": 4.020824, "K-Best 5": 4.020824, "K-Best 7": 4.020824, "Cserna": 4.020824, "Bellman": 4.020824, "Minimin": 4.020824, "Nancy": 4.020824, "Lookahead": 14 }