{ "K-Best 1 Pemberton Belief": 3.210120, "K-Best 3 Pemberton Belief": 3.210120, "K-Best 5 Pemberton Belief": 3.210120, "K-Best 7 Pemberton Belief": 3.210120, "Cserna Pemberton Belief": 3.210120, "K-Best 1": 3.210120, "K-Best 3": 3.210120, "K-Best 5": 3.210120, "K-Best 7": 3.210120, "Cserna": 3.210120, "Bellman": 3.210120, "Minimin": 3.210120, "Nancy": 3.210120, "Lookahead": 14 }