{ "K-Best 1 Pemberton Belief": 3.955272, "K-Best 3 Pemberton Belief": 3.955272, "K-Best 5 Pemberton Belief": 3.955272, "K-Best 7 Pemberton Belief": 3.955272, "Cserna Pemberton Belief": 3.955272, "K-Best 1": 3.955272, "K-Best 3": 3.955272, "K-Best 5": 3.955272, "K-Best 7": 3.955272, "Cserna": 3.955272, "Bellman": 3.955272, "Minimin": 3.955272, "Nancy": 3.955272, "Lookahead": 14 }