{ "K-Best 1 Pemberton Belief": 3.827460, "K-Best 3 Pemberton Belief": 3.827460, "K-Best 5 Pemberton Belief": 3.827460, "K-Best 7 Pemberton Belief": 3.827460, "Cserna Pemberton Belief": 3.827460, "K-Best 1": 3.827460, "K-Best 3": 3.827460, "K-Best 5": 3.827460, "K-Best 7": 3.827460, "Cserna": 3.827460, "Bellman": 3.827460, "Minimin": 3.827460, "Nancy": 3.827460, "Lookahead": 14 }