{ "K-Best 1 Pemberton Belief": 4.104292, "K-Best 3 Pemberton Belief": 4.104292, "K-Best 5 Pemberton Belief": 4.104292, "K-Best 7 Pemberton Belief": 4.104292, "Cserna Pemberton Belief": 4.104292, "K-Best 1": 4.104292, "K-Best 3": 4.104292, "K-Best 5": 4.104292, "K-Best 7": 4.104292, "Cserna": 4.104292, "Bellman": 4.104292, "Minimin": 4.104292, "Nancy": 4.104292, "Lookahead": 14 }