{ "K-Best 1 Pemberton Belief": 3.569070, "K-Best 3 Pemberton Belief": 3.410002, "K-Best 5 Pemberton Belief": 3.410002, "K-Best 7 Pemberton Belief": 3.410002, "Cserna Pemberton Belief": 3.410002, "K-Best 1": 3.569070, "K-Best 3": 3.410002, "K-Best 5": 3.410002, "K-Best 7": 3.410002, "Cserna": 3.410002, "Bellman": 3.569070, "Minimin": 3.569070, "Nancy": 3.569070, "Lookahead": 14 }