{ "K-Best 1 Pemberton Belief": 4.225269, "K-Best 3 Pemberton Belief": 4.225269, "K-Best 5 Pemberton Belief": 4.225269, "K-Best 7 Pemberton Belief": 4.225269, "Cserna Pemberton Belief": 4.225269, "K-Best 1": 4.225269, "K-Best 3": 4.225269, "K-Best 5": 4.225269, "K-Best 7": 4.225269, "Cserna": 4.225269, "Bellman": 4.225269, "Minimin": 4.225269, "Nancy": 4.225269, "Lookahead": 14 }