{ "K-Best 1 Pemberton Belief": 3.561369, "K-Best 3 Pemberton Belief": 3.561369, "K-Best 5 Pemberton Belief": 3.561369, "K-Best 7 Pemberton Belief": 3.561369, "Cserna Pemberton Belief": 3.561369, "K-Best 1": 3.561369, "K-Best 3": 3.561369, "K-Best 5": 3.561369, "K-Best 7": 3.561369, "Cserna": 3.561369, "Bellman": 3.561369, "Minimin": 3.561369, "Nancy": 3.561369, "Lookahead": 14 }