{ "K-Best 1 Pemberton Belief": 3.496643, "K-Best 3 Pemberton Belief": 3.496643, "K-Best 5 Pemberton Belief": 3.496643, "K-Best 7 Pemberton Belief": 3.496643, "Cserna Pemberton Belief": 3.496643, "K-Best 1": 3.496643, "K-Best 3": 3.496643, "K-Best 5": 3.496643, "K-Best 7": 3.496643, "Cserna": 3.496643, "Bellman": 3.496643, "Minimin": 3.496643, "Nancy": 3.496643, "Lookahead": 14 }