{ "K-Best 1 Pemberton Belief": 3.518884, "K-Best 3 Pemberton Belief": 3.518884, "K-Best 5 Pemberton Belief": 3.518884, "K-Best 7 Pemberton Belief": 3.518884, "Cserna Pemberton Belief": 3.518884, "K-Best 1": 3.518884, "K-Best 3": 3.518884, "K-Best 5": 3.518884, "K-Best 7": 3.518884, "Cserna": 3.518884, "Bellman": 3.518884, "Minimin": 3.518884, "Nancy": 3.518884, "Lookahead": 14 }