{ "K-Best 1 Pemberton Belief": 3.424155, "K-Best 3 Pemberton Belief": 3.424155, "K-Best 5 Pemberton Belief": 3.424155, "K-Best 7 Pemberton Belief": 3.424155, "Cserna Pemberton Belief": 3.424155, "K-Best 1": 3.424155, "K-Best 3": 3.424155, "K-Best 5": 3.424155, "K-Best 7": 3.424155, "Cserna": 3.424155, "Bellman": 3.424155, "Minimin": 3.424155, "Nancy": 3.424155, "Lookahead": 14 }