{ "K-Best 1 Pemberton Belief": 3.661366, "K-Best 3 Pemberton Belief": 3.661366, "K-Best 5 Pemberton Belief": 3.661366, "K-Best 7 Pemberton Belief": 3.661366, "Cserna Pemberton Belief": 3.661366, "K-Best 1": 3.661366, "K-Best 3": 3.661366, "K-Best 5": 3.661366, "K-Best 7": 3.661366, "Cserna": 3.661366, "Bellman": 3.661366, "Minimin": 3.661366, "Nancy": 3.661366, "Lookahead": 14 }