{ "K-Best 1 Pemberton Belief": 3.350405, "K-Best 3 Pemberton Belief": 3.350405, "K-Best 5 Pemberton Belief": 3.350405, "K-Best 7 Pemberton Belief": 3.350405, "Cserna Pemberton Belief": 3.350405, "K-Best 1": 3.350405, "K-Best 3": 3.350405, "K-Best 5": 3.350405, "K-Best 7": 3.350405, "Cserna": 3.350405, "Bellman": 3.350405, "Minimin": 3.350405, "Nancy": 3.350405, "Lookahead": 14 }