{ "K-Best 1 Pemberton Belief": 3.947763, "K-Best 3 Pemberton Belief": 3.902882, "K-Best 5 Pemberton Belief": 3.902882, "K-Best 7 Pemberton Belief": 3.902882, "Cserna Pemberton Belief": 3.902882, "K-Best 1": 3.947763, "K-Best 3": 3.902882, "K-Best 5": 3.902882, "K-Best 7": 3.902882, "Cserna": 3.902882, "Bellman": 3.947763, "Minimin": 3.947763, "Nancy": 3.947763, "Lookahead": 14 }