{ "K-Best 1 Pemberton Belief": 3.706698, "K-Best 3 Pemberton Belief": 3.708420, "K-Best 5 Pemberton Belief": 3.708420, "K-Best 7 Pemberton Belief": 3.708420, "Cserna Pemberton Belief": 3.708420, "K-Best 1": 3.706698, "K-Best 3": 3.708420, "K-Best 5": 3.708420, "K-Best 7": 3.708420, "Cserna": 3.708420, "Bellman": 3.706698, "Minimin": 3.706698, "Nancy": 3.706698, "Lookahead": 14 }