{ "K-Best 1 Pemberton Belief": 3.238814, "K-Best 3 Pemberton Belief": 3.238814, "K-Best 5 Pemberton Belief": 3.238814, "K-Best 7 Pemberton Belief": 3.238814, "Cserna Pemberton Belief": 3.238814, "K-Best 1": 3.238814, "K-Best 3": 3.238814, "K-Best 5": 3.238814, "K-Best 7": 3.238814, "Cserna": 3.238814, "Bellman": 3.238814, "Minimin": 3.238814, "Nancy": 3.238814, "Lookahead": 14 }