{ "K-Best 1 Pemberton Belief": 3.820172, "K-Best 3 Pemberton Belief": 3.820172, "K-Best 5 Pemberton Belief": 3.820172, "K-Best 7 Pemberton Belief": 3.820172, "Cserna Pemberton Belief": 3.820172, "K-Best 1": 3.820172, "K-Best 3": 3.820172, "K-Best 5": 3.820172, "K-Best 7": 3.820172, "Cserna": 3.820172, "Bellman": 3.820172, "Minimin": 3.820172, "Nancy": 3.820172, "Lookahead": 14 }