{ "K-Best 1 Pemberton Belief": 3.328658, "K-Best 3 Pemberton Belief": 3.328658, "K-Best 5 Pemberton Belief": 3.328658, "K-Best 7 Pemberton Belief": 3.328658, "Cserna Pemberton Belief": 3.328658, "K-Best 1": 3.328658, "K-Best 3": 3.328658, "K-Best 5": 3.328658, "K-Best 7": 3.328658, "Cserna": 3.328658, "Bellman": 3.328658, "Minimin": 3.328658, "Nancy": 3.328658, "Lookahead": 14 }