{ "K-Best 1 Pemberton Belief": 3.706418, "K-Best 3 Pemberton Belief": 3.706418, "K-Best 5 Pemberton Belief": 3.706418, "K-Best 7 Pemberton Belief": 3.706418, "Cserna Pemberton Belief": 3.706418, "K-Best 1": 3.706418, "K-Best 3": 3.706418, "K-Best 5": 3.706418, "K-Best 7": 3.706418, "Cserna": 3.706418, "Bellman": 3.706418, "Minimin": 3.706418, "Nancy": 3.706418, "Lookahead": 14 }