{ "K-Best 1 Pemberton Belief": 3.870398, "K-Best 3 Pemberton Belief": 3.870398, "K-Best 5 Pemberton Belief": 4.113571, "K-Best 7 Pemberton Belief": 4.113571, "Cserna Pemberton Belief": 4.113571, "K-Best 1": 3.870398, "K-Best 3": 3.870398, "K-Best 5": 4.113571, "K-Best 7": 4.113571, "Cserna": 4.113571, "Bellman": 3.870398, "Minimin": 3.870398, "Nancy": 3.870398, "Lookahead": 14 }