{ "K-Best 1 Pemberton Belief": 3.496555, "K-Best 3 Pemberton Belief": 3.593896, "K-Best 5 Pemberton Belief": 3.593896, "K-Best 7 Pemberton Belief": 3.593896, "Cserna Pemberton Belief": 3.593896, "K-Best 1": 3.496555, "K-Best 3": 3.593896, "K-Best 5": 3.593896, "K-Best 7": 3.593896, "Cserna": 3.593896, "Bellman": 3.496555, "Minimin": 3.496555, "Nancy": 3.496555, "Lookahead": 14 }