{ "K-Best 1 Pemberton Belief": 3.972890, "K-Best 3 Pemberton Belief": 3.972890, "K-Best 5 Pemberton Belief": 3.972890, "K-Best 7 Pemberton Belief": 3.972890, "Cserna Pemberton Belief": 3.972890, "K-Best 1": 3.972890, "K-Best 3": 3.972890, "K-Best 5": 3.972890, "K-Best 7": 3.972890, "Cserna": 3.972890, "Bellman": 3.972890, "Minimin": 3.972890, "Nancy": 3.972890, "Lookahead": 14 }