{ "K-Best 1 Pemberton Belief": 3.434970, "K-Best 3 Pemberton Belief": 3.434970, "K-Best 5 Pemberton Belief": 3.434970, "K-Best 7 Pemberton Belief": 3.434970, "Cserna Pemberton Belief": 3.434970, "K-Best 1": 3.434970, "K-Best 3": 3.434970, "K-Best 5": 3.434970, "K-Best 7": 3.434970, "Cserna": 3.434970, "Bellman": 3.434970, "Minimin": 3.434970, "Nancy": 3.434970, "Lookahead": 14 }