{ "K-Best 1 Pemberton Belief": 3.246871, "K-Best 3 Pemberton Belief": 3.246871, "K-Best 5 Pemberton Belief": 3.246871, "K-Best 7 Pemberton Belief": 3.246871, "Cserna Pemberton Belief": 3.246871, "K-Best 1": 3.246871, "K-Best 3": 3.246871, "K-Best 5": 3.246871, "K-Best 7": 3.246871, "Cserna": 3.246871, "Bellman": 3.246871, "Minimin": 3.246871, "Nancy": 3.246871, "Lookahead": 14 }