{ "K-Best 1 Pemberton Belief": 3.255860, "K-Best 3 Pemberton Belief": 3.255860, "K-Best 5 Pemberton Belief": 3.255860, "K-Best 7 Pemberton Belief": 3.255860, "Cserna Pemberton Belief": 3.255860, "K-Best 1": 3.255860, "K-Best 3": 3.255860, "K-Best 5": 3.255860, "K-Best 7": 3.255860, "Cserna": 3.255860, "Bellman": 3.255860, "Minimin": 3.255860, "Nancy": 3.255860, "Lookahead": 14 }