{ "K-Best 1 Pemberton Belief": 3.612654, "K-Best 3 Pemberton Belief": 3.612654, "K-Best 5 Pemberton Belief": 3.612654, "K-Best 7 Pemberton Belief": 3.432776, "Cserna Pemberton Belief": 3.432776, "K-Best 1": 3.612654, "K-Best 3": 3.612654, "K-Best 5": 3.612654, "K-Best 7": 3.612654, "Cserna": 3.612654, "Bellman": 3.612654, "Minimin": 3.612654, "Nancy": 3.612654, "Lookahead": 14 }