{ "K-Best 1 Pemberton Belief": 4.190026, "K-Best 3 Pemberton Belief": 4.190026, "K-Best 5 Pemberton Belief": 4.190026, "K-Best 7 Pemberton Belief": 4.190026, "Cserna Pemberton Belief": 4.190026, "K-Best 1": 4.190026, "K-Best 3": 4.190026, "K-Best 5": 4.190026, "K-Best 7": 4.190026, "Cserna": 4.190026, "Bellman": 4.190026, "Minimin": 4.190026, "Nancy": 4.190026, "Lookahead": 14 }