{ "K-Best 1 Pemberton Belief": 3.545049, "K-Best 3 Pemberton Belief": 3.545049, "K-Best 5 Pemberton Belief": 3.545049, "K-Best 7 Pemberton Belief": 3.545049, "Cserna Pemberton Belief": 3.545049, "K-Best 1": 3.545049, "K-Best 3": 3.545049, "K-Best 5": 3.545049, "K-Best 7": 3.545049, "Cserna": 3.545049, "Bellman": 3.545049, "Minimin": 3.545049, "Nancy": 3.545049, "Lookahead": 14 }