{ "K-Best 1 Pemberton Belief": 3.745038, "K-Best 3 Pemberton Belief": 3.745038, "K-Best 5 Pemberton Belief": 3.745038, "K-Best 7 Pemberton Belief": 3.745038, "Cserna Pemberton Belief": 3.745038, "K-Best 1": 3.745038, "K-Best 3": 3.745038, "K-Best 5": 3.745038, "K-Best 7": 3.745038, "Cserna": 3.745038, "Bellman": 3.745038, "Minimin": 3.745038, "Nancy": 3.745038, "Lookahead": 14 }