{ "K-Best 1 Pemberton Belief": 3.425404, "K-Best 3 Pemberton Belief": 3.425404, "K-Best 5 Pemberton Belief": 3.425404, "K-Best 7 Pemberton Belief": 3.425404, "Cserna Pemberton Belief": 3.425404, "K-Best 1": 3.425404, "K-Best 3": 3.425404, "K-Best 5": 3.425404, "K-Best 7": 3.425404, "Cserna": 3.425404, "Bellman": 3.425404, "Minimin": 3.425404, "Nancy": 3.425404, "Lookahead": 14 }