{ "K-Best 1 Pemberton Belief": 3.934998, "K-Best 3 Pemberton Belief": 3.934998, "K-Best 5 Pemberton Belief": 3.934998, "K-Best 7 Pemberton Belief": 3.934998, "Cserna Pemberton Belief": 3.934998, "K-Best 1": 3.934998, "K-Best 3": 3.934998, "K-Best 5": 3.934998, "K-Best 7": 3.934998, "Cserna": 3.934998, "Bellman": 3.934998, "Minimin": 3.934998, "Nancy": 3.934998, "Lookahead": 14 }