{ "K-Best 1 Pemberton Belief": 3.170521, "K-Best 3 Pemberton Belief": 3.170521, "K-Best 5 Pemberton Belief": 3.170521, "K-Best 7 Pemberton Belief": 3.170521, "Cserna Pemberton Belief": 3.170521, "K-Best 1": 3.170521, "K-Best 3": 3.170521, "K-Best 5": 3.170521, "K-Best 7": 3.170521, "Cserna": 3.170521, "Bellman": 3.170521, "Minimin": 3.170521, "Nancy": 3.170521, "Lookahead": 14 }