{ "K-Best 1 Pemberton Belief": 2.589250, "K-Best 3 Pemberton Belief": 2.589250, "K-Best 5 Pemberton Belief": 2.589250, "K-Best 7 Pemberton Belief": 2.589250, "Cserna Pemberton Belief": 2.589250, "K-Best 1": 2.589250, "K-Best 3": 2.589250, "K-Best 5": 2.589250, "K-Best 7": 2.589250, "Cserna": 2.589250, "Bellman": 2.589250, "Minimin": 2.589250, "Nancy": 2.589250, "Lookahead": 14 }