{ "K-Best 1 Pemberton Belief": 2.845091, "K-Best 3 Pemberton Belief": 2.845091, "K-Best 5 Pemberton Belief": 2.845091, "K-Best 7 Pemberton Belief": 2.845091, "Cserna Pemberton Belief": 2.845091, "K-Best 1": 2.845091, "K-Best 3": 2.845091, "K-Best 5": 2.845091, "K-Best 7": 2.845091, "Cserna": 2.845091, "Bellman": 2.845091, "Minimin": 2.845091, "Nancy": 2.845091, "Lookahead": 14 }