{ "K-Best 1 Pemberton Belief": 3.315330, "K-Best 3 Pemberton Belief": 3.163613, "K-Best 5 Pemberton Belief": 3.163613, "K-Best 7 Pemberton Belief": 3.163613, "Cserna Pemberton Belief": 3.163613, "K-Best 1": 3.315330, "K-Best 3": 3.163613, "K-Best 5": 3.163613, "K-Best 7": 3.163613, "Cserna": 3.163613, "Bellman": 3.315330, "Minimin": 3.315330, "Nancy": 3.315330, "Lookahead": 14 }