{ "K-Best 1 Pemberton Belief": 4.394342, "K-Best 3 Pemberton Belief": 4.394342, "K-Best 5 Pemberton Belief": 4.394342, "K-Best 7 Pemberton Belief": 4.394342, "Cserna Pemberton Belief": 4.394342, "K-Best 1": 4.394342, "K-Best 3": 4.394342, "K-Best 5": 4.394342, "K-Best 7": 4.394342, "Cserna": 4.394342, "Bellman": 4.394342, "Minimin": 4.394342, "Nancy": 4.394342, "Lookahead": 14 }