{ "K-Best 1 Pemberton Belief": 3.908608, "K-Best 3 Pemberton Belief": 3.908608, "K-Best 5 Pemberton Belief": 3.908608, "K-Best 7 Pemberton Belief": 3.908608, "Cserna Pemberton Belief": 3.908608, "K-Best 1": 3.908608, "K-Best 3": 3.908608, "K-Best 5": 3.908608, "K-Best 7": 3.908608, "Cserna": 3.908608, "Bellman": 3.908608, "Minimin": 3.908608, "Nancy": 3.908608, "Lookahead": 14 }