{ "K-Best 1 Pemberton Belief": 3.720452, "K-Best 3 Pemberton Belief": 3.720452, "K-Best 5 Pemberton Belief": 3.720452, "K-Best 7 Pemberton Belief": 3.720452, "Cserna Pemberton Belief": 3.720452, "K-Best 1": 3.720452, "K-Best 3": 3.720452, "K-Best 5": 3.720452, "K-Best 7": 3.720452, "Cserna": 3.720452, "Bellman": 3.720452, "Minimin": 3.720452, "Nancy": 3.720452, "Lookahead": 14 }