{ "K-Best 1 Pemberton Belief": 3.715393, "K-Best 3 Pemberton Belief": 3.715393, "K-Best 5 Pemberton Belief": 3.715393, "K-Best 7 Pemberton Belief": 3.715393, "Cserna Pemberton Belief": 3.715393, "K-Best 1": 3.715393, "K-Best 3": 3.715393, "K-Best 5": 3.715393, "K-Best 7": 3.715393, "Cserna": 3.715393, "Bellman": 3.715393, "Minimin": 3.715393, "Nancy": 3.715393, "Lookahead": 14 }