{ "K-Best 1 Pemberton Belief": 3.115454, "K-Best 3 Pemberton Belief": 3.115454, "K-Best 5 Pemberton Belief": 3.115454, "K-Best 7 Pemberton Belief": 3.115454, "Cserna Pemberton Belief": 3.115454, "K-Best 1": 3.115454, "K-Best 3": 3.115454, "K-Best 5": 3.115454, "K-Best 7": 3.115454, "Cserna": 3.115454, "Bellman": 3.115454, "Minimin": 3.115454, "Nancy": 3.115454, "Lookahead": 14 }