{ "K-Best 1 Pemberton Belief": 3.540213, "K-Best 3 Pemberton Belief": 3.540213, "K-Best 5 Pemberton Belief": 3.540213, "K-Best 7 Pemberton Belief": 3.540213, "Cserna Pemberton Belief": 3.540213, "K-Best 1": 3.540213, "K-Best 3": 3.540213, "K-Best 5": 3.540213, "K-Best 7": 3.540213, "Cserna": 3.540213, "Bellman": 3.540213, "Minimin": 3.540213, "Nancy": 3.540213, "Lookahead": 14 }