{ "K-Best 1 Pemberton Belief": 3.947826, "K-Best 3 Pemberton Belief": 3.648392, "K-Best 5 Pemberton Belief": 3.648392, "K-Best 7 Pemberton Belief": 3.648392, "Cserna Pemberton Belief": 3.648392, "K-Best 1": 3.947826, "K-Best 3": 3.648392, "K-Best 5": 3.648392, "K-Best 7": 3.648392, "Cserna": 3.648392, "Bellman": 3.947826, "Minimin": 3.947826, "Nancy": 3.947826, "Lookahead": 14 }