{ "K-Best 1 Pemberton Belief": 3.664548, "K-Best 3 Pemberton Belief": 3.664548, "K-Best 5 Pemberton Belief": 3.664548, "K-Best 7 Pemberton Belief": 3.664548, "Cserna Pemberton Belief": 3.664548, "K-Best 1": 3.664548, "K-Best 3": 3.664548, "K-Best 5": 3.664548, "K-Best 7": 3.664548, "Cserna": 3.664548, "Bellman": 3.664548, "Minimin": 3.664548, "Nancy": 3.664548, "Lookahead": 14 }