{ "K-Best 1 Pemberton Belief": 3.268346, "K-Best 3 Pemberton Belief": 3.268346, "K-Best 5 Pemberton Belief": 3.268346, "K-Best 7 Pemberton Belief": 3.268346, "Cserna Pemberton Belief": 3.268346, "K-Best 1": 3.268346, "K-Best 3": 3.268346, "K-Best 5": 3.268346, "K-Best 7": 3.268346, "Cserna": 3.268346, "Bellman": 3.268346, "Minimin": 3.268346, "Nancy": 3.268346, "Lookahead": 14 }