{ "K-Best 1 Pemberton Belief": 3.658270, "K-Best 3 Pemberton Belief": 3.658270, "K-Best 5 Pemberton Belief": 3.658270, "K-Best 7 Pemberton Belief": 3.658270, "Cserna Pemberton Belief": 3.658270, "K-Best 1": 3.658270, "K-Best 3": 3.658270, "K-Best 5": 3.658270, "K-Best 7": 3.658270, "Cserna": 3.658270, "Bellman": 3.658270, "Minimin": 3.658270, "Nancy": 3.658270, "Lookahead": 14 }