{ "K-Best 1 Pemberton Belief": 3.991312, "K-Best 3 Pemberton Belief": 3.930414, "K-Best 5 Pemberton Belief": 3.930414, "K-Best 7 Pemberton Belief": 3.930414, "Cserna Pemberton Belief": 3.930414, "K-Best 1": 3.991312, "K-Best 3": 3.930414, "K-Best 5": 3.930414, "K-Best 7": 3.930414, "Cserna": 3.930414, "Bellman": 3.991312, "Minimin": 3.991312, "Nancy": 3.991312, "Lookahead": 14 }