{ "K-Best 1 Pemberton Belief": 3.766340, "K-Best 3 Pemberton Belief": 3.766340, "K-Best 5 Pemberton Belief": 3.766340, "K-Best 7 Pemberton Belief": 3.766340, "Cserna Pemberton Belief": 3.766340, "K-Best 1": 3.766340, "K-Best 3": 3.766340, "K-Best 5": 3.766340, "K-Best 7": 3.766340, "Cserna": 3.766340, "Bellman": 3.766340, "Minimin": 3.766340, "Nancy": 3.766340, "Lookahead": 14 }