{ "K-Best 1 Pemberton Belief": 3.392704, "K-Best 3 Pemberton Belief": 3.392704, "K-Best 5 Pemberton Belief": 3.392704, "K-Best 7 Pemberton Belief": 3.392704, "Cserna Pemberton Belief": 3.392704, "K-Best 1": 3.392704, "K-Best 3": 3.392704, "K-Best 5": 3.392704, "K-Best 7": 3.392704, "Cserna": 3.392704, "Bellman": 3.392704, "Minimin": 3.392704, "Nancy": 3.392704, "Lookahead": 14 }