{ "K-Best 1 Pemberton Belief": 3.181345, "K-Best 3 Pemberton Belief": 3.181345, "K-Best 5 Pemberton Belief": 3.181345, "K-Best 7 Pemberton Belief": 3.181345, "Cserna Pemberton Belief": 3.181345, "K-Best 1": 3.181345, "K-Best 3": 3.181345, "K-Best 5": 3.181345, "K-Best 7": 3.181345, "Cserna": 3.181345, "Bellman": 3.181345, "Minimin": 3.181345, "Nancy": 3.181345, "Lookahead": 14 }