{ "K-Best 1 Pemberton Belief": 3.247713, "K-Best 3 Pemberton Belief": 3.247713, "K-Best 5 Pemberton Belief": 3.247713, "K-Best 7 Pemberton Belief": 3.247713, "Cserna Pemberton Belief": 3.247713, "K-Best 1": 3.247713, "K-Best 3": 3.247713, "K-Best 5": 3.247713, "K-Best 7": 3.247713, "Cserna": 3.247713, "Bellman": 3.247713, "Minimin": 3.247713, "Nancy": 3.247713, "Lookahead": 14 }