{ "K-Best 1 Pemberton Belief": 3.716737, "K-Best 3 Pemberton Belief": 3.616105, "K-Best 5 Pemberton Belief": 3.616105, "K-Best 7 Pemberton Belief": 3.616105, "Cserna Pemberton Belief": 3.616105, "K-Best 1": 3.716737, "K-Best 3": 3.716737, "K-Best 5": 3.716737, "K-Best 7": 3.716737, "Cserna": 3.716737, "Bellman": 3.716737, "Minimin": 3.716737, "Nancy": 3.716737, "Lookahead": 14 }