{ "K-Best 1 Pemberton Belief": 4.044860, "K-Best 3 Pemberton Belief": 4.044860, "K-Best 5 Pemberton Belief": 4.044860, "K-Best 7 Pemberton Belief": 4.044860, "Cserna Pemberton Belief": 4.044860, "K-Best 1": 4.044860, "K-Best 3": 4.044860, "K-Best 5": 4.044860, "K-Best 7": 4.044860, "Cserna": 4.044860, "Bellman": 4.044860, "Minimin": 4.044860, "Nancy": 4.044860, "Lookahead": 14 }