{ "K-Best 1 Pemberton Belief": 3.740603, "K-Best 3 Pemberton Belief": 3.740603, "K-Best 5 Pemberton Belief": 3.740603, "K-Best 7 Pemberton Belief": 3.740603, "Cserna Pemberton Belief": 3.740603, "K-Best 1": 3.740603, "K-Best 3": 3.740603, "K-Best 5": 3.740603, "K-Best 7": 3.740603, "Cserna": 3.740603, "Bellman": 3.740603, "Minimin": 3.740603, "Nancy": 3.740603, "Lookahead": 14 }