{ "K-Best 1 Pemberton Belief": 3.324119, "K-Best 3 Pemberton Belief": 3.324119, "K-Best 5 Pemberton Belief": 3.324119, "K-Best 7 Pemberton Belief": 3.324119, "Cserna Pemberton Belief": 3.324119, "K-Best 1": 3.324119, "K-Best 3": 3.324119, "K-Best 5": 3.324119, "K-Best 7": 3.324119, "Cserna": 3.324119, "Bellman": 3.324119, "Minimin": 3.324119, "Nancy": 3.324119, "Lookahead": 14 }