{ "K-Best 1 Pemberton Belief": 3.365986, "K-Best 3 Pemberton Belief": 3.365986, "K-Best 5 Pemberton Belief": 3.365986, "K-Best 7 Pemberton Belief": 3.365986, "Cserna Pemberton Belief": 3.365986, "K-Best 1": 3.365986, "K-Best 3": 3.365986, "K-Best 5": 3.365986, "K-Best 7": 3.365986, "Cserna": 3.365986, "Bellman": 3.365986, "Minimin": 3.365986, "Nancy": 3.365986, "Lookahead": 14 }