{ "K-Best 1 Pemberton Belief": 3.546073, "K-Best 3 Pemberton Belief": 3.546073, "K-Best 5 Pemberton Belief": 3.546073, "K-Best 7 Pemberton Belief": 3.546073, "Cserna Pemberton Belief": 3.546073, "K-Best 1": 3.546073, "K-Best 3": 3.546073, "K-Best 5": 3.546073, "K-Best 7": 3.546073, "Cserna": 3.546073, "Bellman": 3.546073, "Minimin": 3.546073, "Nancy": 3.546073, "Lookahead": 14 }