{ "K-Best 1 Pemberton Belief": 3.559053, "K-Best 3 Pemberton Belief": 3.559053, "K-Best 5 Pemberton Belief": 3.559053, "K-Best 7 Pemberton Belief": 3.559053, "Cserna Pemberton Belief": 3.559053, "K-Best 1": 3.559053, "K-Best 3": 3.559053, "K-Best 5": 3.559053, "K-Best 7": 3.559053, "Cserna": 3.559053, "Bellman": 3.559053, "Minimin": 3.559053, "Nancy": 3.559053, "Lookahead": 14 }