{ "K-Best 1 Pemberton Belief": 2.427701, "K-Best 3 Pemberton Belief": 2.427701, "K-Best 5 Pemberton Belief": 2.427701, "K-Best 7 Pemberton Belief": 2.427701, "Cserna Pemberton Belief": 2.427701, "K-Best 1": 2.427701, "K-Best 3": 2.427701, "K-Best 5": 2.427701, "K-Best 7": 2.427701, "Cserna": 2.427701, "Bellman": 2.427701, "Minimin": 2.427701, "Nancy": 2.427701, "Lookahead": 14 }