{ "K-Best 1 Pemberton Belief": 4.475287, "K-Best 3 Pemberton Belief": 4.475287, "K-Best 5 Pemberton Belief": 4.529811, "K-Best 7 Pemberton Belief": 4.529811, "Cserna Pemberton Belief": 4.529811, "K-Best 1": 4.475287, "K-Best 3": 4.475287, "K-Best 5": 4.475287, "K-Best 7": 4.529811, "Cserna": 4.529811, "Bellman": 4.475287, "Minimin": 4.475287, "Nancy": 4.475287, "Lookahead": 14 }