{ "K-Best 1 Pemberton Belief": 3.612813, "K-Best 3 Pemberton Belief": 3.612813, "K-Best 5 Pemberton Belief": 3.612813, "K-Best 7 Pemberton Belief": 3.612813, "Cserna Pemberton Belief": 3.612813, "K-Best 1": 3.612813, "K-Best 3": 3.612813, "K-Best 5": 3.612813, "K-Best 7": 3.612813, "Cserna": 3.612813, "Bellman": 3.612813, "Minimin": 3.612813, "Nancy": 3.612813, "Lookahead": 14 }