{ "K-Best 1 Pemberton Belief": 3.416188, "K-Best 3 Pemberton Belief": 3.112499, "K-Best 5 Pemberton Belief": 3.112499, "K-Best 7 Pemberton Belief": 3.112499, "Cserna Pemberton Belief": 3.112499, "K-Best 1": 3.416188, "K-Best 3": 3.112499, "K-Best 5": 3.112499, "K-Best 7": 3.112499, "Cserna": 3.112499, "Bellman": 3.416188, "Minimin": 3.416188, "Nancy": 3.416188, "Lookahead": 14 }