{ "K-Best 1 Pemberton Belief": 4.051120, "K-Best 3 Pemberton Belief": 4.051120, "K-Best 5 Pemberton Belief": 4.051120, "K-Best 7 Pemberton Belief": 4.051120, "Cserna Pemberton Belief": 4.051120, "K-Best 1": 4.051120, "K-Best 3": 4.051120, "K-Best 5": 4.051120, "K-Best 7": 4.051120, "Cserna": 4.051120, "Bellman": 4.051120, "Minimin": 4.051120, "Nancy": 4.051120, "Lookahead": 14 }