{ "K-Best 1 Pemberton Belief": 3.933934, "K-Best 3 Pemberton Belief": 3.933934, "K-Best 5 Pemberton Belief": 3.933934, "K-Best 7 Pemberton Belief": 3.933934, "Cserna Pemberton Belief": 3.933934, "K-Best 1": 3.933934, "K-Best 3": 3.933934, "K-Best 5": 3.933934, "K-Best 7": 3.933934, "Cserna": 3.933934, "Bellman": 3.933934, "Minimin": 3.933934, "Nancy": 3.933934, "Lookahead": 14 }