{ "K-Best 1 Pemberton Belief": 2.655060, "K-Best 3 Pemberton Belief": 2.655060, "K-Best 5 Pemberton Belief": 2.655060, "K-Best 7 Pemberton Belief": 2.655060, "Cserna Pemberton Belief": 2.655060, "K-Best 1": 2.655060, "K-Best 3": 2.655060, "K-Best 5": 2.655060, "K-Best 7": 2.655060, "Cserna": 2.655060, "Bellman": 2.655060, "Minimin": 2.655060, "Nancy": 2.655060, "Lookahead": 14 }