{ "K-Best 1 Pemberton Belief": 3.630868, "K-Best 3 Pemberton Belief": 3.630868, "K-Best 5 Pemberton Belief": 3.630868, "K-Best 7 Pemberton Belief": 3.630868, "Cserna Pemberton Belief": 3.630868, "K-Best 1": 3.630868, "K-Best 3": 3.630868, "K-Best 5": 3.630868, "K-Best 7": 3.630868, "Cserna": 3.630868, "Bellman": 3.630868, "Minimin": 3.630868, "Nancy": 3.630868, "Lookahead": 14 }