{ "K-Best 1 Pemberton Belief": 4.667381, "K-Best 3 Pemberton Belief": 4.667381, "K-Best 5 Pemberton Belief": 4.667381, "K-Best 7 Pemberton Belief": 4.667381, "Cserna Pemberton Belief": 4.667381, "K-Best 1": 4.667381, "K-Best 3": 4.667381, "K-Best 5": 4.667381, "K-Best 7": 4.667381, "Cserna": 4.667381, "Bellman": 4.667381, "Minimin": 4.667381, "Nancy": 4.667381, "Lookahead": 14 }