{ "K-Best 1 Pemberton Belief": 3.296889, "K-Best 3 Pemberton Belief": 3.296889, "K-Best 5 Pemberton Belief": 3.296889, "K-Best 7 Pemberton Belief": 3.296889, "Cserna Pemberton Belief": 3.296889, "K-Best 1": 3.296889, "K-Best 3": 3.296889, "K-Best 5": 3.296889, "K-Best 7": 3.296889, "Cserna": 3.296889, "Bellman": 3.296889, "Minimin": 3.296889, "Nancy": 3.296889, "Lookahead": 14 }