{ "K-Best 1 Pemberton Belief": 3.277324, "K-Best 3 Pemberton Belief": 3.323033, "K-Best 5 Pemberton Belief": 3.323033, "K-Best 7 Pemberton Belief": 3.323033, "Cserna Pemberton Belief": 3.323033, "K-Best 1": 3.277324, "K-Best 3": 3.323033, "K-Best 5": 3.323033, "K-Best 7": 3.323033, "Cserna": 3.323033, "Bellman": 3.277324, "Minimin": 3.277324, "Nancy": 3.277324, "Lookahead": 14 }