{ "K-Best 1 Pemberton Belief": 3.472277, "K-Best 3 Pemberton Belief": 3.472277, "K-Best 5 Pemberton Belief": 3.472277, "K-Best 7 Pemberton Belief": 3.472277, "Cserna Pemberton Belief": 3.472277, "K-Best 1": 3.472277, "K-Best 3": 3.472277, "K-Best 5": 3.472277, "K-Best 7": 3.472277, "Cserna": 3.472277, "Bellman": 3.472277, "Minimin": 3.472277, "Nancy": 3.472277, "Lookahead": 14 }