{ "K-Best 1 Pemberton Belief": 3.452181, "K-Best 3 Pemberton Belief": 3.452181, "K-Best 5 Pemberton Belief": 3.452181, "K-Best 7 Pemberton Belief": 3.452181, "Cserna Pemberton Belief": 3.452181, "K-Best 1": 3.452181, "K-Best 3": 3.452181, "K-Best 5": 3.452181, "K-Best 7": 3.452181, "Cserna": 3.452181, "Bellman": 3.452181, "Minimin": 3.452181, "Nancy": 3.452181, "Lookahead": 14 }