{ "K-Best 1 Pemberton Belief": 4.051580, "K-Best 3 Pemberton Belief": 4.051580, "K-Best 5 Pemberton Belief": 4.051580, "K-Best 7 Pemberton Belief": 4.051580, "Cserna Pemberton Belief": 4.051580, "K-Best 1": 4.051580, "K-Best 3": 4.051580, "K-Best 5": 4.051580, "K-Best 7": 4.051580, "Cserna": 4.051580, "Bellman": 4.051580, "Minimin": 4.051580, "Nancy": 4.051580, "Lookahead": 14 }