{ "K-Best 1 Pemberton Belief": 4.125055, "K-Best 3 Pemberton Belief": 4.125055, "K-Best 5 Pemberton Belief": 4.125055, "K-Best 7 Pemberton Belief": 4.125055, "Cserna Pemberton Belief": 4.125055, "K-Best 1": 4.125055, "K-Best 3": 4.125055, "K-Best 5": 4.125055, "K-Best 7": 4.125055, "Cserna": 4.125055, "Bellman": 4.125055, "Minimin": 4.125055, "Nancy": 4.125055, "Lookahead": 14 }