{ "K-Best 1 Pemberton Belief": 3.473804, "K-Best 3 Pemberton Belief": 3.473804, "K-Best 5 Pemberton Belief": 3.473804, "K-Best 7 Pemberton Belief": 3.473804, "Cserna Pemberton Belief": 3.473804, "K-Best 1": 3.473804, "K-Best 3": 3.473804, "K-Best 5": 3.473804, "K-Best 7": 3.473804, "Cserna": 3.473804, "Bellman": 3.473804, "Minimin": 3.473804, "Nancy": 3.473804, "Lookahead": 14 }