{ "K-Best 1 Pemberton Belief": 3.568572, "K-Best 3 Pemberton Belief": 3.655684, "K-Best 5 Pemberton Belief": 3.655684, "K-Best 7 Pemberton Belief": 3.655684, "Cserna Pemberton Belief": 3.655684, "K-Best 1": 3.568572, "K-Best 3": 3.655684, "K-Best 5": 3.655684, "K-Best 7": 3.655684, "Cserna": 3.655684, "Bellman": 3.568572, "Minimin": 3.568572, "Nancy": 3.568572, "Lookahead": 14 }