{ "K-Best 1 Pemberton Belief": 3.629506, "K-Best 3 Pemberton Belief": 3.629506, "K-Best 5 Pemberton Belief": 3.629506, "K-Best 7 Pemberton Belief": 3.629506, "Cserna Pemberton Belief": 3.629506, "K-Best 1": 3.629506, "K-Best 3": 3.629506, "K-Best 5": 3.629506, "K-Best 7": 3.629506, "Cserna": 3.629506, "Bellman": 3.629506, "Minimin": 3.629506, "Nancy": 3.629506, "Lookahead": 14 }