{ "K-Best 1 Pemberton Belief": 3.583515, "K-Best 3 Pemberton Belief": 3.583515, "K-Best 5 Pemberton Belief": 3.583515, "K-Best 7 Pemberton Belief": 3.583515, "Cserna Pemberton Belief": 3.583515, "K-Best 1": 3.583515, "K-Best 3": 3.583515, "K-Best 5": 3.583515, "K-Best 7": 3.583515, "Cserna": 3.583515, "Bellman": 3.583515, "Minimin": 3.583515, "Nancy": 3.583515, "Lookahead": 14 }