{ "K-Best 1 Pemberton Belief": 3.118743, "K-Best 3 Pemberton Belief": 3.118743, "K-Best 5 Pemberton Belief": 3.118743, "K-Best 7 Pemberton Belief": 3.118743, "Cserna Pemberton Belief": 3.118743, "K-Best 1": 3.118743, "K-Best 3": 3.118743, "K-Best 5": 3.118743, "K-Best 7": 3.118743, "Cserna": 3.118743, "Bellman": 3.118743, "Minimin": 3.118743, "Nancy": 3.118743, "Lookahead": 14 }