{ "K-Best 1 Pemberton Belief": 4.254329, "K-Best 3 Pemberton Belief": 4.231005, "K-Best 5 Pemberton Belief": 4.231005, "K-Best 7 Pemberton Belief": 4.231005, "Cserna Pemberton Belief": 4.231005, "K-Best 1": 4.254329, "K-Best 3": 4.231005, "K-Best 5": 4.231005, "K-Best 7": 4.231005, "Cserna": 4.231005, "Bellman": 4.254329, "Minimin": 4.254329, "Nancy": 4.254329, "Lookahead": 14 }