{ "K-Best 1 Pemberton Belief": 4.323100, "K-Best 3 Pemberton Belief": 4.323100, "K-Best 5 Pemberton Belief": 4.323100, "K-Best 7 Pemberton Belief": 4.323100, "Cserna Pemberton Belief": 4.323100, "K-Best 1": 4.323100, "K-Best 3": 4.323100, "K-Best 5": 4.323100, "K-Best 7": 4.323100, "Cserna": 4.323100, "Bellman": 4.323100, "Minimin": 4.323100, "Nancy": 4.323100, "Lookahead": 14 }