{ "K-Best 1 Pemberton Belief": 3.572099, "K-Best 3 Pemberton Belief": 3.572099, "K-Best 5 Pemberton Belief": 3.572099, "K-Best 7 Pemberton Belief": 3.572099, "Cserna Pemberton Belief": 3.572099, "K-Best 1": 3.572099, "K-Best 3": 3.572099, "K-Best 5": 3.572099, "K-Best 7": 3.572099, "Cserna": 3.572099, "Bellman": 3.572099, "Minimin": 3.572099, "Nancy": 3.572099, "Lookahead": 14 }