{ "K-Best 1 Pemberton Belief": 3.822130, "K-Best 3 Pemberton Belief": 4.067599, "K-Best 5 Pemberton Belief": 4.067599, "K-Best 7 Pemberton Belief": 4.067599, "Cserna Pemberton Belief": 4.067599, "K-Best 1": 3.822130, "K-Best 3": 4.067599, "K-Best 5": 4.067599, "K-Best 7": 4.067599, "Cserna": 4.067599, "Bellman": 3.822130, "Minimin": 3.822130, "Nancy": 3.822130, "Lookahead": 14 }