{ "K-Best 1 Pemberton Belief": 4.058946, "K-Best 3 Pemberton Belief": 4.058946, "K-Best 5 Pemberton Belief": 4.058946, "K-Best 7 Pemberton Belief": 4.058946, "Cserna Pemberton Belief": 4.058946, "K-Best 1": 4.058946, "K-Best 3": 4.058946, "K-Best 5": 4.058946, "K-Best 7": 4.058946, "Cserna": 4.058946, "Bellman": 4.058946, "Minimin": 4.058946, "Nancy": 4.058946, "Lookahead": 14 }