{ "K-Best 1 Pemberton Belief": 4.583312, "K-Best 3 Pemberton Belief": 4.583312, "K-Best 5 Pemberton Belief": 4.583312, "K-Best 7 Pemberton Belief": 4.381756, "Cserna Pemberton Belief": 4.381756, "K-Best 1": 4.583312, "K-Best 3": 4.583312, "K-Best 5": 4.583312, "K-Best 7": 4.583312, "Cserna": 4.583312, "Bellman": 4.583312, "Minimin": 4.583312, "Nancy": 4.583312, "Lookahead": 14 }