{ "K-Best 1 Pemberton Belief": 3.625527, "K-Best 3 Pemberton Belief": 3.625527, "K-Best 5 Pemberton Belief": 3.625527, "K-Best 7 Pemberton Belief": 3.625527, "Cserna Pemberton Belief": 3.625527, "K-Best 1": 3.625527, "K-Best 3": 3.625527, "K-Best 5": 3.625527, "K-Best 7": 3.625527, "Cserna": 3.625527, "Bellman": 3.625527, "Minimin": 3.625527, "Nancy": 3.625527, "Lookahead": 14 }