{ "K 1": 2.163559, "K 3": 2.163559, "K 5": 2.163559, "K 7": 2.163559, "All Frontier Nodes": 2.163559, "Lookahead": 9 }