{ "K 1": 2.626844, "K 10": 2.626844, "K 100": 2.626844, "K 1000": 2.626844, "All Frontier Nodes": 2.626844, "Lookahead": 9 }