{ "K 1": 2.474943, "K 3": 2.474943, "K 5": 2.474943, "K 7": 2.474943, "All Frontier Nodes": 2.474943, "Lookahead": 9 }