{ "K 1": 2.530834, "K 10": 2.530834, "K 100": 2.530834, "K 1000": 2.530834, "All Frontier Nodes": 2.530834, "Lookahead": 9 }