{ "K 1": 2.473894, "K 3": 2.473894, "K 5": 2.473894, "K 7": 2.473894, "All Frontier Nodes": 2.473894, "Lookahead": 9 }