{ "K 1": 2.872467, "K 3": 2.872467, "K 5": 2.872467, "K 7": 2.872467, "All Frontier Nodes": 2.872467, "Lookahead": 9 }