{ "K 1": 2.400603, "K 3": 2.400603, "K 5": 2.400603, "K 7": 2.400603, "All Frontier Nodes": 2.400603, "Lookahead": 9 }