{ "K 1": 2.166989, "K 10": 2.166989, "K 100": 2.166989, "K 1000": 2.166989, "All Frontier Nodes": 2.166989, "Lookahead": 9 }