{ "K 1": 3.201404, "K 3": 3.201404, "K 5": 3.201404, "K 7": 3.201404, "All Frontier Nodes": 3.201404, "Lookahead": 9 }