{ "K 1": 3.160875, "K 3": 3.160875, "K 5": 3.160875, "K 7": 3.160875, "All Frontier Nodes": 3.160875, "Lookahead": 9 }