{ "K 1": 2.547604, "K 10": 2.547604, "K 100": 2.547604, "K 1000": 2.547604, "All Frontier Nodes": 2.547604, "Lookahead": 9 }