{ "K 1": 2.182874, "K 3": 2.182874, "K 5": 2.182874, "K 7": 2.182874, "All Frontier Nodes": 2.182874, "Lookahead": 9 }