{ "K 1": 2.749283, "K 10": 2.749283, "K 100": 2.749283, "K 1000": 2.749283, "All Frontier Nodes": 2.749283, "Lookahead": 9 }