{ "K 1": 2.576194, "K 3": 2.576194, "K 5": 2.576194, "K 7": 2.576194, "All Frontier Nodes": 2.576194, "Lookahead": 9 }