{ "K 1": 2.246348, "K 3": 2.246348, "K 5": 2.246348, "K 7": 2.246348, "All Frontier Nodes": 2.246348, "Lookahead": 9 }