{ "K 1": 2.227574, "K 10": 2.227574, "K 100": 2.227574, "K 1000": 2.227574, "All Frontier Nodes": 2.227574, "Lookahead": 9 }