{ "K 1": 2.261199, "K 3": 2.261199, "K 5": 2.261199, "K 7": 2.261199, "All Frontier Nodes": 2.261199, "Lookahead": 9 }