{ "K 1": 2.620652, "K 10": 2.620652, "K 100": 2.620652, "K 1000": 2.620652, "All Frontier Nodes": 2.620652, "Lookahead": 9 }