{ "K 1": 1.995462, "K 3": 1.995462, "K 5": 1.995462, "K 7": 1.995462, "All Frontier Nodes": 1.995462, "Lookahead": 9 }