{ "K 1": 2.384775, "K 3": 2.384775, "K 5": 2.384775, "K 7": 2.384775, "All Frontier Nodes": 2.384775, "Lookahead": 9 }