{ "K 1": 2.434647, "K 10": 2.434647, "K 100": 2.434647, "K 1000": 2.434647, "All Frontier Nodes": 2.434647, "Lookahead": 9 }