{ "K 1": 3.139141, "K 3": 3.139141, "K 5": 3.139141, "K 7": 3.139141, "All Frontier Nodes": 3.139141, "Lookahead": 9 }