{ "K 1": 1.610322, "K 3": 1.699946, "K 5": 1.699946, "K 7": 1.699946, "All Frontier Nodes": 1.699946, "Lookahead": 9 }