{ "K 1": 2.323138, "K 3": 2.323138, "K 5": 2.323138, "K 7": 2.323138, "All Frontier Nodes": 2.323138, "Lookahead": 9 }