{ "K 1": 2.312198, "K 3": 2.312198, "K 5": 2.312198, "K 7": 2.312198, "All Frontier Nodes": 2.312198, "Lookahead": 9 }