{ "K 1": 2.237012, "K 3": 2.237012, "K 5": 2.237012, "K 7": 2.237012, "All Frontier Nodes": 2.237012, "Lookahead": 9 }