{ "K 1": 1.233793, "K 3": 1.233793, "K 5": 1.233793, "K 7": 1.233793, "All Frontier Nodes": 1.233793, "Lookahead": 9 }