{ "K 1": 1.360822, "K 3": 1.360822, "K 5": 1.360822, "K 7": 1.360822, "All Frontier Nodes": 1.360822, "Lookahead": 9 }