{ "K 1": 2.438870, "K 3": 2.438870, "K 5": 2.438870, "K 7": 2.438870, "All Frontier Nodes": 2.438870, "Lookahead": 9 }