{ "K 1": 2.386862, "K 3": 2.386862, "K 5": 2.386862, "K 7": 2.386862, "All Frontier Nodes": 2.386862, "Lookahead": 9 }