{ "K 1": 2.484791, "K 3": 2.484791, "K 5": 2.484791, "K 7": 2.484791, "All Frontier Nodes": 2.484791, "Lookahead": 9 }