{ "K 1": 3.027014, "K 10": 3.027014, "K 100": 3.027014, "K 1000": 3.027014, "All Frontier Nodes": 3.027014, "Lookahead": 9 }