{ "K 1": 2.031171, "K 10": 2.031171, "K 100": 2.031171, "K 1000": 2.031171, "All Frontier Nodes": 2.031171, "Lookahead": 9 }