{ "K-Best 1 Pemberton Belief": 2.420769, "K-Best 3 Pemberton Belief": 2.420769, "K-Best 5 Pemberton Belief": 2.420769, "K-Best 7 Pemberton Belief": 2.420769, "Cserna Pemberton Belief": 2.420769, "K-Best 1": 2.420769, "K-Best 3": 2.420769, "K-Best 5": 2.420769, "K-Best 7": 2.420769, "Cserna": 2.420769, "Bellman": 2.420769, "Minimin": 2.420769, "Nancy": 2.420769, "Lookahead": 9 }