{ "K 1": 2.423344, "K 3": 2.423344, "K 5": 2.423344, "K 7": 2.423344, "All Frontier Nodes": 2.423344, "Lookahead": 9 }