{ "K 1": 2.676227, "K 3": 2.676227, "K 5": 2.676227, "K 7": 2.676227, "All Frontier Nodes": 2.676227, "Lookahead": 9 }