{ "K 1": 2.068393, "K 3": 2.068393, "K 5": 2.068393, "K 7": 2.068393, "All Frontier Nodes": 2.068393, "Lookahead": 9 }