{ "K-Best 1 Pemberton Belief": 2.289615, "K-Best 3 Pemberton Belief": 2.289615, "K-Best 5 Pemberton Belief": 2.289615, "K-Best 7 Pemberton Belief": 2.289615, "Cserna Pemberton Belief": 2.289615, "K-Best 1": 2.289615, "K-Best 3": 2.289615, "K-Best 5": 2.289615, "K-Best 7": 2.289615, "Cserna": 2.289615, "Bellman": 2.289615, "Minimin": 2.289615, "Nancy": 2.289615, "Lookahead": 9 }