{ "K 1": 3.469602, "K 3": 3.469602, "K 5": 3.469602, "K 7": 3.469602, "All Frontier Nodes": 3.469602, "Lookahead": 9 }