{ "K 1": 1.846427, "K 3": 1.846427, "K 5": 1.846427, "K 7": 1.846427, "All Frontier Nodes": 1.846427, "Lookahead": 9 }