{ "K 1": 2.103117, "K 3": 2.103117, "K 5": 2.103117, "K 7": 2.103117, "All Frontier Nodes": 2.103117, "Lookahead": 9 }