{ "K 1": 2.667259, "K 3": 2.667259, "K 5": 2.667259, "K 7": 2.667259, "All Frontier Nodes": 2.667259, "Lookahead": 9 }