{ "K 1": 2.187788, "K 3": 2.187788, "K 5": 2.187788, "K 7": 2.187788, "All Frontier Nodes": 2.187788, "Lookahead": 9 }