{ "K 1": 2.957899, "K 3": 2.957899, "K 5": 2.957899, "K 7": 2.957899, "All Frontier Nodes": 2.957899, "Lookahead": 9 }