{ "K 1": 2.926995, "K 3": 2.926995, "K 5": 2.926995, "K 7": 2.926995, "All Frontier Nodes": 2.926995, "Lookahead": 9 }