{ "K 1": 3.000940, "K 10": 3.000940, "K 100": 3.000940, "K 1000": 3.000940, "All Frontier Nodes": 3.000940, "Lookahead": 9 }