{ "K 1": 2.541725, "K 3": 2.541725, "K 5": 2.541725, "K 7": 2.541725, "All Frontier Nodes": 2.541725, "Lookahead": 9 }