{ "K 1": 3.194543, "K 10": 3.194543, "K 100": 3.194543, "K 1000": 3.194543, "All Frontier Nodes": 3.194543, "Lookahead": 9 }