{ "K 1": 2.826677, "K 3": 2.826677, "K 5": 2.826677, "K 7": 2.826677, "All Frontier Nodes": 2.826677, "Lookahead": 9 }