{ "K 1": 2.280586, "K 3": 2.280586, "K 5": 2.280586, "K 7": 2.280586, "All Frontier Nodes": 2.280586, "Lookahead": 9 }