{ "K 1": 3.144355, "K 3": 3.144355, "K 5": 3.144355, "K 7": 3.144355, "All Frontier Nodes": 3.144355, "Lookahead": 9 }