{ "K 1": 2.330656, "K 3": 2.330656, "K 5": 2.330656, "K 7": 2.330656, "All Frontier Nodes": 2.330656, "Lookahead": 9 }