{ "K 1": 2.069068, "K 10": 2.069068, "K 100": 2.069068, "K 1000": 2.069068, "All Frontier Nodes": 2.069068, "Lookahead": 9 }