{ "K 1": 2.253867, "K 3": 2.253867, "K 5": 2.253867, "K 7": 2.253867, "All Frontier Nodes": 2.253867, "Lookahead": 9 }