{ "K 1": 2.116270, "K 10": 2.116270, "K 100": 2.116270, "K 1000": 2.116270, "All Frontier Nodes": 2.116270, "Lookahead": 9 }