{ "K 1": 2.344848, "K 10": 2.344848, "K 100": 2.344848, "K 1000": 2.344848, "All Frontier Nodes": 2.344848, "Lookahead": 9 }