{ "K 1": 2.674117, "K 10": 2.674117, "K 100": 2.674117, "K 1000": 2.674117, "All Frontier Nodes": 2.674117, "Lookahead": 9 }