{ "K 1": 2.623340, "K 3": 2.623340, "K 5": 2.623340, "K 7": 2.623340, "All Frontier Nodes": 2.623340, "Lookahead": 9 }