{ "K 1": 2.675237, "K 3": 2.675237, "K 5": 2.675237, "K 7": 2.675237, "All Frontier Nodes": 2.675237, "Lookahead": 9 }