{ "K 1": 2.781564, "K 10": 2.781564, "K 100": 2.781564, "K 1000": 2.781564, "All Frontier Nodes": 2.781564, "Lookahead": 9 }