{ "K 1": 2.652733, "K 3": 2.652733, "K 5": 2.652733, "K 7": 2.652733, "All Frontier Nodes": 2.652733, "Lookahead": 9 }