{ "K 1": 3.228224, "K 3": 3.148675, "K 5": 3.148675, "K 7": 3.148675, "All Frontier Nodes": 3.148675, "Lookahead": 9 }