{ "K 1": 2.519047, "K 3": 2.519047, "K 5": 2.519047, "K 7": 2.519047, "All Frontier Nodes": 2.519047, "Lookahead": 9 }