{ "K 1": 3.233409, "K 10": 2.693672, "K 100": 2.693672, "K 1000": 2.693672, "All Frontier Nodes": 2.693672, "Lookahead": 9 }