{ "K 1": 2.725642, "K 3": 2.725642, "K 5": 2.725642, "K 7": 2.725642, "All Frontier Nodes": 2.725642, "Lookahead": 9 }