{ "K 1": 2.285871, "K 3": 2.285871, "K 5": 2.285871, "K 7": 2.285871, "All Frontier Nodes": 2.285871, "Lookahead": 9 }