{ "K 1": 3.029816, "K 3": 3.029816, "K 5": 3.029816, "K 7": 3.029816, "All Frontier Nodes": 3.029816, "Lookahead": 9 }