{ "K 1": 2.918609, "K 10": 2.918609, "K 100": 2.918609, "K 1000": 2.918609, "All Frontier Nodes": 2.918609, "Lookahead": 9 }