{ "K 1": 2.687791, "K 3": 2.687791, "K 5": 2.687791, "K 7": 2.687791, "All Frontier Nodes": 2.687791, "Lookahead": 9 }