{ "K 1": 2.530739, "K 3": 2.530739, "K 5": 2.530739, "K 7": 2.530739, "All Frontier Nodes": 2.530739, "Lookahead": 9 }