{ "K-Best 1 Pemberton Belief": 1.809885, "K-Best 3 Pemberton Belief": 1.809885, "K-Best 5 Pemberton Belief": 1.809885, "K-Best 7 Pemberton Belief": 1.809885, "Cserna Pemberton Belief": 1.809885, "K-Best 1": 1.809885, "K-Best 3": 1.809885, "K-Best 5": 1.809885, "K-Best 7": 1.809885, "Cserna": 1.809885, "Bellman": 1.809885, "Minimin": 1.809885, "Nancy": 1.809885, "Lookahead": 9 }