{ "K 1": 2.383037, "K 3": 2.383037, "K 5": 2.383037, "K 7": 2.383037, "All Frontier Nodes": 2.383037, "Lookahead": 9 }