{ "K 1": 2.404367, "K 3": 2.404367, "K 5": 2.404367, "K 7": 2.404367, "All Frontier Nodes": 2.404367, "Lookahead": 9 }