{ "K 1": 2.788648, "K 3": 2.788648, "K 5": 2.788648, "K 7": 2.788648, "All Frontier Nodes": 2.788648, "Lookahead": 9 }