{ "K 1": 3.080898, "K 3": 3.080898, "K 5": 3.080898, "K 7": 3.080898, "All Frontier Nodes": 3.080898, "Lookahead": 9 }