{ "K 1": 2.540266, "K 3": 2.540266, "K 5": 2.540266, "K 7": 2.540266, "All Frontier Nodes": 2.540266, "Lookahead": 9 }