{ "K 1": 2.856278, "K 3": 2.856278, "K 5": 2.856278, "K 7": 2.856278, "All Frontier Nodes": 2.856278, "Lookahead": 9 }