{ "K 1": 3.336588, "K 3": 3.336588, "K 5": 3.336588, "K 7": 3.336588, "All Frontier Nodes": 3.336588, "Lookahead": 9 }