{ "K 1": 2.260236, "K 3": 2.260236, "K 5": 2.260236, "K 7": 2.260236, "All Frontier Nodes": 2.260236, "Lookahead": 9 }