{ "K 1": 2.292087, "K 3": 2.292087, "K 5": 2.292087, "K 7": 2.292087, "All Frontier Nodes": 2.292087, "Lookahead": 9 }