{ "K 1": 3.014002, "K 3": 3.014002, "K 5": 3.014002, "K 7": 3.014002, "All Frontier Nodes": 3.014002, "Lookahead": 9 }