{ "K 1": 2.540804, "K 3": 2.540804, "K 5": 2.540804, "K 7": 2.540804, "All Frontier Nodes": 2.540804, "Lookahead": 9 }