{ "K 1": 2.496466, "K 10": 2.496466, "K 100": 2.496466, "K 1000": 2.496466, "All Frontier Nodes": 2.496466, "Lookahead": 9 }