{ "K 1": 2.017769, "K 3": 2.017769, "K 5": 2.017769, "K 7": 2.017769, "All Frontier Nodes": 2.017769, "Lookahead": 9 }