{ "K 1": 2.969246, "K 3": 2.969246, "K 5": 2.969246, "K 7": 2.969246, "All Frontier Nodes": 2.969246, "Lookahead": 9 }