{ "K 1": 2.720724, "K 3": 2.720724, "K 5": 2.720724, "K 7": 2.720724, "All Frontier Nodes": 2.720724, "Lookahead": 9 }