{ "K 1": 3.385235, "K 10": 3.385235, "K 100": 3.385235, "K 1000": 3.385235, "All Frontier Nodes": 3.385235, "Lookahead": 9 }