{ "K 1": 2.161205, "K 10": 2.161205, "K 100": 2.161205, "K 1000": 2.161205, "All Frontier Nodes": 2.161205, "Lookahead": 9 }