{ "K 1": 2.598298, "K 10": 2.598298, "K 100": 2.598298, "K 1000": 2.598298, "All Frontier Nodes": 2.598298, "Lookahead": 9 }