{ "K-Best 1 Pemberton Belief": 1.894532, "K-Best 3 Pemberton Belief": 1.894532, "K-Best 5 Pemberton Belief": 1.894532, "K-Best 7 Pemberton Belief": 1.894532, "Cserna Pemberton Belief": 1.894532, "K-Best 1": 1.894532, "K-Best 3": 1.894532, "K-Best 5": 1.894532, "K-Best 7": 1.894532, "Cserna": 1.894532, "Bellman": 1.894532, "Minimin": 1.894532, "Nancy": 1.894532, "Lookahead": 9 }