{ "K 1": 2.926446, "K 3": 2.926446, "K 5": 2.926446, "K 7": 2.926446, "All Frontier Nodes": 2.926446, "Lookahead": 9 }