{ "K 1": 2.411126, "K 10": 2.411126, "K 100": 2.411126, "K 1000": 2.411126, "All Frontier Nodes": 2.411126, "Lookahead": 9 }