{ "K 1": 2.166242, "K 3": 2.323401, "K 5": 2.323401, "K 7": 2.323401, "All Frontier Nodes": 2.323401, "Lookahead": 9 }