{ "K 1": 2.418432, "K 3": 2.418432, "K 5": 2.418432, "K 7": 2.418432, "All Frontier Nodes": 2.418432, "Lookahead": 9 }