{ "K 1": 2.282447, "K 3": 2.282447, "K 5": 2.282447, "K 7": 2.282447, "All Frontier Nodes": 2.282447, "Lookahead": 9 }