{ "K 1": 2.857262, "K 3": 2.857262, "K 5": 2.857262, "K 7": 2.857262, "All Frontier Nodes": 2.857262, "Lookahead": 9 }