{ "K 1": 2.229282, "K 3": 2.229282, "K 5": 2.229282, "K 7": 2.229282, "All Frontier Nodes": 2.229282, "Lookahead": 9 }