{ "K 1": 2.247285, "K 3": 2.247285, "K 5": 2.247285, "K 7": 2.247285, "All Frontier Nodes": 2.247285, "Lookahead": 9 }