{ "K 1": 3.193165, "K 3": 3.193165, "K 5": 3.193165, "K 7": 3.193165, "All Frontier Nodes": 3.193165, "Lookahead": 9 }