{ "K 1": 2.830017, "K 3": 2.830017, "K 5": 2.830017, "K 7": 2.830017, "All Frontier Nodes": 2.830017, "Lookahead": 9 }