{ "K 1": 3.087808, "K 10": 3.087808, "K 100": 3.087808, "K 1000": 3.087808, "All Frontier Nodes": 3.087808, "Lookahead": 9 }