{ "K 1": 2.984593, "K 3": 2.984593, "K 5": 2.984593, "K 7": 2.984593, "All Frontier Nodes": 2.984593, "Lookahead": 9 }