{ "K 1": 2.628764, "K 10": 2.628764, "K 100": 2.628764, "K 1000": 2.628764, "All Frontier Nodes": 2.628764, "Lookahead": 9 }