{ "K 1": 2.371465, "K 3": 2.371465, "K 5": 2.371465, "K 7": 2.371465, "All Frontier Nodes": 2.371465, "Lookahead": 9 }