{ "K 1": 2.485322, "K 3": 2.485322, "K 5": 2.485322, "K 7": 2.485322, "All Frontier Nodes": 2.485322, "Lookahead": 9 }