{ "K 1": 1.421554, "K 10": 1.421554, "K 100": 1.421554, "K 1000": 1.421554, "All Frontier Nodes": 1.421554, "Lookahead": 9 }