{ "K 1": 2.006271, "K 10": 2.006271, "K 100": 2.006271, "K 1000": 2.006271, "All Frontier Nodes": 2.006271, "Lookahead": 9 }