{ "K 1": 2.404360, "K 3": 2.404360, "K 5": 2.404360, "K 7": 2.404360, "All Frontier Nodes": 2.404360, "Lookahead": 9 }