{ "K 1": 3.502476, "K 10": 3.502476, "K 100": 3.502476, "K 1000": 3.502476, "All Frontier Nodes": 3.502476, "Lookahead": 9 }