{ "K 1": 2.085588, "K 3": 2.085588, "K 5": 2.085588, "K 7": 2.085588, "All Frontier Nodes": 2.085588, "Lookahead": 9 }