{ "K 1": 2.712306, "K 3": 2.712306, "K 5": 2.712306, "K 7": 2.712306, "All Frontier Nodes": 2.712306, "Lookahead": 9 }