{ "K 1": 1.726452, "K 10": 1.726452, "K 100": 1.726452, "K 1000": 1.726452, "All Frontier Nodes": 1.726452, "Lookahead": 9 }