{ "K-Best 1 Pemberton Belief": 3.124992, "K-Best 3 Pemberton Belief": 3.124992, "K-Best 5 Pemberton Belief": 3.124992, "K-Best 7 Pemberton Belief": 3.124992, "Cserna Pemberton Belief": 3.124992, "K-Best 1": 3.124992, "K-Best 3": 3.124992, "K-Best 5": 3.124992, "K-Best 7": 3.124992, "Cserna": 3.124992, "Bellman": 3.124992, "Minimin": 3.124992, "Nancy": 3.124992, "Lookahead": 9 }