{ "K 1": 2.394142, "K 3": 2.394142, "K 5": 2.394142, "K 7": 2.394142, "All Frontier Nodes": 2.394142, "Lookahead": 9 }