{ "K 1": 3.139191, "K 3": 3.139191, "K 5": 3.139191, "K 7": 3.139191, "All Frontier Nodes": 3.139191, "Lookahead": 9 }