{ "K 1": 2.849927, "K 3": 2.849927, "K 5": 2.849927, "K 7": 2.849927, "All Frontier Nodes": 2.849927, "Lookahead": 9 }