{ "K 1": 1.891425, "K 10": 1.840983, "K 100": 1.840983, "K 1000": 1.840983, "All Frontier Nodes": 1.840983, "Lookahead": 9 }