{ "K 1": 2.455420, "K 3": 2.455420, "K 5": 2.455420, "K 7": 2.455420, "All Frontier Nodes": 2.455420, "Lookahead": 9 }