{ "K-Best 1 Pemberton Belief": 3.220614, "K-Best 3 Pemberton Belief": 3.220614, "K-Best 5 Pemberton Belief": 3.220614, "K-Best 7 Pemberton Belief": 3.220614, "Cserna Pemberton Belief": 3.220614, "K-Best 1": 3.220614, "K-Best 3": 3.220614, "K-Best 5": 3.220614, "K-Best 7": 3.220614, "Cserna": 3.220614, "Bellman": 3.220614, "Minimin": 3.220614, "Nancy": 3.220614, "Lookahead": 9 }