{ "K 1": 2.440357, "K 3": 2.440357, "K 5": 2.440357, "K 7": 2.440357, "All Frontier Nodes": 2.440357, "Lookahead": 9 }