{ "K 1": 2.076661, "K 10": 2.076661, "K 100": 2.076661, "K 1000": 2.076661, "All Frontier Nodes": 2.076661, "Lookahead": 9 }