{ "K 1": 2.037076, "K 10": 2.037076, "K 100": 2.037076, "K 1000": 2.037076, "All Frontier Nodes": 2.037076, "Lookahead": 9 }