{ "K 1": 2.122870, "K 3": 2.122870, "K 5": 2.122870, "K 7": 2.122870, "All Frontier Nodes": 2.122870, "Lookahead": 9 }