{ "K 1": 2.351814, "K 3": 2.351814, "K 5": 2.351814, "K 7": 2.351814, "All Frontier Nodes": 2.351814, "Lookahead": 9 }