{ "K 1": 2.115213, "K 3": 2.115213, "K 5": 2.115213, "K 7": 2.115213, "All Frontier Nodes": 2.115213, "Lookahead": 9 }