{ "K 1": 2.301300, "K 10": 2.301300, "K 100": 2.301300, "K 1000": 2.301300, "All Frontier Nodes": 2.301300, "Lookahead": 9 }