{ "K 1": 2.636980, "K 3": 2.636980, "K 5": 2.636980, "K 7": 2.636980, "All Frontier Nodes": 2.636980, "Lookahead": 9 }