{ "K 1": 2.719608, "K 3": 2.719608, "K 5": 2.719608, "K 7": 2.719608, "All Frontier Nodes": 2.719608, "Lookahead": 9 }