{ "K 1": 2.772296, "K 10": 2.772296, "K 100": 2.772296, "K 1000": 2.772296, "All Frontier Nodes": 2.772296, "Lookahead": 9 }