{ "K 1": 3.240908, "K 10": 3.240908, "K 100": 3.240908, "K 1000": 3.240908, "All Frontier Nodes": 3.240908, "Lookahead": 9 }