{ "K 1": 3.014827, "K 10": 3.014827, "K 100": 3.014827, "K 1000": 3.014827, "All Frontier Nodes": 3.014827, "Lookahead": 9 }