{ "K 1": 3.009454, "K 10": 3.009454, "K 100": 3.009454, "K 1000": 3.009454, "All Frontier Nodes": 3.009454, "Lookahead": 9 }