{ "K 1": 2.259844, "K 10": 2.259844, "K 100": 2.259844, "K 1000": 2.259844, "All Frontier Nodes": 2.259844, "Lookahead": 9 }