{ "K 1": 2.284850, "K 10": 2.284850, "K 100": 2.284850, "K 1000": 2.284850, "All Frontier Nodes": 2.284850, "Lookahead": 9 }