{ "K 1": 1.889763, "K 10": 1.889763, "K 100": 1.889763, "K 1000": 1.889763, "All Frontier Nodes": 1.889763, "Lookahead": 9 }