{ "K 1": 2.625209, "K 10": 2.625209, "K 100": 2.625209, "K 1000": 2.625209, "All Frontier Nodes": 2.625209, "Lookahead": 9 }