{ "K 1": 2.277852, "K 3": 2.277852, "K 5": 2.277852, "K 7": 2.277852, "All Frontier Nodes": 2.277852, "Lookahead": 9 }