{ "K 1": 2.402972, "K 10": 2.402972, "K 100": 2.402972, "K 1000": 2.402972, "All Frontier Nodes": 2.402972, "Lookahead": 9 }