{ "K 1": 2.300997, "K 3": 2.300997, "K 5": 2.300997, "K 7": 2.300997, "All Frontier Nodes": 2.300997, "Lookahead": 9 }