{ "K 1": 2.294593, "K 10": 2.294593, "K 100": 2.294593, "K 1000": 2.294593, "All Frontier Nodes": 2.294593, "Lookahead": 9 }