{ "K 1": 2.781766, "K 10": 2.781766, "K 100": 2.781766, "K 1000": 2.781766, "All Frontier Nodes": 2.781766, "Lookahead": 9 }