{ "K 1": 2.369809, "K 3": 2.369809, "K 5": 2.369809, "K 7": 2.369809, "All Frontier Nodes": 2.369809, "Lookahead": 9 }