{ "K 1": 2.426552, "K 10": 2.426552, "K 100": 2.426552, "K 1000": 2.426552, "All Frontier Nodes": 2.426552, "Lookahead": 9 }