{ "K 1": 2.551286, "K 3": 2.551286, "K 5": 2.551286, "K 7": 2.551286, "All Frontier Nodes": 2.551286, "Lookahead": 9 }