{ "K-Best 1 Pemberton Belief": 2.040892, "K-Best 3 Pemberton Belief": 2.040892, "K-Best 5 Pemberton Belief": 2.040892, "K-Best 7 Pemberton Belief": 2.040892, "Cserna Pemberton Belief": 2.040892, "K-Best 1": 2.040892, "K-Best 3": 2.040892, "K-Best 5": 2.040892, "K-Best 7": 2.040892, "Cserna": 2.040892, "Bellman": 2.040892, "Minimin": 2.040892, "Nancy": 2.040892, "Lookahead": 9 }