{ "K 1": 2.793959, "K 3": 2.793959, "K 5": 2.793959, "K 7": 2.793959, "All Frontier Nodes": 2.793959, "Lookahead": 9 }