{ "K 1": 2.699135, "K 3": 2.699135, "K 5": 2.699135, "K 7": 2.699135, "All Frontier Nodes": 2.699135, "Lookahead": 9 }