{ "K 1": 1.234698, "K 3": 1.234698, "K 5": 1.234698, "K 7": 1.234698, "All Frontier Nodes": 1.234698, "Lookahead": 9 }