{ "K 1": 2.006255, "K 3": 2.006255, "K 5": 2.006255, "K 7": 2.006255, "All Frontier Nodes": 2.006255, "Lookahead": 9 }