{ "K 1": 2.743624, "K 3": 2.743624, "K 5": 2.743624, "K 7": 2.743624, "All Frontier Nodes": 2.743624, "Lookahead": 9 }