{ "K-Best 1 Pemberton Belief": 2.342510, "K-Best 3 Pemberton Belief": 2.342510, "K-Best 5 Pemberton Belief": 2.342510, "K-Best 7 Pemberton Belief": 2.342510, "Cserna Pemberton Belief": 2.342510, "K-Best 1": 2.342510, "K-Best 3": 2.342510, "K-Best 5": 2.342510, "K-Best 7": 2.342510, "Cserna": 2.342510, "Bellman": 2.342510, "Minimin": 2.342510, "Nancy": 2.342510, "Lookahead": 9 }