{ "K 1": 1.922965, "K 10": 1.922965, "K 100": 1.922965, "K 1000": 1.922965, "All Frontier Nodes": 1.922965, "Lookahead": 9 }