{ "K 1": 2.098415, "K 10": 2.098415, "K 100": 2.098415, "K 1000": 2.098415, "All Frontier Nodes": 2.098415, "Lookahead": 9 }