{ "K-Best 1 Pemberton Belief": 2.943788, "K-Best 3 Pemberton Belief": 2.943788, "K-Best 5 Pemberton Belief": 2.943788, "K-Best 7 Pemberton Belief": 2.943788, "Cserna Pemberton Belief": 2.943788, "K-Best 1": 2.943788, "K-Best 3": 2.943788, "K-Best 5": 2.943788, "K-Best 7": 2.943788, "Cserna": 2.943788, "Bellman": 2.943788, "Minimin": 2.943788, "Nancy": 2.943788, "Lookahead": 9 }