{ "K 1": 2.286952, "K 10": 2.286952, "K 100": 2.286952, "K 1000": 2.286952, "All Frontier Nodes": 2.286952, "Lookahead": 9 }