{ "K 1": 3.097916, "K 10": 3.097916, "K 100": 3.097916, "K 1000": 3.097916, "All Frontier Nodes": 3.097916, "Lookahead": 9 }