{ "K 1": 2.219672, "K 3": 2.219672, "K 5": 2.219672, "K 7": 2.219672, "All Frontier Nodes": 2.219672, "Lookahead": 9 }