{ "K 1": 2.326234, "K 3": 2.326234, "K 5": 2.326234, "K 7": 2.326234, "All Frontier Nodes": 2.326234, "Lookahead": 9 }