{ "K 1": 3.318569, "K 3": 3.318569, "K 5": 3.318569, "K 7": 3.318569, "All Frontier Nodes": 3.318569, "Lookahead": 9 }