{ "K 1": 2.180014, "K 10": 2.180014, "K 100": 2.180014, "K 1000": 2.180014, "All Frontier Nodes": 2.180014, "Lookahead": 9 }