{ "K 1": 1.627839, "K 3": 1.627839, "K 5": 1.627839, "K 7": 1.627839, "All Frontier Nodes": 1.627839, "Lookahead": 9 }