{ "K 1": 2.570752, "K 3": 2.570752, "K 5": 2.570752, "K 7": 2.570752, "All Frontier Nodes": 2.570752, "Lookahead": 9 }