{ "K 1": 3.034229, "K 3": 3.034229, "K 5": 3.034229, "K 7": 3.034229, "All Frontier Nodes": 3.034229, "Lookahead": 9 }