{ "K 1": 2.037935, "K 3": 2.037935, "K 5": 2.037935, "K 7": 2.037935, "All Frontier Nodes": 2.037935, "Lookahead": 9 }