{ "K 1": 2.639353, "K 10": 2.639353, "K 100": 2.639353, "K 1000": 2.639353, "All Frontier Nodes": 2.639353, "Lookahead": 9 }