{ "K 1": 3.041536, "K 3": 3.041536, "K 5": 3.041536, "K 7": 3.041536, "All Frontier Nodes": 3.041536, "Lookahead": 9 }