{ "K 1": 2.896419, "K 3": 2.896419, "K 5": 2.896419, "K 7": 2.896419, "All Frontier Nodes": 2.896419, "Lookahead": 9 }