{ "K 1": 2.888464, "K 3": 2.888464, "K 5": 2.888464, "K 7": 2.888464, "All Frontier Nodes": 2.888464, "Lookahead": 9 }