{ "K 1": 2.538648, "K 10": 2.538648, "K 100": 2.538648, "K 1000": 2.538648, "All Frontier Nodes": 2.538648, "Lookahead": 9 }