{ "K 1": 2.162714, "K 10": 2.162714, "K 100": 2.162714, "K 1000": 2.162714, "All Frontier Nodes": 2.162714, "Lookahead": 9 }