{ "K 1": 2.140551, "K 10": 2.140551, "K 100": 2.140551, "K 1000": 2.140551, "All Frontier Nodes": 2.140551, "Lookahead": 9 }