{ "K 1": 2.448458, "K 3": 2.448458, "K 5": 2.448458, "K 7": 2.448458, "All Frontier Nodes": 2.448458, "Lookahead": 9 }