{ "K 1": 2.167690, "K 3": 2.167690, "K 5": 2.167690, "K 7": 2.167690, "All Frontier Nodes": 2.167690, "Lookahead": 9 }