{ "K-Best 1 Pemberton Belief": 1.810157, "K-Best 3 Pemberton Belief": 1.810157, "K-Best 5 Pemberton Belief": 1.810157, "K-Best 7 Pemberton Belief": 1.810157, "Cserna Pemberton Belief": 1.810157, "K-Best 1": 1.810157, "K-Best 3": 1.810157, "K-Best 5": 1.810157, "K-Best 7": 1.810157, "Cserna": 1.810157, "Bellman": 1.810157, "Minimin": 1.810157, "Nancy": 1.810157, "Lookahead": 9 }