{ "K 1": 1.756321, "K 3": 1.756321, "K 5": 1.756321, "K 7": 1.756321, "All Frontier Nodes": 1.756321, "Lookahead": 9 }