{ "K 1": 2.066599, "K 10": 2.066599, "K 100": 2.066599, "K 1000": 2.066599, "All Frontier Nodes": 2.066599, "Lookahead": 9 }