{ "K 1": 2.180191, "K 3": 2.180191, "K 5": 2.180191, "K 7": 2.180191, "All Frontier Nodes": 2.180191, "Lookahead": 9 }