{ "K 1": 3.048441, "K 10": 3.048441, "K 100": 3.048441, "K 1000": 3.048441, "All Frontier Nodes": 3.048441, "Lookahead": 9 }