{ "K 1": 2.069492, "K 3": 2.069492, "K 5": 2.069492, "K 7": 2.069492, "All Frontier Nodes": 2.069492, "Lookahead": 9 }