{ "K 1": 2.563780, "K 10": 2.384112, "K 100": 2.384112, "K 1000": 2.384112, "All Frontier Nodes": 2.384112, "Lookahead": 9 }