{ "K 1": 3.127851, "K 3": 3.127851, "K 5": 3.127851, "K 7": 3.127851, "All Frontier Nodes": 3.127851, "Lookahead": 9 }