{ "K 1": 2.823516, "K 10": 2.823516, "K 100": 2.823516, "K 1000": 2.823516, "All Frontier Nodes": 2.823516, "Lookahead": 9 }