{ "K 1": 2.974116, "K 10": 2.974116, "K 100": 2.974116, "K 1000": 2.974116, "All Frontier Nodes": 2.974116, "Lookahead": 9 }