{ "K 1": 1.913807, "K 3": 1.913807, "K 5": 1.913807, "K 7": 1.913807, "All Frontier Nodes": 1.913807, "Lookahead": 9 }