{ "K 1": 1.710974, "K 3": 1.710974, "K 5": 1.710974, "K 7": 1.710974, "All Frontier Nodes": 1.710974, "Lookahead": 9 }