{ "K 1": 3.025765, "K 10": 3.025765, "K 100": 3.025765, "K 1000": 3.025765, "All Frontier Nodes": 3.025765, "Lookahead": 9 }