{ "K-Best 1 Pemberton Belief": 2.168320, "K-Best 3 Pemberton Belief": 2.168320, "K-Best 5 Pemberton Belief": 2.168320, "K-Best 7 Pemberton Belief": 2.168320, "Cserna Pemberton Belief": 2.168320, "K-Best 1": 2.168320, "K-Best 3": 2.168320, "K-Best 5": 2.168320, "K-Best 7": 2.168320, "Cserna": 2.168320, "Bellman": 2.168320, "Minimin": 2.168320, "Nancy": 2.168320, "Lookahead": 9 }