{ "K 1": 2.566378, "K 10": 2.566378, "K 100": 2.566378, "K 1000": 2.566378, "All Frontier Nodes": 2.566378, "Lookahead": 9 }