{ "K 1": 1.831461, "K 3": 1.831461, "K 5": 1.831461, "K 7": 1.831461, "All Frontier Nodes": 1.831461, "Lookahead": 9 }