{ "K 1": 2.901020, "K 10": 2.901020, "K 100": 2.901020, "K 1000": 2.901020, "All Frontier Nodes": 2.901020, "Lookahead": 9 }