{ "K 1": 2.407757, "K 10": 2.407757, "K 100": 2.407757, "K 1000": 2.407757, "All Frontier Nodes": 2.407757, "Lookahead": 9 }