{ "K 1": 1.895892, "K 3": 1.895892, "K 5": 1.895892, "K 7": 1.895892, "All Frontier Nodes": 1.895892, "Lookahead": 9 }