{ "K 1": 3.018246, "K 3": 3.018246, "K 5": 3.018246, "K 7": 3.018246, "All Frontier Nodes": 3.018246, "Lookahead": 9 }