{ "K 1": 2.112087, "K 3": 2.112087, "K 5": 2.112087, "K 7": 2.112087, "All Frontier Nodes": 2.112087, "Lookahead": 9 }