{ "K 1": 1.845818, "K 3": 1.845818, "K 5": 1.845818, "K 7": 1.845818, "All Frontier Nodes": 1.845818, "Lookahead": 9 }