{ "K 1": 2.825912, "K 3": 2.825912, "K 5": 2.825912, "K 7": 2.825912, "All Frontier Nodes": 2.825912, "Lookahead": 9 }