{ "K 1": 2.645479, "K 10": 2.645479, "K 100": 2.645479, "K 1000": 2.645479, "All Frontier Nodes": 2.645479, "Lookahead": 9 }