{ "K 1": 2.166248, "K 3": 2.166248, "K 5": 2.166248, "K 7": 2.166248, "All Frontier Nodes": 2.166248, "Lookahead": 9 }