{ "K 1": 3.135533, "K 3": 3.135533, "K 5": 3.135533, "K 7": 3.135533, "All Frontier Nodes": 3.135533, "Lookahead": 9 }