{ "K 1": 2.332245, "K 10": 2.332245, "K 100": 2.332245, "K 1000": 2.332245, "All Frontier Nodes": 2.332245, "Lookahead": 9 }