{ "K 1": 2.275681, "K 10": 2.275681, "K 100": 2.275681, "K 1000": 2.275681, "All Frontier Nodes": 2.275681, "Lookahead": 9 }