{ "K 1": 2.508954, "K 3": 2.508954, "K 5": 2.508954, "K 7": 2.508954, "All Frontier Nodes": 2.508954, "Lookahead": 9 }