{ "K 1": 2.457341, "K 10": 2.457341, "K 100": 2.457341, "K 1000": 2.457341, "All Frontier Nodes": 2.457341, "Lookahead": 9 }