{ "K 1": 3.563914, "K 3": 3.563914, "K 5": 3.563914, "K 7": 3.563914, "All Frontier Nodes": 3.563914, "Lookahead": 9 }