{ "K 1": 2.169704, "K 10": 2.169704, "K 100": 2.169704, "K 1000": 2.169704, "All Frontier Nodes": 2.169704, "Lookahead": 9 }