{ "K 1": 1.830484, "K 3": 1.830484, "K 5": 1.830484, "K 7": 1.830484, "All Frontier Nodes": 1.830484, "Lookahead": 9 }