{ "K 1": 2.229767, "K 3": 2.229767, "K 5": 2.229767, "K 7": 2.229767, "All Frontier Nodes": 2.229767, "Lookahead": 9 }