{ "K 1": 3.035161, "K 10": 3.035161, "K 100": 3.035161, "K 1000": 3.035161, "All Frontier Nodes": 3.035161, "Lookahead": 9 }