{ "K 1": 2.434779, "K 3": 2.434779, "K 5": 2.434779, "K 7": 2.434779, "All Frontier Nodes": 2.434779, "Lookahead": 9 }