{ "K 1": 2.384860, "K 10": 2.384860, "K 100": 2.384860, "K 1000": 2.384860, "All Frontier Nodes": 2.384860, "Lookahead": 9 }