{ "K 1": 2.764723, "K 3": 2.725992, "K 5": 2.725992, "K 7": 2.725992, "All Frontier Nodes": 2.725992, "Lookahead": 9 }