{ "K-Best 1 Pemberton Belief": 2.723351, "K-Best 3 Pemberton Belief": 2.723351, "K-Best 5 Pemberton Belief": 2.723351, "K-Best 7 Pemberton Belief": 2.723351, "Cserna Pemberton Belief": 2.723351, "K-Best 1": 2.723351, "K-Best 3": 2.723351, "K-Best 5": 2.723351, "K-Best 7": 2.723351, "Cserna": 2.723351, "Bellman": 2.723351, "Minimin": 2.723351, "Nancy": 2.723351, "Lookahead": 9 }