{ "K 1": 1.919817, "K 10": 1.919817, "K 100": 1.919817, "K 1000": 1.919817, "All Frontier Nodes": 1.919817, "Lookahead": 9 }