{ "K 1": 3.196843, "K 10": 3.196843, "K 100": 3.196843, "K 1000": 3.196843, "All Frontier Nodes": 3.196843, "Lookahead": 9 }