{ "K 1": 2.710220, "K 10": 2.710220, "K 100": 2.710220, "K 1000": 2.710220, "All Frontier Nodes": 2.710220, "Lookahead": 9 }