{ "K 1": 2.151723, "K 3": 2.151723, "K 5": 2.151723, "K 7": 2.151723, "All Frontier Nodes": 2.151723, "Lookahead": 9 }