{ "K 1": 2.449741, "K 3": 2.449741, "K 5": 2.449741, "K 7": 2.449741, "All Frontier Nodes": 2.449741, "Lookahead": 9 }