{ "K 1": 2.373957, "K 3": 2.373957, "K 5": 2.373957, "K 7": 2.373957, "All Frontier Nodes": 2.373957, "Lookahead": 9 }