{ "K 1": 3.255224, "K 3": 3.255224, "K 5": 3.255224, "K 7": 3.255224, "All Frontier Nodes": 3.255224, "Lookahead": 9 }