{ "K 1": 3.284102, "K 10": 3.284102, "K 100": 3.284102, "K 1000": 3.284102, "All Frontier Nodes": 3.284102, "Lookahead": 9 }