{ "K 1": 2.993003, "K 10": 2.993003, "K 100": 2.993003, "K 1000": 2.993003, "All Frontier Nodes": 2.993003, "Lookahead": 9 }