{ "K 1": 2.144417, "K 3": 2.144417, "K 5": 2.144417, "K 7": 2.144417, "All Frontier Nodes": 2.144417, "Lookahead": 9 }