{ "K 1": 2.126061, "K 10": 2.126061, "K 100": 2.126061, "K 1000": 2.126061, "All Frontier Nodes": 2.126061, "Lookahead": 9 }