{ "K 1": 2.583591, "K 3": 2.583591, "K 5": 2.583591, "K 7": 2.583591, "All Frontier Nodes": 2.583591, "Lookahead": 9 }