{ "K-Best 1 Pemberton Belief": 1.940390, "K-Best 3 Pemberton Belief": 1.940390, "K-Best 5 Pemberton Belief": 1.940390, "K-Best 7 Pemberton Belief": 1.940390, "Cserna Pemberton Belief": 1.940390, "K-Best 1": 1.940390, "K-Best 3": 1.940390, "K-Best 5": 1.940390, "K-Best 7": 1.940390, "Cserna": 1.940390, "Bellman": 1.940390, "Minimin": 1.940390, "Nancy": 1.940390, "Lookahead": 9 }