{ "K 1": 1.784706, "K 3": 1.784706, "K 5": 1.784706, "K 7": 1.784706, "All Frontier Nodes": 1.784706, "Lookahead": 9 }