{ "K 1": 2.186177, "K 10": 2.186177, "K 100": 2.186177, "K 1000": 2.186177, "All Frontier Nodes": 2.186177, "Lookahead": 9 }