{ "K 1": 2.227775, "K 3": 2.227775, "K 5": 2.227775, "K 7": 2.227775, "All Frontier Nodes": 2.227775, "Lookahead": 9 }