{ "K 1": 2.130692, "K 3": 2.130692, "K 5": 2.130692, "K 7": 2.130692, "All Frontier Nodes": 2.130692, "Lookahead": 9 }