{ "K 1": 2.843858, "K 10": 2.843858, "K 100": 2.843858, "K 1000": 2.843858, "All Frontier Nodes": 2.843858, "Lookahead": 9 }