{ "K-Best 1 Pemberton Belief": 3.229142, "K-Best 3 Pemberton Belief": 3.229142, "K-Best 5 Pemberton Belief": 3.229142, "K-Best 7 Pemberton Belief": 3.229142, "Cserna Pemberton Belief": 3.229142, "K-Best 1": 3.229142, "K-Best 3": 3.229142, "K-Best 5": 3.229142, "K-Best 7": 3.229142, "Cserna": 3.229142, "Bellman": 3.229142, "Minimin": 3.229142, "Nancy": 3.229142, "Lookahead": 9 }