{ "K 1": 2.926772, "K 10": 2.926772, "K 100": 2.926772, "K 1000": 2.926772, "All Frontier Nodes": 2.926772, "Lookahead": 9 }