{ "K 1": 2.816327, "K 10": 2.816327, "K 100": 2.816327, "K 1000": 2.816327, "All Frontier Nodes": 2.816327, "Lookahead": 9 }