{ "K 1": 2.549935, "K 3": 2.549935, "K 5": 2.549935, "K 7": 2.549935, "All Frontier Nodes": 2.549935, "Lookahead": 9 }