{ "K 1": 3.159263, "K 10": 3.159263, "K 100": 3.159263, "K 1000": 3.159263, "All Frontier Nodes": 3.159263, "Lookahead": 9 }