{ "K 1": 2.390856, "K 10": 2.390856, "K 100": 2.390856, "K 1000": 2.390856, "All Frontier Nodes": 2.390856, "Lookahead": 9 }