{ "K 1": 2.340221, "K 3": 2.340221, "K 5": 2.340221, "K 7": 2.340221, "All Frontier Nodes": 2.340221, "Lookahead": 9 }