{ "K 1": 2.308738, "K 3": 2.308738, "K 5": 2.308738, "K 7": 2.308738, "All Frontier Nodes": 2.308738, "Lookahead": 9 }