{ "K 1": 2.506114, "K 3": 2.506114, "K 5": 2.506114, "K 7": 2.506114, "All Frontier Nodes": 2.506114, "Lookahead": 9 }