{ "K-Best 1 Pemberton Belief": 2.003281, "K-Best 3 Pemberton Belief": 2.003281, "K-Best 5 Pemberton Belief": 2.003281, "K-Best 7 Pemberton Belief": 2.003281, "Cserna Pemberton Belief": 2.003281, "K-Best 1": 2.003281, "K-Best 3": 2.003281, "K-Best 5": 2.003281, "K-Best 7": 2.003281, "Cserna": 2.003281, "Bellman": 2.003281, "Minimin": 2.003281, "Nancy": 2.003281, "Lookahead": 9 }