{ "K 1": 1.889868, "K 10": 1.889868, "K 100": 1.889868, "K 1000": 1.889868, "All Frontier Nodes": 1.889868, "Lookahead": 9 }