{ "K-Best 1 Pemberton Belief": 2.628831, "K-Best 3 Pemberton Belief": 2.628831, "K-Best 5 Pemberton Belief": 2.628831, "K-Best 7 Pemberton Belief": 2.628831, "Cserna Pemberton Belief": 2.628831, "K-Best 1": 2.628831, "K-Best 3": 2.628831, "K-Best 5": 2.628831, "K-Best 7": 2.628831, "Cserna": 2.628831, "Bellman": 2.628831, "Minimin": 2.628831, "Nancy": 2.628831, "Lookahead": 9 }