{ "K 1": 2.856280, "K 10": 2.856280, "K 100": 2.856280, "K 1000": 2.856280, "All Frontier Nodes": 2.856280, "Lookahead": 9 }