{ "K 1": 2.113499, "K 3": 2.113499, "K 5": 2.113499, "K 7": 2.113499, "All Frontier Nodes": 2.113499, "Lookahead": 9 }