{ "K-Best 1 Pemberton Belief": 2.678298, "K-Best 3 Pemberton Belief": 2.678298, "K-Best 5 Pemberton Belief": 2.678298, "K-Best 7 Pemberton Belief": 2.678298, "Cserna Pemberton Belief": 2.678298, "K-Best 1": 2.678298, "K-Best 3": 2.678298, "K-Best 5": 2.678298, "K-Best 7": 2.678298, "Cserna": 2.678298, "Bellman": 2.678298, "Minimin": 2.678298, "Nancy": 2.678298, "Lookahead": 9 }