{ "K 1": 2.254101, "K 3": 2.254101, "K 5": 2.254101, "K 7": 2.254101, "All Frontier Nodes": 2.254101, "Lookahead": 9 }