{ "K 1": 2.988001, "K 3": 2.988001, "K 5": 2.988001, "K 7": 2.988001, "All Frontier Nodes": 2.988001, "Lookahead": 9 }