{ "K 1": 2.838533, "K 3": 2.838533, "K 5": 2.838533, "K 7": 2.838533, "All Frontier Nodes": 2.838533, "Lookahead": 9 }