{ "K 1": 2.758826, "K 10": 2.758826, "K 100": 2.758826, "K 1000": 2.758826, "All Frontier Nodes": 2.758826, "Lookahead": 9 }