{ "K 1": 2.357507, "K 3": 2.357507, "K 5": 2.357507, "K 7": 2.357507, "All Frontier Nodes": 2.357507, "Lookahead": 9 }