{ "K-Best 1 Pemberton Belief": 1.854468, "K-Best 3 Pemberton Belief": 1.854468, "K-Best 5 Pemberton Belief": 1.854468, "K-Best 7 Pemberton Belief": 1.854468, "Cserna Pemberton Belief": 1.854468, "K-Best 1": 1.854468, "K-Best 3": 1.854468, "K-Best 5": 1.854468, "K-Best 7": 1.854468, "Cserna": 1.854468, "Bellman": 1.854468, "Minimin": 1.854468, "Nancy": 1.854468, "Lookahead": 9 }