{ "K 1": 2.805602, "K 10": 2.805602, "K 100": 2.805602, "K 1000": 2.805602, "All Frontier Nodes": 2.805602, "Lookahead": 9 }