{ "K 1": 2.230085, "K 3": 2.230085, "K 5": 2.230085, "K 7": 2.230085, "All Frontier Nodes": 2.230085, "Lookahead": 9 }