{ "K 1": 2.470913, "K 3": 2.470913, "K 5": 2.470913, "K 7": 2.470913, "All Frontier Nodes": 2.470913, "Lookahead": 9 }