{ "K 1": 2.613037, "K 3": 2.613037, "K 5": 2.613037, "K 7": 2.613037, "All Frontier Nodes": 2.613037, "Lookahead": 9 }