{ "K 1": 3.250541, "K 3": 3.250541, "K 5": 3.250541, "K 7": 3.250541, "All Frontier Nodes": 3.250541, "Lookahead": 9 }