{ "K 1": 2.908200, "K 3": 2.908200, "K 5": 2.908200, "K 7": 2.908200, "All Frontier Nodes": 2.908200, "Lookahead": 9 }