{ "K 1": 2.564104, "K 3": 2.564104, "K 5": 2.564104, "K 7": 2.564104, "All Frontier Nodes": 2.564104, "Lookahead": 9 }