{ "K 1": 2.513477, "K 3": 2.513477, "K 5": 2.513477, "K 7": 2.513477, "All Frontier Nodes": 2.513477, "Lookahead": 9 }