{ "K 1": 2.093207, "K 3": 2.093207, "K 5": 2.093207, "K 7": 2.093207, "All Frontier Nodes": 2.093207, "Lookahead": 9 }