{ "K 1": 2.076425, "K 3": 2.076425, "K 5": 2.076425, "K 7": 2.076425, "All Frontier Nodes": 2.076425, "Lookahead": 9 }