{ "K 1": 2.320621, "K 3": 2.320621, "K 5": 2.320621, "K 7": 2.320621, "All Frontier Nodes": 2.320621, "Lookahead": 9 }