{ "K 1": 2.455220, "K 3": 2.455220, "K 5": 2.455220, "K 7": 2.455220, "All Frontier Nodes": 2.455220, "Lookahead": 9 }