{ "K 1": 1.775388, "K 10": 1.775388, "K 100": 1.775388, "K 1000": 1.775388, "All Frontier Nodes": 1.775388, "Lookahead": 9 }