{ "K 1": 2.573341, "K 3": 2.573341, "K 5": 2.573341, "K 7": 2.573341, "All Frontier Nodes": 2.573341, "Lookahead": 9 }