{ "K 1": 2.278633, "K 10": 2.278633, "K 100": 2.278633, "K 1000": 2.278633, "All Frontier Nodes": 2.278633, "Lookahead": 9 }