{ "K 1": 2.746164, "K 10": 2.746164, "K 100": 2.746164, "K 1000": 2.746164, "All Frontier Nodes": 2.746164, "Lookahead": 9 }