{ "K 1": 1.966349, "K 10": 1.966349, "K 100": 1.966349, "K 1000": 1.966349, "All Frontier Nodes": 1.966349, "Lookahead": 9 }