{ "K 1": 2.574522, "K 3": 2.574522, "K 5": 2.574522, "K 7": 2.574522, "All Frontier Nodes": 2.574522, "Lookahead": 9 }