{ "K 1": 2.486760, "K 10": 2.486760, "K 100": 2.486760, "K 1000": 2.486760, "All Frontier Nodes": 2.486760, "Lookahead": 9 }