{ "K 1": 2.546641, "K 10": 2.546641, "K 100": 2.546641, "K 1000": 2.546641, "All Frontier Nodes": 2.546641, "Lookahead": 9 }