{ "K 1": 2.913759, "K 3": 2.913759, "K 5": 2.913759, "K 7": 2.913759, "All Frontier Nodes": 2.913759, "Lookahead": 9 }