{ "K 1": 2.565317, "K 10": 2.565317, "K 100": 2.565317, "K 1000": 2.565317, "All Frontier Nodes": 2.565317, "Lookahead": 9 }