{ "K 1": 2.651002, "K 3": 2.651002, "K 5": 2.651002, "K 7": 2.651002, "All Frontier Nodes": 2.651002, "Lookahead": 9 }