{ "K 1": 2.423713, "K 3": 2.423713, "K 5": 2.423713, "K 7": 2.423713, "All Frontier Nodes": 2.423713, "Lookahead": 9 }