{ "K 1": 2.438480, "K 10": 2.438480, "K 100": 2.438480, "K 1000": 2.438480, "All Frontier Nodes": 2.438480, "Lookahead": 9 }