{ "K 1": 2.889787, "K 3": 2.889787, "K 5": 2.889787, "K 7": 2.889787, "All Frontier Nodes": 2.889787, "Lookahead": 9 }