{ "K 1": 2.767428, "K 10": 2.767428, "K 100": 2.767428, "K 1000": 2.767428, "All Frontier Nodes": 2.767428, "Lookahead": 9 }