{ "K 1": 3.246787, "K 3": 3.246787, "K 5": 3.246787, "K 7": 3.246787, "All Frontier Nodes": 3.246787, "Lookahead": 9 }