{ "K 1": 2.631654, "K 10": 2.631654, "K 100": 2.631654, "K 1000": 2.631654, "All Frontier Nodes": 2.631654, "Lookahead": 9 }