{ "K 1": 2.822956, "K 3": 2.822956, "K 5": 2.822956, "K 7": 2.822956, "All Frontier Nodes": 2.822956, "Lookahead": 9 }