{ "K 1": 2.600125, "K 10": 2.600125, "K 100": 2.600125, "K 1000": 2.600125, "All Frontier Nodes": 2.600125, "Lookahead": 9 }