{ "K 1": 2.252437, "K 3": 2.252437, "K 5": 2.252437, "K 7": 2.252437, "All Frontier Nodes": 2.252437, "Lookahead": 9 }