{ "K 1": 2.494816, "K 3": 2.494816, "K 5": 2.494816, "K 7": 2.494816, "All Frontier Nodes": 2.494816, "Lookahead": 9 }