{ "K 1": 2.131795, "K 3": 2.131795, "K 5": 2.131795, "K 7": 2.131795, "All Frontier Nodes": 2.131795, "Lookahead": 9 }