{ "K 1": 2.312658, "K 10": 2.312658, "K 100": 2.312658, "K 1000": 2.312658, "All Frontier Nodes": 2.312658, "Lookahead": 9 }