{ "K 1": 3.020707, "K 10": 3.020707, "K 100": 3.020707, "K 1000": 3.020707, "All Frontier Nodes": 3.020707, "Lookahead": 9 }