{ "K 1": 2.819070, "K 3": 2.819070, "K 5": 2.819070, "K 7": 2.819070, "All Frontier Nodes": 2.819070, "Lookahead": 9 }