{ "K 1": 1.414422, "K 3": 1.414422, "K 5": 1.414422, "K 7": 1.414422, "All Frontier Nodes": 1.414422, "Lookahead": 9 }