{ "K-Best 1 Pemberton Belief": 1.235005, "K-Best 3 Pemberton Belief": 1.235005, "K-Best 5 Pemberton Belief": 1.235005, "K-Best 7 Pemberton Belief": 1.235005, "Cserna Pemberton Belief": 1.235005, "K-Best 1": 1.235005, "K-Best 3": 1.235005, "K-Best 5": 1.235005, "K-Best 7": 1.235005, "Cserna": 1.235005, "Bellman": 1.235005, "Minimin": 1.235005, "Nancy": 1.235005, "Lookahead": 9 }