{ "K 1": 2.257608, "K 3": 2.257608, "K 5": 2.257608, "K 7": 2.257608, "All Frontier Nodes": 2.257608, "Lookahead": 9 }