{ "K 1": 2.600238, "K 10": 2.600238, "K 100": 2.600238, "K 1000": 2.600238, "All Frontier Nodes": 2.600238, "Lookahead": 9 }