{ "K-Best 1 Pemberton Belief": 2.170771, "K-Best 3 Pemberton Belief": 2.170771, "K-Best 5 Pemberton Belief": 2.170771, "K-Best 7 Pemberton Belief": 2.170771, "Cserna Pemberton Belief": 2.170771, "K-Best 1": 2.170771, "K-Best 3": 2.170771, "K-Best 5": 2.170771, "K-Best 7": 2.170771, "Cserna": 2.170771, "Bellman": 2.170771, "Minimin": 2.170771, "Nancy": 2.170771, "Lookahead": 9 }