{ "K 1": 2.940217, "K 3": 2.940217, "K 5": 2.940217, "K 7": 2.940217, "All Frontier Nodes": 2.940217, "Lookahead": 9 }