{ "K 1": 2.509664, "K 3": 2.509664, "K 5": 2.509664, "K 7": 2.509664, "All Frontier Nodes": 2.509664, "Lookahead": 9 }