{ "K 1": 2.361250, "K 3": 2.361250, "K 5": 2.361250, "K 7": 2.361250, "All Frontier Nodes": 2.361250, "Lookahead": 9 }