{ "K 1": 2.607623, "K 3": 2.607623, "K 5": 2.607623, "K 7": 2.607623, "All Frontier Nodes": 2.607623, "Lookahead": 9 }