{ "K 1": 2.434601, "K 10": 2.434601, "K 100": 2.434601, "K 1000": 2.434601, "All Frontier Nodes": 2.434601, "Lookahead": 9 }