{ "K 1": 2.472631, "K 10": 2.472631, "K 100": 2.472631, "K 1000": 2.472631, "All Frontier Nodes": 2.472631, "Lookahead": 9 }