{ "K 1": 2.417004, "K 3": 2.417004, "K 5": 2.417004, "K 7": 2.417004, "All Frontier Nodes": 2.417004, "Lookahead": 9 }