{ "K 1": 2.603222, "K 3": 2.603222, "K 5": 2.603222, "K 7": 2.603222, "All Frontier Nodes": 2.603222, "Lookahead": 9 }