{ "K 1": 1.843656, "K 10": 1.843656, "K 100": 1.843656, "K 1000": 1.843656, "All Frontier Nodes": 1.843656, "Lookahead": 9 }