{ "K 1": 2.552693, "K 3": 2.552693, "K 5": 2.552693, "K 7": 2.552693, "All Frontier Nodes": 2.552693, "Lookahead": 9 }