{ "K 1": 2.545728, "K 3": 2.545728, "K 5": 2.545728, "K 7": 2.545728, "All Frontier Nodes": 2.545728, "Lookahead": 9 }