{ "K 1": 1.910646, "K 10": 1.910646, "K 100": 1.910646, "K 1000": 1.910646, "All Frontier Nodes": 1.910646, "Lookahead": 9 }