{ "K 1": 2.269293, "K 3": 2.269293, "K 5": 2.269293, "K 7": 2.269293, "All Frontier Nodes": 2.269293, "Lookahead": 9 }