{ "K 1": 2.551674, "K 3": 2.388805, "K 5": 2.388805, "K 7": 2.388805, "All Frontier Nodes": 2.388805, "Lookahead": 9 }