{ "K 1": 3.041768, "K 3": 3.041768, "K 5": 3.041768, "K 7": 3.041768, "All Frontier Nodes": 3.041768, "Lookahead": 9 }