{ "K 1": 2.058803, "K 10": 2.058803, "K 100": 2.058803, "K 1000": 2.058803, "All Frontier Nodes": 2.058803, "Lookahead": 9 }