{ "K 1": 2.277673, "K 10": 2.277673, "K 100": 2.277673, "K 1000": 2.277673, "All Frontier Nodes": 2.277673, "Lookahead": 9 }