{ "K 1": 2.233826, "K 3": 2.233826, "K 5": 2.233826, "K 7": 2.233826, "All Frontier Nodes": 2.233826, "Lookahead": 9 }