{ "K 1": 2.476239, "K 3": 2.476239, "K 5": 2.476239, "K 7": 2.476239, "All Frontier Nodes": 2.476239, "Lookahead": 9 }