{ "K 1": 2.578738, "K 3": 2.578738, "K 5": 2.578738, "K 7": 2.578738, "All Frontier Nodes": 2.578738, "Lookahead": 9 }