{ "K 1": 2.090828, "K 3": 2.090828, "K 5": 2.090828, "K 7": 2.090828, "All Frontier Nodes": 2.090828, "Lookahead": 9 }