{ "K 1": 2.556103, "K 3": 2.556103, "K 5": 2.556103, "K 7": 2.556103, "All Frontier Nodes": 2.556103, "Lookahead": 9 }