{ "K 1": 2.285638, "K 10": 2.285638, "K 100": 2.285638, "K 1000": 2.285638, "All Frontier Nodes": 2.285638, "Lookahead": 9 }