{ "K 1": 3.002331, "K 3": 3.002331, "K 5": 3.002331, "K 7": 3.002331, "All Frontier Nodes": 3.002331, "Lookahead": 9 }