{ "K 1": 2.336214, "K 3": 2.336214, "K 5": 2.336214, "K 7": 2.336214, "All Frontier Nodes": 2.336214, "Lookahead": 9 }