{ "K 1": 2.231005, "K 10": 2.231005, "K 100": 2.231005, "K 1000": 2.231005, "All Frontier Nodes": 2.231005, "Lookahead": 9 }