{ "K 1": 2.760279, "K 3": 2.760279, "K 5": 2.760279, "K 7": 2.760279, "All Frontier Nodes": 2.760279, "Lookahead": 9 }