{ "K 1": 3.240264, "K 10": 3.240264, "K 100": 3.240264, "K 1000": 3.240264, "All Frontier Nodes": 3.240264, "Lookahead": 9 }