{ "K 1": 2.952127, "K 3": 2.952127, "K 5": 2.952127, "K 7": 2.952127, "All Frontier Nodes": 2.952127, "Lookahead": 9 }