{ "K 1": 3.566774, "K 10": 3.566774, "K 100": 3.566774, "K 1000": 3.566774, "All Frontier Nodes": 3.566774, "Lookahead": 9 }