{ "K 1": 2.119469, "K 3": 2.119469, "K 5": 2.119469, "K 7": 2.119469, "All Frontier Nodes": 2.119469, "Lookahead": 9 }