{ "K 1": 2.681493, "K 10": 2.681493, "K 100": 2.681493, "K 1000": 2.681493, "All Frontier Nodes": 2.681493, "Lookahead": 9 }