{ "K 1": 3.017119, "K 3": 3.017119, "K 5": 3.017119, "K 7": 3.017119, "All Frontier Nodes": 3.017119, "Lookahead": 9 }