{ "K 1": 3.047275, "K 10": 3.047275, "K 100": 3.047275, "K 1000": 3.047275, "All Frontier Nodes": 3.047275, "Lookahead": 9 }