{ "K 1": 2.309788, "K 3": 2.309788, "K 5": 2.309788, "K 7": 2.309788, "All Frontier Nodes": 2.309788, "Lookahead": 9 }