{ "K 1": 1.895730, "K 3": 1.895730, "K 5": 1.895730, "K 7": 1.895730, "All Frontier Nodes": 1.895730, "Lookahead": 9 }