{ "K 1": 2.769309, "K 3": 2.769309, "K 5": 2.769309, "K 7": 2.769309, "All Frontier Nodes": 2.769309, "Lookahead": 9 }