{ "K 1": 2.345629, "K 10": 2.345629, "K 100": 2.345629, "K 1000": 2.345629, "All Frontier Nodes": 2.345629, "Lookahead": 9 }