{ "K 1": 2.416784, "K 10": 2.416784, "K 100": 2.416784, "K 1000": 2.416784, "All Frontier Nodes": 2.416784, "Lookahead": 9 }