{ "K 1": 2.346983, "K 3": 2.346983, "K 5": 2.346983, "K 7": 2.346983, "All Frontier Nodes": 2.346983, "Lookahead": 9 }