{ "K 1": 2.233954, "K 10": 2.233954, "K 100": 2.233954, "K 1000": 2.233954, "All Frontier Nodes": 2.233954, "Lookahead": 9 }