{ "K 1": 2.963886, "K 10": 2.963886, "K 100": 2.963886, "K 1000": 2.963886, "All Frontier Nodes": 2.963886, "Lookahead": 9 }