{ "K 1": 2.820520, "K 3": 2.820520, "K 5": 2.820520, "K 7": 2.820520, "All Frontier Nodes": 2.820520, "Lookahead": 9 }