{ "K 1": 2.451764, "K 10": 2.451764, "K 100": 2.451764, "K 1000": 2.451764, "All Frontier Nodes": 2.451764, "Lookahead": 9 }