{ "K 1": 1.931799, "K 10": 1.931799, "K 100": 1.931799, "K 1000": 1.931799, "All Frontier Nodes": 1.931799, "Lookahead": 9 }