{ "K 1": 2.383027, "K 10": 2.383027, "K 100": 2.383027, "K 1000": 2.383027, "All Frontier Nodes": 2.383027, "Lookahead": 9 }