{ "K 1": 3.464606, "K 3": 3.117164, "K 5": 3.117164, "K 7": 3.117164, "All Frontier Nodes": 3.117164, "Lookahead": 9 }