{ "K 1": 2.396834, "K 3": 2.396834, "K 5": 2.396834, "K 7": 2.396834, "All Frontier Nodes": 2.396834, "Lookahead": 9 }