{ "K 1": 2.116265, "K 3": 2.116265, "K 5": 2.116265, "K 7": 2.116265, "All Frontier Nodes": 2.116265, "Lookahead": 9 }