{ "K 1": 3.009532, "K 10": 3.009532, "K 100": 3.009532, "K 1000": 3.009532, "All Frontier Nodes": 3.009532, "Lookahead": 9 }