{ "K 1": 2.290103, "K 3": 2.290103, "K 5": 2.290103, "K 7": 2.290103, "All Frontier Nodes": 2.290103, "Lookahead": 9 }