{ "K 1": 2.785216, "K 10": 2.785216, "K 100": 2.785216, "K 1000": 2.785216, "All Frontier Nodes": 2.785216, "Lookahead": 9 }