{ "K 1": 2.175359, "K 3": 2.175359, "K 5": 2.175359, "K 7": 2.175359, "All Frontier Nodes": 2.175359, "Lookahead": 9 }