{ "K 1": 1.583434, "K 3": 1.583434, "K 5": 1.583434, "K 7": 1.583434, "All Frontier Nodes": 1.583434, "Lookahead": 9 }