{ "K 1": 2.802438, "K 3": 2.802438, "K 5": 2.802438, "K 7": 2.802438, "All Frontier Nodes": 2.802438, "Lookahead": 9 }