{ "K 1": 1.574576, "K 3": 1.574576, "K 5": 1.574576, "K 7": 1.574576, "All Frontier Nodes": 1.574576, "Lookahead": 9 }