{ "K 1": 3.054205, "K 10": 3.054205, "K 100": 3.054205, "K 1000": 3.054205, "All Frontier Nodes": 3.054205, "Lookahead": 9 }