{ "K 1": 2.406534, "K 3": 2.406534, "K 5": 2.406534, "K 7": 2.406534, "All Frontier Nodes": 2.406534, "Lookahead": 9 }