{ "K 1": 2.759975, "K 3": 2.759975, "K 5": 2.759975, "K 7": 2.759975, "All Frontier Nodes": 2.759975, "Lookahead": 9 }