{ "K 1": 2.963330, "K 10": 2.963330, "K 100": 2.963330, "K 1000": 2.963330, "All Frontier Nodes": 2.963330, "Lookahead": 9 }