{ "K 1": 2.435748, "K 3": 2.435748, "K 5": 2.435748, "K 7": 2.435748, "All Frontier Nodes": 2.435748, "Lookahead": 9 }