{ "K 1": 2.806637, "K 3": 2.806637, "K 5": 2.806637, "K 7": 2.806637, "All Frontier Nodes": 2.806637, "Lookahead": 9 }