{ "K 1": 1.859660, "K 3": 1.859660, "K 5": 1.859660, "K 7": 1.859660, "All Frontier Nodes": 1.859660, "Lookahead": 9 }