{ "K 1": 2.955976, "K 3": 2.955976, "K 5": 2.955976, "K 7": 2.955976, "All Frontier Nodes": 2.955976, "Lookahead": 9 }