{ "K-Best 1 Pemberton Belief": 2.207995, "K-Best 3 Pemberton Belief": 2.207995, "K-Best 5 Pemberton Belief": 2.207995, "K-Best 7 Pemberton Belief": 2.207995, "Cserna Pemberton Belief": 2.207995, "K-Best 1": 2.207995, "K-Best 3": 2.207995, "K-Best 5": 2.207995, "K-Best 7": 2.207995, "Cserna": 2.207995, "Bellman": 2.207995, "Minimin": 2.207995, "Nancy": 2.207995, "Lookahead": 9 }