{ "K 1": 1.811853, "K 3": 1.811853, "K 5": 1.811853, "K 7": 1.811853, "All Frontier Nodes": 1.811853, "Lookahead": 9 }