{ "K 1": 2.793505, "K 3": 2.793505, "K 5": 2.793505, "K 7": 2.793505, "All Frontier Nodes": 2.793505, "Lookahead": 9 }