{ "K 1": 2.116084, "K 3": 2.116084, "K 5": 2.116084, "K 7": 2.116084, "All Frontier Nodes": 2.116084, "Lookahead": 9 }