{ "K 1": 2.869926, "K 10": 2.869926, "K 100": 2.869926, "K 1000": 2.869926, "All Frontier Nodes": 2.869926, "Lookahead": 9 }