{ "K 1": 3.135365, "K 10": 3.135365, "K 100": 3.135365, "K 1000": 3.135365, "All Frontier Nodes": 3.135365, "Lookahead": 9 }