{ "K 1": 1.902084, "K 10": 1.902084, "K 100": 1.902084, "K 1000": 1.902084, "All Frontier Nodes": 1.902084, "Lookahead": 9 }