{ "K 1": 3.167434, "K 10": 3.167434, "K 100": 3.167434, "K 1000": 3.167434, "All Frontier Nodes": 3.167434, "Lookahead": 9 }