{ "K 1": 3.171253, "K 3": 3.171253, "K 5": 3.171253, "K 7": 3.171253, "All Frontier Nodes": 3.171253, "Lookahead": 9 }