{ "K 1": 2.940993, "K 3": 2.940993, "K 5": 2.940993, "K 7": 2.940993, "All Frontier Nodes": 2.940993, "Lookahead": 9 }