{ "K 1": 2.725092, "K 3": 2.725092, "K 5": 2.725092, "K 7": 2.725092, "All Frontier Nodes": 2.725092, "Lookahead": 9 }