{ "K 1": 2.483319, "K 3": 2.483319, "K 5": 2.483319, "K 7": 2.483319, "All Frontier Nodes": 2.483319, "Lookahead": 9 }