{ "K 1": 3.377060, "K 10": 3.377060, "K 100": 3.377060, "K 1000": 3.377060, "All Frontier Nodes": 3.377060, "Lookahead": 9 }