{ "K 1": 1.548036, "K 3": 1.548036, "K 5": 1.548036, "K 7": 1.548036, "All Frontier Nodes": 1.548036, "Lookahead": 9 }