{ "K 1": 2.921722, "K 10": 2.921722, "K 100": 2.921722, "K 1000": 2.921722, "All Frontier Nodes": 2.921722, "Lookahead": 9 }