{ "K 1": 2.621860, "K 10": 2.621860, "K 100": 2.621860, "K 1000": 2.621860, "All Frontier Nodes": 2.621860, "Lookahead": 9 }