{ "K 1": 3.145878, "K 3": 3.145878, "K 5": 3.145878, "K 7": 3.145878, "All Frontier Nodes": 3.145878, "Lookahead": 9 }