{ "K 1": 2.511741, "K 3": 2.511741, "K 5": 2.511741, "K 7": 2.511741, "All Frontier Nodes": 2.511741, "Lookahead": 9 }