{ "K 1": 2.299590, "K 3": 2.299590, "K 5": 2.299590, "K 7": 2.299590, "All Frontier Nodes": 2.299590, "Lookahead": 9 }