{ "K 1": 2.602085, "K 3": 2.602085, "K 5": 2.602085, "K 7": 2.602085, "All Frontier Nodes": 2.602085, "Lookahead": 9 }