{ "K 1": 2.486585, "K 10": 2.486585, "K 100": 2.486585, "K 1000": 2.486585, "All Frontier Nodes": 2.486585, "Lookahead": 9 }