{ "K 1": 2.889473, "K 10": 2.889473, "K 100": 2.889473, "K 1000": 2.889473, "All Frontier Nodes": 2.889473, "Lookahead": 9 }