{ "K 1": 1.862042, "K 3": 1.862042, "K 5": 1.862042, "K 7": 1.862042, "All Frontier Nodes": 1.862042, "Lookahead": 9 }