{ "K 1": 2.145858, "K 3": 2.145858, "K 5": 2.145858, "K 7": 2.145858, "All Frontier Nodes": 2.145858, "Lookahead": 9 }