{ "K 1": 2.873980, "K 10": 2.873980, "K 100": 2.873980, "K 1000": 2.873980, "All Frontier Nodes": 2.873980, "Lookahead": 9 }