{ "K 1": 1.935029, "K 10": 1.935029, "K 100": 1.935029, "K 1000": 1.935029, "All Frontier Nodes": 1.935029, "Lookahead": 9 }