{ "K 1": 1.619602, "K 3": 1.619602, "K 5": 1.619602, "K 7": 1.619602, "All Frontier Nodes": 1.619602, "Lookahead": 9 }