{ "K 1": 2.757556, "K 10": 2.757556, "K 100": 2.757556, "K 1000": 2.757556, "All Frontier Nodes": 2.757556, "Lookahead": 9 }