{ "K 1": 2.321948, "K 10": 2.321948, "K 100": 2.321948, "K 1000": 2.321948, "All Frontier Nodes": 2.321948, "Lookahead": 9 }