{ "K 1": 2.156657, "K 10": 2.156657, "K 100": 2.156657, "K 1000": 2.156657, "All Frontier Nodes": 2.156657, "Lookahead": 9 }