{ "K 1": 2.757305, "K 3": 2.757305, "K 5": 2.757305, "K 7": 2.757305, "All Frontier Nodes": 2.757305, "Lookahead": 9 }