{ "K 1": 2.434785, "K 3": 2.434785, "K 5": 2.434785, "K 7": 2.434785, "All Frontier Nodes": 2.434785, "Lookahead": 9 }