{ "K 1": 2.783026, "K 10": 2.783026, "K 100": 2.783026, "K 1000": 2.783026, "All Frontier Nodes": 2.783026, "Lookahead": 9 }