{ "K 1": 2.362575, "K 3": 2.362575, "K 5": 2.362575, "K 7": 2.362575, "All Frontier Nodes": 2.362575, "Lookahead": 9 }