{ "K 1": 2.050997, "K 3": 2.050997, "K 5": 2.050997, "K 7": 2.050997, "All Frontier Nodes": 2.050997, "Lookahead": 9 }