{ "K 1": 1.392704, "K 10": 1.392704, "K 100": 1.392704, "K 1000": 1.392704, "All Frontier Nodes": 1.392704, "Lookahead": 9 }