{ "K 1": 1.776080, "K 10": 1.776080, "K 100": 1.776080, "K 1000": 1.776080, "All Frontier Nodes": 1.776080, "Lookahead": 9 }