{ "K 1": 1.727256, "K 3": 1.727256, "K 5": 1.727256, "K 7": 1.727256, "All Frontier Nodes": 1.727256, "Lookahead": 9 }