{ "K-Best 1 Pemberton Belief": 2.640246, "K-Best 3 Pemberton Belief": 2.640246, "K-Best 5 Pemberton Belief": 2.640246, "K-Best 7 Pemberton Belief": 2.640246, "Cserna Pemberton Belief": 2.640246, "K-Best 1": 2.640246, "K-Best 3": 2.640246, "K-Best 5": 2.640246, "K-Best 7": 2.640246, "Cserna": 2.640246, "Bellman": 2.640246, "Minimin": 2.640246, "Nancy": 2.640246, "Lookahead": 9 }