{ "K 1": 2.269873, "K 10": 2.269873, "K 100": 2.269873, "K 1000": 2.269873, "All Frontier Nodes": 2.269873, "Lookahead": 9 }