{ "K 1": 1.867176, "K 10": 1.867176, "K 100": 1.867176, "K 1000": 1.867176, "All Frontier Nodes": 1.867176, "Lookahead": 9 }