{ "K 1": 2.725937, "K 3": 2.725937, "K 5": 2.725937, "K 7": 2.725937, "All Frontier Nodes": 2.725937, "Lookahead": 9 }