{ "K-Best 1 Pemberton Belief": 1.904903, "K-Best 3 Pemberton Belief": 1.904903, "K-Best 5 Pemberton Belief": 1.904903, "K-Best 7 Pemberton Belief": 1.904903, "Cserna Pemberton Belief": 1.904903, "K-Best 1": 1.904903, "K-Best 3": 1.904903, "K-Best 5": 1.904903, "K-Best 7": 1.904903, "Cserna": 1.904903, "Bellman": 1.904903, "Minimin": 1.904903, "Nancy": 1.904903, "Lookahead": 9 }