{ "K 1": 1.767718, "K 10": 1.767718, "K 100": 1.767718, "K 1000": 1.767718, "All Frontier Nodes": 1.767718, "Lookahead": 9 }