{ "K 1": 2.262404, "K 3": 2.262404, "K 5": 2.262404, "K 7": 2.262404, "All Frontier Nodes": 2.262404, "Lookahead": 9 }