{ "K 1": 2.228956, "K 3": 2.228956, "K 5": 2.228956, "K 7": 2.228956, "All Frontier Nodes": 2.228956, "Lookahead": 9 }