{ "K 1": 2.387138, "K 3": 2.387138, "K 5": 2.387138, "K 7": 2.387138, "All Frontier Nodes": 2.387138, "Lookahead": 9 }