{ "K 1": 3.331435, "K 10": 3.331435, "K 100": 3.331435, "K 1000": 3.331435, "All Frontier Nodes": 3.331435, "Lookahead": 9 }