{ "K 1": 2.976933, "K 10": 2.976933, "K 100": 2.976933, "K 1000": 2.976933, "All Frontier Nodes": 2.976933, "Lookahead": 9 }