{ "K-Best 1 Pemberton Belief": 2.351931, "K-Best 3 Pemberton Belief": 2.351931, "K-Best 5 Pemberton Belief": 2.351931, "K-Best 7 Pemberton Belief": 2.351931, "Cserna Pemberton Belief": 2.351931, "K-Best 1": 2.351931, "K-Best 3": 2.351931, "K-Best 5": 2.351931, "K-Best 7": 2.351931, "Cserna": 2.351931, "Bellman": 2.351931, "Minimin": 2.351931, "Nancy": 2.351931, "Lookahead": 9 }