{ "K 1": 3.513456, "K 3": 3.513456, "K 5": 3.513456, "K 7": 3.513456, "All Frontier Nodes": 3.513456, "Lookahead": 9 }