{ "K 1": 2.072010, "K 10": 2.072010, "K 100": 2.072010, "K 1000": 2.072010, "All Frontier Nodes": 2.072010, "Lookahead": 9 }