{ "K 1": 2.852785, "K 3": 2.852785, "K 5": 2.852785, "K 7": 2.852785, "All Frontier Nodes": 2.852785, "Lookahead": 9 }