{ "K-Best 1 Pemberton Belief": 2.668346, "K-Best 3 Pemberton Belief": 2.668346, "K-Best 5 Pemberton Belief": 2.668346, "K-Best 7 Pemberton Belief": 2.668346, "Cserna Pemberton Belief": 2.668346, "K-Best 1": 2.668346, "K-Best 3": 2.668346, "K-Best 5": 2.668346, "K-Best 7": 2.668346, "Cserna": 2.668346, "Bellman": 2.668346, "Minimin": 2.668346, "Nancy": 2.668346, "Lookahead": 9 }