{ "K 1": 2.091482, "K 3": 2.091482, "K 5": 2.091482, "K 7": 2.091482, "All Frontier Nodes": 2.091482, "Lookahead": 9 }