{ "K 1": 2.633022, "K 10": 2.633022, "K 100": 2.633022, "K 1000": 2.633022, "All Frontier Nodes": 2.633022, "Lookahead": 9 }