{ "K 1": 2.648314, "K 3": 2.648314, "K 5": 2.648314, "K 7": 2.648314, "All Frontier Nodes": 2.648314, "Lookahead": 9 }