{ "K-Best 1 Pemberton Belief": 2.566622, "K-Best 3 Pemberton Belief": 2.566622, "K-Best 5 Pemberton Belief": 2.566622, "K-Best 7 Pemberton Belief": 2.566622, "Cserna Pemberton Belief": 2.566622, "K-Best 1": 2.566622, "K-Best 3": 2.566622, "K-Best 5": 2.566622, "K-Best 7": 2.566622, "Cserna": 2.566622, "Bellman": 2.566622, "Minimin": 2.566622, "Nancy": 2.566622, "Lookahead": 9 }