{ "K 1": 2.860790, "K 3": 2.860790, "K 5": 2.860790, "K 7": 2.860790, "All Frontier Nodes": 2.860790, "Lookahead": 9 }