{ "K 1": 2.652322, "K 3": 2.652322, "K 5": 2.652322, "K 7": 2.652322, "All Frontier Nodes": 2.652322, "Lookahead": 9 }