{ "K 1": 2.287569, "K 10": 2.287569, "K 100": 2.287569, "K 1000": 2.287569, "All Frontier Nodes": 2.287569, "Lookahead": 9 }