{ "K 1": 2.269208, "K 3": 2.269208, "K 5": 2.269208, "K 7": 2.269208, "All Frontier Nodes": 2.269208, "Lookahead": 9 }