{ "K 1": 1.957549, "K 3": 1.957549, "K 5": 1.957549, "K 7": 1.957549, "All Frontier Nodes": 1.957549, "Lookahead": 9 }