{ "K 1": 2.974385, "K 10": 2.974385, "K 100": 2.974385, "K 1000": 2.974385, "All Frontier Nodes": 2.974385, "Lookahead": 9 }