{ "K 1": 2.363020, "K 10": 2.363020, "K 100": 2.363020, "K 1000": 2.363020, "All Frontier Nodes": 2.363020, "Lookahead": 9 }