{ "K 1": 2.456458, "K 10": 2.456458, "K 100": 2.456458, "K 1000": 2.456458, "All Frontier Nodes": 2.456458, "Lookahead": 9 }