{ "K 1": 1.976840, "K 3": 1.976840, "K 5": 1.976840, "K 7": 1.976840, "All Frontier Nodes": 1.976840, "Lookahead": 9 }