{ "K 1": 2.056724, "K 3": 2.056724, "K 5": 2.056724, "K 7": 2.056724, "All Frontier Nodes": 2.056724, "Lookahead": 9 }