{ "K 1": 2.107341, "K 3": 2.107341, "K 5": 2.107341, "K 7": 2.107341, "All Frontier Nodes": 2.107341, "Lookahead": 9 }