{ "K 1": 3.002483, "K 3": 3.002483, "K 5": 3.002483, "K 7": 3.002483, "All Frontier Nodes": 3.002483, "Lookahead": 9 }