{ "K 1": 2.481776, "K 3": 2.481776, "K 5": 2.481776, "K 7": 2.481776, "All Frontier Nodes": 2.481776, "Lookahead": 9 }