{ "K 1": 2.735134, "K 3": 2.735134, "K 5": 2.735134, "K 7": 2.735134, "All Frontier Nodes": 2.735134, "Lookahead": 9 }