{ "K 1": 2.545928, "K 3": 2.545928, "K 5": 2.545928, "K 7": 2.545928, "All Frontier Nodes": 2.545928, "Lookahead": 9 }