{ "K 1": 1.861403, "K 10": 1.861403, "K 100": 1.861403, "K 1000": 1.861403, "All Frontier Nodes": 1.861403, "Lookahead": 9 }