{ "K 1": 2.561096, "K 10": 2.561096, "K 100": 2.561096, "K 1000": 2.561096, "All Frontier Nodes": 2.561096, "Lookahead": 9 }