{ "K 1": 2.358514, "K 10": 2.358514, "K 100": 2.358514, "K 1000": 2.358514, "All Frontier Nodes": 2.358514, "Lookahead": 9 }