{ "K 1": 2.402485, "K 3": 2.402485, "K 5": 2.402485, "K 7": 2.402485, "All Frontier Nodes": 2.402485, "Lookahead": 9 }