{ "K 1": 2.923367, "K 3": 2.923367, "K 5": 2.923367, "K 7": 2.923367, "All Frontier Nodes": 2.923367, "Lookahead": 9 }