{ "K 1": 2.634795, "K 10": 2.634795, "K 100": 2.634795, "K 1000": 2.634795, "All Frontier Nodes": 2.634795, "Lookahead": 9 }