{ "K 1": 1.941880, "K 3": 1.941880, "K 5": 1.941880, "K 7": 1.941880, "All Frontier Nodes": 1.941880, "Lookahead": 9 }