{ "K 1": 3.025448, "K 3": 3.025448, "K 5": 3.025448, "K 7": 3.025448, "All Frontier Nodes": 3.025448, "Lookahead": 9 }