{ "K 1": 2.460768, "K 3": 2.460768, "K 5": 2.460768, "K 7": 2.460768, "All Frontier Nodes": 2.460768, "Lookahead": 9 }