{ "K 1": 2.918519, "K 10": 2.918519, "K 100": 2.918519, "K 1000": 2.918519, "All Frontier Nodes": 2.918519, "Lookahead": 9 }