{ "K 1": 2.773785, "K 3": 2.773785, "K 5": 2.773785, "K 7": 2.773785, "All Frontier Nodes": 2.773785, "Lookahead": 9 }