{ "K 1": 2.048832, "K 3": 2.048832, "K 5": 2.048832, "K 7": 2.048832, "All Frontier Nodes": 2.048832, "Lookahead": 9 }