{ "K 1": 2.133243, "K 3": 2.133243, "K 5": 2.133243, "K 7": 2.133243, "All Frontier Nodes": 2.133243, "Lookahead": 9 }