{ "K-Best 1 Pemberton Belief": 2.690883, "K-Best 3 Pemberton Belief": 2.690883, "K-Best 5 Pemberton Belief": 2.690883, "K-Best 7 Pemberton Belief": 2.690883, "Cserna Pemberton Belief": 2.690883, "K-Best 1": 2.690883, "K-Best 3": 2.690883, "K-Best 5": 2.690883, "K-Best 7": 2.690883, "Cserna": 2.690883, "Bellman": 2.690883, "Minimin": 2.690883, "Nancy": 2.690883, "Lookahead": 9 }