{ "K 1": 3.067467, "K 3": 3.067467, "K 5": 3.067467, "K 7": 3.067467, "All Frontier Nodes": 3.067467, "Lookahead": 9 }