{ "K-Best 1 Pemberton Belief": 2.514594, "K-Best 3 Pemberton Belief": 2.514594, "K-Best 5 Pemberton Belief": 2.514594, "K-Best 7 Pemberton Belief": 2.514594, "Cserna Pemberton Belief": 2.514594, "K-Best 1": 2.514594, "K-Best 3": 2.514594, "K-Best 5": 2.514594, "K-Best 7": 2.514594, "Cserna": 2.514594, "Bellman": 2.514594, "Minimin": 2.514594, "Nancy": 2.514594, "Lookahead": 9 }