{ "K 1": 3.509156, "K 3": 3.442930, "K 5": 3.442930, "K 7": 3.442930, "All Frontier Nodes": 3.442930, "Lookahead": 9 }