{ "K-Best 1 Pemberton Belief": 2.367083, "K-Best 3 Pemberton Belief": 2.367083, "K-Best 5 Pemberton Belief": 2.367083, "K-Best 7 Pemberton Belief": 2.367083, "Cserna Pemberton Belief": 2.367083, "K-Best 1": 2.367083, "K-Best 3": 2.367083, "K-Best 5": 2.367083, "K-Best 7": 2.367083, "Cserna": 2.367083, "Bellman": 2.367083, "Minimin": 2.367083, "Nancy": 2.367083, "Lookahead": 9 }