{ "K 1": 1.939912, "K 3": 1.939912, "K 5": 1.939912, "K 7": 1.939912, "All Frontier Nodes": 1.939912, "Lookahead": 9 }