{ "K 1": 2.161112, "K 3": 2.161112, "K 5": 2.161112, "K 7": 2.161112, "All Frontier Nodes": 2.161112, "Lookahead": 9 }