{ "K 1": 2.992805, "K 3": 2.992805, "K 5": 2.992805, "K 7": 2.992805, "All Frontier Nodes": 2.992805, "Lookahead": 9 }