{ "K 1": 2.298273, "K 3": 2.298273, "K 5": 2.298273, "K 7": 2.298273, "All Frontier Nodes": 2.298273, "Lookahead": 9 }