{ "K 1": 1.476509, "K 3": 1.476509, "K 5": 1.476509, "K 7": 1.476509, "All Frontier Nodes": 1.476509, "Lookahead": 9 }