{ "K 1": 2.514140, "K 3": 2.514140, "K 5": 2.514140, "K 7": 2.514140, "All Frontier Nodes": 2.514140, "Lookahead": 9 }