{ "K-Best 1 Pemberton Belief": 2.473914, "K-Best 3 Pemberton Belief": 2.473914, "K-Best 5 Pemberton Belief": 2.473914, "K-Best 7 Pemberton Belief": 2.473914, "Cserna Pemberton Belief": 2.473914, "K-Best 1": 2.473914, "K-Best 3": 2.473914, "K-Best 5": 2.473914, "K-Best 7": 2.473914, "Cserna": 2.473914, "Bellman": 2.473914, "Minimin": 2.473914, "Nancy": 2.473914, "Lookahead": 9 }