{ "K 1": 2.277673, "K 3": 2.277673, "K 5": 2.277673, "K 7": 2.277673, "All Frontier Nodes": 2.277673, "Lookahead": 9 }