{ "K 1": 2.059730, "K 3": 2.059730, "K 5": 2.059730, "K 7": 2.059730, "All Frontier Nodes": 2.059730, "Lookahead": 9 }