{ "K 1": 2.779936, "K 3": 2.837958, "K 5": 2.837958, "K 7": 2.837958, "All Frontier Nodes": 2.837958, "Lookahead": 9 }