{ "K 1": 2.734901, "K 3": 2.646408, "K 5": 2.734901, "K 7": 2.734901, "All Frontier Nodes": 2.734901, "Lookahead": 9 }