{ "K 1": 1.733395, "K 3": 1.733395, "K 5": 1.733395, "K 7": 1.733395, "All Frontier Nodes": 1.733395, "Lookahead": 9 }