{ "K 1": 3.283111, "K 10": 3.283111, "K 100": 3.283111, "K 1000": 3.283111, "All Frontier Nodes": 3.283111, "Lookahead": 9 }