{ "K 1": 2.250723, "K 3": 2.250723, "K 5": 2.250723, "K 7": 2.250723, "All Frontier Nodes": 2.250723, "Lookahead": 9 }