{ "K 1": 2.763223, "K 10": 2.763223, "K 100": 2.763223, "K 1000": 2.763223, "All Frontier Nodes": 2.763223, "Lookahead": 9 }