{ "K 1": 2.169091, "K 3": 2.169091, "K 5": 2.169091, "K 7": 2.169091, "All Frontier Nodes": 2.169091, "Lookahead": 9 }