{ "K-Best 1 Pemberton Belief": 2.690446, "K-Best 3 Pemberton Belief": 2.690446, "K-Best 5 Pemberton Belief": 2.690446, "K-Best 7 Pemberton Belief": 2.690446, "Cserna Pemberton Belief": 2.690446, "K-Best 1": 2.690446, "K-Best 3": 2.690446, "K-Best 5": 2.690446, "K-Best 7": 2.690446, "Cserna": 2.690446, "Bellman": 2.690446, "Minimin": 2.690446, "Nancy": 2.690446, "Lookahead": 9 }