{ "K 1": 2.147685, "K 3": 2.147685, "K 5": 2.147685, "K 7": 2.147685, "All Frontier Nodes": 2.147685, "Lookahead": 9 }