{ "K 1": 2.125771, "K 3": 2.125771, "K 5": 2.125771, "K 7": 2.125771, "All Frontier Nodes": 2.125771, "Lookahead": 9 }