{ "K 1": 1.646230, "K 10": 1.646230, "K 100": 1.646230, "K 1000": 1.646230, "All Frontier Nodes": 1.646230, "Lookahead": 9 }