{ "K 1": 2.918870, "K 3": 2.918870, "K 5": 2.918870, "K 7": 2.918870, "All Frontier Nodes": 2.918870, "Lookahead": 9 }