{ "K 1": 2.698834, "K 10": 2.698834, "K 100": 2.698834, "K 1000": 2.698834, "All Frontier Nodes": 2.698834, "Lookahead": 9 }