{ "K 1": 2.776143, "K 10": 2.776143, "K 100": 2.776143, "K 1000": 2.776143, "All Frontier Nodes": 2.776143, "Lookahead": 9 }