{ "K 1": 2.825701, "K 10": 2.825701, "K 100": 2.825701, "K 1000": 2.825701, "All Frontier Nodes": 2.825701, "Lookahead": 9 }