{ "K 1": 1.882961, "K 3": 1.882961, "K 5": 1.882961, "K 7": 1.882961, "All Frontier Nodes": 1.882961, "Lookahead": 9 }