{ "K-Best 1 Pemberton Belief": 2.451219, "K-Best 3 Pemberton Belief": 2.451219, "K-Best 5 Pemberton Belief": 2.451219, "K-Best 7 Pemberton Belief": 2.451219, "Cserna Pemberton Belief": 2.451219, "K-Best 1": 2.451219, "K-Best 3": 2.451219, "K-Best 5": 2.451219, "K-Best 7": 2.451219, "Cserna": 2.451219, "Bellman": 2.451219, "Minimin": 2.451219, "Nancy": 2.451219, "Lookahead": 9 }