{ "K-Best 1 Pemberton Belief": 2.295295, "K-Best 3 Pemberton Belief": 2.295295, "K-Best 5 Pemberton Belief": 2.295295, "K-Best 7 Pemberton Belief": 2.295295, "Cserna Pemberton Belief": 2.295295, "K-Best 1": 2.295295, "K-Best 3": 2.295295, "K-Best 5": 2.295295, "K-Best 7": 2.295295, "Cserna": 2.295295, "Bellman": 2.295295, "Minimin": 2.295295, "Nancy": 2.295295, "Lookahead": 9 }