{ "K 1": 3.195174, "K 3": 3.195174, "K 5": 3.195174, "K 7": 3.195174, "All Frontier Nodes": 3.195174, "Lookahead": 9 }