{ "K 1": 2.970022, "K 3": 2.970022, "K 5": 2.970022, "K 7": 2.970022, "All Frontier Nodes": 2.970022, "Lookahead": 9 }