{ "K 1": 2.748484, "K 3": 2.748484, "K 5": 2.748484, "K 7": 2.748484, "All Frontier Nodes": 2.748484, "Lookahead": 9 }