{ "K 1": 2.345819, "K 3": 2.345819, "K 5": 2.345819, "K 7": 2.345819, "All Frontier Nodes": 2.345819, "Lookahead": 9 }