{ "K 1": 2.071303, "K 10": 2.071303, "K 100": 2.071303, "K 1000": 2.071303, "All Frontier Nodes": 2.071303, "Lookahead": 9 }