{ "K 1": 2.259802, "K 10": 2.259802, "K 100": 2.259802, "K 1000": 2.259802, "All Frontier Nodes": 2.259802, "Lookahead": 9 }