{ "K 1": 2.208535, "K 3": 2.208535, "K 5": 2.208535, "K 7": 2.208535, "All Frontier Nodes": 2.208535, "Lookahead": 9 }