{ "K 1": 2.063102, "K 3": 2.063102, "K 5": 2.063102, "K 7": 2.063102, "All Frontier Nodes": 2.063102, "Lookahead": 9 }