{ "K 1": 2.105178, "K 10": 2.105178, "K 100": 2.105178, "K 1000": 2.105178, "All Frontier Nodes": 2.105178, "Lookahead": 9 }