{ "K 1": 2.348453, "K 3": 2.348453, "K 5": 2.348453, "K 7": 2.348453, "All Frontier Nodes": 2.348453, "Lookahead": 9 }