{ "K 1": 1.131293, "K 10": 1.131293, "K 100": 1.131293, "K 1000": 1.131293, "All Frontier Nodes": 1.131293, "Lookahead": 9 }