{ "K 1": 2.616241, "K 3": 2.616241, "K 5": 2.616241, "K 7": 2.616241, "All Frontier Nodes": 2.616241, "Lookahead": 9 }