{ "K 1": 2.446377, "K 3": 2.446377, "K 5": 2.446377, "K 7": 2.446377, "All Frontier Nodes": 2.446377, "Lookahead": 9 }