{ "K-Best 1 Pemberton Belief": 1.548716, "K-Best 3 Pemberton Belief": 1.548716, "K-Best 5 Pemberton Belief": 1.548716, "K-Best 7 Pemberton Belief": 1.548716, "Cserna Pemberton Belief": 1.548716, "K-Best 1": 1.548716, "K-Best 3": 1.548716, "K-Best 5": 1.548716, "K-Best 7": 1.548716, "Cserna": 1.548716, "Bellman": 1.548716, "Minimin": 1.548716, "Nancy": 1.548716, "Lookahead": 9 }