{ "K 1": 2.658789, "K 3": 2.658789, "K 5": 2.658789, "K 7": 2.658789, "All Frontier Nodes": 2.658789, "Lookahead": 9 }