{ "K-Best 1 Pemberton Belief": 2.430866, "K-Best 3 Pemberton Belief": 2.430866, "K-Best 5 Pemberton Belief": 2.430866, "K-Best 7 Pemberton Belief": 2.430866, "Cserna Pemberton Belief": 2.430866, "K-Best 1": 2.430866, "K-Best 3": 2.430866, "K-Best 5": 2.430866, "K-Best 7": 2.430866, "Cserna": 2.430866, "Bellman": 2.430866, "Minimin": 2.430866, "Nancy": 2.430866, "Lookahead": 9 }