{ "K 1": 3.215496, "K 3": 3.215496, "K 5": 3.215496, "K 7": 3.215496, "All Frontier Nodes": 3.215496, "Lookahead": 9 }