{ "K 1": 3.274684, "K 3": 3.274684, "K 5": 3.274684, "K 7": 3.274684, "All Frontier Nodes": 3.274684, "Lookahead": 9 }