{ "K 1": 2.179883, "K 10": 2.179883, "K 100": 2.179883, "K 1000": 2.179883, "All Frontier Nodes": 2.179883, "Lookahead": 9 }