{ "K 1": 2.967751, "K 3": 2.967751, "K 5": 2.967751, "K 7": 2.967751, "All Frontier Nodes": 2.967751, "Lookahead": 9 }