{ "K 1": 2.877761, "K 3": 2.877761, "K 5": 2.877761, "K 7": 2.877761, "All Frontier Nodes": 2.877761, "Lookahead": 9 }