{ "K 1": 2.517445, "K 3": 2.517445, "K 5": 2.517445, "K 7": 2.517445, "All Frontier Nodes": 2.517445, "Lookahead": 9 }