{ "K 1": 2.580070, "K 3": 2.580070, "K 5": 2.580070, "K 7": 2.580070, "All Frontier Nodes": 2.580070, "Lookahead": 9 }