{ "K 1": 2.426480, "K 3": 2.426480, "K 5": 2.426480, "K 7": 2.426480, "All Frontier Nodes": 2.426480, "Lookahead": 9 }