{ "K-Best 1 Pemberton Belief": 2.217033, "K-Best 3 Pemberton Belief": 2.217033, "K-Best 5 Pemberton Belief": 2.217033, "K-Best 7 Pemberton Belief": 2.217033, "Cserna Pemberton Belief": 2.217033, "K-Best 1": 2.217033, "K-Best 3": 2.217033, "K-Best 5": 2.217033, "K-Best 7": 2.217033, "Cserna": 2.217033, "Bellman": 2.217033, "Minimin": 2.217033, "Nancy": 2.217033, "Lookahead": 9 }