{ "K 1": 1.819417, "K 3": 1.819417, "K 5": 1.819417, "K 7": 1.819417, "All Frontier Nodes": 1.819417, "Lookahead": 9 }