{ "K 1": 3.424979, "K 3": 3.424979, "K 5": 3.424979, "K 7": 3.424979, "All Frontier Nodes": 3.424979, "Lookahead": 9 }