{ "K 1": 2.366980, "K 3": 2.366980, "K 5": 2.366980, "K 7": 2.366980, "All Frontier Nodes": 2.366980, "Lookahead": 9 }