{ "K 1": 1.584004, "K 3": 1.584004, "K 5": 1.584004, "K 7": 1.584004, "All Frontier Nodes": 1.584004, "Lookahead": 9 }