{ "K 1": 3.294541, "K 10": 3.044071, "K 100": 3.044071, "K 1000": 3.044071, "All Frontier Nodes": 3.044071, "Lookahead": 9 }