{ "K 1": 2.239429, "K 10": 2.239429, "K 100": 2.239429, "K 1000": 2.239429, "All Frontier Nodes": 2.239429, "Lookahead": 9 }