{ "K 1": 2.866825, "K 3": 2.866825, "K 5": 2.866825, "K 7": 2.866825, "All Frontier Nodes": 2.866825, "Lookahead": 9 }