{ "K-Best 1 Pemberton Belief": 2.198066, "K-Best 3 Pemberton Belief": 2.198066, "K-Best 5 Pemberton Belief": 2.198066, "K-Best 7 Pemberton Belief": 2.198066, "Cserna Pemberton Belief": 2.198066, "K-Best 1": 2.198066, "K-Best 3": 2.198066, "K-Best 5": 2.198066, "K-Best 7": 2.198066, "Cserna": 2.198066, "Bellman": 2.198066, "Minimin": 2.198066, "Nancy": 2.198066, "Lookahead": 9 }