{ "K 1": 2.147993, "K 3": 2.147993, "K 5": 2.147993, "K 7": 2.147993, "All Frontier Nodes": 2.147993, "Lookahead": 9 }