{ "K 1": 2.713313, "K 3": 2.713313, "K 5": 2.713313, "K 7": 2.713313, "All Frontier Nodes": 2.713313, "Lookahead": 9 }