{ "K 1": 2.386343, "K 3": 2.386343, "K 5": 2.386343, "K 7": 2.386343, "All Frontier Nodes": 2.386343, "Lookahead": 9 }