{ "K 1": 1.760193, "K 3": 1.760193, "K 5": 1.760193, "K 7": 1.760193, "All Frontier Nodes": 1.760193, "Lookahead": 9 }