{ "K 1": 2.718682, "K 3": 2.718682, "K 5": 2.718682, "K 7": 2.718682, "All Frontier Nodes": 2.718682, "Lookahead": 9 }