{ "K 1": 2.144701, "K 10": 2.327730, "K 100": 2.327730, "K 1000": 2.327730, "All Frontier Nodes": 2.327730, "Lookahead": 9 }