{ "K 1": 3.141800, "K 3": 3.141800, "K 5": 3.141800, "K 7": 3.141800, "All Frontier Nodes": 3.141800, "Lookahead": 9 }