{ "K 1": 2.160023, "K 3": 2.160023, "K 5": 2.160023, "K 7": 2.160023, "All Frontier Nodes": 2.160023, "Lookahead": 9 }