{ "K 1": 1.235005, "K 3": 1.235005, "K 5": 1.235005, "K 7": 1.235005, "All Frontier Nodes": 1.235005, "Lookahead": 9 }