{ "K 1": 2.333050, "K 10": 2.333050, "K 100": 2.333050, "K 1000": 2.333050, "All Frontier Nodes": 2.333050, "Lookahead": 9 }