{ "K 1": 2.378602, "K 10": 2.378602, "K 100": 2.378602, "K 1000": 2.378602, "All Frontier Nodes": 2.378602, "Lookahead": 9 }