{ "K 1": 2.408404, "K 3": 2.408404, "K 5": 2.408404, "K 7": 2.408404, "All Frontier Nodes": 2.408404, "Lookahead": 9 }