{ "K 1": 2.660443, "K 3": 2.660443, "K 5": 2.660443, "K 7": 2.660443, "All Frontier Nodes": 2.660443, "Lookahead": 9 }