{ "K 1": 2.869074, "K 10": 2.869074, "K 100": 2.869074, "K 1000": 2.869074, "All Frontier Nodes": 2.869074, "Lookahead": 9 }