{ "K 1": 1.613118, "K 10": 1.613118, "K 100": 1.613118, "K 1000": 1.613118, "All Frontier Nodes": 1.613118, "Lookahead": 9 }