{ "K-Best 1 Pemberton Belief": 3.108463, "K-Best 3 Pemberton Belief": 3.108463, "K-Best 5 Pemberton Belief": 3.108463, "K-Best 7 Pemberton Belief": 3.108463, "Cserna Pemberton Belief": 3.108463, "K-Best 1": 3.108463, "K-Best 3": 3.108463, "K-Best 5": 3.108463, "K-Best 7": 3.108463, "Cserna": 3.108463, "Bellman": 3.108463, "Minimin": 3.108463, "Nancy": 3.108463, "Lookahead": 9 }