{ "K 1": 3.225898, "K 10": 3.053198, "K 100": 3.053198, "K 1000": 3.053198, "All Frontier Nodes": 3.053198, "Lookahead": 9 }