{ "K 1": 2.779466, "K 10": 2.779466, "K 100": 2.779466, "K 1000": 2.779466, "All Frontier Nodes": 2.779466, "Lookahead": 9 }