{ "K 1": 1.859720, "K 10": 1.859720, "K 100": 1.859720, "K 1000": 1.859720, "All Frontier Nodes": 1.859720, "Lookahead": 9 }