{ "K 1": 2.420258, "K 3": 2.420258, "K 5": 2.420258, "K 7": 2.420258, "All Frontier Nodes": 2.420258, "Lookahead": 9 }