{ "K 1": 2.294259, "K 3": 2.294259, "K 5": 2.294259, "K 7": 2.294259, "All Frontier Nodes": 2.294259, "Lookahead": 9 }