{ "K 1": 2.259004, "K 10": 2.259004, "K 100": 2.259004, "K 1000": 2.259004, "All Frontier Nodes": 2.259004, "Lookahead": 9 }