{ "K 1": 3.061009, "K 3": 3.061009, "K 5": 3.061009, "K 7": 3.061009, "All Frontier Nodes": 3.061009, "Lookahead": 9 }