{ "K 1": 2.563682, "K 3": 2.563682, "K 5": 2.563682, "K 7": 2.563682, "All Frontier Nodes": 2.563682, "Lookahead": 9 }