{ "K 1": 2.228256, "K 10": 2.228256, "K 100": 2.228256, "K 1000": 2.228256, "All Frontier Nodes": 2.228256, "Lookahead": 9 }