{ "K 1": 3.593650, "K 3": 3.593650, "K 5": 3.593650, "K 7": 3.593650, "All Frontier Nodes": 3.593650, "Lookahead": 9 }