{ "K-Best 1 Pemberton Belief": 2.351398, "K-Best 3 Pemberton Belief": 2.351398, "K-Best 5 Pemberton Belief": 2.351398, "K-Best 7 Pemberton Belief": 2.351398, "Cserna Pemberton Belief": 2.351398, "K-Best 1": 2.351398, "K-Best 3": 2.351398, "K-Best 5": 2.351398, "K-Best 7": 2.351398, "Cserna": 2.351398, "Bellman": 2.351398, "Minimin": 2.351398, "Nancy": 2.351398, "Lookahead": 9 }