{ "K 1": 2.199155, "K 3": 2.199155, "K 5": 2.199155, "K 7": 2.199155, "All Frontier Nodes": 2.199155, "Lookahead": 9 }