{ "K-Best 1 Pemberton Belief": 2.252460, "K-Best 3 Pemberton Belief": 2.252460, "K-Best 5 Pemberton Belief": 2.252460, "K-Best 7 Pemberton Belief": 2.252460, "Cserna Pemberton Belief": 2.252460, "K-Best 1": 2.252460, "K-Best 3": 2.252460, "K-Best 5": 2.252460, "K-Best 7": 2.252460, "Cserna": 2.252460, "Bellman": 2.252460, "Minimin": 2.252460, "Nancy": 2.252460, "Lookahead": 9 }