{ "K 1": 2.907918, "K 3": 2.907918, "K 5": 2.907918, "K 7": 2.907918, "All Frontier Nodes": 2.907918, "Lookahead": 9 }