{ "K 1": 3.146394, "K 3": 3.146394, "K 5": 3.146394, "K 7": 3.146394, "All Frontier Nodes": 3.146394, "Lookahead": 9 }