{ "K 1": 2.390271, "K 10": 2.390271, "K 100": 2.390271, "K 1000": 2.390271, "All Frontier Nodes": 2.390271, "Lookahead": 9 }