{ "K 1": 2.324935, "K 10": 2.324935, "K 100": 2.324935, "K 1000": 2.324935, "All Frontier Nodes": 2.324935, "Lookahead": 9 }