{ "K 1": 2.561078, "K 10": 2.561078, "K 100": 2.561078, "K 1000": 2.561078, "All Frontier Nodes": 2.561078, "Lookahead": 9 }