{ "K-Best 1 Pemberton Belief": 1.990510, "K-Best 3 Pemberton Belief": 1.990510, "K-Best 5 Pemberton Belief": 1.990510, "K-Best 7 Pemberton Belief": 1.990510, "Cserna Pemberton Belief": 1.990510, "K-Best 1": 1.990510, "K-Best 3": 1.990510, "K-Best 5": 1.990510, "K-Best 7": 1.990510, "Cserna": 1.990510, "Bellman": 1.990510, "Minimin": 1.990510, "Nancy": 1.990510, "Lookahead": 9 }