{ "K 1": 1.372257, "K 3": 1.372257, "K 5": 1.372257, "K 7": 1.372257, "All Frontier Nodes": 1.372257, "Lookahead": 9 }