{ "K 1": 2.333004, "K 3": 2.333004, "K 5": 2.333004, "K 7": 2.333004, "All Frontier Nodes": 2.333004, "Lookahead": 9 }