{ "K 1": 2.128841, "K 3": 2.128841, "K 5": 2.128841, "K 7": 2.128841, "All Frontier Nodes": 2.128841, "Lookahead": 9 }