{ "K 1": 2.217313, "K 3": 2.217313, "K 5": 2.217313, "K 7": 2.217313, "All Frontier Nodes": 2.217313, "Lookahead": 9 }