{ "K 1": 3.063031, "K 3": 3.063031, "K 5": 3.063031, "K 7": 3.063031, "All Frontier Nodes": 3.063031, "Lookahead": 9 }