{ "K 1": 1.970406, "K 3": 1.970406, "K 5": 1.970406, "K 7": 1.970406, "All Frontier Nodes": 1.970406, "Lookahead": 9 }