{ "K 1": 2.247549, "K 3": 2.247549, "K 5": 2.247549, "K 7": 2.247549, "All Frontier Nodes": 2.247549, "Lookahead": 9 }