{ "K 1": 1.996068, "K 10": 1.996068, "K 100": 1.996068, "K 1000": 1.996068, "All Frontier Nodes": 1.996068, "Lookahead": 9 }