{ "K 1": 2.446705, "K 3": 2.446705, "K 5": 2.446705, "K 7": 2.446705, "All Frontier Nodes": 2.446705, "Lookahead": 9 }