{ "K 1": 1.319200, "K 3": 1.319200, "K 5": 1.319200, "K 7": 1.319200, "All Frontier Nodes": 1.319200, "Lookahead": 9 }