{ "K 1": 2.648481, "K 3": 2.172995, "K 5": 2.172995, "K 7": 2.172995, "All Frontier Nodes": 2.172995, "Lookahead": 9 }