{ "K 1": 2.139261, "K 3": 2.139261, "K 5": 2.139261, "K 7": 2.139261, "All Frontier Nodes": 2.139261, "Lookahead": 9 }