{ "K 1": 2.416023, "K 3": 2.416023, "K 5": 2.416023, "K 7": 2.416023, "All Frontier Nodes": 2.416023, "Lookahead": 9 }