{ "K 1": 2.302449, "K 3": 2.302449, "K 5": 2.302449, "K 7": 2.302449, "All Frontier Nodes": 2.302449, "Lookahead": 9 }