{ "K 1": 2.295051, "K 3": 2.295051, "K 5": 2.295051, "K 7": 2.295051, "All Frontier Nodes": 2.295051, "Lookahead": 9 }