{ "K-Best 1 Pemberton Belief": 3.037923, "K-Best 3 Pemberton Belief": 3.037923, "K-Best 5 Pemberton Belief": 2.638028, "K-Best 7 Pemberton Belief": 2.638028, "Cserna Pemberton Belief": 2.638028, "K-Best 1": 3.037923, "K-Best 3": 3.037923, "K-Best 5": 3.037923, "K-Best 7": 2.638028, "Cserna": 2.638028, "Bellman": 3.037923, "Minimin": 3.037923, "Nancy": 3.037923, "Lookahead": 9 }