{ "K 1": 2.073475, "K 3": 2.073475, "K 5": 2.073475, "K 7": 2.073475, "All Frontier Nodes": 2.073475, "Lookahead": 9 }