{ "K 1": 1.835763, "K 10": 1.835763, "K 100": 1.835763, "K 1000": 1.835763, "All Frontier Nodes": 1.835763, "Lookahead": 9 }