{ "K-Best 1 Pemberton Belief": 2.612024, "K-Best 3 Pemberton Belief": 2.612024, "K-Best 5 Pemberton Belief": 2.612024, "K-Best 7 Pemberton Belief": 2.612024, "Cserna Pemberton Belief": 2.612024, "K-Best 1": 2.612024, "K-Best 3": 2.612024, "K-Best 5": 2.612024, "K-Best 7": 2.612024, "Cserna": 2.612024, "Bellman": 2.612024, "Minimin": 2.612024, "Nancy": 2.612024, "Lookahead": 9 }