{ "K 1": 1.911712, "K 10": 1.911712, "K 100": 1.911712, "K 1000": 1.911712, "All Frontier Nodes": 1.911712, "Lookahead": 9 }