{ "K 1": 1.948020, "K 10": 1.948020, "K 100": 1.948020, "K 1000": 1.948020, "All Frontier Nodes": 1.948020, "Lookahead": 9 }