{ "K-Best 1 Pemberton Belief": 1.776165, "K-Best 3 Pemberton Belief": 1.776165, "K-Best 5 Pemberton Belief": 1.776165, "K-Best 7 Pemberton Belief": 1.776165, "Cserna Pemberton Belief": 1.776165, "K-Best 1": 1.776165, "K-Best 3": 1.776165, "K-Best 5": 1.776165, "K-Best 7": 1.776165, "Cserna": 1.776165, "Bellman": 1.776165, "Minimin": 1.776165, "Nancy": 1.776165, "Lookahead": 9 }