{ "K 1": 2.924288, "K 3": 2.924288, "K 5": 2.924288, "K 7": 2.924288, "All Frontier Nodes": 2.924288, "Lookahead": 9 }