{ "K 1": 1.878922, "K 3": 1.878922, "K 5": 1.878922, "K 7": 1.878922, "All Frontier Nodes": 1.878922, "Lookahead": 9 }