{ "K 1": 1.583929, "K 3": 1.583929, "K 5": 1.583929, "K 7": 1.583929, "All Frontier Nodes": 1.583929, "Lookahead": 9 }