{ "K 1": 2.456591, "K 10": 2.456591, "K 100": 2.456591, "K 1000": 2.456591, "All Frontier Nodes": 2.456591, "Lookahead": 9 }