{ "K 1": 2.152782, "K 10": 2.152782, "K 100": 2.152782, "K 1000": 2.152782, "All Frontier Nodes": 2.152782, "Lookahead": 9 }