{ "K 1": 2.595786, "K 3": 2.595786, "K 5": 2.595786, "K 7": 2.595786, "All Frontier Nodes": 2.595786, "Lookahead": 9 }