{ "K 1": 2.484766, "K 3": 2.484766, "K 5": 2.484766, "K 7": 2.484766, "All Frontier Nodes": 2.484766, "Lookahead": 9 }