{ "K 1": 2.962569, "K 3": 2.962569, "K 5": 2.962569, "K 7": 2.962569, "All Frontier Nodes": 2.962569, "Lookahead": 9 }