{ "K 1": 3.058408, "K 10": 3.058408, "K 100": 3.058408, "K 1000": 3.058408, "All Frontier Nodes": 3.058408, "Lookahead": 9 }