{ "K 1": 2.274268, "K 3": 2.274268, "K 5": 2.274268, "K 7": 2.274268, "All Frontier Nodes": 2.274268, "Lookahead": 9 }