{ "K 1": 2.403344, "K 10": 2.403344, "K 100": 2.403344, "K 1000": 2.403344, "All Frontier Nodes": 2.403344, "Lookahead": 9 }