{ "K 1": 2.653700, "K 10": 2.653700, "K 100": 2.653700, "K 1000": 2.653700, "All Frontier Nodes": 2.653700, "Lookahead": 9 }