{ "K-Best 1 Pemberton Belief": 2.631559, "K-Best 3 Pemberton Belief": 2.631559, "K-Best 5 Pemberton Belief": 2.631559, "K-Best 7 Pemberton Belief": 2.631559, "Cserna Pemberton Belief": 2.631559, "K-Best 1": 2.631559, "K-Best 3": 2.631559, "K-Best 5": 2.631559, "K-Best 7": 2.631559, "Cserna": 2.631559, "Bellman": 2.631559, "Minimin": 2.631559, "Nancy": 2.631559, "Lookahead": 9 }