{ "K 1": 3.173504, "K 3": 3.173504, "K 5": 3.173504, "K 7": 3.173504, "All Frontier Nodes": 3.173504, "Lookahead": 9 }