{ "K 1": 2.624747, "K 3": 2.624747, "K 5": 2.624747, "K 7": 2.624747, "All Frontier Nodes": 2.624747, "Lookahead": 9 }