{ "K 1": 2.092092, "K 10": 2.092092, "K 100": 2.092092, "K 1000": 2.092092, "All Frontier Nodes": 2.092092, "Lookahead": 9 }