{ "K 1": 2.121295, "K 10": 2.121295, "K 100": 2.121295, "K 1000": 2.121295, "All Frontier Nodes": 2.121295, "Lookahead": 9 }