{ "K 1": 3.605870, "K 3": 3.605870, "K 5": 3.605870, "K 7": 3.605870, "All Frontier Nodes": 3.605870, "Lookahead": 9 }