{ "K 1": 2.538278, "K 3": 2.538278, "K 5": 2.538278, "K 7": 2.538278, "All Frontier Nodes": 2.538278, "Lookahead": 9 }