{ "K 1": 2.687421, "K 10": 2.687421, "K 100": 2.687421, "K 1000": 2.687421, "All Frontier Nodes": 2.687421, "Lookahead": 9 }