{ "K 1": 2.254512, "K 3": 2.254512, "K 5": 2.254512, "K 7": 2.254512, "All Frontier Nodes": 2.254512, "Lookahead": 9 }