{ "K 1": 2.045418, "K 3": 2.045418, "K 5": 2.045418, "K 7": 2.045418, "All Frontier Nodes": 2.045418, "Lookahead": 9 }