{ "K 1": 2.509884, "K 3": 2.509884, "K 5": 2.509884, "K 7": 2.509884, "All Frontier Nodes": 2.509884, "Lookahead": 9 }