{ "K 1": 2.207571, "K 10": 2.207571, "K 100": 2.207571, "K 1000": 2.207571, "All Frontier Nodes": 2.207571, "Lookahead": 9 }