{ "K 1": 2.473582, "K 3": 2.473582, "K 5": 2.473582, "K 7": 2.473582, "All Frontier Nodes": 2.473582, "Lookahead": 9 }