{ "K 1": 1.706449, "K 10": 1.706449, "K 100": 1.706449, "K 1000": 1.706449, "All Frontier Nodes": 1.706449, "Lookahead": 9 }