{ "K 1": 2.252159, "K 10": 2.252159, "K 100": 2.252159, "K 1000": 2.252159, "All Frontier Nodes": 2.252159, "Lookahead": 9 }