{ "K 1": 3.287902, "K 10": 3.287902, "K 100": 3.287902, "K 1000": 3.287902, "All Frontier Nodes": 3.287902, "Lookahead": 9 }