{ "K 1": 2.315413, "K 3": 2.315413, "K 5": 2.315413, "K 7": 2.315413, "All Frontier Nodes": 2.315413, "Lookahead": 9 }