{ "K 1": 2.949340, "K 3": 2.949340, "K 5": 2.949340, "K 7": 2.949340, "All Frontier Nodes": 2.949340, "Lookahead": 9 }