{ "K 1": 2.952306, "K 3": 2.952306, "K 5": 2.952306, "K 7": 2.952306, "All Frontier Nodes": 2.952306, "Lookahead": 9 }