{ "K 1": 2.586679, "K 10": 2.586679, "K 100": 2.586679, "K 1000": 2.586679, "All Frontier Nodes": 2.586679, "Lookahead": 9 }