{ "K 1": 2.628719, "K 10": 2.628719, "K 100": 2.628719, "K 1000": 2.628719, "All Frontier Nodes": 2.628719, "Lookahead": 9 }