{ "K 1": 3.158897, "K 3": 3.158897, "K 5": 3.158897, "K 7": 3.158897, "All Frontier Nodes": 3.158897, "Lookahead": 9 }