{ "K 1": 2.457632, "K 3": 2.457632, "K 5": 2.457632, "K 7": 2.457632, "All Frontier Nodes": 2.457632, "Lookahead": 9 }