{ "K 1": 1.996276, "K 10": 1.996276, "K 100": 1.996276, "K 1000": 1.996276, "All Frontier Nodes": 1.996276, "Lookahead": 9 }