{ "K 1": 3.025191, "K 10": 3.025191, "K 100": 3.025191, "K 1000": 3.025191, "All Frontier Nodes": 3.025191, "Lookahead": 9 }