{ "K 1": 3.524055, "K 3": 3.524055, "K 5": 3.524055, "K 7": 3.524055, "All Frontier Nodes": 3.524055, "Lookahead": 9 }