{ "K-Best 1 Pemberton Belief": 2.278611, "K-Best 3 Pemberton Belief": 2.278611, "K-Best 5 Pemberton Belief": 2.278611, "K-Best 7 Pemberton Belief": 2.278611, "Cserna Pemberton Belief": 2.278611, "K-Best 1": 2.278611, "K-Best 3": 2.278611, "K-Best 5": 2.278611, "K-Best 7": 2.278611, "Cserna": 2.278611, "Bellman": 2.278611, "Minimin": 2.278611, "Nancy": 2.278611, "Lookahead": 9 }