{ "K 1": 1.846527, "K 10": 1.846527, "K 100": 1.846527, "K 1000": 1.846527, "All Frontier Nodes": 1.846527, "Lookahead": 9 }