{ "K 1": 2.254967, "K 3": 2.254967, "K 5": 2.254967, "K 7": 2.254967, "All Frontier Nodes": 2.254967, "Lookahead": 9 }