{ "K 1": 2.382724, "K 10": 2.382724, "K 100": 2.382724, "K 1000": 2.382724, "All Frontier Nodes": 2.382724, "Lookahead": 9 }