{ "K 1": 2.549247, "K 3": 2.549247, "K 5": 2.549247, "K 7": 2.549247, "All Frontier Nodes": 2.549247, "Lookahead": 9 }