{ "K 1": 2.793066, "K 3": 2.793066, "K 5": 2.793066, "K 7": 2.793066, "All Frontier Nodes": 2.793066, "Lookahead": 9 }