{ "K 1": 2.565730, "K 10": 2.565730, "K 100": 2.565730, "K 1000": 2.565730, "All Frontier Nodes": 2.565730, "Lookahead": 9 }