{ "K 1": 2.627806, "K 10": 2.627806, "K 100": 2.627806, "K 1000": 2.627806, "All Frontier Nodes": 2.627806, "Lookahead": 9 }