{ "K 1": 2.990112, "K 3": 2.990112, "K 5": 2.990112, "K 7": 2.990112, "All Frontier Nodes": 2.990112, "Lookahead": 9 }