{ "K 1": 1.946666, "K 3": 1.946666, "K 5": 1.946666, "K 7": 1.946666, "All Frontier Nodes": 1.946666, "Lookahead": 9 }