{ "K 1": 2.720698, "K 10": 2.720698, "K 100": 2.720698, "K 1000": 2.720698, "All Frontier Nodes": 2.720698, "Lookahead": 9 }