{ "K 1": 3.004740, "K 3": 3.004740, "K 5": 3.004740, "K 7": 3.004740, "All Frontier Nodes": 3.004740, "Lookahead": 9 }