{ "K 1": 2.347903, "K 3": 2.347903, "K 5": 2.347903, "K 7": 2.347903, "All Frontier Nodes": 2.347903, "Lookahead": 9 }