{ "K 1": 2.829273, "K 3": 2.829273, "K 5": 2.829273, "K 7": 2.829273, "All Frontier Nodes": 2.829273, "Lookahead": 9 }