{ "K 1": 2.644569, "K 3": 2.644569, "K 5": 2.644569, "K 7": 2.644569, "All Frontier Nodes": 2.644569, "Lookahead": 9 }