{ "K 1": 2.806393, "K 3": 2.806393, "K 5": 2.806393, "K 7": 2.806393, "All Frontier Nodes": 2.806393, "Lookahead": 9 }