{ "K 1": 2.351786, "K 3": 2.351786, "K 5": 2.351786, "K 7": 2.351786, "All Frontier Nodes": 2.351786, "Lookahead": 9 }