{ "K 1": 2.313198, "K 10": 2.313198, "K 100": 2.313198, "K 1000": 2.313198, "All Frontier Nodes": 2.313198, "Lookahead": 9 }