{ "K 1": 2.989561, "K 10": 2.989561, "K 100": 2.989561, "K 1000": 2.989561, "All Frontier Nodes": 2.989561, "Lookahead": 9 }