{ "K 1": 1.846544, "K 3": 1.846544, "K 5": 1.846544, "K 7": 1.846544, "All Frontier Nodes": 1.846544, "Lookahead": 9 }