{ "K 1": 2.658120, "K 3": 2.658120, "K 5": 2.658120, "K 7": 2.658120, "All Frontier Nodes": 2.658120, "Lookahead": 9 }