{ "K 1": 2.791186, "K 10": 2.791186, "K 100": 2.791186, "K 1000": 2.791186, "All Frontier Nodes": 2.791186, "Lookahead": 9 }