{ "K 1": 1.625536, "K 3": 1.625536, "K 5": 1.625536, "K 7": 1.625536, "All Frontier Nodes": 1.625536, "Lookahead": 9 }