{ "K 1": 1.710736, "K 10": 1.710736, "K 100": 1.710736, "K 1000": 1.710736, "All Frontier Nodes": 1.710736, "Lookahead": 9 }