{ "K 1": 3.020214, "K 3": 3.020214, "K 5": 3.020214, "K 7": 3.020214, "All Frontier Nodes": 3.020214, "Lookahead": 9 }