{ "K 1": 2.835920, "K 10": 2.835920, "K 100": 2.835920, "K 1000": 2.835920, "All Frontier Nodes": 2.835920, "Lookahead": 9 }