{ "K 1": 2.617800, "K 10": 2.617800, "K 100": 2.617800, "K 1000": 2.617800, "All Frontier Nodes": 2.617800, "Lookahead": 9 }