{ "K 1": 2.375892, "K 3": 2.375892, "K 5": 2.375892, "K 7": 2.375892, "All Frontier Nodes": 2.375892, "Lookahead": 9 }