{ "K 1": 2.467179, "K 10": 2.467179, "K 100": 2.467179, "K 1000": 2.467179, "All Frontier Nodes": 2.467179, "Lookahead": 9 }