{ "K 1": 2.017769, "K 10": 2.017769, "K 100": 2.017769, "K 1000": 2.017769, "All Frontier Nodes": 2.017769, "Lookahead": 9 }