{ "K 1": 3.187083, "K 3": 3.187083, "K 5": 3.187083, "K 7": 3.187083, "All Frontier Nodes": 3.187083, "Lookahead": 9 }