{ "K 1": 2.234141, "K 3": 2.234141, "K 5": 2.234141, "K 7": 2.234141, "All Frontier Nodes": 2.234141, "Lookahead": 9 }