{ "K 1": 2.945369, "K 3": 2.945369, "K 5": 2.945369, "K 7": 2.945369, "All Frontier Nodes": 2.945369, "Lookahead": 9 }