{ "K 1": 2.376487, "K 3": 2.376487, "K 5": 2.376487, "K 7": 2.376487, "All Frontier Nodes": 2.376487, "Lookahead": 9 }