{ "K 1": 1.860224, "K 10": 1.860224, "K 100": 1.860224, "K 1000": 1.860224, "All Frontier Nodes": 1.860224, "Lookahead": 9 }