{ "K 1": 2.668784, "K 3": 2.668784, "K 5": 2.668784, "K 7": 2.668784, "All Frontier Nodes": 2.668784, "Lookahead": 9 }