{ "K 1": 2.660489, "K 3": 2.660489, "K 5": 2.660489, "K 7": 2.660489, "All Frontier Nodes": 2.660489, "Lookahead": 9 }