{ "K 1": 2.963354, "K 10": 2.963354, "K 100": 2.963354, "K 1000": 2.963354, "All Frontier Nodes": 2.963354, "Lookahead": 9 }