{ "K 1": 2.923763, "K 3": 2.923763, "K 5": 2.923763, "K 7": 2.923763, "All Frontier Nodes": 2.923763, "Lookahead": 9 }