{ "K 1": 2.787630, "K 3": 2.787630, "K 5": 2.787630, "K 7": 2.787630, "All Frontier Nodes": 2.787630, "Lookahead": 9 }