{ "K 1": 2.126538, "K 10": 2.126538, "K 100": 2.126538, "K 1000": 2.126538, "All Frontier Nodes": 2.126538, "Lookahead": 9 }