{ "K 1": 2.439213, "K 3": 2.439213, "K 5": 2.439213, "K 7": 2.439213, "All Frontier Nodes": 2.439213, "Lookahead": 9 }