{ "K 1": 2.481976, "K 3": 2.481976, "K 5": 2.481976, "K 7": 2.481976, "All Frontier Nodes": 2.481976, "Lookahead": 9 }