{ "K 1": 2.761289, "K 3": 2.761289, "K 5": 2.761289, "K 7": 2.761289, "All Frontier Nodes": 2.761289, "Lookahead": 9 }