{ "K 1": 2.526358, "K 3": 2.526358, "K 5": 2.526358, "K 7": 2.526358, "All Frontier Nodes": 2.526358, "Lookahead": 9 }