{ "K 1": 2.545158, "K 3": 2.545158, "K 5": 2.545158, "K 7": 2.545158, "All Frontier Nodes": 2.545158, "Lookahead": 9 }