{ "K 1": 2.287436, "K 10": 2.287436, "K 100": 2.287436, "K 1000": 2.287436, "All Frontier Nodes": 2.287436, "Lookahead": 9 }