{ "K-Best 1 Pemberton Belief": 2.208379, "K-Best 3 Pemberton Belief": 2.208379, "K-Best 5 Pemberton Belief": 2.208379, "K-Best 7 Pemberton Belief": 2.208379, "Cserna Pemberton Belief": 2.208379, "K-Best 1": 2.208379, "K-Best 3": 2.208379, "K-Best 5": 2.208379, "K-Best 7": 2.208379, "Cserna": 2.208379, "Bellman": 2.208379, "Minimin": 2.208379, "Nancy": 2.208379, "Lookahead": 9 }