{ "K 1": 3.344311, "K 10": 3.344311, "K 100": 3.344311, "K 1000": 3.344311, "All Frontier Nodes": 3.344311, "Lookahead": 9 }