{ "K 1": 1.689455, "K 3": 1.689455, "K 5": 1.689455, "K 7": 1.689455, "All Frontier Nodes": 1.689455, "Lookahead": 9 }