{ "K 1": 2.493181, "K 10": 2.493181, "K 100": 2.493181, "K 1000": 2.493181, "All Frontier Nodes": 2.493181, "Lookahead": 9 }