{ "K 1": 2.133113, "K 3": 2.133113, "K 5": 2.133113, "K 7": 2.133113, "All Frontier Nodes": 2.133113, "Lookahead": 9 }