{ "K-Best 1 Pemberton Belief": 2.543306, "K-Best 3 Pemberton Belief": 2.543306, "K-Best 5 Pemberton Belief": 2.543306, "K-Best 7 Pemberton Belief": 2.543306, "Cserna Pemberton Belief": 2.543306, "K-Best 1": 2.543306, "K-Best 3": 2.543306, "K-Best 5": 2.543306, "K-Best 7": 2.543306, "Cserna": 2.543306, "Bellman": 2.543306, "Minimin": 2.543306, "Nancy": 2.543306, "Lookahead": 9 }