{ "K 1": 3.168428, "K 10": 3.168428, "K 100": 3.168428, "K 1000": 3.168428, "All Frontier Nodes": 3.168428, "Lookahead": 9 }