{ "K 1": 2.443886, "K 10": 2.443886, "K 100": 2.443886, "K 1000": 2.443886, "All Frontier Nodes": 2.443886, "Lookahead": 9 }