{ "K 1": 2.562927, "K 3": 2.562927, "K 5": 2.562927, "K 7": 2.562927, "All Frontier Nodes": 2.562927, "Lookahead": 9 }