{ "K 1": 2.231431, "K 10": 2.231431, "K 100": 2.231431, "K 1000": 2.231431, "All Frontier Nodes": 2.231431, "Lookahead": 9 }