{ "K 1": 1.700373, "K 3": 1.700373, "K 5": 1.700373, "K 7": 1.700373, "All Frontier Nodes": 1.700373, "Lookahead": 9 }