{ "K 1": 2.070864, "K 3": 2.070864, "K 5": 2.070864, "K 7": 2.070864, "All Frontier Nodes": 2.070864, "Lookahead": 9 }