{ "K 1": 2.221903, "K 3": 2.221903, "K 5": 2.221903, "K 7": 2.221903, "All Frontier Nodes": 2.221903, "Lookahead": 9 }