{ "K 1": 2.834082, "K 10": 2.834082, "K 100": 2.834082, "K 1000": 2.834082, "All Frontier Nodes": 2.834082, "Lookahead": 9 }