{ "K 1": 3.226547, "K 3": 3.226547, "K 5": 3.226547, "K 7": 3.226547, "All Frontier Nodes": 3.226547, "Lookahead": 9 }