{ "K 1": 2.679022, "K 3": 2.679022, "K 5": 2.679022, "K 7": 2.679022, "All Frontier Nodes": 2.679022, "Lookahead": 9 }