{ "K 1": 2.171688, "K 3": 2.171688, "K 5": 2.171688, "K 7": 2.171688, "All Frontier Nodes": 2.171688, "Lookahead": 9 }