{ "K 1": 2.795098, "K 10": 2.795098, "K 100": 2.795098, "K 1000": 2.795098, "All Frontier Nodes": 2.795098, "Lookahead": 9 }