{ "K 1": 2.160756, "K 3": 2.160756, "K 5": 2.160756, "K 7": 2.160756, "All Frontier Nodes": 2.160756, "Lookahead": 9 }