{ "K 1": 2.514709, "K 10": 2.514709, "K 100": 2.514709, "K 1000": 2.514709, "All Frontier Nodes": 2.514709, "Lookahead": 9 }