{ "K 1": 1.655714, "K 10": 1.655714, "K 100": 1.655714, "K 1000": 1.655714, "All Frontier Nodes": 1.655714, "Lookahead": 9 }