{ "K 1": 3.107935, "K 3": 3.107935, "K 5": 3.078709, "K 7": 3.078709, "All Frontier Nodes": 3.078709, "Lookahead": 9 }