{ "K 1": 2.020817, "K 10": 2.020817, "K 100": 2.020817, "K 1000": 2.020817, "All Frontier Nodes": 2.020817, "Lookahead": 9 }