{ "K 1": 2.420606, "K 3": 2.420606, "K 5": 2.420606, "K 7": 2.420606, "All Frontier Nodes": 2.420606, "Lookahead": 9 }