{ "K 1": 2.371672, "K 10": 2.371672, "K 100": 2.371672, "K 1000": 2.371672, "All Frontier Nodes": 2.371672, "Lookahead": 9 }