{ "K 1": 2.220066, "K 10": 2.220066, "K 100": 2.220066, "K 1000": 2.220066, "All Frontier Nodes": 2.220066, "Lookahead": 9 }