{ "K 1": 2.786823, "K 3": 2.786823, "K 5": 2.786823, "K 7": 2.786823, "All Frontier Nodes": 2.786823, "Lookahead": 9 }