{ "K 1": 2.164956, "K 3": 2.164956, "K 5": 2.164956, "K 7": 2.164956, "All Frontier Nodes": 2.164956, "Lookahead": 9 }