{ "K 1": 3.195174, "K 10": 3.195174, "K 100": 3.195174, "K 1000": 3.195174, "All Frontier Nodes": 3.195174, "Lookahead": 9 }