{ "K 1": 1.910944, "K 3": 1.910944, "K 5": 1.910944, "K 7": 1.910944, "All Frontier Nodes": 1.910944, "Lookahead": 9 }