{ "K 1": 2.520765, "K 3": 2.520765, "K 5": 2.520765, "K 7": 2.520765, "All Frontier Nodes": 2.520765, "Lookahead": 9 }