{ "K 1": 2.880602, "K 3": 2.880602, "K 5": 2.880602, "K 7": 2.880602, "All Frontier Nodes": 2.880602, "Lookahead": 9 }