{ "K 1": 2.136475, "K 10": 2.136475, "K 100": 2.136475, "K 1000": 2.136475, "All Frontier Nodes": 2.136475, "Lookahead": 9 }