{ "K 1": 2.328880, "K 10": 2.328880, "K 100": 2.328880, "K 1000": 2.328880, "All Frontier Nodes": 2.328880, "Lookahead": 9 }