{ "K 1": 2.352553, "K 3": 2.352553, "K 5": 2.352553, "K 7": 2.352553, "All Frontier Nodes": 2.352553, "Lookahead": 9 }