{ "K 1": 1.740610, "K 10": 1.740610, "K 100": 1.740610, "K 1000": 1.740610, "All Frontier Nodes": 1.740610, "Lookahead": 9 }