{ "K 1": 2.283847, "K 3": 2.283847, "K 5": 2.283847, "K 7": 2.283847, "All Frontier Nodes": 2.283847, "Lookahead": 9 }