{ "K 1": 1.707723, "K 3": 1.707723, "K 5": 1.707723, "K 7": 1.707723, "All Frontier Nodes": 1.707723, "Lookahead": 9 }