{ "K 1": 1.585754, "K 3": 1.585754, "K 5": 1.585754, "K 7": 1.585754, "All Frontier Nodes": 1.585754, "Lookahead": 9 }