{ "K 1": 3.368115, "K 3": 3.368115, "K 5": 3.368115, "K 7": 3.270320, "All Frontier Nodes": 3.270320, "Lookahead": 9 }