{ "K 1": 2.628359, "K 10": 2.628359, "K 100": 2.628359, "K 1000": 2.628359, "All Frontier Nodes": 2.628359, "Lookahead": 9 }