{ "K 1": 2.120555, "K 3": 2.120555, "K 5": 2.120555, "K 7": 2.120555, "All Frontier Nodes": 2.120555, "Lookahead": 9 }