{ "K-Best 1 Pemberton Belief": 2.237504, "K-Best 3 Pemberton Belief": 2.237504, "K-Best 5 Pemberton Belief": 2.237504, "K-Best 7 Pemberton Belief": 2.237504, "Cserna Pemberton Belief": 2.237504, "K-Best 1": 2.237504, "K-Best 3": 2.237504, "K-Best 5": 2.237504, "K-Best 7": 2.237504, "Cserna": 2.237504, "Bellman": 2.237504, "Minimin": 2.237504, "Nancy": 2.237504, "Lookahead": 9 }