{ "K 1": 1.958102, "K 3": 1.958102, "K 5": 1.958102, "K 7": 1.958102, "All Frontier Nodes": 1.958102, "Lookahead": 9 }