{ "K 1": 2.435682, "K 3": 2.435682, "K 5": 2.435682, "K 7": 2.435682, "All Frontier Nodes": 2.435682, "Lookahead": 9 }