{ "K 1": 2.496137, "K 3": 2.496137, "K 5": 2.496137, "K 7": 2.496137, "All Frontier Nodes": 2.496137, "Lookahead": 9 }