{ "K 1": 2.320547, "K 3": 2.320547, "K 5": 2.320547, "K 7": 2.320547, "All Frontier Nodes": 2.320547, "Lookahead": 9 }