{ "K 1": 2.563955, "K 10": 2.563955, "K 100": 2.563955, "K 1000": 2.563955, "All Frontier Nodes": 2.563955, "Lookahead": 9 }