{ "K-Best 1 Pemberton Belief": 1.913710, "K-Best 3 Pemberton Belief": 1.913710, "K-Best 5 Pemberton Belief": 1.913710, "K-Best 7 Pemberton Belief": 1.913710, "Cserna Pemberton Belief": 1.913710, "K-Best 1": 1.913710, "K-Best 3": 1.913710, "K-Best 5": 1.913710, "K-Best 7": 1.913710, "Cserna": 1.913710, "Bellman": 1.913710, "Minimin": 1.913710, "Nancy": 1.913710, "Lookahead": 9 }