{ "K 1": 2.482984, "K 3": 2.482984, "K 5": 2.482984, "K 7": 2.482984, "All Frontier Nodes": 2.482984, "Lookahead": 9 }