{ "K 1": 3.224751, "K 10": 3.224751, "K 100": 3.224751, "K 1000": 3.224751, "All Frontier Nodes": 3.224751, "Lookahead": 9 }