{ "K 1": 1.972590, "K 3": 1.972590, "K 5": 1.972590, "K 7": 1.972590, "All Frontier Nodes": 1.972590, "Lookahead": 9 }