{ "K-Best 1 Pemberton Belief": 1.564395, "K-Best 3 Pemberton Belief": 1.564395, "K-Best 5 Pemberton Belief": 1.564395, "K-Best 7 Pemberton Belief": 1.564395, "Cserna Pemberton Belief": 1.564395, "K-Best 1": 1.564395, "K-Best 3": 1.564395, "K-Best 5": 1.564395, "K-Best 7": 1.564395, "Cserna": 1.564395, "Bellman": 1.564395, "Minimin": 1.564395, "Nancy": 1.564395, "Lookahead": 9 }