{ "K 1": 2.259759, "K 3": 2.259759, "K 5": 2.259759, "K 7": 2.259759, "All Frontier Nodes": 2.259759, "Lookahead": 9 }