{ "K 1": 2.711991, "K 3": 2.711991, "K 5": 2.711991, "K 7": 2.711991, "All Frontier Nodes": 2.711991, "Lookahead": 9 }