{ "K 1": 2.706437, "K 3": 2.706437, "K 5": 2.706437, "K 7": 2.706437, "All Frontier Nodes": 2.706437, "Lookahead": 9 }