{ "K 1": 1.362028, "K 3": 1.362028, "K 5": 1.362028, "K 7": 1.362028, "All Frontier Nodes": 1.362028, "Lookahead": 9 }