{ "K 1": 2.253465, "K 10": 2.253465, "K 100": 2.253465, "K 1000": 2.253465, "All Frontier Nodes": 2.253465, "Lookahead": 9 }