{ "K 1": 2.898277, "K 3": 2.898277, "K 5": 2.898277, "K 7": 2.898277, "All Frontier Nodes": 2.898277, "Lookahead": 9 }