{ "K 1": 2.696737, "K 10": 2.696737, "K 100": 2.696737, "K 1000": 2.696737, "All Frontier Nodes": 2.696737, "Lookahead": 9 }