{ "K 1": 2.748863, "K 3": 2.748863, "K 5": 2.748863, "K 7": 2.748863, "All Frontier Nodes": 2.748863, "Lookahead": 9 }