{ "K 1": 2.536800, "K 10": 2.536800, "K 100": 2.536800, "K 1000": 2.536800, "All Frontier Nodes": 2.536800, "Lookahead": 9 }