{ "K 1": 3.057307, "K 3": 3.057307, "K 5": 3.057307, "K 7": 3.057307, "All Frontier Nodes": 3.057307, "Lookahead": 9 }