{ "K 1": 2.652431, "K 3": 2.652431, "K 5": 2.652431, "K 7": 2.652431, "All Frontier Nodes": 2.652431, "Lookahead": 9 }