{ "K 1": 3.097601, "K 3": 3.097601, "K 5": 3.097601, "K 7": 3.097601, "All Frontier Nodes": 3.097601, "Lookahead": 9 }