{ "K 1": 2.010733, "K 3": 2.010733, "K 5": 2.010733, "K 7": 2.010733, "All Frontier Nodes": 2.010733, "Lookahead": 9 }