{ "K 1": 2.704559, "K 3": 2.704559, "K 5": 2.704559, "K 7": 2.704559, "All Frontier Nodes": 2.704559, "Lookahead": 9 }