{ "K 1": 1.926122, "K 10": 1.926122, "K 100": 1.926122, "K 1000": 1.926122, "All Frontier Nodes": 1.926122, "Lookahead": 9 }