{ "K 1": 3.050960, "K 10": 3.050960, "K 100": 3.050960, "K 1000": 3.050960, "All Frontier Nodes": 3.050960, "Lookahead": 9 }