{ "K 1": 2.313790, "K 10": 2.313790, "K 100": 2.313790, "K 1000": 2.313790, "All Frontier Nodes": 2.313790, "Lookahead": 9 }