{ "K 1": 2.557372, "K 3": 2.557372, "K 5": 2.557372, "K 7": 2.557372, "All Frontier Nodes": 2.557372, "Lookahead": 9 }