{ "K 1": 1.969175, "K 3": 1.969175, "K 5": 1.969175, "K 7": 1.969175, "All Frontier Nodes": 1.969175, "Lookahead": 9 }