{ "K 1": 2.478843, "K 3": 2.478843, "K 5": 2.478843, "K 7": 2.478843, "All Frontier Nodes": 2.478843, "Lookahead": 9 }