{ "K-Best 1 Pemberton Belief": 3.188944, "K-Best 3 Pemberton Belief": 3.188944, "K-Best 5 Pemberton Belief": 3.188944, "K-Best 7 Pemberton Belief": 3.188944, "Cserna Pemberton Belief": 3.188944, "K-Best 1": 3.188944, "K-Best 3": 3.188944, "K-Best 5": 3.188944, "K-Best 7": 3.188944, "Cserna": 3.188944, "Bellman": 3.188944, "Minimin": 3.188944, "Nancy": 3.188944, "Lookahead": 9 }