{ "K 1": 2.372612, "K 10": 2.372612, "K 100": 2.372612, "K 1000": 2.372612, "All Frontier Nodes": 2.372612, "Lookahead": 9 }