{ "K 1": 2.183083, "K 3": 2.183083, "K 5": 2.183083, "K 7": 2.183083, "All Frontier Nodes": 2.183083, "Lookahead": 9 }