{ "K 1": 2.857054, "K 3": 2.857054, "K 5": 2.857054, "K 7": 2.857054, "All Frontier Nodes": 2.857054, "Lookahead": 9 }