{ "K 1": 2.772057, "K 3": 2.772057, "K 5": 2.772057, "K 7": 2.772057, "All Frontier Nodes": 2.772057, "Lookahead": 9 }