{ "K 1": 3.521854, "K 3": 3.532032, "K 5": 3.532032, "K 7": 3.532032, "All Frontier Nodes": 3.532032, "Lookahead": 9 }