{ "K-Best 1 Pemberton Belief": 2.269985, "K-Best 3 Pemberton Belief": 2.269985, "K-Best 5 Pemberton Belief": 2.269985, "K-Best 7 Pemberton Belief": 2.269985, "Cserna Pemberton Belief": 2.269985, "K-Best 1": 2.269985, "K-Best 3": 2.269985, "K-Best 5": 2.269985, "K-Best 7": 2.269985, "Cserna": 2.269985, "Bellman": 2.269985, "Minimin": 2.269985, "Nancy": 2.269985, "Lookahead": 9 }