{ "K 1": 2.856240, "K 3": 2.856240, "K 5": 2.856240, "K 7": 2.856240, "All Frontier Nodes": 2.856240, "Lookahead": 9 }