{ "K-Best 1 Pemberton Belief": 2.207280, "K-Best 3 Pemberton Belief": 2.207280, "K-Best 5 Pemberton Belief": 2.207280, "K-Best 7 Pemberton Belief": 2.207280, "Cserna Pemberton Belief": 2.207280, "K-Best 1": 2.207280, "K-Best 3": 2.207280, "K-Best 5": 2.207280, "K-Best 7": 2.207280, "Cserna": 2.207280, "Bellman": 2.207280, "Minimin": 2.207280, "Nancy": 2.207280, "Lookahead": 9 }