{ "K 1": 2.839785, "K 3": 2.839785, "K 5": 2.839785, "K 7": 2.839785, "All Frontier Nodes": 2.839785, "Lookahead": 9 }