{ "K 1": 2.650106, "K 10": 2.650106, "K 100": 2.650106, "K 1000": 2.650106, "All Frontier Nodes": 2.650106, "Lookahead": 9 }