{ "K 1": 2.183331, "K 3": 2.183331, "K 5": 2.183331, "K 7": 2.183331, "All Frontier Nodes": 2.183331, "Lookahead": 9 }