{ "K 1": 3.218344, "K 3": 3.218344, "K 5": 3.218344, "K 7": 3.218344, "All Frontier Nodes": 3.218344, "Lookahead": 9 }