{ "K 1": 2.698388, "K 3": 2.698388, "K 5": 2.698388, "K 7": 2.698388, "All Frontier Nodes": 2.698388, "Lookahead": 9 }