{ "K 1": 2.329750, "K 3": 2.329750, "K 5": 2.329750, "K 7": 2.329750, "All Frontier Nodes": 2.329750, "Lookahead": 9 }