{ "K 1": 3.054974, "K 3": 3.054974, "K 5": 3.054974, "K 7": 3.054974, "All Frontier Nodes": 3.054974, "Lookahead": 9 }