{ "K 1": 1.665878, "K 3": 1.665878, "K 5": 1.665878, "K 7": 1.665878, "All Frontier Nodes": 1.665878, "Lookahead": 9 }