{ "K 1": 2.541002, "K 3": 2.541002, "K 5": 2.541002, "K 7": 2.541002, "All Frontier Nodes": 2.541002, "Lookahead": 9 }