{ "K 1": 1.961089, "K 3": 1.961089, "K 5": 1.961089, "K 7": 1.961089, "All Frontier Nodes": 1.961089, "Lookahead": 9 }