{ "K 1": 2.880289, "K 3": 2.880289, "K 5": 2.880289, "K 7": 2.880289, "All Frontier Nodes": 2.880289, "Lookahead": 9 }