{ "K 1": 2.463088, "K 3": 2.463088, "K 5": 2.463088, "K 7": 2.463088, "All Frontier Nodes": 2.463088, "Lookahead": 9 }