{ "K 1": 2.697877, "K 3": 2.697877, "K 5": 2.697877, "K 7": 2.697877, "All Frontier Nodes": 2.697877, "Lookahead": 9 }