{ "K 1": 2.739837, "K 3": 2.739837, "K 5": 2.739837, "K 7": 2.739837, "All Frontier Nodes": 2.739837, "Lookahead": 9 }