{ "K 1": 2.823893, "K 3": 2.823893, "K 5": 2.823893, "K 7": 2.823893, "All Frontier Nodes": 2.823893, "Lookahead": 9 }