{ "K-Best 1 Pemberton Belief": 2.596215, "K-Best 3 Pemberton Belief": 2.596215, "K-Best 5 Pemberton Belief": 2.596215, "K-Best 7 Pemberton Belief": 2.596215, "Cserna Pemberton Belief": 2.596215, "K-Best 1": 2.596215, "K-Best 3": 2.596215, "K-Best 5": 2.596215, "K-Best 7": 2.596215, "Cserna": 2.596215, "Bellman": 2.596215, "Minimin": 2.596215, "Nancy": 2.596215, "Lookahead": 9 }