{ "K 1": 2.680603, "K 3": 2.680603, "K 5": 2.680603, "K 7": 2.680603, "All Frontier Nodes": 2.680603, "Lookahead": 9 }