{ "K 1": 2.323866, "K 10": 2.323866, "K 100": 2.323866, "K 1000": 2.323866, "All Frontier Nodes": 2.323866, "Lookahead": 9 }