{ "K 1": 3.263286, "K 3": 3.263286, "K 5": 3.263286, "K 7": 3.263286, "All Frontier Nodes": 3.263286, "Lookahead": 9 }