{ "K 1": 2.028083, "K 10": 2.028083, "K 100": 2.028083, "K 1000": 2.028083, "All Frontier Nodes": 2.028083, "Lookahead": 9 }