{ "K 1": 2.593423, "K 10": 2.593423, "K 100": 2.593423, "K 1000": 2.593423, "All Frontier Nodes": 2.593423, "Lookahead": 9 }