{ "K 1": 3.529495, "K 10": 3.529495, "K 100": 3.529495, "K 1000": 3.529495, "All Frontier Nodes": 3.529495, "Lookahead": 9 }