{ "K 1": 2.829804, "K 10": 2.829804, "K 100": 2.829804, "K 1000": 2.829804, "All Frontier Nodes": 2.829804, "Lookahead": 9 }