{ "K 1": 2.770432, "K 10": 2.770432, "K 100": 2.770432, "K 1000": 2.770432, "All Frontier Nodes": 2.770432, "Lookahead": 9 }