{ "K 1": 2.202427, "K 10": 2.202427, "K 100": 2.202427, "K 1000": 2.202427, "All Frontier Nodes": 2.202427, "Lookahead": 9 }