{ "K 1": 1.897864, "K 3": 1.897864, "K 5": 1.897864, "K 7": 1.897864, "All Frontier Nodes": 1.897864, "Lookahead": 9 }