{ "K 1": 2.788444, "K 3": 2.788444, "K 5": 2.788444, "K 7": 2.788444, "All Frontier Nodes": 2.788444, "Lookahead": 9 }