{ "K 1": 2.062132, "K 3": 2.062132, "K 5": 2.062132, "K 7": 2.062132, "All Frontier Nodes": 2.062132, "Lookahead": 9 }