{ "K 1": 2.757251, "K 3": 2.757251, "K 5": 2.757251, "K 7": 2.757251, "All Frontier Nodes": 2.757251, "Lookahead": 9 }