{ "K 1": 1.582488, "K 3": 1.582488, "K 5": 1.582488, "K 7": 1.582488, "All Frontier Nodes": 1.582488, "Lookahead": 9 }