{ "K 1": 3.096857, "K 3": 3.096857, "K 5": 3.096857, "K 7": 3.096857, "All Frontier Nodes": 3.096857, "Lookahead": 9 }