{ "K 1": 2.188231, "K 3": 2.188231, "K 5": 2.188231, "K 7": 2.188231, "All Frontier Nodes": 2.188231, "Lookahead": 9 }