{ "K 1": 3.070280, "K 3": 3.070280, "K 5": 3.070280, "K 7": 3.070280, "All Frontier Nodes": 3.070280, "Lookahead": 9 }