{ "K 1": 2.495537, "K 10": 2.495537, "K 100": 2.495537, "K 1000": 2.495537, "All Frontier Nodes": 2.495537, "Lookahead": 9 }