{ "K 1": 2.805065, "K 3": 2.805065, "K 5": 2.805065, "K 7": 2.805065, "All Frontier Nodes": 2.805065, "Lookahead": 9 }