{ "K 1": 2.439533, "K 10": 2.439533, "K 100": 2.439533, "K 1000": 2.439533, "All Frontier Nodes": 2.439533, "Lookahead": 9 }