{ "K 1": 3.162772, "K 3": 3.162772, "K 5": 3.162772, "K 7": 3.162772, "All Frontier Nodes": 3.162772, "Lookahead": 9 }