{ "K 1": 2.606655, "K 3": 2.606655, "K 5": 2.606655, "K 7": 2.606655, "All Frontier Nodes": 2.606655, "Lookahead": 9 }