{ "K 1": 2.243196, "K 3": 2.243196, "K 5": 2.243196, "K 7": 2.243196, "All Frontier Nodes": 2.243196, "Lookahead": 9 }