{ "K 1": 2.007241, "K 3": 2.007241, "K 5": 2.007241, "K 7": 2.007241, "All Frontier Nodes": 2.007241, "Lookahead": 9 }