{ "K 1": 2.816766, "K 3": 2.816766, "K 5": 2.816766, "K 7": 2.816766, "All Frontier Nodes": 2.816766, "Lookahead": 9 }