{ "K 1": 2.513255, "K 3": 2.513255, "K 5": 2.513255, "K 7": 2.513255, "All Frontier Nodes": 2.513255, "Lookahead": 9 }