{ "K 1": 2.787853, "K 3": 2.787853, "K 5": 2.787853, "K 7": 2.787853, "All Frontier Nodes": 2.787853, "Lookahead": 9 }