{ "K 1": 2.221475, "K 3": 2.221475, "K 5": 2.221475, "K 7": 2.221475, "All Frontier Nodes": 2.221475, "Lookahead": 9 }