{ "K 1": 2.101001, "K 3": 2.101001, "K 5": 2.101001, "K 7": 2.101001, "All Frontier Nodes": 2.101001, "Lookahead": 9 }