{ "K 1": 1.735151, "K 3": 1.735151, "K 5": 1.735151, "K 7": 1.735151, "All Frontier Nodes": 1.735151, "Lookahead": 9 }