{ "K-Best 1 Pemberton Belief": 2.736369, "K-Best 3 Pemberton Belief": 2.736369, "K-Best 5 Pemberton Belief": 2.736369, "K-Best 7 Pemberton Belief": 2.736369, "Cserna Pemberton Belief": 2.736369, "K-Best 1": 2.736369, "K-Best 3": 2.736369, "K-Best 5": 2.736369, "K-Best 7": 2.736369, "Cserna": 2.736369, "Bellman": 2.736369, "Minimin": 2.736369, "Nancy": 2.736369, "Lookahead": 9 }