{ "K-Best 1 Pemberton Belief": 1.345857, "K-Best 3 Pemberton Belief": 1.345857, "K-Best 5 Pemberton Belief": 1.345857, "K-Best 7 Pemberton Belief": 1.345857, "Cserna Pemberton Belief": 1.345857, "K-Best 1": 1.345857, "K-Best 3": 1.345857, "K-Best 5": 1.345857, "K-Best 7": 1.345857, "Cserna": 1.345857, "Bellman": 1.345857, "Minimin": 1.345857, "Nancy": 1.345857, "Lookahead": 9 }