{ "K 1": 2.399889, "K 3": 2.399889, "K 5": 2.399889, "K 7": 2.399889, "All Frontier Nodes": 2.399889, "Lookahead": 9 }