{ "K 1": 2.270115, "K 10": 2.270115, "K 100": 2.270115, "K 1000": 2.270115, "All Frontier Nodes": 2.270115, "Lookahead": 9 }