{ "K 1": 2.270733, "K 10": 2.270733, "K 100": 2.270733, "K 1000": 2.270733, "All Frontier Nodes": 2.270733, "Lookahead": 9 }