{ "K 1": 2.792739, "K 3": 2.792739, "K 5": 2.792739, "K 7": 2.792739, "All Frontier Nodes": 2.792739, "Lookahead": 9 }