{ "K 1": 2.397135, "K 3": 2.397135, "K 5": 2.397135, "K 7": 2.397135, "All Frontier Nodes": 2.397135, "Lookahead": 9 }