{ "K 1": 2.795239, "K 3": 2.795239, "K 5": 2.638608, "K 7": 2.638608, "All Frontier Nodes": 2.638608, "Lookahead": 9 }