{ "K 1": 2.330039, "K 3": 2.330039, "K 5": 2.330039, "K 7": 2.330039, "All Frontier Nodes": 2.330039, "Lookahead": 9 }