{ "K-Best 1 Pemberton Belief": 2.188369, "K-Best 3 Pemberton Belief": 2.188369, "K-Best 5 Pemberton Belief": 2.188369, "K-Best 7 Pemberton Belief": 2.188369, "Cserna Pemberton Belief": 2.188369, "K-Best 1": 2.188369, "K-Best 3": 2.188369, "K-Best 5": 2.188369, "K-Best 7": 2.188369, "Cserna": 2.188369, "Bellman": 2.188369, "Minimin": 2.188369, "Nancy": 2.188369, "Lookahead": 9 }