{ "K-Best 1 Pemberton Belief": 2.238476, "K-Best 3 Pemberton Belief": 2.238476, "K-Best 5 Pemberton Belief": 2.238476, "K-Best 7 Pemberton Belief": 2.238476, "Cserna Pemberton Belief": 2.238476, "K-Best 1": 2.238476, "K-Best 3": 2.238476, "K-Best 5": 2.238476, "K-Best 7": 2.238476, "Cserna": 2.238476, "Bellman": 2.238476, "Minimin": 2.238476, "Nancy": 2.238476, "Lookahead": 9 }