{ "K 1": 2.123025, "K 10": 2.123025, "K 100": 2.123025, "K 1000": 2.123025, "All Frontier Nodes": 2.123025, "Lookahead": 9 }