{ "K 1": 3.114530, "K 3": 3.114530, "K 5": 3.114530, "K 7": 3.114530, "All Frontier Nodes": 3.114530, "Lookahead": 9 }