{ "K 1": 2.816931, "K 3": 2.613738, "K 5": 2.613738, "K 7": 2.613738, "All Frontier Nodes": 2.613738, "Lookahead": 9 }