{ "K 1": 2.093207, "K 10": 2.093207, "K 100": 2.093207, "K 1000": 2.093207, "All Frontier Nodes": 2.093207, "Lookahead": 9 }