{ "K 1": 2.668118, "K 3": 2.668118, "K 5": 2.668118, "K 7": 2.668118, "All Frontier Nodes": 2.668118, "Lookahead": 9 }