{ "K 1": 2.124260, "K 10": 2.124260, "K 100": 2.124260, "K 1000": 2.124260, "All Frontier Nodes": 2.124260, "Lookahead": 9 }