{ "K 1": 2.703622, "K 10": 2.703622, "K 100": 2.703622, "K 1000": 2.703622, "All Frontier Nodes": 2.703622, "Lookahead": 9 }