{ "K 1": 2.396824, "K 3": 2.396824, "K 5": 2.396824, "K 7": 2.396824, "All Frontier Nodes": 2.396824, "Lookahead": 9 }