{ "K 1": 2.554581, "K 10": 2.554581, "K 100": 2.554581, "K 1000": 2.554581, "All Frontier Nodes": 2.554581, "Lookahead": 9 }