{ "K 1": 2.279023, "K 3": 2.279023, "K 5": 2.279023, "K 7": 2.279023, "All Frontier Nodes": 2.279023, "Lookahead": 9 }