{ "K 1": 2.404761, "K 3": 2.404761, "K 5": 2.404761, "K 7": 2.404761, "All Frontier Nodes": 2.404761, "Lookahead": 9 }