{ "K-Best 1 Pemberton Belief": 2.327003, "K-Best 3 Pemberton Belief": 2.327003, "K-Best 5 Pemberton Belief": 2.327003, "K-Best 7 Pemberton Belief": 2.327003, "Cserna Pemberton Belief": 2.327003, "K-Best 1": 2.327003, "K-Best 3": 2.327003, "K-Best 5": 2.327003, "K-Best 7": 2.327003, "Cserna": 2.327003, "Bellman": 2.327003, "Minimin": 2.327003, "Nancy": 2.327003, "Lookahead": 9 }