{ "K 1": 1.851763, "K 3": 1.851763, "K 5": 1.851763, "K 7": 1.851763, "All Frontier Nodes": 1.851763, "Lookahead": 9 }