{ "K 1": 3.261184, "K 3": 3.261184, "K 5": 3.261184, "K 7": 3.261184, "All Frontier Nodes": 3.261184, "Lookahead": 9 }