{ "K 1": 1.178701, "K 3": 1.178701, "K 5": 1.178701, "K 7": 1.178701, "All Frontier Nodes": 1.178701, "Lookahead": 9 }