{ "K 1": 2.957669, "K 3": 2.957669, "K 5": 2.957669, "K 7": 2.957669, "All Frontier Nodes": 2.957669, "Lookahead": 9 }