{ "K 1": 2.966172, "K 10": 2.966172, "K 100": 2.966172, "K 1000": 2.966172, "All Frontier Nodes": 2.966172, "Lookahead": 9 }