{ "K 1": 3.250521, "K 3": 3.250521, "K 5": 3.250521, "K 7": 3.250521, "All Frontier Nodes": 3.250521, "Lookahead": 9 }