{ "K 1": 2.658574, "K 10": 2.658574, "K 100": 2.658574, "K 1000": 2.658574, "All Frontier Nodes": 2.658574, "Lookahead": 9 }