{ "K 1": 2.362341, "K 3": 2.362341, "K 5": 2.362341, "K 7": 2.362341, "All Frontier Nodes": 2.362341, "Lookahead": 9 }