{ "K 1": 2.042459, "K 10": 2.042459, "K 100": 2.042459, "K 1000": 2.042459, "All Frontier Nodes": 2.042459, "Lookahead": 9 }