{ "K 1": 1.940407, "K 3": 1.940407, "K 5": 1.940407, "K 7": 1.940407, "All Frontier Nodes": 1.940407, "Lookahead": 9 }