{ "K 1": 1.542462, "K 3": 1.542462, "K 5": 1.542462, "K 7": 1.542462, "All Frontier Nodes": 1.542462, "Lookahead": 9 }