{ "K 1": 1.829317, "K 10": 1.829317, "K 100": 1.829317, "K 1000": 1.829317, "All Frontier Nodes": 1.829317, "Lookahead": 9 }