{ "K 1": 3.079688, "K 3": 3.079688, "K 5": 3.079688, "K 7": 3.079688, "All Frontier Nodes": 3.079688, "Lookahead": 9 }