{ "K 1": 3.128842, "K 3": 3.128842, "K 5": 3.128842, "K 7": 3.128842, "All Frontier Nodes": 3.128842, "Lookahead": 9 }