{ "K 1": 2.899905, "K 10": 2.899905, "K 100": 2.899905, "K 1000": 2.899905, "All Frontier Nodes": 2.899905, "Lookahead": 9 }