{ "K 1": 3.019272, "K 3": 3.019272, "K 5": 3.019272, "K 7": 3.019272, "All Frontier Nodes": 3.019272, "Lookahead": 9 }