{ "K-Best 1 Pemberton Belief": 1.902664, "K-Best 3 Pemberton Belief": 1.902664, "K-Best 5 Pemberton Belief": 1.902664, "K-Best 7 Pemberton Belief": 1.902664, "Cserna Pemberton Belief": 1.902664, "K-Best 1": 1.902664, "K-Best 3": 1.902664, "K-Best 5": 1.902664, "K-Best 7": 1.902664, "Cserna": 1.902664, "Bellman": 1.902664, "Minimin": 1.902664, "Nancy": 1.902664, "Lookahead": 9 }