{ "K 1": 2.124518, "K 10": 2.124518, "K 100": 2.124518, "K 1000": 2.124518, "All Frontier Nodes": 2.124518, "Lookahead": 9 }