{ "K 1": 2.907616, "K 10": 2.907616, "K 100": 2.907616, "K 1000": 2.907616, "All Frontier Nodes": 2.907616, "Lookahead": 9 }