{ "K 1": 2.421288, "K 10": 2.421288, "K 100": 2.421288, "K 1000": 2.421288, "All Frontier Nodes": 2.421288, "Lookahead": 9 }