{ "K 1": 2.583840, "K 3": 2.583840, "K 5": 2.583840, "K 7": 2.583840, "All Frontier Nodes": 2.583840, "Lookahead": 9 }