{ "K 1": 1.364259, "K 3": 1.364259, "K 5": 1.364259, "K 7": 1.364259, "All Frontier Nodes": 1.364259, "Lookahead": 9 }