{ "K 1": 2.833081, "K 10": 2.833081, "K 100": 2.833081, "K 1000": 2.833081, "All Frontier Nodes": 2.833081, "Lookahead": 9 }