{ "K 1": 2.511101, "K 3": 2.511101, "K 5": 2.511101, "K 7": 2.511101, "All Frontier Nodes": 2.511101, "Lookahead": 9 }