{ "K 1": 2.632769, "K 10": 2.632769, "K 100": 2.632769, "K 1000": 2.632769, "All Frontier Nodes": 2.632769, "Lookahead": 9 }