{ "K 1": 1.867988, "K 3": 1.867988, "K 5": 1.867988, "K 7": 1.867988, "All Frontier Nodes": 1.867988, "Lookahead": 9 }