{ "K 1": 3.642252, "K 10": 3.642252, "K 100": 3.642252, "K 1000": 3.642252, "All Frontier Nodes": 3.642252, "Lookahead": 9 }