{ "K 1": 2.198584, "K 3": 2.198584, "K 5": 2.198584, "K 7": 2.198584, "All Frontier Nodes": 2.198584, "Lookahead": 9 }