{ "K 1": 2.495657, "K 3": 2.495657, "K 5": 2.495657, "K 7": 2.495657, "All Frontier Nodes": 2.495657, "Lookahead": 9 }