{ "K 1": 2.344347, "K 3": 2.344347, "K 5": 2.344347, "K 7": 2.344347, "All Frontier Nodes": 2.344347, "Lookahead": 9 }