{ "K 1": 1.960397, "K 3": 1.960397, "K 5": 1.960397, "K 7": 1.960397, "All Frontier Nodes": 1.960397, "Lookahead": 9 }