{ "K 1": 1.697231, "K 3": 1.697231, "K 5": 1.697231, "K 7": 1.697231, "All Frontier Nodes": 1.697231, "Lookahead": 9 }