{ "K 1": 2.739771, "K 10": 2.865039, "K 100": 2.865039, "K 1000": 2.865039, "All Frontier Nodes": 2.865039, "Lookahead": 9 }