{ "K 1": 1.786705, "K 10": 1.786705, "K 100": 1.786705, "K 1000": 1.786705, "All Frontier Nodes": 1.786705, "Lookahead": 9 }