{ "K 1": 2.660218, "K 3": 2.660218, "K 5": 2.660218, "K 7": 2.660218, "All Frontier Nodes": 2.660218, "Lookahead": 9 }