{ "K 1": 3.609980, "K 3": 3.609980, "K 5": 3.609980, "K 7": 3.609980, "All Frontier Nodes": 3.609980, "Lookahead": 9 }