{ "K 1": 2.714925, "K 10": 2.714925, "K 100": 2.714925, "K 1000": 2.714925, "All Frontier Nodes": 2.714925, "Lookahead": 9 }