{ "K 1": 2.526322, "K 10": 2.649825, "K 100": 2.649825, "K 1000": 2.649825, "All Frontier Nodes": 2.649825, "Lookahead": 9 }