{ "K 1": 2.413189, "K 10": 2.413189, "K 100": 2.413189, "K 1000": 2.413189, "All Frontier Nodes": 2.413189, "Lookahead": 9 }