{ "K 1": 2.756381, "K 10": 2.940555, "K 100": 2.940555, "K 1000": 2.940555, "All Frontier Nodes": 2.940555, "Lookahead": 9 }