{ "K 1": 3.167331, "K 10": 3.167331, "K 100": 3.167331, "K 1000": 3.167331, "All Frontier Nodes": 3.167331, "Lookahead": 9 }