{ "K 1": 2.180546, "K 10": 2.180546, "K 100": 2.180546, "K 1000": 2.180546, "All Frontier Nodes": 2.180546, "Lookahead": 9 }