{ "K 1": 3.135295, "K 3": 3.135295, "K 5": 3.135295, "K 7": 3.135295, "All Frontier Nodes": 3.135295, "Lookahead": 9 }