{ "K 1": 2.013146, "K 3": 2.013146, "K 5": 2.013146, "K 7": 2.013146, "All Frontier Nodes": 2.013146, "Lookahead": 9 }