{ "K 1": 3.057569, "K 3": 3.057569, "K 5": 3.057569, "K 7": 3.057569, "All Frontier Nodes": 3.057569, "Lookahead": 9 }