{ "K 1": 2.656577, "K 3": 2.656577, "K 5": 2.656577, "K 7": 2.656577, "All Frontier Nodes": 2.656577, "Lookahead": 9 }