{ "K 1": 2.768196, "K 10": 2.768196, "K 100": 2.768196, "K 1000": 2.768196, "All Frontier Nodes": 2.768196, "Lookahead": 9 }