{ "K 1": 2.027642, "K 10": 2.027642, "K 100": 2.027642, "K 1000": 2.027642, "All Frontier Nodes": 2.027642, "Lookahead": 9 }