{ "K 1": 1.907505, "K 10": 1.907505, "K 100": 1.907505, "K 1000": 1.907505, "All Frontier Nodes": 1.907505, "Lookahead": 9 }