{ "K 1": 2.361665, "K 10": 2.361665, "K 100": 2.361665, "K 1000": 2.361665, "All Frontier Nodes": 2.361665, "Lookahead": 9 }