{ "K 1": 2.323664, "K 10": 2.323664, "K 100": 2.323664, "K 1000": 2.323664, "All Frontier Nodes": 2.323664, "Lookahead": 9 }