{ "K 1": 2.507290, "K 10": 2.507290, "K 100": 2.507290, "K 1000": 2.507290, "All Frontier Nodes": 2.507290, "Lookahead": 9 }