{ "K 1": 2.650003, "K 3": 2.650003, "K 5": 2.650003, "K 7": 2.650003, "All Frontier Nodes": 2.650003, "Lookahead": 9 }