{ "K 1": 2.678627, "K 3": 2.678627, "K 5": 2.678627, "K 7": 2.678627, "All Frontier Nodes": 2.678627, "Lookahead": 9 }