{ "K 1": 2.817426, "K 10": 2.817426, "K 100": 2.817426, "K 1000": 2.817426, "All Frontier Nodes": 2.817426, "Lookahead": 9 }