{ "K 1": 1.660411, "K 3": 1.660411, "K 5": 1.660411, "K 7": 1.660411, "All Frontier Nodes": 1.660411, "Lookahead": 9 }