{ "K 1": 2.581122, "K 10": 2.581122, "K 100": 2.581122, "K 1000": 2.581122, "All Frontier Nodes": 2.581122, "Lookahead": 9 }