{ "K 1": 1.898390, "K 3": 1.898390, "K 5": 1.898390, "K 7": 1.898390, "All Frontier Nodes": 1.898390, "Lookahead": 9 }