{ "K 1": 2.715448, "K 10": 2.715448, "K 100": 2.715448, "K 1000": 2.715448, "All Frontier Nodes": 2.715448, "Lookahead": 9 }