{ "K 1": 2.605818, "K 10": 2.605818, "K 100": 2.605818, "K 1000": 2.605818, "All Frontier Nodes": 2.605818, "Lookahead": 9 }