{ "K 1": 2.467000, "K 3": 2.467000, "K 5": 2.467000, "K 7": 2.467000, "All Frontier Nodes": 2.467000, "Lookahead": 9 }