{ "K 1": 1.836722, "K 3": 1.836722, "K 5": 1.836722, "K 7": 1.836722, "All Frontier Nodes": 1.836722, "Lookahead": 9 }