{ "K 1": 2.134642, "K 3": 2.134642, "K 5": 2.134642, "K 7": 2.134642, "All Frontier Nodes": 2.134642, "Lookahead": 9 }