{ "K 1": 2.266530, "K 3": 2.266530, "K 5": 2.266530, "K 7": 2.266530, "All Frontier Nodes": 2.266530, "Lookahead": 9 }