{ "K 1": 1.980647, "K 10": 1.980647, "K 100": 1.980647, "K 1000": 1.980647, "All Frontier Nodes": 1.980647, "Lookahead": 9 }