{ "K 1": 2.380246, "K 3": 2.380246, "K 5": 2.380246, "K 7": 2.380246, "All Frontier Nodes": 2.380246, "Lookahead": 9 }