{ "K-Best 1 Pemberton Belief": 2.542085, "K-Best 3 Pemberton Belief": 2.542085, "K-Best 5 Pemberton Belief": 2.542085, "K-Best 7 Pemberton Belief": 2.542085, "Cserna Pemberton Belief": 2.542085, "K-Best 1": 2.542085, "K-Best 3": 2.542085, "K-Best 5": 2.542085, "K-Best 7": 2.542085, "Cserna": 2.542085, "Bellman": 2.542085, "Minimin": 2.542085, "Nancy": 2.542085, "Lookahead": 9 }