{ "K 1": 2.873715, "K 3": 2.873715, "K 5": 2.873715, "K 7": 2.873715, "All Frontier Nodes": 2.873715, "Lookahead": 9 }