{ "K 1": 2.796938, "K 10": 2.796938, "K 100": 2.796938, "K 1000": 2.796938, "All Frontier Nodes": 2.796938, "Lookahead": 9 }