{ "K 1": 2.807189, "K 3": 2.807189, "K 5": 2.807189, "K 7": 2.807189, "All Frontier Nodes": 2.807189, "Lookahead": 9 }