{ "K 1": 2.185765, "K 10": 2.185765, "K 100": 2.185765, "K 1000": 2.185765, "All Frontier Nodes": 2.185765, "Lookahead": 9 }