{ "K 1": 3.173432, "K 10": 3.173432, "K 100": 3.173432, "K 1000": 3.173432, "All Frontier Nodes": 3.173432, "Lookahead": 9 }