{ "K 1": 1.921566, "K 10": 1.921566, "K 100": 1.921566, "K 1000": 1.921566, "All Frontier Nodes": 1.921566, "Lookahead": 9 }