{ "K 1": 2.348631, "K 3": 2.348631, "K 5": 2.348631, "K 7": 2.348631, "All Frontier Nodes": 2.348631, "Lookahead": 9 }