{ "K 1": 1.991331, "K 3": 1.991331, "K 5": 1.991331, "K 7": 1.991331, "All Frontier Nodes": 1.991331, "Lookahead": 9 }