{ "K 1": 2.972555, "K 3": 2.972555, "K 5": 2.972555, "K 7": 2.972555, "All Frontier Nodes": 2.972555, "Lookahead": 9 }