{ "K 1": 2.900142, "K 3": 2.900142, "K 5": 2.900142, "K 7": 2.900142, "All Frontier Nodes": 2.900142, "Lookahead": 9 }