{ "K 1": 2.350011, "K 10": 2.350011, "K 100": 2.350011, "K 1000": 2.350011, "All Frontier Nodes": 2.350011, "Lookahead": 9 }