{ "K 1": 2.329336, "K 10": 2.329336, "K 100": 2.329336, "K 1000": 2.329336, "All Frontier Nodes": 2.329336, "Lookahead": 9 }