{ "K 1": 2.754694, "K 3": 2.754694, "K 5": 2.754694, "K 7": 2.754694, "All Frontier Nodes": 2.754694, "Lookahead": 9 }