{ "K 1": 2.440211, "K 3": 2.440211, "K 5": 2.440211, "K 7": 2.440211, "All Frontier Nodes": 2.440211, "Lookahead": 9 }