{ "K 1": 1.988942, "K 3": 1.988942, "K 5": 1.988942, "K 7": 1.988942, "All Frontier Nodes": 1.988942, "Lookahead": 9 }