{ "K 1": 3.036958, "K 3": 3.036958, "K 5": 3.036958, "K 7": 3.036958, "All Frontier Nodes": 3.036958, "Lookahead": 9 }