{ "K 1": 2.280423, "K 3": 2.280423, "K 5": 2.280423, "K 7": 2.280423, "All Frontier Nodes": 2.280423, "Lookahead": 9 }