{ "K 1": 2.157553, "K 10": 2.157553, "K 100": 2.157553, "K 1000": 2.157553, "All Frontier Nodes": 2.157553, "Lookahead": 9 }