{ "K-Best 1 Pemberton Belief": 3.200573, "K-Best 3 Pemberton Belief": 3.200573, "K-Best 5 Pemberton Belief": 3.200573, "K-Best 7 Pemberton Belief": 3.200573, "Cserna Pemberton Belief": 3.200573, "K-Best 1": 3.200573, "K-Best 3": 3.200573, "K-Best 5": 3.200573, "K-Best 7": 3.200573, "Cserna": 3.200573, "Bellman": 3.200573, "Minimin": 3.200573, "Nancy": 3.200573, "Lookahead": 9 }