{ "K 1": 2.563038, "K 10": 2.563038, "K 100": 2.563038, "K 1000": 2.563038, "All Frontier Nodes": 2.563038, "Lookahead": 9 }