{ "K 1": 2.395990, "K 10": 2.395990, "K 100": 2.395990, "K 1000": 2.395990, "All Frontier Nodes": 2.395990, "Lookahead": 9 }