{ "K 1": 2.675475, "K 10": 2.675475, "K 100": 2.675475, "K 1000": 2.675475, "All Frontier Nodes": 2.675475, "Lookahead": 9 }