{ "K 1": 2.900650, "K 10": 2.900650, "K 100": 2.900650, "K 1000": 2.900650, "All Frontier Nodes": 2.900650, "Lookahead": 9 }