{ "K 1": 2.496962, "K 10": 2.496962, "K 100": 2.496962, "K 1000": 2.496962, "All Frontier Nodes": 2.496962, "Lookahead": 9 }