{ "K 1": 2.002598, "K 3": 2.002598, "K 5": 2.002598, "K 7": 2.002598, "All Frontier Nodes": 2.002598, "Lookahead": 9 }