{ "K 1": 3.096419, "K 3": 3.096419, "K 5": 3.096419, "K 7": 3.096419, "All Frontier Nodes": 3.096419, "Lookahead": 9 }