{ "K-Best 1 Pemberton Belief": 2.555564, "K-Best 3 Pemberton Belief": 2.555564, "K-Best 5 Pemberton Belief": 2.555564, "K-Best 7 Pemberton Belief": 2.555564, "Cserna Pemberton Belief": 2.555564, "K-Best 1": 2.555564, "K-Best 3": 2.555564, "K-Best 5": 2.555564, "K-Best 7": 2.555564, "Cserna": 2.555564, "Bellman": 2.555564, "Minimin": 2.555564, "Nancy": 2.555564, "Lookahead": 9 }