{ "K 1": 2.292226, "K 3": 2.292226, "K 5": 2.292226, "K 7": 2.292226, "All Frontier Nodes": 2.292226, "Lookahead": 9 }