{ "K 1": 3.397449, "K 3": 3.397449, "K 5": 3.397449, "K 7": 3.397449, "All Frontier Nodes": 3.397449, "Lookahead": 9 }