{ "K 1": 2.914651, "K 3": 2.914651, "K 5": 2.914651, "K 7": 2.914651, "All Frontier Nodes": 2.914651, "Lookahead": 9 }