{ "K 1": 2.788584, "K 3": 2.788584, "K 5": 2.788584, "K 7": 2.788584, "All Frontier Nodes": 2.788584, "Lookahead": 9 }