{ "K 1": 3.351066, "K 10": 3.351066, "K 100": 3.351066, "K 1000": 3.351066, "All Frontier Nodes": 3.351066, "Lookahead": 9 }