{ "K 1": 1.873454, "K 10": 1.873454, "K 100": 1.873454, "K 1000": 1.873454, "All Frontier Nodes": 1.873454, "Lookahead": 9 }