{ "K 1": 2.605164, "K 3": 2.605164, "K 5": 2.605164, "K 7": 2.605164, "All Frontier Nodes": 2.605164, "Lookahead": 9 }