{ "K 1": 2.713803, "K 3": 2.713803, "K 5": 2.713803, "K 7": 2.713803, "All Frontier Nodes": 2.713803, "Lookahead": 9 }