{ "K 1": 2.660771, "K 10": 2.660771, "K 100": 2.660771, "K 1000": 2.660771, "All Frontier Nodes": 2.660771, "Lookahead": 9 }