{ "K 1": 2.547540, "K 3": 2.547540, "K 5": 2.547540, "K 7": 2.547540, "All Frontier Nodes": 2.547540, "Lookahead": 9 }