{ "K 1": 2.568146, "K 3": 2.568146, "K 5": 2.568146, "K 7": 2.568146, "All Frontier Nodes": 2.568146, "Lookahead": 9 }