{ "K 1": 3.026446, "K 3": 3.026446, "K 5": 3.026446, "K 7": 3.026446, "All Frontier Nodes": 3.026446, "Lookahead": 9 }