{ "K 1": 2.677689, "K 3": 2.677689, "K 5": 2.677689, "K 7": 2.677689, "All Frontier Nodes": 2.677689, "Lookahead": 9 }