{ "K 1": 2.640013, "K 3": 2.640013, "K 5": 2.640013, "K 7": 2.640013, "All Frontier Nodes": 2.640013, "Lookahead": 9 }