{ "K-Best 1 Pemberton Belief": 3.095540, "K-Best 3 Pemberton Belief": 3.095540, "K-Best 5 Pemberton Belief": 3.095540, "K-Best 7 Pemberton Belief": 3.095540, "Cserna Pemberton Belief": 3.095540, "K-Best 1": 3.095540, "K-Best 3": 3.095540, "K-Best 5": 3.095540, "K-Best 7": 3.095540, "Cserna": 3.095540, "Bellman": 3.095540, "Minimin": 3.095540, "Nancy": 3.095540, "Lookahead": 9 }