{ "K 1": 2.860688, "K 3": 2.860688, "K 5": 2.860688, "K 7": 2.860688, "All Frontier Nodes": 2.860688, "Lookahead": 9 }