{ "K 1": 2.934467, "K 10": 2.934467, "K 100": 2.934467, "K 1000": 2.934467, "All Frontier Nodes": 2.934467, "Lookahead": 9 }