{ "K 1": 3.093884, "K 3": 3.093884, "K 5": 3.093884, "K 7": 3.093884, "All Frontier Nodes": 3.093884, "Lookahead": 9 }