{ "K 1": 3.645647, "K 3": 3.645647, "K 5": 3.645647, "K 7": 3.645647, "All Frontier Nodes": 3.645647, "Lookahead": 9 }