{ "K 1": 2.066597, "K 3": 2.066597, "K 5": 2.066597, "K 7": 2.066597, "All Frontier Nodes": 2.066597, "Lookahead": 9 }