{ "K 1": 2.690862, "K 10": 2.690862, "K 100": 2.690862, "K 1000": 2.690862, "All Frontier Nodes": 2.690862, "Lookahead": 9 }