{ "K 1": 2.815820, "K 3": 2.815820, "K 5": 2.815820, "K 7": 2.815820, "All Frontier Nodes": 2.815820, "Lookahead": 9 }