{ "K 1": 2.481964, "K 10": 2.481964, "K 100": 2.481964, "K 1000": 2.481964, "All Frontier Nodes": 2.481964, "Lookahead": 9 }