{ "K 1": 2.498811, "K 10": 2.498811, "K 100": 2.498811, "K 1000": 2.498811, "All Frontier Nodes": 2.498811, "Lookahead": 9 }