{ "K 1": 2.596465, "K 3": 2.596465, "K 5": 2.596465, "K 7": 2.596465, "All Frontier Nodes": 2.596465, "Lookahead": 9 }