{ "K 1": 2.394332, "K 3": 2.394332, "K 5": 2.394332, "K 7": 2.394332, "All Frontier Nodes": 2.394332, "Lookahead": 9 }