{ "K 1": 1.709085, "K 10": 1.709085, "K 100": 1.709085, "K 1000": 1.709085, "All Frontier Nodes": 1.709085, "Lookahead": 9 }