{ "K 1": 2.810095, "K 3": 2.810095, "K 5": 2.810095, "K 7": 2.810095, "All Frontier Nodes": 2.810095, "Lookahead": 9 }