{ "K 1": 2.827324, "K 10": 2.827324, "K 100": 2.827324, "K 1000": 2.827324, "All Frontier Nodes": 2.827324, "Lookahead": 9 }