{ "K 1": 2.193949, "K 3": 2.193949, "K 5": 2.193949, "K 7": 2.193949, "All Frontier Nodes": 2.193949, "Lookahead": 9 }