{ "K 1": 2.443372, "K 10": 2.443372, "K 100": 2.443372, "K 1000": 2.443372, "All Frontier Nodes": 2.443372, "Lookahead": 9 }