{ "K 1": 2.898849, "K 10": 2.898849, "K 100": 2.898849, "K 1000": 2.898849, "All Frontier Nodes": 2.898849, "Lookahead": 9 }