{ "K 1": 2.668910, "K 3": 2.668910, "K 5": 2.668910, "K 7": 2.668910, "All Frontier Nodes": 2.668910, "Lookahead": 9 }