{ "K 1": 2.256051, "K 3": 2.256051, "K 5": 2.256051, "K 7": 2.256051, "All Frontier Nodes": 2.256051, "Lookahead": 9 }