{ "K-Best 1 Pemberton Belief": 2.549220, "K-Best 3 Pemberton Belief": 2.549220, "K-Best 5 Pemberton Belief": 2.549220, "K-Best 7 Pemberton Belief": 2.549220, "Cserna Pemberton Belief": 2.549220, "K-Best 1": 2.549220, "K-Best 3": 2.549220, "K-Best 5": 2.549220, "K-Best 7": 2.549220, "Cserna": 2.549220, "Bellman": 2.549220, "Minimin": 2.549220, "Nancy": 2.549220, "Lookahead": 9 }