{ "K 1": 1.781980, "K 10": 1.781980, "K 100": 1.781980, "K 1000": 1.781980, "All Frontier Nodes": 1.781980, "Lookahead": 9 }