{ "K 1": 2.540554, "K 3": 2.540554, "K 5": 2.540554, "K 7": 2.540554, "All Frontier Nodes": 2.540554, "Lookahead": 9 }