{ "K 1": 2.870221, "K 10": 2.870221, "K 100": 2.870221, "K 1000": 2.870221, "All Frontier Nodes": 2.870221, "Lookahead": 9 }