{ "K 1": 2.391518, "K 3": 2.391518, "K 5": 2.391518, "K 7": 2.391518, "All Frontier Nodes": 2.391518, "Lookahead": 9 }