{ "K-Best 1 Pemberton Belief": 2.102498, "K-Best 3 Pemberton Belief": 2.376332, "K-Best 5 Pemberton Belief": 2.376332, "K-Best 7 Pemberton Belief": 2.376332, "Cserna Pemberton Belief": 2.376332, "K-Best 1": 2.102498, "K-Best 3": 2.102498, "K-Best 5": 2.102498, "K-Best 7": 2.102498, "Cserna": 2.102498, "Bellman": 2.102498, "Minimin": 2.102498, "Nancy": 2.102498, "Lookahead": 9 }