{ "K 1": 1.993318, "K 10": 1.993318, "K 100": 1.993318, "K 1000": 1.993318, "All Frontier Nodes": 1.993318, "Lookahead": 9 }