{ "K-Best 1 Pemberton Belief": 2.663159, "K-Best 3 Pemberton Belief": 2.663159, "K-Best 5 Pemberton Belief": 2.663159, "K-Best 7 Pemberton Belief": 2.663159, "Cserna Pemberton Belief": 2.663159, "K-Best 1": 2.663159, "K-Best 3": 2.663159, "K-Best 5": 2.663159, "K-Best 7": 2.663159, "Cserna": 2.663159, "Bellman": 2.663159, "Minimin": 2.663159, "Nancy": 2.663159, "Lookahead": 9 }