{ "K 1": 2.206348, "K 3": 2.206348, "K 5": 2.206348, "K 7": 2.206348, "All Frontier Nodes": 2.206348, "Lookahead": 9 }