{ "K 1": 2.413279, "K 10": 2.413279, "K 100": 2.413279, "K 1000": 2.413279, "All Frontier Nodes": 2.413279, "Lookahead": 9 }