{ "K 1": 2.266322, "K 3": 2.266322, "K 5": 2.266322, "K 7": 2.266322, "All Frontier Nodes": 2.266322, "Lookahead": 9 }