{ "K 1": 2.182937, "K 3": 2.182937, "K 5": 2.182937, "K 7": 2.182937, "All Frontier Nodes": 2.182937, "Lookahead": 9 }