{ "K 1": 1.600781, "K 3": 1.600781, "K 5": 1.600781, "K 7": 1.600781, "All Frontier Nodes": 1.600781, "Lookahead": 9 }