{ "K 1": 2.630184, "K 10": 2.630184, "K 100": 2.630184, "K 1000": 2.630184, "All Frontier Nodes": 2.630184, "Lookahead": 9 }