{ "K 1": 2.835018, "K 10": 2.835018, "K 100": 2.835018, "K 1000": 2.835018, "All Frontier Nodes": 2.835018, "Lookahead": 9 }