{ "K 1": 2.384841, "K 10": 2.384841, "K 100": 2.384841, "K 1000": 2.384841, "All Frontier Nodes": 2.384841, "Lookahead": 9 }