{ "K 1": 2.545848, "K 3": 2.545848, "K 5": 2.545848, "K 7": 2.545848, "All Frontier Nodes": 2.545848, "Lookahead": 9 }