{ "K 1": 2.035483, "K 3": 2.035483, "K 5": 2.035483, "K 7": 2.035483, "All Frontier Nodes": 2.035483, "Lookahead": 9 }