{ "K 1": 3.395607, "K 10": 3.395607, "K 100": 3.395607, "K 1000": 3.395607, "All Frontier Nodes": 3.395607, "Lookahead": 9 }