{ "K 1": 2.238165, "K 3": 2.238165, "K 5": 2.238165, "K 7": 2.238165, "All Frontier Nodes": 2.238165, "Lookahead": 9 }