{ "K 1": 2.261855, "K 3": 2.261855, "K 5": 2.261855, "K 7": 2.261855, "All Frontier Nodes": 2.261855, "Lookahead": 9 }