{ "K 1": 2.653194, "K 10": 2.122724, "K 100": 2.122724, "K 1000": 2.122724, "All Frontier Nodes": 2.122724, "Lookahead": 9 }