{ "K 1": 2.271597, "K 10": 2.271597, "K 100": 2.271597, "K 1000": 2.271597, "All Frontier Nodes": 2.271597, "Lookahead": 9 }