{ "K 1": 2.799975, "K 3": 2.799975, "K 5": 2.799975, "K 7": 2.799975, "All Frontier Nodes": 2.799975, "Lookahead": 9 }