{ "K 1": 2.248846, "K 10": 2.248846, "K 100": 2.248846, "K 1000": 2.248846, "All Frontier Nodes": 2.248846, "Lookahead": 9 }