{ "K-Best 1 Pemberton Belief": 1.957438, "K-Best 3 Pemberton Belief": 1.957438, "K-Best 5 Pemberton Belief": 1.957438, "K-Best 7 Pemberton Belief": 1.957438, "Cserna Pemberton Belief": 1.957438, "K-Best 1": 1.957438, "K-Best 3": 1.957438, "K-Best 5": 1.957438, "K-Best 7": 1.957438, "Cserna": 1.957438, "Bellman": 1.957438, "Minimin": 1.957438, "Nancy": 1.957438, "Lookahead": 9 }