{ "K 1": 2.172277, "K 3": 2.172277, "K 5": 2.172277, "K 7": 2.172277, "All Frontier Nodes": 2.172277, "Lookahead": 9 }