{ "K 1": 3.007835, "K 10": 3.007835, "K 100": 3.007835, "K 1000": 3.007835, "All Frontier Nodes": 3.007835, "Lookahead": 9 }