{ "K 1": 3.653952, "K 3": 3.653952, "K 5": 3.653952, "K 7": 3.653952, "All Frontier Nodes": 3.653952, "Lookahead": 9 }