{ "K 1": 2.316190, "K 3": 2.316190, "K 5": 2.316190, "K 7": 2.316190, "All Frontier Nodes": 2.316190, "Lookahead": 9 }