{ "K 1": 2.468787, "K 3": 2.468787, "K 5": 2.468787, "K 7": 2.468787, "All Frontier Nodes": 2.468787, "Lookahead": 9 }