{ "K 1": 2.921315, "K 10": 2.921315, "K 100": 2.921315, "K 1000": 2.921315, "All Frontier Nodes": 2.921315, "Lookahead": 9 }