{ "K 1": 2.360451, "K 3": 2.360451, "K 5": 2.360451, "K 7": 2.360451, "All Frontier Nodes": 2.360451, "Lookahead": 9 }