{ "K 1": 2.618635, "K 3": 2.618635, "K 5": 2.618635, "K 7": 2.618635, "All Frontier Nodes": 2.618635, "Lookahead": 9 }