{ "K 1": 3.132760, "K 3": 2.894463, "K 5": 2.894463, "K 7": 2.894463, "All Frontier Nodes": 2.894463, "Lookahead": 9 }