{ "K 1": 2.648372, "K 3": 2.648372, "K 5": 2.648372, "K 7": 2.648372, "All Frontier Nodes": 2.648372, "Lookahead": 9 }