{ "K-Best 1 Pemberton Belief": 2.274684, "K-Best 3 Pemberton Belief": 2.274684, "K-Best 5 Pemberton Belief": 2.274684, "K-Best 7 Pemberton Belief": 2.274684, "Cserna Pemberton Belief": 2.274684, "K-Best 1": 2.274684, "K-Best 3": 2.274684, "K-Best 5": 2.274684, "K-Best 7": 2.274684, "Cserna": 2.274684, "Bellman": 2.274684, "Minimin": 2.274684, "Nancy": 2.274684, "Lookahead": 9 }