{ "K-Best 1 Pemberton Belief": 3.270376, "K-Best 3 Pemberton Belief": 3.270376, "K-Best 5 Pemberton Belief": 3.270376, "K-Best 7 Pemberton Belief": 3.270376, "Cserna Pemberton Belief": 3.270376, "K-Best 1": 3.270376, "K-Best 3": 3.270376, "K-Best 5": 3.270376, "K-Best 7": 3.270376, "Cserna": 3.270376, "Bellman": 3.270376, "Minimin": 3.270376, "Nancy": 3.270376, "Lookahead": 9 }