{ "K 1": 2.367589, "K 10": 2.367589, "K 100": 2.367589, "K 1000": 2.367589, "All Frontier Nodes": 2.367589, "Lookahead": 9 }