{ "K-Best 1 Pemberton Belief": 2.762625, "K-Best 3 Pemberton Belief": 2.762625, "K-Best 5 Pemberton Belief": 2.762625, "K-Best 7 Pemberton Belief": 2.762625, "Cserna Pemberton Belief": 2.762625, "K-Best 1": 2.762625, "K-Best 3": 2.762625, "K-Best 5": 2.762625, "K-Best 7": 2.762625, "Cserna": 2.762625, "Bellman": 2.762625, "Minimin": 2.762625, "Nancy": 2.762625, "Lookahead": 9 }