{ "K 1": 2.504987, "K 10": 2.504987, "K 100": 2.504987, "K 1000": 2.504987, "All Frontier Nodes": 2.504987, "Lookahead": 9 }