{ "K 1": 2.301924, "K 3": 2.301924, "K 5": 2.301924, "K 7": 2.301924, "All Frontier Nodes": 2.301924, "Lookahead": 9 }