{ "K 1": 2.555510, "K 3": 2.555510, "K 5": 2.555510, "K 7": 2.555510, "All Frontier Nodes": 2.555510, "Lookahead": 9 }