{ "K 1": 2.683839, "K 10": 2.683839, "K 100": 2.683839, "K 1000": 2.683839, "All Frontier Nodes": 2.683839, "Lookahead": 9 }