{ "K 1": 2.499311, "K 10": 2.499311, "K 100": 2.499311, "K 1000": 2.499311, "All Frontier Nodes": 2.499311, "Lookahead": 9 }