{ "K 1": 1.995570, "K 3": 1.995570, "K 5": 1.995570, "K 7": 1.995570, "All Frontier Nodes": 1.995570, "Lookahead": 9 }