{ "K-Best 1 Pemberton Belief": 2.871075, "K-Best 3 Pemberton Belief": 2.871075, "K-Best 5 Pemberton Belief": 2.871075, "K-Best 7 Pemberton Belief": 2.871075, "Cserna Pemberton Belief": 2.871075, "K-Best 1": 2.871075, "K-Best 3": 2.871075, "K-Best 5": 2.871075, "K-Best 7": 2.871075, "Cserna": 2.871075, "Bellman": 2.871075, "Minimin": 2.871075, "Nancy": 2.871075, "Lookahead": 9 }