{ "K 1": 2.145956, "K 3": 2.145956, "K 5": 2.145956, "K 7": 2.145956, "All Frontier Nodes": 2.145956, "Lookahead": 9 }