{ "K 1": 2.512643, "K 10": 2.543982, "K 100": 2.543982, "K 1000": 2.543982, "All Frontier Nodes": 2.543982, "Lookahead": 9 }