{ "K-Best 1 Pemberton Belief": 3.280954, "K-Best 3 Pemberton Belief": 3.380141, "K-Best 5 Pemberton Belief": 3.380141, "K-Best 7 Pemberton Belief": 3.380141, "Cserna Pemberton Belief": 3.380141, "K-Best 1": 3.280954, "K-Best 3": 3.380141, "K-Best 5": 3.380141, "K-Best 7": 3.380141, "Cserna": 3.380141, "Bellman": 3.280954, "Minimin": 3.280954, "Nancy": 3.280954, "Lookahead": 9 }