{ "K 1": 2.175920, "K 10": 2.175920, "K 100": 2.175920, "K 1000": 2.175920, "All Frontier Nodes": 2.175920, "Lookahead": 9 }