{ "K 1": 2.752233, "K 3": 2.752233, "K 5": 2.752233, "K 7": 2.752233, "All Frontier Nodes": 2.752233, "Lookahead": 9 }