{ "K 1": 2.716029, "K 3": 2.716029, "K 5": 2.716029, "K 7": 2.716029, "All Frontier Nodes": 2.716029, "Lookahead": 9 }