{ "K 1": 2.779479, "K 3": 2.779479, "K 5": 2.779479, "K 7": 2.779479, "All Frontier Nodes": 2.779479, "Lookahead": 9 }