{ "K 1": 2.660597, "K 3": 2.660597, "K 5": 2.660597, "K 7": 2.660597, "All Frontier Nodes": 2.660597, "Lookahead": 9 }