{ "K 1": 2.484715, "K 3": 2.484715, "K 5": 2.484715, "K 7": 2.484715, "All Frontier Nodes": 2.484715, "Lookahead": 9 }