{ "K 1": 2.797500, "K 3": 2.797500, "K 5": 2.797500, "K 7": 2.797500, "All Frontier Nodes": 2.797500, "Lookahead": 9 }