{ "K 1": 1.864424, "K 3": 1.864424, "K 5": 1.864424, "K 7": 1.864424, "All Frontier Nodes": 1.864424, "Lookahead": 9 }