{ "K-Best 1 Pemberton Belief": 1.923422, "K-Best 3 Pemberton Belief": 1.923422, "K-Best 5 Pemberton Belief": 1.923422, "K-Best 7 Pemberton Belief": 1.923422, "Cserna Pemberton Belief": 1.923422, "K-Best 1": 1.923422, "K-Best 3": 1.923422, "K-Best 5": 1.923422, "K-Best 7": 1.923422, "Cserna": 1.923422, "Bellman": 1.923422, "Minimin": 1.923422, "Nancy": 1.923422, "Lookahead": 9 }