{ "K 1": 2.548299, "K 3": 2.548299, "K 5": 2.548299, "K 7": 2.548299, "All Frontier Nodes": 2.548299, "Lookahead": 9 }