{ "K 1": 2.951486, "K 10": 2.951486, "K 100": 2.951486, "K 1000": 2.951486, "All Frontier Nodes": 2.951486, "Lookahead": 9 }