{ "K 1": 2.504773, "K 10": 2.504773, "K 100": 2.504773, "K 1000": 2.504773, "All Frontier Nodes": 2.504773, "Lookahead": 9 }