{ "K 1": 2.845986, "K 3": 2.845986, "K 5": 2.845986, "K 7": 2.845986, "All Frontier Nodes": 2.845986, "Lookahead": 9 }