{ "K 1": 1.835763, "K 3": 1.835763, "K 5": 1.835763, "K 7": 1.835763, "All Frontier Nodes": 1.835763, "Lookahead": 9 }