{ "K 1": 3.022365, "K 10": 3.022365, "K 100": 3.022365, "K 1000": 3.022365, "All Frontier Nodes": 3.022365, "Lookahead": 9 }