{ "K 1": 2.519742, "K 10": 2.519742, "K 100": 2.519742, "K 1000": 2.519742, "All Frontier Nodes": 2.519742, "Lookahead": 9 }