{ "K 1": 2.408615, "K 3": 2.408615, "K 5": 2.408615, "K 7": 2.408615, "All Frontier Nodes": 2.408615, "Lookahead": 9 }