{ "K 1": 2.975978, "K 3": 2.975978, "K 5": 2.975978, "K 7": 2.975978, "All Frontier Nodes": 2.975978, "Lookahead": 9 }