{ "K 1": 2.415208, "K 3": 2.415208, "K 5": 2.415208, "K 7": 2.415208, "All Frontier Nodes": 2.415208, "Lookahead": 9 }