{ "K 1": 2.851858, "K 10": 2.810680, "K 100": 2.810680, "K 1000": 2.810680, "All Frontier Nodes": 2.810680, "Lookahead": 9 }