{ "K 1": 1.976423, "K 3": 1.976423, "K 5": 1.976423, "K 7": 1.976423, "All Frontier Nodes": 1.976423, "Lookahead": 9 }