{ "K 1": 2.524823, "K 3": 2.524823, "K 5": 2.524823, "K 7": 2.524823, "All Frontier Nodes": 2.524823, "Lookahead": 9 }