{ "K 1": 1.906085, "K 3": 1.906085, "K 5": 1.906085, "K 7": 1.906085, "All Frontier Nodes": 1.906085, "Lookahead": 9 }