{ "K 1": 1.984615, "K 10": 1.984615, "K 100": 1.984615, "K 1000": 1.984615, "All Frontier Nodes": 1.984615, "Lookahead": 9 }