{ "K 1": 1.997428, "K 10": 1.997428, "K 100": 1.997428, "K 1000": 1.997428, "All Frontier Nodes": 1.997428, "Lookahead": 9 }