{ "K 1": 2.594924, "K 3": 2.594924, "K 5": 2.594924, "K 7": 2.594924, "All Frontier Nodes": 2.594924, "Lookahead": 9 }