{ "K 1": 2.587712, "K 10": 2.587712, "K 100": 2.587712, "K 1000": 2.587712, "All Frontier Nodes": 2.587712, "Lookahead": 9 }