{ "K 1": 2.467214, "K 10": 2.701423, "K 100": 2.701423, "K 1000": 2.701423, "All Frontier Nodes": 2.701423, "Lookahead": 9 }