{ "K 1": 2.239985, "K 3": 2.239985, "K 5": 2.239985, "K 7": 2.239985, "All Frontier Nodes": 2.239985, "Lookahead": 9 }