{ "K 1": 2.746872, "K 10": 2.746872, "K 100": 2.746872, "K 1000": 2.746872, "All Frontier Nodes": 2.746872, "Lookahead": 9 }