{ "K 1": 2.934614, "K 10": 2.934614, "K 100": 2.934614, "K 1000": 2.934614, "All Frontier Nodes": 2.934614, "Lookahead": 9 }