{ "K 1": 2.668167, "K 3": 2.668167, "K 5": 2.668167, "K 7": 2.668167, "All Frontier Nodes": 2.668167, "Lookahead": 9 }