{ "K 1": 2.829089, "K 10": 2.829089, "K 100": 2.829089, "K 1000": 2.829089, "All Frontier Nodes": 2.829089, "Lookahead": 9 }