{ "K 1": 3.069052, "K 10": 3.069052, "K 100": 3.069052, "K 1000": 3.069052, "All Frontier Nodes": 3.069052, "Lookahead": 9 }