{ "K 1": 1.701004, "K 10": 1.701004, "K 100": 1.701004, "K 1000": 1.701004, "All Frontier Nodes": 1.701004, "Lookahead": 9 }