{ "K 1": 2.719559, "K 3": 2.719559, "K 5": 2.719559, "K 7": 2.719559, "All Frontier Nodes": 2.719559, "Lookahead": 9 }