{ "K 1": 3.068154, "K 3": 3.068154, "K 5": 3.068154, "K 7": 3.068154, "All Frontier Nodes": 3.068154, "Lookahead": 9 }