{ "K 1": 2.837034, "K 3": 2.837034, "K 5": 2.837034, "K 7": 2.837034, "All Frontier Nodes": 2.837034, "Lookahead": 9 }