{ "K 1": 2.742236, "K 10": 2.742236, "K 100": 2.742236, "K 1000": 2.742236, "All Frontier Nodes": 2.742236, "Lookahead": 9 }