{ "K 1": 2.372388, "K 10": 2.372388, "K 100": 2.372388, "K 1000": 2.372388, "All Frontier Nodes": 2.372388, "Lookahead": 9 }