{ "K 1": 1.475347, "K 3": 1.475347, "K 5": 1.475347, "K 7": 1.475347, "All Frontier Nodes": 1.475347, "Lookahead": 9 }