{ "K 1": 2.494371, "K 10": 2.494371, "K 100": 2.494371, "K 1000": 2.494371, "All Frontier Nodes": 2.494371, "Lookahead": 9 }