{ "K 1": 1.442822, "K 3": 1.442822, "K 5": 1.442822, "K 7": 1.442822, "All Frontier Nodes": 1.442822, "Lookahead": 9 }