{ "K 1": 2.281445, "K 3": 2.281445, "K 5": 2.281445, "K 7": 2.281445, "All Frontier Nodes": 2.281445, "Lookahead": 9 }