{ "K 1": 2.233079, "K 3": 2.233079, "K 5": 2.233079, "K 7": 2.233079, "All Frontier Nodes": 2.233079, "Lookahead": 9 }