{ "K 1": 2.702962, "K 10": 2.702962, "K 100": 2.702962, "K 1000": 2.702962, "All Frontier Nodes": 2.702962, "Lookahead": 9 }