{ "K 1": 2.449219, "K 3": 2.449219, "K 5": 2.449219, "K 7": 2.449219, "All Frontier Nodes": 2.449219, "Lookahead": 9 }