{ "K 1": 2.414973, "K 10": 2.414973, "K 100": 2.414973, "K 1000": 2.414973, "All Frontier Nodes": 2.414973, "Lookahead": 9 }