{ "K 1": 2.117369, "K 10": 2.117369, "K 100": 2.117369, "K 1000": 2.117369, "All Frontier Nodes": 2.117369, "Lookahead": 9 }