{ "K 1": 1.777097, "K 3": 1.777097, "K 5": 1.777097, "K 7": 1.777097, "All Frontier Nodes": 1.777097, "Lookahead": 9 }