{ "K 1": 2.367314, "K 3": 2.367314, "K 5": 2.367314, "K 7": 2.367314, "All Frontier Nodes": 2.367314, "Lookahead": 9 }