{ "K 1": 2.215094, "K 3": 2.215094, "K 5": 2.215094, "K 7": 2.215094, "All Frontier Nodes": 2.215094, "Lookahead": 9 }