{ "K 1": 2.024933, "K 3": 2.024933, "K 5": 2.024933, "K 7": 2.024933, "All Frontier Nodes": 2.024933, "Lookahead": 9 }