{ "K 1": 2.477319, "K 3": 2.477319, "K 5": 2.477319, "K 7": 2.477319, "All Frontier Nodes": 2.477319, "Lookahead": 9 }