{ "K 1": 2.818645, "K 3": 2.818645, "K 5": 2.818645, "K 7": 2.818645, "All Frontier Nodes": 2.818645, "Lookahead": 9 }