{ "K 1": 2.602675, "K 3": 2.602675, "K 5": 2.602675, "K 7": 2.602675, "All Frontier Nodes": 2.602675, "Lookahead": 9 }