{ "K 1": 3.149406, "K 10": 3.281313, "K 100": 3.281313, "K 1000": 3.281313, "All Frontier Nodes": 3.281313, "Lookahead": 9 }