{ "K 1": 1.265466, "K 3": 1.265466, "K 5": 1.265466, "K 7": 1.265466, "All Frontier Nodes": 1.265466, "Lookahead": 9 }