{ "K 1": 1.698362, "K 10": 1.698362, "K 100": 1.698362, "K 1000": 1.698362, "All Frontier Nodes": 1.698362, "Lookahead": 9 }