{ "K 1": 2.507458, "K 10": 2.507458, "K 100": 2.507458, "K 1000": 2.507458, "All Frontier Nodes": 2.507458, "Lookahead": 9 }