{ "K 1": 2.641731, "K 3": 2.641731, "K 5": 2.641731, "K 7": 2.641731, "All Frontier Nodes": 2.641731, "Lookahead": 9 }