{ "K-Best 1 Pemberton Belief": 2.229282, "K-Best 3 Pemberton Belief": 2.229282, "K-Best 5 Pemberton Belief": 2.229282, "K-Best 7 Pemberton Belief": 2.229282, "Cserna Pemberton Belief": 2.229282, "K-Best 1": 2.229282, "K-Best 3": 2.229282, "K-Best 5": 2.229282, "K-Best 7": 2.229282, "Cserna": 2.229282, "Bellman": 2.229282, "Minimin": 2.229282, "Nancy": 2.229282, "Lookahead": 9 }