{ "K 1": 2.913062, "K 3": 2.913062, "K 5": 2.913062, "K 7": 2.913062, "All Frontier Nodes": 2.913062, "Lookahead": 9 }