{ "K 1": 2.657703, "K 10": 2.657703, "K 100": 2.657703, "K 1000": 2.657703, "All Frontier Nodes": 2.657703, "Lookahead": 9 }