{ "K 1": 2.663946, "K 10": 2.663946, "K 100": 2.663946, "K 1000": 2.663946, "All Frontier Nodes": 2.663946, "Lookahead": 9 }