{ "K 1": 2.428858, "K 3": 2.428858, "K 5": 2.428858, "K 7": 2.428858, "All Frontier Nodes": 2.428858, "Lookahead": 9 }