{ "K 1": 3.260397, "K 10": 3.260397, "K 100": 3.260397, "K 1000": 3.260397, "All Frontier Nodes": 3.260397, "Lookahead": 9 }