{ "K 1": 2.249261, "K 10": 2.249261, "K 100": 2.249261, "K 1000": 2.249261, "All Frontier Nodes": 2.249261, "Lookahead": 9 }