{ "K 1": 1.921550, "K 10": 1.921550, "K 100": 1.921550, "K 1000": 1.921550, "All Frontier Nodes": 1.921550, "Lookahead": 9 }