{ "K 1": 3.462988, "K 3": 3.462988, "K 5": 3.462988, "K 7": 3.462988, "All Frontier Nodes": 3.462988, "Lookahead": 9 }