{ "K 1": 2.157443, "K 3": 2.157443, "K 5": 2.157443, "K 7": 2.157443, "All Frontier Nodes": 2.157443, "Lookahead": 9 }