{ "K 1": 3.263758, "K 3": 3.263758, "K 5": 3.263758, "K 7": 3.263758, "All Frontier Nodes": 3.263758, "Lookahead": 9 }