{ "K 1": 2.324083, "K 10": 2.324083, "K 100": 2.324083, "K 1000": 2.324083, "All Frontier Nodes": 2.324083, "Lookahead": 9 }