{ "K 1": 2.823880, "K 3": 2.823880, "K 5": 2.823880, "K 7": 2.823880, "All Frontier Nodes": 2.823880, "Lookahead": 9 }