{ "K-Best 1 Pemberton Belief": 2.451420, "K-Best 3 Pemberton Belief": 2.451420, "K-Best 5 Pemberton Belief": 2.451420, "K-Best 7 Pemberton Belief": 2.451420, "Cserna Pemberton Belief": 2.451420, "K-Best 1": 2.451420, "K-Best 3": 2.451420, "K-Best 5": 2.451420, "K-Best 7": 2.451420, "Cserna": 2.451420, "Bellman": 2.451420, "Minimin": 2.451420, "Nancy": 2.451420, "Lookahead": 9 }