{ "K 1": 2.853049, "K 10": 2.853049, "K 100": 2.853049, "K 1000": 2.853049, "All Frontier Nodes": 2.853049, "Lookahead": 9 }