{ "K 1": 2.918906, "K 3": 2.918906, "K 5": 2.918906, "K 7": 2.918906, "All Frontier Nodes": 2.918906, "Lookahead": 9 }