{ "K 1": 2.685027, "K 3": 2.685027, "K 5": 2.685027, "K 7": 2.685027, "All Frontier Nodes": 2.685027, "Lookahead": 9 }