{ "K 1": 2.441413, "K 3": 2.441413, "K 5": 2.441413, "K 7": 2.441413, "All Frontier Nodes": 2.441413, "Lookahead": 9 }