{ "K 1": 2.552863, "K 10": 2.552863, "K 100": 2.552863, "K 1000": 2.552863, "All Frontier Nodes": 2.552863, "Lookahead": 9 }