{ "K 1": 2.751465, "K 3": 2.751465, "K 5": 2.751465, "K 7": 2.751465, "All Frontier Nodes": 2.751465, "Lookahead": 9 }