{ "K 1": 2.525868, "K 3": 2.525868, "K 5": 2.525868, "K 7": 2.525868, "All Frontier Nodes": 2.525868, "Lookahead": 9 }