{ "K 1": 2.508244, "K 10": 2.508244, "K 100": 2.508244, "K 1000": 2.508244, "All Frontier Nodes": 2.508244, "Lookahead": 9 }