{ "K 1": 2.403344, "K 3": 2.403344, "K 5": 2.403344, "K 7": 2.403344, "All Frontier Nodes": 2.403344, "Lookahead": 9 }