{ "K 1": 2.950499, "K 10": 2.950499, "K 100": 2.950499, "K 1000": 2.950499, "All Frontier Nodes": 2.950499, "Lookahead": 9 }