{ "K 1": 3.141011, "K 10": 3.141011, "K 100": 3.141011, "K 1000": 3.141011, "All Frontier Nodes": 3.141011, "Lookahead": 9 }