{ "K 1": 2.717232, "K 3": 2.717232, "K 5": 2.717232, "K 7": 2.717232, "All Frontier Nodes": 2.717232, "Lookahead": 9 }