{ "K 1": 2.560755, "K 3": 2.560755, "K 5": 2.560755, "K 7": 2.560755, "All Frontier Nodes": 2.560755, "Lookahead": 9 }