{ "K 1": 3.785860, "K 3": 3.785860, "K 5": 3.785860, "K 7": 3.785860, "All Frontier Nodes": 3.785860, "Lookahead": 9 }