{ "K 1": 2.308554, "K 10": 2.308554, "K 100": 2.308554, "K 1000": 2.308554, "All Frontier Nodes": 2.308554, "Lookahead": 9 }