{ "K 1": 1.976751, "K 3": 1.976751, "K 5": 1.976751, "K 7": 1.976751, "All Frontier Nodes": 1.976751, "Lookahead": 9 }