{ "K 1": 2.829847, "K 10": 2.829847, "K 100": 2.829847, "K 1000": 2.829847, "All Frontier Nodes": 2.829847, "Lookahead": 9 }