{ "K 1": 2.392946, "K 3": 2.392946, "K 5": 2.392946, "K 7": 2.392946, "All Frontier Nodes": 2.392946, "Lookahead": 9 }