{ "K 1": 2.666684, "K 3": 2.666684, "K 5": 2.666684, "K 7": 2.666684, "All Frontier Nodes": 2.666684, "Lookahead": 9 }