{ "K 1": 3.187083, "K 10": 3.187083, "K 100": 3.187083, "K 1000": 3.187083, "All Frontier Nodes": 3.187083, "Lookahead": 9 }