{ "K 1": 2.384684, "K 10": 2.384684, "K 100": 2.384684, "K 1000": 2.384684, "All Frontier Nodes": 2.384684, "Lookahead": 9 }