{ "K 1": 2.217196, "K 3": 2.217196, "K 5": 2.217196, "K 7": 2.217196, "All Frontier Nodes": 2.217196, "Lookahead": 9 }