{ "K 1": 3.748830, "K 3": 3.748830, "K 5": 3.748830, "K 7": 3.748830, "All Frontier Nodes": 3.748830, "Lookahead": 9 }