{ "K 1": 2.513997, "K 3": 2.513997, "K 5": 2.513997, "K 7": 2.513997, "All Frontier Nodes": 2.513997, "Lookahead": 9 }