{ "K 1": 2.317583, "K 3": 2.317583, "K 5": 2.317583, "K 7": 2.317583, "All Frontier Nodes": 2.317583, "Lookahead": 9 }