{ "K 1": 1.861081, "K 3": 1.861081, "K 5": 1.861081, "K 7": 1.861081, "All Frontier Nodes": 1.861081, "Lookahead": 9 }