{ "K 1": 2.323106, "K 10": 2.323106, "K 100": 2.323106, "K 1000": 2.323106, "All Frontier Nodes": 2.323106, "Lookahead": 9 }