{ "K 1": 2.313842, "K 3": 2.313842, "K 5": 2.313842, "K 7": 2.313842, "All Frontier Nodes": 2.313842, "Lookahead": 9 }