{ "K 1": 2.145389, "K 3": 2.145389, "K 5": 2.145389, "K 7": 2.145389, "All Frontier Nodes": 2.145389, "Lookahead": 9 }