{ "K 1": 2.553846, "K 10": 2.553846, "K 100": 2.553846, "K 1000": 2.553846, "All Frontier Nodes": 2.553846, "Lookahead": 9 }