{ "K 1": 2.228427, "K 3": 2.228427, "K 5": 2.228427, "K 7": 2.228427, "All Frontier Nodes": 2.228427, "Lookahead": 9 }