{ "K 1": 2.387655, "K 10": 2.387655, "K 100": 2.387655, "K 1000": 2.387655, "All Frontier Nodes": 2.387655, "Lookahead": 9 }