{ "K 1": 3.779088, "K 3": 3.779088, "K 5": 3.779088, "K 7": 3.779088, "All Frontier Nodes": 3.779088, "Lookahead": 9 }