{ "K 1": 2.262823, "K 3": 2.262823, "K 5": 2.262823, "K 7": 2.262823, "All Frontier Nodes": 2.262823, "Lookahead": 9 }