{ "K 1": 2.774041, "K 10": 2.774041, "K 100": 2.774041, "K 1000": 2.774041, "All Frontier Nodes": 2.774041, "Lookahead": 9 }