{ "K 1": 2.133800, "K 10": 2.133800, "K 100": 2.133800, "K 1000": 2.133800, "All Frontier Nodes": 2.133800, "Lookahead": 9 }