{ "K 1": 2.076057, "K 3": 2.076057, "K 5": 2.076057, "K 7": 2.076057, "All Frontier Nodes": 2.076057, "Lookahead": 9 }