{ "K 1": 2.826511, "K 10": 2.826511, "K 100": 2.826511, "K 1000": 2.826511, "All Frontier Nodes": 2.826511, "Lookahead": 9 }