{ "K 1": 2.883211, "K 3": 2.883211, "K 5": 2.883211, "K 7": 2.883211, "All Frontier Nodes": 2.883211, "Lookahead": 9 }