{ "K 1": 2.185450, "K 3": 2.185450, "K 5": 2.185450, "K 7": 2.185450, "All Frontier Nodes": 2.185450, "Lookahead": 9 }