{ "K 1": 2.834698, "K 3": 2.834698, "K 5": 2.834698, "K 7": 2.834698, "All Frontier Nodes": 2.834698, "Lookahead": 9 }