{ "K-Best 1 Pemberton Belief": 2.244787, "K-Best 3 Pemberton Belief": 2.244787, "K-Best 5 Pemberton Belief": 2.244787, "K-Best 7 Pemberton Belief": 2.244787, "Cserna Pemberton Belief": 2.244787, "K-Best 1": 2.244787, "K-Best 3": 2.244787, "K-Best 5": 2.244787, "K-Best 7": 2.244787, "Cserna": 2.244787, "Bellman": 2.244787, "Minimin": 2.244787, "Nancy": 2.244787, "Lookahead": 9 }