{ "K 1": 2.550561, "K 3": 2.550561, "K 5": 2.550561, "K 7": 2.550561, "All Frontier Nodes": 2.550561, "Lookahead": 9 }