{ "K-Best 1 Pemberton Belief": 2.926654, "K-Best 3 Pemberton Belief": 2.926654, "K-Best 5 Pemberton Belief": 2.926654, "K-Best 7 Pemberton Belief": 2.926654, "Cserna Pemberton Belief": 2.926654, "K-Best 1": 2.926654, "K-Best 3": 2.926654, "K-Best 5": 2.926654, "K-Best 7": 2.926654, "Cserna": 2.926654, "Bellman": 2.926654, "Minimin": 2.926654, "Nancy": 2.926654, "Lookahead": 9 }