{ "K 1": 2.497385, "K 3": 2.497385, "K 5": 2.497385, "K 7": 2.497385, "All Frontier Nodes": 2.497385, "Lookahead": 9 }