{ "K 1": 2.205317, "K 3": 2.205317, "K 5": 2.205317, "K 7": 2.205317, "All Frontier Nodes": 2.205317, "Lookahead": 9 }