{ "K 1": 2.939996, "K 10": 2.939996, "K 100": 2.939996, "K 1000": 2.939996, "All Frontier Nodes": 2.939996, "Lookahead": 9 }