{ "K 1": 2.324454, "K 10": 2.324454, "K 100": 2.324454, "K 1000": 2.324454, "All Frontier Nodes": 2.324454, "Lookahead": 9 }