{ "K 1": 2.823177, "K 3": 2.823177, "K 5": 2.823177, "K 7": 2.823177, "All Frontier Nodes": 2.823177, "Lookahead": 9 }