{ "K-Best 1 Pemberton Belief": 2.734466, "K-Best 3 Pemberton Belief": 2.734466, "K-Best 5 Pemberton Belief": 2.734466, "K-Best 7 Pemberton Belief": 2.734466, "Cserna Pemberton Belief": 2.734466, "K-Best 1": 2.734466, "K-Best 3": 2.734466, "K-Best 5": 2.734466, "K-Best 7": 2.734466, "Cserna": 2.734466, "Bellman": 2.734466, "Minimin": 2.734466, "Nancy": 2.734466, "Lookahead": 9 }