{ "K 1": 1.966494, "K 3": 1.966494, "K 5": 1.966494, "K 7": 1.966494, "All Frontier Nodes": 1.966494, "Lookahead": 9 }