{ "K 1": 2.556963, "K 3": 2.556963, "K 5": 2.556963, "K 7": 2.556963, "All Frontier Nodes": 2.556963, "Lookahead": 9 }