{ "K 1": 2.498051, "K 3": 2.498051, "K 5": 2.498051, "K 7": 2.498051, "All Frontier Nodes": 2.498051, "Lookahead": 9 }