{ "K 1": 2.796426, "K 3": 2.796426, "K 5": 2.796426, "K 7": 2.796426, "All Frontier Nodes": 2.796426, "Lookahead": 9 }