{ "K 1": 2.593950, "K 3": 2.593950, "K 5": 2.593950, "K 7": 2.593950, "All Frontier Nodes": 2.593950, "Lookahead": 9 }