{ "K 1": 1.451729, "K 3": 1.451729, "K 5": 1.451729, "K 7": 1.451729, "All Frontier Nodes": 1.451729, "Lookahead": 9 }