{ "K 1": 2.953081, "K 3": 2.953081, "K 5": 2.953081, "K 7": 2.953081, "All Frontier Nodes": 2.953081, "Lookahead": 9 }