{ "K 1": 2.811941, "K 10": 2.460973, "K 100": 2.460973, "K 1000": 2.460973, "All Frontier Nodes": 2.460973, "Lookahead": 9 }