{ "K 1": 3.585081, "K 3": 3.585081, "K 5": 3.585081, "K 7": 3.585081, "All Frontier Nodes": 3.585081, "Lookahead": 9 }