{ "K 1": 1.993148, "K 10": 1.993148, "K 100": 1.993148, "K 1000": 1.993148, "All Frontier Nodes": 1.993148, "Lookahead": 9 }