{ "K 1": 2.348745, "K 3": 2.348745, "K 5": 2.348745, "K 7": 2.348745, "All Frontier Nodes": 2.348745, "Lookahead": 9 }