{ "K 1": 3.372415, "K 3": 3.340456, "K 5": 3.340456, "K 7": 3.340456, "All Frontier Nodes": 3.340456, "Lookahead": 9 }