{ "K 1": 1.883718, "K 3": 1.883718, "K 5": 1.883718, "K 7": 1.883718, "All Frontier Nodes": 1.883718, "Lookahead": 9 }