{ "K 1": 2.467676, "K 3": 2.467676, "K 5": 2.467676, "K 7": 2.467676, "All Frontier Nodes": 2.467676, "Lookahead": 9 }