{ "K 1": 2.863623, "K 3": 2.863623, "K 5": 2.863623, "K 7": 2.863623, "All Frontier Nodes": 2.863623, "Lookahead": 9 }