{ "K 1": 2.603607, "K 10": 2.603607, "K 100": 2.603607, "K 1000": 2.603607, "All Frontier Nodes": 2.603607, "Lookahead": 9 }