{ "K 1": 2.939681, "K 10": 2.939681, "K 100": 2.939681, "K 1000": 2.939681, "All Frontier Nodes": 2.939681, "Lookahead": 9 }