{ "K-Best 1 Pemberton Belief": 2.750128, "K-Best 3 Pemberton Belief": 2.750128, "K-Best 5 Pemberton Belief": 2.750128, "K-Best 7 Pemberton Belief": 2.750128, "Cserna Pemberton Belief": 2.750128, "K-Best 1": 2.750128, "K-Best 3": 2.750128, "K-Best 5": 2.750128, "K-Best 7": 2.750128, "Cserna": 2.750128, "Bellman": 2.750128, "Minimin": 2.750128, "Nancy": 2.750128, "Lookahead": 9 }