{ "K 1": 2.508942, "K 3": 2.508942, "K 5": 2.508942, "K 7": 2.508942, "All Frontier Nodes": 2.508942, "Lookahead": 9 }