{ "K 1": 1.877406, "K 10": 1.877406, "K 100": 1.877406, "K 1000": 1.877406, "All Frontier Nodes": 1.877406, "Lookahead": 9 }