{ "K 1": 3.402125, "K 10": 3.402125, "K 100": 3.402125, "K 1000": 3.402125, "All Frontier Nodes": 3.402125, "Lookahead": 9 }