{ "K 1": 3.115508, "K 3": 3.115508, "K 5": 3.115508, "K 7": 3.115508, "All Frontier Nodes": 3.115508, "Lookahead": 9 }