{ "K 1": 3.267324, "K 10": 3.267324, "K 100": 3.267324, "K 1000": 3.267324, "All Frontier Nodes": 3.267324, "Lookahead": 9 }