{ "K 1": 2.664768, "K 10": 2.664768, "K 100": 2.664768, "K 1000": 2.664768, "All Frontier Nodes": 2.664768, "Lookahead": 9 }