{ "K 1": 2.454995, "K 3": 2.454995, "K 5": 2.454995, "K 7": 2.454995, "All Frontier Nodes": 2.454995, "Lookahead": 9 }