{ "K 1": 2.641749, "K 3": 2.641749, "K 5": 2.641749, "K 7": 2.641749, "All Frontier Nodes": 2.641749, "Lookahead": 9 }