{ "K 1": 2.904934, "K 10": 2.904934, "K 100": 2.904934, "K 1000": 2.904934, "All Frontier Nodes": 2.904934, "Lookahead": 9 }