{ "K 1": 2.348356, "K 10": 2.348356, "K 100": 2.348356, "K 1000": 2.348356, "All Frontier Nodes": 2.348356, "Lookahead": 9 }