{ "K 1": 2.710459, "K 10": 2.710459, "K 100": 2.710459, "K 1000": 2.710459, "All Frontier Nodes": 2.710459, "Lookahead": 9 }