{ "K 1": 2.066718, "K 3": 2.066718, "K 5": 2.066718, "K 7": 2.066718, "All Frontier Nodes": 2.066718, "Lookahead": 9 }