{ "K-Best 1 Pemberton Belief": 2.229599, "K-Best 3 Pemberton Belief": 2.229599, "K-Best 5 Pemberton Belief": 2.229599, "K-Best 7 Pemberton Belief": 2.229599, "Cserna Pemberton Belief": 2.229599, "K-Best 1": 2.229599, "K-Best 3": 2.229599, "K-Best 5": 2.229599, "K-Best 7": 2.229599, "Cserna": 2.229599, "Bellman": 2.229599, "Minimin": 2.229599, "Nancy": 2.229599, "Lookahead": 9 }