{ "K 1": 2.017422, "K 3": 2.017422, "K 5": 2.017422, "K 7": 2.017422, "All Frontier Nodes": 2.017422, "Lookahead": 9 }