{ "K-Best 1 Pemberton Belief": 2.244997, "K-Best 3 Pemberton Belief": 2.244997, "K-Best 5 Pemberton Belief": 2.244997, "K-Best 7 Pemberton Belief": 2.244997, "Cserna Pemberton Belief": 2.244997, "K-Best 1": 2.244997, "K-Best 3": 2.244997, "K-Best 5": 2.244997, "K-Best 7": 2.244997, "Cserna": 2.244997, "Bellman": 2.244997, "Minimin": 2.244997, "Nancy": 2.244997, "Lookahead": 9 }