{ "K 1": 2.333627, "K 3": 2.333627, "K 5": 2.333627, "K 7": 2.333627, "All Frontier Nodes": 2.333627, "Lookahead": 9 }