{ "K 1": 2.789385, "K 10": 2.789385, "K 100": 2.789385, "K 1000": 2.789385, "All Frontier Nodes": 2.789385, "Lookahead": 9 }