{ "K 1": 2.154311, "K 3": 2.154311, "K 5": 2.154311, "K 7": 2.154311, "All Frontier Nodes": 2.154311, "Lookahead": 9 }