{ "K 1": 3.283844, "K 10": 3.283844, "K 100": 3.283844, "K 1000": 3.283844, "All Frontier Nodes": 3.283844, "Lookahead": 9 }