{ "K 1": 3.617198, "K 10": 3.617198, "K 100": 3.617198, "K 1000": 3.617198, "All Frontier Nodes": 3.617198, "Lookahead": 9 }