{ "K 1": 2.743276, "K 10": 2.743276, "K 100": 2.743276, "K 1000": 2.743276, "All Frontier Nodes": 2.743276, "Lookahead": 9 }