{ "K 1": 2.160932, "K 3": 2.160932, "K 5": 2.160932, "K 7": 2.160932, "All Frontier Nodes": 2.160932, "Lookahead": 9 }