{ "K 1": 1.972276, "K 3": 1.972276, "K 5": 1.972276, "K 7": 1.972276, "All Frontier Nodes": 1.972276, "Lookahead": 9 }