{ "K 1": 2.962128, "K 3": 2.962128, "K 5": 2.962128, "K 7": 2.962128, "All Frontier Nodes": 2.962128, "Lookahead": 9 }