{ "K 1": 2.671441, "K 3": 2.671441, "K 5": 2.671441, "K 7": 2.671441, "All Frontier Nodes": 2.671441, "Lookahead": 9 }