{ "K 1": 2.212321, "K 10": 2.212321, "K 100": 2.212321, "K 1000": 2.212321, "All Frontier Nodes": 2.212321, "Lookahead": 9 }