{ "K 1": 2.958879, "K 3": 2.958879, "K 5": 2.958879, "K 7": 2.958879, "All Frontier Nodes": 2.958879, "Lookahead": 9 }