{ "K-Best 1 Pemberton Belief": 1.840573, "K-Best 3 Pemberton Belief": 1.840573, "K-Best 5 Pemberton Belief": 1.840573, "K-Best 7 Pemberton Belief": 1.840573, "Cserna Pemberton Belief": 1.840573, "K-Best 1": 1.840573, "K-Best 3": 1.840573, "K-Best 5": 1.840573, "K-Best 7": 1.840573, "Cserna": 1.840573, "Bellman": 1.840573, "Minimin": 1.840573, "Nancy": 1.840573, "Lookahead": 9 }