{ "K 1": 3.028746, "K 10": 3.028746, "K 100": 3.028746, "K 1000": 3.028746, "All Frontier Nodes": 3.028746, "Lookahead": 9 }