{ "K 1": 2.288700, "K 3": 2.288700, "K 5": 2.288700, "K 7": 2.288700, "All Frontier Nodes": 2.288700, "Lookahead": 9 }