{ "K 1": 2.790765, "K 3": 2.790765, "K 5": 2.790765, "K 7": 2.790765, "All Frontier Nodes": 2.790765, "Lookahead": 9 }