{ "K 1": 2.916183, "K 10": 2.916183, "K 100": 2.916183, "K 1000": 2.916183, "All Frontier Nodes": 2.916183, "Lookahead": 9 }