{ "K 1": 3.280661, "K 3": 3.280661, "K 5": 3.280661, "K 7": 3.280661, "All Frontier Nodes": 3.280661, "Lookahead": 9 }