{ "K 1": 2.479741, "K 3": 2.479741, "K 5": 2.479741, "K 7": 2.479741, "All Frontier Nodes": 2.479741, "Lookahead": 9 }