{ "K 1": 2.397211, "K 3": 2.397211, "K 5": 2.397211, "K 7": 2.397211, "All Frontier Nodes": 2.397211, "Lookahead": 9 }