{ "K 1": 3.287097, "K 3": 3.287097, "K 5": 3.287097, "K 7": 3.287097, "All Frontier Nodes": 3.287097, "Lookahead": 9 }