{ "K 1": 2.451801, "K 10": 2.451801, "K 100": 2.451801, "K 1000": 2.451801, "All Frontier Nodes": 2.451801, "Lookahead": 9 }