{ "K 1": 2.787138, "K 3": 2.787138, "K 5": 2.787138, "K 7": 2.787138, "All Frontier Nodes": 2.787138, "Lookahead": 9 }