{ "K 1": 1.898817, "K 3": 1.898817, "K 5": 1.898817, "K 7": 1.898817, "All Frontier Nodes": 1.898817, "Lookahead": 9 }