{ "K 1": 3.126013, "K 3": 3.126013, "K 5": 3.126013, "K 7": 3.126013, "All Frontier Nodes": 3.126013, "Lookahead": 9 }