{ "K 1": 2.631905, "K 3": 2.631905, "K 5": 2.631905, "K 7": 2.631905, "All Frontier Nodes": 2.631905, "Lookahead": 9 }