{ "K 1": 2.894296, "K 10": 2.894296, "K 100": 2.894296, "K 1000": 2.894296, "All Frontier Nodes": 2.894296, "Lookahead": 9 }