{ "K 1": 1.966303, "K 3": 1.966303, "K 5": 1.966303, "K 7": 1.966303, "All Frontier Nodes": 1.966303, "Lookahead": 9 }