{ "K 1": 1.875643, "K 10": 1.875643, "K 100": 1.875643, "K 1000": 1.875643, "All Frontier Nodes": 1.875643, "Lookahead": 9 }