{ "K 1": 1.917113, "K 3": 1.917113, "K 5": 1.917113, "K 7": 1.917113, "All Frontier Nodes": 1.917113, "Lookahead": 9 }