{ "K 1": 2.915045, "K 3": 2.925705, "K 5": 2.925705, "K 7": 2.925705, "All Frontier Nodes": 2.925705, "Lookahead": 9 }