{ "K 1": 2.817067, "K 10": 2.817067, "K 100": 2.817067, "K 1000": 2.817067, "All Frontier Nodes": 2.817067, "Lookahead": 9 }