{ "K 1": 2.553185, "K 3": 2.553185, "K 5": 2.553185, "K 7": 2.553185, "All Frontier Nodes": 2.553185, "Lookahead": 9 }