{ "K 1": 2.251432, "K 3": 2.251432, "K 5": 2.251432, "K 7": 2.251432, "All Frontier Nodes": 2.251432, "Lookahead": 9 }