{ "K 1": 2.436591, "K 3": 2.436591, "K 5": 2.436591, "K 7": 2.436591, "All Frontier Nodes": 2.436591, "Lookahead": 9 }