{ "K-Best 1 Pemberton Belief": 2.180546, "K-Best 3 Pemberton Belief": 2.180546, "K-Best 5 Pemberton Belief": 2.180546, "K-Best 7 Pemberton Belief": 2.180546, "Cserna Pemberton Belief": 2.180546, "K-Best 1": 2.180546, "K-Best 3": 2.180546, "K-Best 5": 2.180546, "K-Best 7": 2.180546, "Cserna": 2.180546, "Bellman": 2.180546, "Minimin": 2.180546, "Nancy": 2.180546, "Lookahead": 9 }