{ "K 1": 2.487395, "K 3": 2.487395, "K 5": 2.487395, "K 7": 2.487395, "All Frontier Nodes": 2.487395, "Lookahead": 9 }