{ "K 1": 2.057775, "K 10": 2.057775, "K 100": 2.057775, "K 1000": 2.057775, "All Frontier Nodes": 2.057775, "Lookahead": 9 }