{ "K 1": 3.095540, "K 10": 3.095540, "K 100": 3.095540, "K 1000": 3.095540, "All Frontier Nodes": 3.095540, "Lookahead": 9 }