{ "K 1": 2.732981, "K 10": 2.732981, "K 100": 2.732981, "K 1000": 2.732981, "All Frontier Nodes": 2.732981, "Lookahead": 9 }