{ "K 1": 3.167170, "K 3": 3.167170, "K 5": 3.167170, "K 7": 3.167170, "All Frontier Nodes": 3.167170, "Lookahead": 9 }