{ "K 1": 1.684182, "K 3": 1.684182, "K 5": 1.684182, "K 7": 1.684182, "All Frontier Nodes": 1.684182, "Lookahead": 9 }