{ "K 1": 2.427688, "K 3": 2.427688, "K 5": 2.427688, "K 7": 2.427688, "All Frontier Nodes": 2.427688, "Lookahead": 9 }