{ "K 1": 2.307616, "K 3": 2.307616, "K 5": 2.307616, "K 7": 2.307616, "All Frontier Nodes": 2.307616, "Lookahead": 9 }