{ "K 1": 2.436944, "K 10": 2.436944, "K 100": 2.436944, "K 1000": 2.436944, "All Frontier Nodes": 2.436944, "Lookahead": 9 }