{ "K 1": 2.684544, "K 3": 2.684544, "K 5": 2.684544, "K 7": 2.684544, "All Frontier Nodes": 2.684544, "Lookahead": 9 }