{ "K 1": 2.378017, "K 10": 2.378017, "K 100": 2.378017, "K 1000": 2.378017, "All Frontier Nodes": 2.378017, "Lookahead": 9 }