{ "K 1": 2.185765, "K 3": 2.185765, "K 5": 2.185765, "K 7": 2.185765, "All Frontier Nodes": 2.185765, "Lookahead": 9 }