{ "K 1": 2.129319, "K 10": 2.129319, "K 100": 2.129319, "K 1000": 2.129319, "All Frontier Nodes": 2.129319, "Lookahead": 9 }