{ "K-Best 1 Pemberton Belief": 2.572080, "K-Best 3 Pemberton Belief": 2.572080, "K-Best 5 Pemberton Belief": 2.572080, "K-Best 7 Pemberton Belief": 2.572080, "Cserna Pemberton Belief": 2.572080, "K-Best 1": 2.572080, "K-Best 3": 2.572080, "K-Best 5": 2.572080, "K-Best 7": 2.572080, "Cserna": 2.572080, "Bellman": 2.572080, "Minimin": 2.572080, "Nancy": 2.572080, "Lookahead": 9 }