{ "K 1": 2.192092, "K 3": 2.192092, "K 5": 2.192092, "K 7": 2.192092, "All Frontier Nodes": 2.192092, "Lookahead": 9 }