{ "K 1": 2.247810, "K 3": 2.247810, "K 5": 2.247810, "K 7": 2.247810, "All Frontier Nodes": 2.247810, "Lookahead": 9 }