{ "K 1": 1.753184, "K 10": 1.753184, "K 100": 1.753184, "K 1000": 1.753184, "All Frontier Nodes": 1.753184, "Lookahead": 9 }