{ "K 1": 1.814303, "K 3": 1.814303, "K 5": 1.814303, "K 7": 1.814303, "All Frontier Nodes": 1.814303, "Lookahead": 9 }