{ "K 1": 1.903881, "K 10": 1.903881, "K 100": 1.903881, "K 1000": 1.903881, "All Frontier Nodes": 1.903881, "Lookahead": 9 }