{ "K 1": 1.969148, "K 3": 1.969148, "K 5": 1.969148, "K 7": 1.969148, "All Frontier Nodes": 1.969148, "Lookahead": 9 }