{ "K-Best 1 Pemberton Belief": 2.289311, "K-Best 3 Pemberton Belief": 2.289311, "K-Best 5 Pemberton Belief": 2.289311, "K-Best 7 Pemberton Belief": 2.289311, "Cserna Pemberton Belief": 2.289311, "K-Best 1": 2.289311, "K-Best 3": 2.289311, "K-Best 5": 2.289311, "K-Best 7": 2.289311, "Cserna": 2.289311, "Bellman": 2.289311, "Minimin": 2.289311, "Nancy": 2.289311, "Lookahead": 9 }