{ "K 1": 2.311325, "K 3": 2.311325, "K 5": 2.311325, "K 7": 2.311325, "All Frontier Nodes": 2.311325, "Lookahead": 9 }