{ "K 1": 2.869653, "K 3": 2.869653, "K 5": 2.869653, "K 7": 2.869653, "All Frontier Nodes": 2.869653, "Lookahead": 9 }