{ "K-Best 1 Pemberton Belief": 2.671718, "K-Best 3 Pemberton Belief": 2.671718, "K-Best 5 Pemberton Belief": 2.671718, "K-Best 7 Pemberton Belief": 2.671718, "Cserna Pemberton Belief": 2.671718, "K-Best 1": 2.671718, "K-Best 3": 2.671718, "K-Best 5": 2.671718, "K-Best 7": 2.671718, "Cserna": 2.671718, "Bellman": 2.671718, "Minimin": 2.671718, "Nancy": 2.671718, "Lookahead": 9 }