{ "K 1": 3.367482, "K 3": 3.367482, "K 5": 3.367482, "K 7": 3.367482, "All Frontier Nodes": 3.367482, "Lookahead": 9 }