{ "K 1": 1.282766, "K 10": 1.282766, "K 100": 1.282766, "K 1000": 1.282766, "All Frontier Nodes": 1.282766, "Lookahead": 9 }