{ "K 1": 1.394146, "K 3": 1.394146, "K 5": 1.394146, "K 7": 1.394146, "All Frontier Nodes": 1.394146, "Lookahead": 9 }