{ "K 1": 2.184692, "K 10": 2.184692, "K 100": 2.184692, "K 1000": 2.184692, "All Frontier Nodes": 2.184692, "Lookahead": 9 }