{ "K 1": 2.418625, "K 3": 2.418625, "K 5": 2.418625, "K 7": 2.418625, "All Frontier Nodes": 2.418625, "Lookahead": 9 }