{ "K 1": 2.034621, "K 3": 2.034621, "K 5": 2.034621, "K 7": 2.034621, "All Frontier Nodes": 2.034621, "Lookahead": 9 }