{ "K 1": 2.976877, "K 10": 2.976877, "K 100": 2.976877, "K 1000": 2.976877, "All Frontier Nodes": 2.976877, "Lookahead": 9 }