{ "K 1": 2.964525, "K 3": 2.964525, "K 5": 2.964525, "K 7": 2.964525, "All Frontier Nodes": 2.964525, "Lookahead": 9 }