{ "K 1": 2.377866, "K 3": 2.380260, "K 5": 2.380260, "K 7": 2.380260, "All Frontier Nodes": 2.380260, "Lookahead": 9 }