{ "K-Best 1 Pemberton Belief": 2.371264, "K-Best 3 Pemberton Belief": 2.371264, "K-Best 5 Pemberton Belief": 2.371264, "K-Best 7 Pemberton Belief": 2.371264, "Cserna Pemberton Belief": 2.371264, "K-Best 1": 2.371264, "K-Best 3": 2.371264, "K-Best 5": 2.371264, "K-Best 7": 2.371264, "Cserna": 2.371264, "Bellman": 2.371264, "Minimin": 2.371264, "Nancy": 2.371264, "Lookahead": 9 }