{ "K 1": 2.105258, "K 3": 2.105258, "K 5": 2.105258, "K 7": 2.105258, "All Frontier Nodes": 2.105258, "Lookahead": 9 }