{ "K 1": 1.145741, "K 10": 1.145741, "K 100": 1.145741, "K 1000": 1.145741, "All Frontier Nodes": 1.145741, "Lookahead": 9 }