{ "K 1": 2.842128, "K 3": 2.842128, "K 5": 2.842128, "K 7": 2.842128, "All Frontier Nodes": 2.842128, "Lookahead": 9 }