{ "K 1": 2.490708, "K 10": 2.490708, "K 100": 2.490708, "K 1000": 2.490708, "All Frontier Nodes": 2.490708, "Lookahead": 9 }