{ "K 1": 2.306122, "K 3": 2.306122, "K 5": 2.306122, "K 7": 2.306122, "All Frontier Nodes": 2.306122, "Lookahead": 9 }