{ "K 1": 2.261827, "K 10": 2.261827, "K 100": 2.261827, "K 1000": 2.261827, "All Frontier Nodes": 2.261827, "Lookahead": 9 }