{ "K 1": 2.144688, "K 10": 2.144688, "K 100": 2.144688, "K 1000": 2.144688, "All Frontier Nodes": 2.144688, "Lookahead": 9 }