{ "K 1": 2.023758, "K 10": 2.023758, "K 100": 2.023758, "K 1000": 2.023758, "All Frontier Nodes": 2.023758, "Lookahead": 9 }