{ "K 1": 1.920070, "K 10": 1.920070, "K 100": 1.920070, "K 1000": 1.920070, "All Frontier Nodes": 1.920070, "Lookahead": 9 }