{ "K 1": 3.074676, "K 10": 3.074676, "K 100": 3.074676, "K 1000": 3.074676, "All Frontier Nodes": 3.074676, "Lookahead": 9 }