{ "K 1": 3.018838, "K 3": 3.018838, "K 5": 3.018838, "K 7": 3.018838, "All Frontier Nodes": 3.018838, "Lookahead": 9 }