{ "K-Best 1 Pemberton Belief": 2.996596, "K-Best 3 Pemberton Belief": 2.996596, "K-Best 5 Pemberton Belief": 2.996596, "K-Best 7 Pemberton Belief": 2.996596, "Cserna Pemberton Belief": 2.996596, "K-Best 1": 2.996596, "K-Best 3": 2.996596, "K-Best 5": 2.996596, "K-Best 7": 2.996596, "Cserna": 2.996596, "Bellman": 2.996596, "Minimin": 2.996596, "Nancy": 2.996596, "Lookahead": 9 }