{ "K 1": 2.373572, "K 3": 2.373572, "K 5": 2.373572, "K 7": 2.373572, "All Frontier Nodes": 2.373572, "Lookahead": 9 }