{ "K 1": 2.084648, "K 3": 2.084648, "K 5": 2.084648, "K 7": 2.084648, "All Frontier Nodes": 2.084648, "Lookahead": 9 }