{ "K 1": 2.004205, "K 10": 2.004205, "K 100": 2.004205, "K 1000": 2.004205, "All Frontier Nodes": 2.004205, "Lookahead": 9 }