{ "K 1": 2.700123, "K 3": 2.700123, "K 5": 2.700123, "K 7": 2.700123, "All Frontier Nodes": 2.700123, "Lookahead": 9 }