{ "K 1": 1.486526, "K 3": 1.486526, "K 5": 1.486526, "K 7": 1.486526, "All Frontier Nodes": 1.486526, "Lookahead": 9 }