{ "K 1": 3.282554, "K 10": 3.282554, "K 100": 3.282554, "K 1000": 3.282554, "All Frontier Nodes": 3.282554, "Lookahead": 9 }