{ "K 1": 2.365511, "K 3": 2.365511, "K 5": 2.365511, "K 7": 2.365511, "All Frontier Nodes": 2.365511, "Lookahead": 9 }