{ "K 1": 2.462181, "K 3": 2.462181, "K 5": 2.462181, "K 7": 2.462181, "All Frontier Nodes": 2.462181, "Lookahead": 9 }