{ "K 1": 2.565326, "K 10": 2.565326, "K 100": 2.565326, "K 1000": 2.565326, "All Frontier Nodes": 2.565326, "Lookahead": 9 }