{ "K 1": 2.510501, "K 3": 2.510501, "K 5": 2.510501, "K 7": 2.510501, "All Frontier Nodes": 2.510501, "Lookahead": 9 }