{ "K 1": 3.246623, "K 3": 3.246623, "K 5": 3.246623, "K 7": 3.246623, "All Frontier Nodes": 3.246623, "Lookahead": 9 }