{ "K 1": 1.946720, "K 3": 1.946720, "K 5": 1.946720, "K 7": 1.946720, "All Frontier Nodes": 1.946720, "Lookahead": 9 }