{ "K 1": 2.357331, "K 3": 2.357331, "K 5": 2.357331, "K 7": 2.357331, "All Frontier Nodes": 2.357331, "Lookahead": 9 }