{ "K 1": 2.524421, "K 3": 2.524421, "K 5": 2.524421, "K 7": 2.524421, "All Frontier Nodes": 2.524421, "Lookahead": 9 }