{ "K 1": 2.586113, "K 10": 2.845545, "K 100": 2.845545, "K 1000": 2.845545, "All Frontier Nodes": 2.845545, "Lookahead": 9 }