{ "K 1": 1.674820, "K 10": 1.674820, "K 100": 1.674820, "K 1000": 1.674820, "All Frontier Nodes": 1.674820, "Lookahead": 9 }