{ "K 1": 3.239046, "K 10": 3.296464, "K 100": 3.296464, "K 1000": 3.296464, "All Frontier Nodes": 3.296464, "Lookahead": 9 }