{ "K 1": 2.815066, "K 3": 2.815066, "K 5": 2.815066, "K 7": 2.815066, "All Frontier Nodes": 2.815066, "Lookahead": 9 }