{ "K 1": 1.919600, "K 10": 1.919600, "K 100": 1.919600, "K 1000": 1.919600, "All Frontier Nodes": 1.919600, "Lookahead": 9 }