{ "K 1": 3.063275, "K 10": 3.063275, "K 100": 3.063275, "K 1000": 3.063275, "All Frontier Nodes": 3.063275, "Lookahead": 9 }