{ "K 1": 1.899260, "K 3": 1.899260, "K 5": 1.899260, "K 7": 1.899260, "All Frontier Nodes": 1.899260, "Lookahead": 9 }