{ "K 1": 2.947526, "K 3": 2.947526, "K 5": 2.947526, "K 7": 2.947526, "All Frontier Nodes": 2.947526, "Lookahead": 9 }