{ "K 1": 2.969922, "K 10": 2.969922, "K 100": 2.969922, "K 1000": 2.969922, "All Frontier Nodes": 2.969922, "Lookahead": 9 }