{ "K 1": 2.589030, "K 3": 2.589030, "K 5": 2.589030, "K 7": 2.589030, "All Frontier Nodes": 2.589030, "Lookahead": 9 }