{ "K 1": 2.760253, "K 10": 2.777080, "K 100": 2.777080, "K 1000": 2.777080, "All Frontier Nodes": 2.777080, "Lookahead": 9 }