{ "K 1": 2.904257, "K 10": 2.904257, "K 100": 2.904257, "K 1000": 2.904257, "All Frontier Nodes": 2.904257, "Lookahead": 9 }