{ "K 1": 2.780859, "K 10": 2.780859, "K 100": 2.780859, "K 1000": 2.780859, "All Frontier Nodes": 2.780859, "Lookahead": 9 }