{ "K 1": 3.473528, "K 3": 3.473528, "K 5": 3.473528, "K 7": 3.473528, "All Frontier Nodes": 3.473528, "Lookahead": 9 }