{ "K 1": 2.318809, "K 3": 2.318809, "K 5": 2.318809, "K 7": 2.318809, "All Frontier Nodes": 2.318809, "Lookahead": 9 }