{ "K 1": 2.144007, "K 3": 2.144007, "K 5": 2.144007, "K 7": 2.144007, "All Frontier Nodes": 2.144007, "Lookahead": 9 }