{ "K 1": 2.325543, "K 3": 2.325543, "K 5": 2.325543, "K 7": 2.325543, "All Frontier Nodes": 2.325543, "Lookahead": 9 }