{ "K 1": 3.699103, "K 3": 3.699103, "K 5": 3.699103, "K 7": 3.699103, "All Frontier Nodes": 3.699103, "Lookahead": 9 }