{ "K 1": 2.425414, "K 3": 2.425414, "K 5": 2.425414, "K 7": 2.425414, "All Frontier Nodes": 2.425414, "Lookahead": 9 }