{ "K 1": 3.081036, "K 3": 3.081036, "K 5": 3.081036, "K 7": 3.081036, "All Frontier Nodes": 3.081036, "Lookahead": 9 }