{ "K 1": 1.592209, "K 3": 1.592209, "K 5": 1.592209, "K 7": 1.592209, "All Frontier Nodes": 1.592209, "Lookahead": 9 }