{ "K 1": 2.183946, "K 3": 2.183946, "K 5": 2.183946, "K 7": 2.183946, "All Frontier Nodes": 2.183946, "Lookahead": 9 }