{ "K-Best 1 Pemberton Belief": 2.145389, "K-Best 3 Pemberton Belief": 2.145389, "K-Best 5 Pemberton Belief": 2.145389, "K-Best 7 Pemberton Belief": 2.145389, "Cserna Pemberton Belief": 2.145389, "K-Best 1": 2.145389, "K-Best 3": 2.145389, "K-Best 5": 2.145389, "K-Best 7": 2.145389, "Cserna": 2.145389, "Bellman": 2.145389, "Minimin": 2.145389, "Nancy": 2.145389, "Lookahead": 9 }