{ "K 1": 2.362924, "K 3": 2.362924, "K 5": 2.362924, "K 7": 2.362924, "All Frontier Nodes": 2.362924, "Lookahead": 9 }