{ "K 1": 2.563020, "K 3": 2.563020, "K 5": 2.563020, "K 7": 2.563020, "All Frontier Nodes": 2.563020, "Lookahead": 9 }