{ "K 1": 2.928745, "K 3": 2.928745, "K 5": 2.928745, "K 7": 2.928745, "All Frontier Nodes": 2.928745, "Lookahead": 9 }