{ "K 1": 3.230664, "K 3": 3.230664, "K 5": 3.230664, "K 7": 3.230664, "All Frontier Nodes": 3.230664, "Lookahead": 9 }