{ "K 1": 2.916183, "K 3": 2.916183, "K 5": 2.916183, "K 7": 2.916183, "All Frontier Nodes": 2.916183, "Lookahead": 9 }