{ "K 1": 2.593694, "K 3": 2.593694, "K 5": 2.593694, "K 7": 2.593694, "All Frontier Nodes": 2.593694, "Lookahead": 9 }