{ "K-Best 1 Pemberton Belief": 2.822044, "K-Best 3 Pemberton Belief": 2.822044, "K-Best 5 Pemberton Belief": 2.822044, "K-Best 7 Pemberton Belief": 2.822044, "Cserna Pemberton Belief": 2.822044, "K-Best 1": 2.822044, "K-Best 3": 2.822044, "K-Best 5": 2.822044, "K-Best 7": 2.822044, "Cserna": 2.822044, "Bellman": 2.822044, "Minimin": 2.822044, "Nancy": 2.822044, "Lookahead": 9 }