{ "K-Best 1 Pemberton Belief": 2.725772, "K-Best 3 Pemberton Belief": 2.725772, "K-Best 5 Pemberton Belief": 2.725772, "K-Best 7 Pemberton Belief": 2.725772, "Cserna Pemberton Belief": 2.725772, "K-Best 1": 2.725772, "K-Best 3": 2.725772, "K-Best 5": 2.725772, "K-Best 7": 2.725772, "Cserna": 2.725772, "Bellman": 2.725772, "Minimin": 2.725772, "Nancy": 2.725772, "Lookahead": 9 }