{ "K 1": 2.054082, "K 10": 2.054082, "K 100": 2.054082, "K 1000": 2.054082, "All Frontier Nodes": 2.054082, "Lookahead": 9 }