{ "K 1": 1.675501, "K 3": 1.675501, "K 5": 1.675501, "K 7": 1.675501, "All Frontier Nodes": 1.675501, "Lookahead": 9 }