{ "K 1": 2.214198, "K 10": 2.214198, "K 100": 2.214198, "K 1000": 2.214198, "All Frontier Nodes": 2.214198, "Lookahead": 9 }