{ "K 1": 3.232604, "K 3": 3.232604, "K 5": 3.232604, "K 7": 3.232604, "All Frontier Nodes": 3.232604, "Lookahead": 9 }