{ "K-Best 1 Pemberton Belief": 2.434852, "K-Best 3 Pemberton Belief": 2.434852, "K-Best 5 Pemberton Belief": 2.434852, "K-Best 7 Pemberton Belief": 2.434852, "Cserna Pemberton Belief": 2.434852, "K-Best 1": 2.434852, "K-Best 3": 2.434852, "K-Best 5": 2.434852, "K-Best 7": 2.434852, "Cserna": 2.434852, "Bellman": 2.434852, "Minimin": 2.434852, "Nancy": 2.434852, "Lookahead": 9 }