{ "K-Best 1 Pemberton Belief": 1.131293, "K-Best 3 Pemberton Belief": 1.131293, "K-Best 5 Pemberton Belief": 1.131293, "K-Best 7 Pemberton Belief": 1.131293, "Cserna Pemberton Belief": 1.131293, "K-Best 1": 1.131293, "K-Best 3": 1.131293, "K-Best 5": 1.131293, "K-Best 7": 1.131293, "Cserna": 1.131293, "Bellman": 1.131293, "Minimin": 1.131293, "Nancy": 1.131293, "Lookahead": 9 }