{ "K 1": 3.154346, "K 3": 3.154346, "K 5": 3.154346, "K 7": 3.154346, "All Frontier Nodes": 3.154346, "Lookahead": 9 }