{ "K 1": 2.898931, "K 10": 2.898931, "K 100": 2.898931, "K 1000": 2.898931, "All Frontier Nodes": 2.898931, "Lookahead": 9 }