{ "K 1": 2.248654, "K 3": 2.248654, "K 5": 2.248654, "K 7": 2.248654, "All Frontier Nodes": 2.248654, "Lookahead": 9 }