{ "K 1": 2.696962, "K 3": 2.696962, "K 5": 2.696962, "K 7": 2.696962, "All Frontier Nodes": 2.696962, "Lookahead": 9 }