{ "K 1": 2.896936, "K 3": 2.896936, "K 5": 2.896936, "K 7": 2.896936, "All Frontier Nodes": 2.896936, "Lookahead": 9 }