{ "K 1": 1.979983, "K 3": 1.979983, "K 5": 1.979983, "K 7": 1.979983, "All Frontier Nodes": 1.979983, "Lookahead": 9 }