{ "K 1": 1.786381, "K 3": 1.786381, "K 5": 1.786381, "K 7": 1.786381, "All Frontier Nodes": 1.786381, "Lookahead": 9 }