{ "K-Best 1 Pemberton Belief": 2.088045, "K-Best 3 Pemberton Belief": 2.088045, "K-Best 5 Pemberton Belief": 2.088045, "K-Best 7 Pemberton Belief": 2.088045, "Cserna Pemberton Belief": 2.088045, "K-Best 1": 2.088045, "K-Best 3": 2.088045, "K-Best 5": 2.088045, "K-Best 7": 2.088045, "Cserna": 2.088045, "Bellman": 2.088045, "Minimin": 2.088045, "Nancy": 2.088045, "Lookahead": 9 }