{ "K 1": 3.318219, "K 3": 3.318219, "K 5": 3.318219, "K 7": 3.318219, "All Frontier Nodes": 3.318219, "Lookahead": 9 }