{ "K 1": 2.350931, "K 3": 2.350931, "K 5": 2.350931, "K 7": 2.350931, "All Frontier Nodes": 2.350931, "Lookahead": 9 }