{ "K 1": 2.409512, "K 10": 2.409512, "K 100": 2.409512, "K 1000": 2.409512, "All Frontier Nodes": 2.409512, "Lookahead": 9 }