{ "K 1": 2.917297, "K 3": 2.917297, "K 5": 2.917297, "K 7": 2.917297, "All Frontier Nodes": 2.917297, "Lookahead": 9 }