{ "K 1": 2.777229, "K 3": 3.028088, "K 5": 3.028088, "K 7": 3.028088, "All Frontier Nodes": 3.028088, "Lookahead": 9 }