{ "K 1": 2.657859, "K 3": 2.657859, "K 5": 2.657859, "K 7": 2.657859, "All Frontier Nodes": 2.657859, "Lookahead": 9 }