{ "K 1": 2.697001, "K 3": 2.697001, "K 5": 2.697001, "K 7": 2.697001, "All Frontier Nodes": 2.697001, "Lookahead": 9 }