{ "K 1": 2.461808, "K 10": 2.461808, "K 100": 2.461808, "K 1000": 2.461808, "All Frontier Nodes": 2.461808, "Lookahead": 9 }