{ "K 1": 3.365051, "K 3": 3.365051, "K 5": 3.365051, "K 7": 3.365051, "All Frontier Nodes": 3.365051, "Lookahead": 9 }