{ "K-Best 1 Pemberton Belief": 1.584012, "K-Best 3 Pemberton Belief": 1.692566, "K-Best 5 Pemberton Belief": 1.692566, "K-Best 7 Pemberton Belief": 1.692566, "Cserna Pemberton Belief": 1.692566, "K-Best 1": 1.584012, "K-Best 3": 1.692566, "K-Best 5": 1.692566, "K-Best 7": 1.692566, "Cserna": 1.692566, "Bellman": 1.584012, "Minimin": 1.584012, "Nancy": 1.584012, "Lookahead": 9 }