{ "K 1": 2.937497, "K 3": 2.937497, "K 5": 2.937497, "K 7": 2.937497, "All Frontier Nodes": 2.937497, "Lookahead": 9 }