{ "K 1": 2.698380, "K 10": 2.698380, "K 100": 2.698380, "K 1000": 2.698380, "All Frontier Nodes": 2.698380, "Lookahead": 9 }