{ "K 1": 2.255655, "K 10": 2.255655, "K 100": 2.255655, "K 1000": 2.255655, "All Frontier Nodes": 2.255655, "Lookahead": 9 }