{ "K 1": 2.264971, "K 10": 2.264971, "K 100": 2.264971, "K 1000": 2.264971, "All Frontier Nodes": 2.264971, "Lookahead": 9 }