{ "K 1": 3.384862, "K 10": 3.384862, "K 100": 3.384862, "K 1000": 3.384862, "All Frontier Nodes": 3.384862, "Lookahead": 9 }