{ "K 1": 2.385746, "K 10": 2.385746, "K 100": 2.385746, "K 1000": 2.385746, "All Frontier Nodes": 2.385746, "Lookahead": 9 }