{ "K 1": 2.756206, "K 3": 2.756206, "K 5": 2.756206, "K 7": 2.756206, "All Frontier Nodes": 2.756206, "Lookahead": 9 }