{ "K 1": 3.043044, "K 3": 3.043044, "K 5": 3.043044, "K 7": 3.043044, "All Frontier Nodes": 3.043044, "Lookahead": 9 }