{ "K 1": 1.966146, "K 3": 1.966146, "K 5": 1.966146, "K 7": 1.966146, "All Frontier Nodes": 1.966146, "Lookahead": 9 }