{ "K 1": 2.486947, "K 3": 2.486947, "K 5": 2.486947, "K 7": 2.486947, "All Frontier Nodes": 2.486947, "Lookahead": 9 }