{ "K 1": 2.213512, "K 3": 2.213512, "K 5": 2.213512, "K 7": 2.213512, "All Frontier Nodes": 2.213512, "Lookahead": 9 }