{ "K 1": 2.601053, "K 10": 2.601053, "K 100": 2.601053, "K 1000": 2.601053, "All Frontier Nodes": 2.601053, "Lookahead": 9 }