{ "K 1": 2.600209, "K 10": 2.600209, "K 100": 2.600209, "K 1000": 2.600209, "All Frontier Nodes": 2.600209, "Lookahead": 9 }