{ "K 1": 3.392926, "K 3": 3.392926, "K 5": 3.392926, "K 7": 3.392926, "All Frontier Nodes": 3.392926, "Lookahead": 9 }