{ "K-Best 1 Pemberton Belief": 2.314939, "K-Best 3 Pemberton Belief": 2.314939, "K-Best 5 Pemberton Belief": 2.314939, "K-Best 7 Pemberton Belief": 2.314939, "Cserna Pemberton Belief": 2.314939, "K-Best 1": 2.314939, "K-Best 3": 2.314939, "K-Best 5": 2.314939, "K-Best 7": 2.314939, "Cserna": 2.314939, "Bellman": 2.314939, "Minimin": 2.314939, "Nancy": 2.314939, "Lookahead": 9 }