{ "K 1": 2.431059, "K 3": 2.431059, "K 5": 2.431059, "K 7": 2.431059, "All Frontier Nodes": 2.431059, "Lookahead": 9 }