{ "K 1": 2.893226, "K 3": 2.893226, "K 5": 2.893226, "K 7": 2.893226, "All Frontier Nodes": 2.893226, "Lookahead": 9 }