{ "K 1": 2.269361, "K 3": 2.269361, "K 5": 2.269361, "K 7": 2.269361, "All Frontier Nodes": 2.269361, "Lookahead": 9 }