{ "K 1": 1.884721, "K 10": 1.884721, "K 100": 1.884721, "K 1000": 1.884721, "All Frontier Nodes": 1.884721, "Lookahead": 9 }