{ "K 1": 1.744537, "K 10": 1.744537, "K 100": 1.744537, "K 1000": 1.744537, "All Frontier Nodes": 1.744537, "Lookahead": 9 }