{ "K 1": 2.818510, "K 3": 2.612559, "K 5": 2.612559, "K 7": 2.612559, "All Frontier Nodes": 2.612559, "Lookahead": 9 }