{ "K 1": 2.711111, "K 3": 2.711111, "K 5": 2.711111, "K 7": 2.711111, "All Frontier Nodes": 2.711111, "Lookahead": 9 }