{ "K 1": 3.395382, "K 3": 3.395382, "K 5": 3.395382, "K 7": 3.395382, "All Frontier Nodes": 3.395382, "Lookahead": 9 }