{ "K 1": 2.419268, "K 3": 2.419268, "K 5": 2.419268, "K 7": 2.419268, "All Frontier Nodes": 2.419268, "Lookahead": 9 }