{ "K 1": 2.356207, "K 3": 2.356207, "K 5": 2.356207, "K 7": 2.356207, "All Frontier Nodes": 2.356207, "Lookahead": 9 }