{ "K 1": 1.704335, "K 3": 1.704335, "K 5": 1.704335, "K 7": 1.704335, "All Frontier Nodes": 1.704335, "Lookahead": 9 }