{ "K 1": 1.992730, "K 3": 1.992730, "K 5": 1.992730, "K 7": 1.992730, "All Frontier Nodes": 1.992730, "Lookahead": 9 }