{ "K 1": 2.308792, "K 3": 2.308792, "K 5": 2.308792, "K 7": 2.308792, "All Frontier Nodes": 2.308792, "Lookahead": 9 }