{ "K 1": 2.372356, "K 3": 2.372356, "K 5": 2.372356, "K 7": 2.372356, "All Frontier Nodes": 2.372356, "Lookahead": 9 }