{ "K 1": 3.062190, "K 3": 3.062190, "K 5": 3.062190, "K 7": 3.062190, "All Frontier Nodes": 3.062190, "Lookahead": 9 }