{ "K 1": 2.560619, "K 3": 2.560619, "K 5": 2.560619, "K 7": 2.560619, "All Frontier Nodes": 2.560619, "Lookahead": 9 }