{ "K-Best 1 Pemberton Belief": 1.662479, "K-Best 3 Pemberton Belief": 1.662479, "K-Best 5 Pemberton Belief": 1.662479, "K-Best 7 Pemberton Belief": 1.662479, "Cserna Pemberton Belief": 1.662479, "K-Best 1": 1.662479, "K-Best 3": 1.662479, "K-Best 5": 1.662479, "K-Best 7": 1.662479, "Cserna": 1.662479, "Bellman": 1.662479, "Minimin": 1.662479, "Nancy": 1.662479, "Lookahead": 9 }