{ "K 1": 2.479284, "K 3": 2.479284, "K 5": 2.479284, "K 7": 2.479284, "All Frontier Nodes": 2.479284, "Lookahead": 9 }