{ "K 1": 2.584240, "K 3": 2.647773, "K 5": 2.647773, "K 7": 2.647773, "All Frontier Nodes": 2.647773, "Lookahead": 9 }