{ "K 1": 1.776738, "K 10": 1.776738, "K 100": 1.776738, "K 1000": 1.776738, "All Frontier Nodes": 1.776738, "Lookahead": 9 }