{ "K 1": 2.455182, "K 10": 2.455182, "K 100": 2.455182, "K 1000": 2.455182, "All Frontier Nodes": 2.455182, "Lookahead": 9 }