{ "K 1": 3.146900, "K 10": 3.146900, "K 100": 3.146900, "K 1000": 3.146900, "All Frontier Nodes": 3.146900, "Lookahead": 9 }