{ "K 1": 1.681238, "K 3": 1.681238, "K 5": 1.681238, "K 7": 1.681238, "All Frontier Nodes": 1.681238, "Lookahead": 9 }