{ "K 1": 2.490733, "K 3": 2.490733, "K 5": 2.490733, "K 7": 2.490733, "All Frontier Nodes": 2.490733, "Lookahead": 9 }