{ "K 1": 2.497355, "K 10": 2.497355, "K 100": 2.497355, "K 1000": 2.497355, "All Frontier Nodes": 2.497355, "Lookahead": 9 }