{ "K 1": 3.178786, "K 3": 3.178786, "K 5": 3.178786, "K 7": 3.178786, "All Frontier Nodes": 3.178786, "Lookahead": 9 }