{ "K 1": 2.418309, "K 3": 2.418309, "K 5": 2.418309, "K 7": 2.418309, "All Frontier Nodes": 2.418309, "Lookahead": 9 }