{ "K 1": 2.926114, "K 3": 2.926114, "K 5": 2.926114, "K 7": 2.926114, "All Frontier Nodes": 2.926114, "Lookahead": 9 }