{ "K 1": 2.332482, "K 10": 2.332482, "K 100": 2.332482, "K 1000": 2.332482, "All Frontier Nodes": 2.332482, "Lookahead": 9 }