{ "K 1": 2.364426, "K 3": 2.364426, "K 5": 2.364426, "K 7": 2.364426, "All Frontier Nodes": 2.364426, "Lookahead": 9 }