{ "K 1": 2.315603, "K 3": 2.315603, "K 5": 2.315603, "K 7": 2.315603, "All Frontier Nodes": 2.315603, "Lookahead": 9 }