{ "K 1": 1.547831, "K 3": 1.547831, "K 5": 1.547831, "K 7": 1.547831, "All Frontier Nodes": 1.547831, "Lookahead": 9 }