{ "K 1": 2.555595, "K 3": 2.555595, "K 5": 2.555595, "K 7": 2.555595, "All Frontier Nodes": 2.555595, "Lookahead": 9 }