{ "K 1": 1.763119, "K 3": 1.763119, "K 5": 1.763119, "K 7": 1.763119, "All Frontier Nodes": 1.763119, "Lookahead": 9 }