{ "K 1": 2.054119, "K 3": 2.054119, "K 5": 2.054119, "K 7": 2.054119, "All Frontier Nodes": 2.054119, "Lookahead": 9 }