{ "K 1": 2.145766, "K 3": 2.145766, "K 5": 2.145766, "K 7": 2.145766, "All Frontier Nodes": 2.145766, "Lookahead": 9 }