{ "K-Best 1 Pemberton Belief": 2.513496, "K-Best 3 Pemberton Belief": 2.513496, "K-Best 5 Pemberton Belief": 2.513496, "K-Best 7 Pemberton Belief": 2.513496, "Cserna Pemberton Belief": 2.513496, "K-Best 1": 2.513496, "K-Best 3": 2.513496, "K-Best 5": 2.513496, "K-Best 7": 2.513496, "Cserna": 2.513496, "Bellman": 2.513496, "Minimin": 2.513496, "Nancy": 2.513496, "Lookahead": 9 }