{ "K 1": 2.372190, "K 3": 2.372190, "K 5": 2.372190, "K 7": 2.372190, "All Frontier Nodes": 2.372190, "Lookahead": 9 }