{ "K 1": 2.490278, "K 10": 2.490278, "K 100": 2.490278, "K 1000": 2.490278, "All Frontier Nodes": 2.490278, "Lookahead": 9 }