{ "K 1": 2.505635, "K 3": 2.505635, "K 5": 2.505635, "K 7": 2.505635, "All Frontier Nodes": 2.505635, "Lookahead": 9 }