{ "K 1": 3.311897, "K 3": 3.311897, "K 5": 3.311897, "K 7": 3.311897, "All Frontier Nodes": 3.311897, "Lookahead": 9 }