{ "K 1": 2.220193, "K 3": 2.220193, "K 5": 2.220193, "K 7": 2.220193, "All Frontier Nodes": 2.220193, "Lookahead": 9 }