{ "K 1": 3.158100, "K 3": 3.158100, "K 5": 3.158100, "K 7": 3.158100, "All Frontier Nodes": 3.158100, "Lookahead": 9 }