{ "K 1": 2.554419, "K 3": 2.554419, "K 5": 2.554419, "K 7": 2.554419, "All Frontier Nodes": 2.554419, "Lookahead": 9 }