{ "K 1": 2.632866, "K 10": 2.632866, "K 100": 2.632866, "K 1000": 2.632866, "All Frontier Nodes": 2.632866, "Lookahead": 9 }