{ "K 1": 2.574690, "K 10": 2.574690, "K 100": 2.574690, "K 1000": 2.574690, "All Frontier Nodes": 2.574690, "Lookahead": 9 }