{ "K 1": 2.119205, "K 3": 2.119205, "K 5": 2.119205, "K 7": 2.119205, "All Frontier Nodes": 2.119205, "Lookahead": 9 }