{ "K 1": 2.411476, "K 10": 2.411476, "K 100": 2.411476, "K 1000": 2.411476, "All Frontier Nodes": 2.411476, "Lookahead": 9 }