{ "K 1": 2.641697, "K 10": 2.641697, "K 100": 2.641697, "K 1000": 2.641697, "All Frontier Nodes": 2.641697, "Lookahead": 9 }