{ "K 1": 2.730983, "K 3": 2.730983, "K 5": 2.730983, "K 7": 2.730983, "All Frontier Nodes": 2.730983, "Lookahead": 9 }