{ "K 1": 2.634496, "K 3": 2.634496, "K 5": 2.634496, "K 7": 2.634496, "All Frontier Nodes": 2.634496, "Lookahead": 9 }