{ "K 1": 1.816852, "K 3": 1.816852, "K 5": 1.816852, "K 7": 1.816852, "All Frontier Nodes": 1.816852, "Lookahead": 9 }