{ "K 1": 1.883282, "K 3": 1.883282, "K 5": 1.883282, "K 7": 1.883282, "All Frontier Nodes": 1.883282, "Lookahead": 9 }