{ "K 1": 2.509323, "K 3": 2.509323, "K 5": 2.509323, "K 7": 2.509323, "All Frontier Nodes": 2.509323, "Lookahead": 9 }