{ "K 1": 2.352395, "K 10": 2.352395, "K 100": 2.352395, "K 1000": 2.352395, "All Frontier Nodes": 2.352395, "Lookahead": 9 }