{ "K 1": 2.410161, "K 10": 2.410161, "K 100": 2.410161, "K 1000": 2.410161, "All Frontier Nodes": 2.410161, "Lookahead": 9 }