{ "K 1": 2.430362, "K 3": 2.430362, "K 5": 2.430362, "K 7": 2.430362, "All Frontier Nodes": 2.430362, "Lookahead": 9 }