{ "K 1": 2.273263, "K 10": 2.273263, "K 100": 2.273263, "K 1000": 2.273263, "All Frontier Nodes": 2.273263, "Lookahead": 9 }