{ "K 1": 1.835961, "K 3": 1.835961, "K 5": 1.835961, "K 7": 1.835961, "All Frontier Nodes": 1.835961, "Lookahead": 9 }