{ "K 1": 2.403687, "K 3": 2.403687, "K 5": 2.403687, "K 7": 2.403687, "All Frontier Nodes": 2.403687, "Lookahead": 9 }