{ "K 1": 2.534736, "K 10": 2.534736, "K 100": 2.534736, "K 1000": 2.534736, "All Frontier Nodes": 2.534736, "Lookahead": 9 }