{ "Minimin": 338.000000, "Bellman": 260.000000, "Nancy": 254.000000, "Cserna": 260.000000, "Cserna Pemberton Belief": -1.000000, "K-Best 3": 222.000000, "K-Best 10": 150.000000, "K-Best 30": 178.000000, "Lookahead": 100 }