{ "Minimin": 197.000000, "Bellman": 53.000000, "Nancy": 55.000000, "Cserna": 109.000000, "Cserna Pemberton Belief": -1.000000, "K-Best 3": 83.000000, "K-Best 10": 91.000000, "K-Best 30": 241.000000, "Lookahead": 1000 }