{ "Minimin": 238.000000, "Bellman": 394.000000, "Nancy": 288.000000, "Cserna": 144.000000, "Cserna Pemberton Belief": -1.000000, "K-Best 3": 172.000000, "K-Best 10": 160.000000, "K-Best 30": 476.000000, "K-Best 3 Pemberton Belief": -1.000000, "K-Best 10 Pemberton Belief": -1.000000, "K-Best 30 Pemberton Belief": -1.000000, "Lookahead": 100 }