{ "Minimin": 611.000000, "Bellman": 377.000000, "Nancy": 399.000000, "Cserna": 505.000000, "Cserna Pemberton Belief": -1.000000, "K-Best 3": 301.000000, "K-Best 10": 697.000000, "K-Best 30": 505.000000, "K-Best 3 Pemberton Belief": -1.000000, "K-Best 10 Pemberton Belief": -1.000000, "K-Best 30 Pemberton Belief": -1.000000, "Lookahead": 10 }