{ "Minimin": 244.000000, "Bellman": 316.000000, "Nancy": 666.000000, "Cserna": 554.000000, "Cserna Pemberton Belief": -1.000000, "K-Best 3": 656.000000, "K-Best 10": 554.000000, "K-Best 30": 554.000000, "Lookahead": 10 }