{ "Minimin": 98.000000, "Bellman": 68.000000, "Nancy": 156.000000, "Cserna": 230.000000, "Cserna Pemberton Belief": -1.000000, "K-Best 3": 60.000000, "K-Best 10": 132.000000, "K-Best 30": 234.000000, "Lookahead": 1000 }