{ "Minimin": 1211.000000, "Bellman": 489.000000, "Nancy": 461.000000, "Cserna": 681.000000, "Cserna Pemberton Belief": -1.000000, "K-Best 3": 1041.000000, "K-Best 10": 261.000000, "K-Best 30": 261.000000, "Lookahead": 10 }