{ "Minimin": 220.000000, "Bellman": 194.000000, "Nancy": 228.000000, "Cserna": 210.000000, "Cserna Pemberton Belief": -1.000000, "K-Best 3": 302.000000, "K-Best 10": 286.000000, "K-Best 30": 716.000000, "Lookahead": 100 }