{ "Minimin": 88.000000, "Bellman": 78.000000, "Nancy": 66.000000, "Cserna": 170.000000, "Cserna Pemberton Belief": -1.000000, "K-Best 3": 230.000000, "K-Best 10": 134.000000, "K-Best 30": 322.000000, "Lookahead": 1000 }