{ "Minimin": 510.000000, "Bellman": 292.000000, "Nancy": 384.000000, "Cserna": 292.000000, "Cserna Pemberton Belief": -1.000000, "K-Best 3": 106.000000, "K-Best 10": 928.000000, "K-Best 30": 420.000000, "Lookahead": 100 }