{ "Minimin": 59.000000, "Bellman": 59.000000, "Nancy": 57.000000, "Cserna": 191.000000, "Cserna Pemberton Belief": -1.000000, "K-Best 3": 65.000000, "K-Best 10": 65.000000, "K-Best 30": 319.000000, "Lookahead": 1000 }