{ "Minimin": 602.000000, "Bellman": 244.000000, "Nancy": 394.000000, "Cserna": 482.000000, "Cserna Pemberton Belief": -1.000000, "K-Best 3": 500.000000, "K-Best 10": 482.000000, "K-Best 30": 414.000000, "Lookahead": 10 }