{ "Minimin": 84.000000, "Bellman": 100.000000, "Nancy": 96.000000, "Cserna": 290.000000, "Cserna Pemberton Belief": -1.000000, "K-Best 3": 220.000000, "K-Best 10": 248.000000, "K-Best 30": 118.000000, "Lookahead": 100 }