{ "BFS": 589.000000, "A*": 531.000000, "F-Hat": 295.000000, "Risk": 199.000000, "Confidence": 143.000000, "LSS-LRTA*": 243.000000, "Lookahead": 100 }