{ "BFS": 259.000000, "A*": 89.000000, "F-Hat": 135.000000, "Risk": 89.000000, "Confidence": 197.000000, "LSS-LRTA*": 83.000000, "Lookahead": 1000 }