{ "BFS": 154.000000, "A*": 106.000000, "F-Hat": 78.000000, "Risk": 80.000000, "Lookahead": 1000 }