{ "BFS": 304.000000, "A*": 566.000000, "F-Hat": 850.000000, "Risk": 566.000000, "Confidence": 248.000000, "LSS-LRTA*": 528.000000, "Lookahead": 10 }