{ "BFS": 146.000000, "A*": 170.000000, "F-Hat": 218.000000, "Risk": 218.000000, "Confidence": 952.000000, "LSS-LRTA*": 134.000000, "Lookahead": 100 }