{ "BFS": 210.000000, "A*": 558.000000, "F-Hat": 216.000000, "Risk": 188.000000, "Confidence": 488.000000, "LSS-LRTA*": 208.000000, "Lookahead": 100 }