{ "BFS": 378.000000, "A*": 110.000000, "F-Hat": 208.000000, "Risk": 82.000000, "Confidence": 334.000000, "LSS-LRTA*": 140.000000, "Lookahead": 1000 }