{ "BFS": 117.000000, "A*": 85.000000, "F-Hat": 363.000000, "Risk": 107.000000, "LSS-LRTA*": 119.000000, "Lookahead": 1000 }