{ "BFS": 157.000000, "A*": 107.000000, "F-Hat": 137.000000, "Risk": 105.000000, "Lookahead": 1000 }