{ "BFS": 293.000000, "A*": 115.000000, "F-Hat": 79.000000, "Risk": 73.000000, "Confidence": 257.000000, "LSS-LRTA*": 167.000000, "Lookahead": 1000 }