{ "BFS": 111.000000, "A*": 73.000000, "F-Hat": 89.000000, "Risk": 105.000000, "Lookahead": 1000 }