{ "BFS": 302.000000, "A*": 108.000000, "F-Hat": 140.000000, "Risk": 162.000000, "Confidence": 616.000000, "LSS-LRTA*": 244.000000, "Lookahead": 100 }