{ "BFS": 383.000000, "A*": 227.000000, "F-Hat": 431.000000, "Risk": 331.000000, "Lookahead": 10 }