{ "BFS": 480.000000, "A*": 112.000000, "F-Hat": 206.000000, "Risk": 124.000000, "Lookahead": 100 }