{ "BFS": 693.000000, "A*": 299.000000, "F-Hat": 253.000000, "Risk": 515.000000, "LSS-LRTA*": 105.000000, "Lookahead": 10 }