{ "BFS": 116.000000, "A*": 128.000000, "F-Hat": 114.000000, "Risk": 126.000000, "Lookahead": 1000 }