{ "BFS": 88.000000, "A*": 96.000000, "F-Hat": 100.000000, "Risk": 114.000000, "Confidence": -1.000000, "LSS-LRTA*": 94.000000, "Lookahead": 1000 }