{ "BFS": 107.000000, "A*": 83.000000, "F-Hat": 85.000000, "Risk": 93.000000, "Lookahead": 1000 }