{ "BFS": 208.000000, "A*": 82.000000, "F-Hat": 104.000000, "Risk": 60.000000, "Lookahead": 1000 }