{ "BFS": 348.000000, "A*": 124.000000, "F-Hat": 106.000000, "Risk": 132.000000, "Confidence": -1.000000, "LSS-LRTA*": 166.000000, "Lookahead": 100 }