{ "BFS": 125.000000, "A*": 175.000000, "F-Hat": 67.000000, "Risk": 297.000000, "Confidence": 171.000000, "LSS-LRTA*": 109.000000, "Lookahead": 100 }