{ "BFS": 155.000000, "A*": 169.000000, "F-Hat": 187.000000, "Risk": 165.000000, "LSS-LRTA*": 115.000000, "Lookahead": 100 }