{ "BFS": 734.000000, "A*": 88.000000, "F-Hat": 204.000000, "Risk": 102.000000, "Lookahead": 100 }