{ "BFS": 791.000000, "A*": 185.000000, "F-Hat": 759.000000, "Risk": 201.000000, "Lookahead": 10 }