{ "BFS": 2151.000000, "A*": 795.000000, "F-Hat": 447.000000, "Risk": 393.000000, "Lookahead": 10 }