{ "BFS": 950.000000, "A*": 324.000000, "F-Hat": 994.000000, "Risk": 278.000000, "Confidence": -1.000000, "LSS-LRTA*": 820.000000, "Lookahead": 10 }