{ "BFS": 77.000000, "A*": 95.000000, "F-Hat": 155.000000, "Risk": 83.000000, "Lookahead": 1000 }