{ "BFS": 115.000000, "A*": 91.000000, "F-Hat": 85.000000, "Risk": 69.000000, "Lookahead": 1000 }