{ "BFS": 331.000000, "A*": 109.000000, "F-Hat": 131.000000, "Risk": 103.000000, "Lookahead": 1000 }