{ "BFS": 86.000000, "A*": 162.000000, "F-Hat": 74.000000, "Risk": 64.000000, "Confidence": -1.000000, "LSS-LRTA*": 106.000000, "Lookahead": 1000 }