{ "BFS": 429.000000, "A*": 89.000000, "F-Hat": 247.000000, "Risk": 129.000000, "Confidence": -1.000000, "LSS-LRTA*": 235.000000, "Lookahead": 100 }