{ "BFS": 130.000000, "A*": 72.000000, "F-Hat": 114.000000, "Risk": 86.000000, "Lookahead": 1000 }