{ "BFS": 1278.000000, "A*": 470.000000, "F-Hat": 170.000000, "Risk": 438.000000, "Confidence": -1.000000, "LSS-LRTA*": 236.000000, "Lookahead": 10 }