{ "BFS": 350.000000, "A*": 782.000000, "F-Hat": 574.000000, "Risk": 164.000000, "Lookahead": 10 }