{ "BFS": 229.000000, "A*": 189.000000, "F-Hat": 159.000000, "Risk": 97.000000, "Lookahead": 1000 }