{ "BFS": 625.000000, "A*": 227.000000, "F-Hat": 453.000000, "Risk": 81.000000, "Confidence": -1.000000, "LSS-LRTA*": 391.000000, "Lookahead": 100 }