{ "BFS": 103.000000, "A*": 87.000000, "F-Hat": 93.000000, "Risk": 91.000000, "LSS-LRTA*": 105.000000, "Lookahead": 1000 }