{ "BFS": 449.000000, "A*": 89.000000, "F-Hat": 247.000000, "Risk": 123.000000, "Confidence": 633.000000, "LSS-LRTA*": 235.000000, "Lookahead": 100 }