{ "BFS": 368.000000, "A*": 228.000000, "F-Hat": 148.000000, "Risk": 160.000000, "Confidence": -1.000000, "LSS-LRTA*": 254.000000, "Lookahead": 100 }