{ "BFS": 462.000000, "A*": 92.000000, "F-Hat": 210.000000, "Risk": 140.000000, "LSS-LRTA*": 248.000000, "Lookahead": 100 }