{ "BFS": 778.000000, "A*": 496.000000, "F-Hat": 2134.000000, "Risk": 352.000000, "Lookahead": 10 }