{ "BFS": 197.000000, "A*": 211.000000, "F-Hat": 163.000000, "Risk": 73.000000, "LSS-LRTA*": 101.000000, "Lookahead": 1000 }