{ "BFS": 94.000000, "A*": 356.000000, "F-Hat": 236.000000, "Risk": 162.000000, "Lookahead": 100 }