{ "BFS": 1168.000000, "A*": 130.000000, "F-Hat": 1594.000000, "Risk": 360.000000, "Lookahead": 10 }