{ "BFS": 1025.000000, "A*": 313.000000, "F-Hat": 209.000000, "Risk": 261.000000, "Lookahead": 10 }