{ "BFS": 71.000000, "A*": 77.000000, "F-Hat": 159.000000, "Risk": 87.000000, "LSS-LRTA*": 99.000000, "Lookahead": 1000 }