{ "BFS": 188.000000, "A*": 52.000000, "F-Hat": 134.000000, "Risk": 72.000000, "Confidence": 72.000000, "LSS-LRTA*": 108.000000, "Lookahead": 1000 }