{ "BFS": 350.000000, "A*": 132.000000, "F-Hat": 96.000000, "Risk": 92.000000, "Confidence": 150.000000, "LSS-LRTA*": 68.000000, "Lookahead": 100 }