{ "BFS": 1106.000000, "A*": 1218.000000, "F-Hat": 390.000000, "Risk": 1002.000000, "Confidence": 1282.000000, "LSS-LRTA*": 360.000000, "Lookahead": 10 }