{ "BFS": 223.000000, "A*": 53.000000, "F-Hat": 95.000000, "Risk": 59.000000, "Lookahead": 1000 }