{ "BFS": 255.000000, "A*": 531.000000, "F-Hat": 245.000000, "Risk": 161.000000, "Confidence": 603.000000, "LSS-LRTA*": 243.000000, "Lookahead": 100 }