{ "BFS": 993.000000, "A*": 647.000000, "F-Hat": 103.000000, "Risk": 601.000000, "LSS-LRTA*": 427.000000, "Lookahead": 10 }