{ "BFS": 211.000000, "A*": 103.000000, "F-Hat": 155.000000, "Risk": 99.000000, "Lookahead": 1000 }