{ "BFS": 115.000000, "A*": 85.000000, "F-Hat": 51.000000, "Risk": 43.000000, "Confidence": 103.000000, "LSS-LRTA*": 119.000000, "Lookahead": 1000 }