{ "BFS": 1131.000000, "A*": 575.000000, "F-Hat": 951.000000, "Risk": 491.000000, "Confidence": -1.000000, "LSS-LRTA*": 215.000000, "Lookahead": 10 }