{ "BFS": 300.000000, "A*": 308.000000, "F-Hat": 342.000000, "Risk": 96.000000, "Lookahead": 100 }