{ "BFS": 344.000000, "A*": 342.000000, "F-Hat": 298.000000, "Risk": 132.000000, "LSS-LRTA*": 144.000000, "Lookahead": 100 }