{ "BFS": 1462.000000, "A*": 354.000000, "F-Hat": 1640.000000, "Risk": 282.000000, "Lookahead": 10 }