{ "BFS": 899.000000, "A*": 819.000000, "F-Hat": 875.000000, "Risk": 757.000000, "Confidence": 193.000000, "LSS-LRTA*": 1003.000000, "Lookahead": 10 }