{ "BFS": 164.000000, "A*": 240.000000, "F-Hat": 58.000000, "Risk": 168.000000, "Confidence": 134.000000, "LSS-LRTA*": 164.000000, "Lookahead": 100 }