{ "BFS": 296.000000, "A*": 352.000000, "F-Hat": 256.000000, "Risk": 76.000000, "LSS-LRTA*": 84.000000, "Lookahead": 100 }