{ "BFS": 1493.000000, "A*": 509.000000, "F-Hat": 683.000000, "Risk": 461.000000, "Confidence": 651.000000, "LSS-LRTA*": 211.000000, "Lookahead": 10 }