{ "BFS": 116.000000, "A*": 78.000000, "F-Hat": 94.000000, "Risk": 74.000000, "LSS-LRTA*": 106.000000, "Lookahead": 1000 }