{ "BFS": 129.000000, "A*": 169.000000, "F-Hat": 217.000000, "Risk": 77.000000, "Confidence": 221.000000, "LSS-LRTA*": 53.000000, "Lookahead": 1000 }