{ "BFS": 96.000000, "A*": 78.000000, "F-Hat": 72.000000, "Risk": 76.000000, "Confidence": -1.000000, "LSS-LRTA*": 160.000000, "Lookahead": 1000 }