{ "BFS": 423.000000, "A*": 69.000000, "F-Hat": 71.000000, "Risk": 101.000000, "Confidence": 653.000000, "LSS-LRTA*": 91.000000, "Lookahead": 100 }