{ "BFS": 1025.000000, "A*": 135.000000, "F-Hat": 255.000000, "Risk": 645.000000, "LSS-LRTA*": 327.000000, "Lookahead": 10 }