{ "BFS": 89.000000, "A*": 179.000000, "F-Hat": 79.000000, "Risk": 53.000000, "Lookahead": 1000 }