{ "BFS": 210.000000, "A*": 160.000000, "F-Hat": 204.000000, "Risk": 82.000000, "Confidence": -1.000000, "LSS-LRTA*": 92.000000, "Lookahead": 1000 }