{ "BFS": 310.000000, "A*": 156.000000, "F-Hat": 78.000000, "Risk": 102.000000, "Confidence": 202.000000, "LSS-LRTA*": 98.000000, "Lookahead": 1000 }