{ "BFS": 386.000000, "A*": 986.000000, "F-Hat": 362.000000, "Risk": 452.000000, "Confidence": 484.000000, "LSS-LRTA*": 138.000000, "Lookahead": 10 }