{ "BFS": 188.000000, "A*": 94.000000, "F-Hat": 86.000000, "Risk": 94.000000, "Confidence": 92.000000, "LSS-LRTA*": 90.000000, "Lookahead": 1000 }