{ "BFS": 99.000000, "A*": 127.000000, "F-Hat": 115.000000, "Risk": 119.000000, "Lookahead": 1000 }