{ "BFS": 444.000000, "A*": 202.000000, "F-Hat": 90.000000, "Risk": 104.000000, "Lookahead": 100 }