{ "BFS": 234.000000, "A*": 428.000000, "F-Hat": 118.000000, "Risk": 288.000000, "Lookahead": 100 }