{ "BFS": 116.000000, "A*": 122.000000, "F-Hat": 214.000000, "Risk": 116.000000, "Lookahead": 1000 }