{ "BFS": 258.000000, "A*": 286.000000, "F-Hat": 166.000000, "Risk": 160.000000, "Lookahead": 100 }