{ "BFS": 150.000000, "A*": 156.000000, "F-Hat": 92.000000, "Risk": 82.000000, "LSS-LRTA*": 80.000000, "Lookahead": 1000 }