{ "BFS": 433.000000, "A*": 699.000000, "F-Hat": 355.000000, "Risk": 403.000000, "LSS-LRTA*": 853.000000, "Lookahead": 10 }