{ "BFS": 728.000000, "A*": 350.000000, "F-Hat": 178.000000, "Risk": 394.000000, "Confidence": -1.000000, "LSS-LRTA*": 124.000000, "Lookahead": 100 }