{ "BFS": 696.000000, "A*": 108.000000, "F-Hat": 86.000000, "Risk": 130.000000, "Lookahead": 100 }