{ "BFS": 461.000000, "A*": 93.000000, "F-Hat": 273.000000, "Risk": 67.000000, "LSS-LRTA*": 225.000000, "Lookahead": 1000 }