{ "BFS": 262.000000, "A*": 254.000000, "F-Hat": 190.000000, "Risk": 224.000000, "Confidence": 534.000000, "LSS-LRTA*": 338.000000, "Lookahead": 100 }