{ "BFS": 376.000000, "A*": 614.000000, "F-Hat": 104.000000, "Risk": 702.000000, "Lookahead": 10 }