{ "BFS": 238.000000, "A*": 456.000000, "F-Hat": 78.000000, "Risk": 118.000000, "Lookahead": 100 }