{ "BFS": 722.000000, "A*": 436.000000, "F-Hat": 1188.000000, "Risk": 518.000000, "Confidence": 632.000000, "LSS-LRTA*": 546.000000, "Lookahead": 10 }