{ "BFS": 1578.000000, "A*": 542.000000, "F-Hat": 1382.000000, "Risk": 446.000000, "LSS-LRTA*": 1942.000000, "Lookahead": 3 }