{ "BFS": 757.000000, "A*": 1243.000000, "F-Hat": 1275.000000, "Risk": 4409.000000, "Confidence": 1287.000000, "LSS-LRTA*": 547.000000, "Lookahead": 3 }