{ "BFS": 1180.000000, "A*": 2038.000000, "F-Hat": 602.000000, "Risk": 904.000000, "Confidence": -1.000000, "LSS-LRTA*": 1096.000000, "Lookahead": 3 }