{ "BFS": 719.000000, "A*": 1197.000000, "F-Hat": 1671.000000, "Risk": 1619.000000, "LSS-LRTA*": 2397.000000, "Lookahead": 3 }