{ "BFS": 1290.000000, "A*": 2272.000000, "F-Hat": 1016.000000, "Risk": 2078.000000, "Confidence": 3628.000000, "LSS-LRTA*": 1518.000000, "Lookahead": 3 }