{ "BFS": 924.000000, "A*": 660.000000, "F-Hat": 856.000000, "Risk": 1532.000000, "LSS-LRTA*": 3512.000000, "Lookahead": 3 }