{ "BFS": 1999.000000, "A*": 1915.000000, "F-Hat": 407.000000, "Risk": 4353.000000, "Lookahead": 3 }