{ "BFS": 1365.000000, "A*": 819.000000, "F-Hat": 2057.000000, "Risk": 2173.000000, "Confidence": 1589.000000, "LSS-LRTA*": 217.000000, "Lookahead": 3 }