{ "BFS": 2089.000000, "A*": 671.000000, "F-Hat": 1381.000000, "Risk": 717.000000, "Confidence": 2473.000000, "LSS-LRTA*": 523.000000, "Lookahead": 3 }