{ "BFS": 1907.000000, "A*": 1649.000000, "F-Hat": 2879.000000, "Risk": 877.000000, "Confidence": 2025.000000, "LSS-LRTA*": 1309.000000, "Lookahead": 3 }