{ "BFS": 3050.000000, "A*": 2318.000000, "F-Hat": 2746.000000, "Risk": 2972.000000, "Lookahead": 3 }