{ "BFS": 786.000000, "A*": 654.000000, "F-Hat": 3298.000000, "Risk": 2416.000000, "Confidence": -1.000000, "LSS-LRTA*": 512.000000, "Lookahead": 3 }