{ "BFS": 435.000000, "A*": 753.000000, "F-Hat": 273.000000, "Risk": 1769.000000, "LSS-LRTA*": 1347.000000, "Lookahead": 3 }