{ "BFS": 1082.000000, "A*": 542.000000, "F-Hat": 762.000000, "Risk": 1238.000000, "Confidence": 750.000000, "LSS-LRTA*": 1942.000000, "Lookahead": 3 }