{ "BFS": 1114.000000, "A*": 320.000000, "F-Hat": 2712.000000, "Risk": 7924.000000, "Lookahead": 3 }