{ "BFS": 4204.000000, "A*": 282.000000, "F-Hat": 1012.000000, "Risk": 612.000000, "LSS-LRTA*": 498.000000, "Lookahead": 3 }