{ "BFS": 1253.000000, "A*": 2569.000000, "F-Hat": 2021.000000, "Risk": 809.000000, "LSS-LRTA*": 1063.000000, "Lookahead": 3 }