{ "BFS": 558.000000, "A*": 728.000000, "F-Hat": 2608.000000, "Risk": 1952.000000, "LSS-LRTA*": 1172.000000, "Lookahead": 3 }