{ "BFS": 3229.000000, "A*": 449.000000, "F-Hat": 2257.000000, "Risk": 931.000000, "Confidence": -1.000000, "LSS-LRTA*": 1709.000000, "Lookahead": 3 }