{ "BFS": 437.000000, "A*": 2569.000000, "F-Hat": 2021.000000, "Risk": 867.000000, "Confidence": 1381.000000, "LSS-LRTA*": 1063.000000, "Lookahead": 3 }