{ "BFS": 2272.000000, "A*": 1056.000000, "F-Hat": 398.000000, "Risk": 4764.000000, "Confidence": 2132.000000, "LSS-LRTA*": 1658.000000, "Lookahead": 3 }