{ "BFS": 763.000000, "A*": 1079.000000, "F-Hat": 1907.000000, "Risk": 1655.000000, "Lookahead": 3 }