{ "BFS": 535.000000, "A*": 149.000000, "F-Hat": 217.000000, "Risk": 331.000000, "Confidence": 199.000000, "LSS-LRTA*": 209.000000, "Lookahead": 30 }