{ "BFS": 159.000000, "A*": 185.000000, "F-Hat": 139.000000, "Risk": 105.000000, "Confidence": -1.000000, "LSS-LRTA*": 161.000000, "Lookahead": 300 }