{ "BFS": 974.000000, "A*": 254.000000, "F-Hat": 164.000000, "Risk": 178.000000, "Confidence": 188.000000, "LSS-LRTA*": 74.000000, "Lookahead": 30 }