{ "BFS": 123.000000, "A*": 85.000000, "F-Hat": 135.000000, "Risk": 145.000000, "Confidence": 441.000000, "LSS-LRTA*": 219.000000, "Lookahead": 300 }