{ "BFS": 143.000000, "A*": 97.000000, "F-Hat": 59.000000, "Risk": 53.000000, "Confidence": 73.000000, "LSS-LRTA*": 187.000000, "Lookahead": 300 }