{ "BFS": 1551.000000, "A*": 323.000000, "F-Hat": 123.000000, "Risk": 185.000000, "Confidence": 107.000000, "LSS-LRTA*": 179.000000, "Lookahead": 30 }