{ "BFS": 87.000000, "A*": 181.000000, "F-Hat": 171.000000, "Risk": 83.000000, "LSS-LRTA*": 155.000000, "Lookahead": 300 }