{ "BFS": 488.000000, "A*": 156.000000, "F-Hat": 130.000000, "Risk": 304.000000, "Lookahead": 30 }