{ "BFS": 678.000000, "A*": 822.000000, "F-Hat": 148.000000, "Risk": 776.000000, "Confidence": 814.000000, "LSS-LRTA*": 334.000000, "Lookahead": 30 }