{ "BFS": 353.000000, "A*": 127.000000, "F-Hat": 71.000000, "Risk": 89.000000, "Confidence": -1.000000, "LSS-LRTA*": 115.000000, "Lookahead": 300 }