{ "BFS": 225.000000, "A*": 81.000000, "F-Hat": 99.000000, "Risk": 49.000000, "Confidence": -1.000000, "LSS-LRTA*": 253.000000, "Lookahead": 300 }