{ "BFS": 427.000000, "A*": 323.000000, "F-Hat": 123.000000, "Risk": 77.000000, "Lookahead": 30 }