{ "BFS": 155.000000, "A*": 155.000000, "F-Hat": 225.000000, "Risk": 71.000000, "Confidence": 277.000000, "LSS-LRTA*": 123.000000, "Lookahead": 300 }