{ "BFS": 333.000000, "A*": 115.000000, "F-Hat": 331.000000, "Risk": 279.000000, "Lookahead": 30 }