{ "BFS": 181.000000, "A*": 325.000000, "F-Hat": 137.000000, "Risk": 103.000000, "Confidence": 1337.000000, "LSS-LRTA*": 925.000000, "Lookahead": 30 }