{ "BFS": 212.000000, "A*": 236.000000, "F-Hat": 178.000000, "Risk": 78.000000, "Confidence": -1.000000, "LSS-LRTA*": 200.000000, "Lookahead": 30 }