{ "BFS": 270.000000, "A*": 252.000000, "F-Hat": 382.000000, "Risk": 120.000000, "Confidence": -1.000000, "LSS-LRTA*": 150.000000, "Lookahead": 300 }