{ "BFS": 103.000000, "A*": 179.000000, "F-Hat": 129.000000, "Risk": 293.000000, "Confidence": 191.000000, "LSS-LRTA*": 83.000000, "Lookahead": 300 }