{ "BFS": 108.000000, "A*": 70.000000, "F-Hat": 142.000000, "Risk": 84.000000, "Confidence": 134.000000, "LSS-LRTA*": 326.000000, "Lookahead": 300 }