{ "BFS": 331.000000, "A*": 187.000000, "F-Hat": 73.000000, "Risk": 109.000000, "Lookahead": 300 }