{ "BFS": 1313.000000, "A*": 137.000000, "F-Hat": 219.000000, "Risk": 109.000000, "LSS-LRTA*": 257.000000, "Lookahead": 30 }