{ "BFS": 1258.000000, "A*": 218.000000, "F-Hat": 266.000000, "Risk": 422.000000, "Confidence": -1.000000, "LSS-LRTA*": 376.000000, "Lookahead": 30 }