{ "BFS": 831.000000, "A*": 207.000000, "F-Hat": 283.000000, "Risk": 281.000000, "Confidence": 325.000000, "LSS-LRTA*": 805.000000, "Lookahead": 30 }