{ "BFS": 727.000000, "A*": 345.000000, "F-Hat": 281.000000, "Risk": 431.000000, "LSS-LRTA*": 345.000000, "Lookahead": 30 }