{ "BFS": 432.000000, "A*": 586.000000, "F-Hat": 162.000000, "Risk": 124.000000, "Confidence": 264.000000, "LSS-LRTA*": 358.000000, "Lookahead": 30 }