{ "BFS": 308.000000, "A*": 204.000000, "F-Hat": 204.000000, "Risk": 78.000000, "Confidence": 298.000000, "LSS-LRTA*": 132.000000, "Lookahead": 300 }