{ "BFS": 302.000000, "A*": 300.000000, "F-Hat": 120.000000, "Risk": 110.000000, "Lookahead": 300 }