{ "BFS": 134.000000, "A*": 288.000000, "F-Hat": 224.000000, "Risk": 140.000000, "Confidence": 512.000000, "LSS-LRTA*": 100.000000, "Lookahead": 300 }