{ "BFS": 1069.000000, "A*": 263.000000, "F-Hat": 581.000000, "Risk": 481.000000, "LSS-LRTA*": 1717.000000, "Lookahead": 30 }