{ "BFS": 310.000000, "A*": 82.000000, "F-Hat": 228.000000, "Risk": 172.000000, "Lookahead": 30 }