{ "BFS": 383.000000, "A*": 263.000000, "F-Hat": 581.000000, "Risk": 233.000000, "Confidence": 883.000000, "LSS-LRTA*": 1717.000000, "Lookahead": 30 }