{ "BFS": 567.000000, "A*": 121.000000, "F-Hat": 387.000000, "Risk": 105.000000, "Confidence": 363.000000, "LSS-LRTA*": 291.000000, "Lookahead": 30 }