{ "BFS": 144.000000, "A*": 188.000000, "F-Hat": 98.000000, "Risk": 72.000000, "Confidence": 162.000000, "LSS-LRTA*": 112.000000, "Lookahead": 300 }