{ "Minimin": 23.747076, "Bellman": 23.747076, "Nancy": 23.747076, "Cserna": 31.867724, "Cserna Pemberton Belief": 23.859370, "K-Best 3": 22.570582, "K-Best 10": 23.497371, "K-Best 30": 23.996711, "Lookahead": 10 }