{ "Minimin": 23.959246, "Bellman": 23.959246, "Nancy": 23.959246, "Cserna": 29.558990, "Cserna Pemberton Belief": 23.074863, "K-Best 3": 23.707658, "K-Best 10": 23.933624, "K-Best 30": 24.616901, "K-Best 3 Pemberton Belief": 23.074863, "K-Best 10 Pemberton Belief": 23.074863, "K-Best 30 Pemberton Belief": 23.074863, "Lookahead": 10 }