{ "Minimin": 23.445036, "Bellman": 23.445036, "Nancy": 23.445036, "Cserna": 31.352058, "Cserna Pemberton Belief": 22.021670, "K-Best 3": 21.955672, "K-Best 10": 23.310606, "K-Best 30": 24.488169, "Lookahead": 10 }