{ "Minimin": 21.539734, "Bellman": 21.539734, "Nancy": 21.539734, "Cserna": 32.330828, "Cserna Pemberton Belief": 22.429891, "K-Best 3": 22.429891, "K-Best 10": 21.903810, "K-Best 30": 24.292775, "Lookahead": 10 }