{ "Minimin": 22.852116, "Bellman": 22.852116, "Nancy": 22.852116, "Cserna": 31.418175, "Cserna Pemberton Belief": 22.220035, "K-Best 3": 22.220035, "K-Best 10": 22.220035, "K-Best 30": 23.350701, "Lookahead": 10 }