{ "Minimin": 22.418578, "Bellman": 22.418578, "Nancy": 22.418578, "Cserna": 31.211482, "Cserna Pemberton Belief": 22.013013, "K-Best 3": 23.186064, "K-Best 10": 22.879900, "K-Best 30": 21.600418, "Lookahead": 10 }