{ "Minimin": 23.744185, "Bellman": 23.744185, "Nancy": 23.744185, "Cserna": 28.281403, "Cserna Pemberton Belief": 23.744185, "K-Best 3": 23.744185, "K-Best 10": 22.120011, "K-Best 30": 21.981359, "Lookahead": 10 }