{ "Minimin": 22.920161, "Bellman": 22.920161, "Nancy": 22.920161, "Cserna": 28.685183, "Cserna Pemberton Belief": 22.115152, "K-Best 3": 23.203624, "K-Best 10": 23.608305, "K-Best 30": 25.398050, "Lookahead": 10 }