{ "Minimin": 21.252672, "Bellman": 21.252672, "Nancy": 21.252672, "Cserna": 28.062970, "Cserna Pemberton Belief": 20.650902, "K-Best 3": 23.236158, "K-Best 10": 20.471619, "K-Best 30": 23.090052, "K-Best 3 Pemberton Belief": 21.645729, "K-Best 10 Pemberton Belief": 20.650902, "K-Best 30 Pemberton Belief": 20.650902, "Lookahead": 10 }