{ "Minimin": 20.982468, "Bellman": 20.982468, "Nancy": 20.982468, "Cserna": 30.048807, "Cserna Pemberton Belief": 20.982468, "K-Best 3": 21.638952, "K-Best 10": 21.713869, "K-Best 30": 23.067299, "K-Best 3 Pemberton Belief": 20.982468, "K-Best 10 Pemberton Belief": 20.982468, "K-Best 30 Pemberton Belief": 20.982468, "Lookahead": 10 }