{ "Minimin": 23.194145, "Bellman": 23.194145, "Nancy": 23.194145, "Cserna": 29.235299, "Cserna Pemberton Belief": 24.049251, "K-Best 3": 24.049251, "K-Best 10": 23.225339, "K-Best 30": 24.027075, "Lookahead": 10 }