{ "Minimin": 21.340364, "Bellman": 21.340364, "Nancy": 21.340364, "Cserna": 30.115775, "Cserna Pemberton Belief": 21.340364, "K-Best 3": 21.340364, "K-Best 10": 20.645236, "K-Best 30": 23.024383, "Lookahead": 10 }