{ "Minimin": 24.177943, "Bellman": 24.177943, "Nancy": 24.177943, "Cserna": 32.859940, "Cserna Pemberton Belief": 24.177943, "K-Best 3": 22.155180, "K-Best 10": 22.172916, "K-Best 30": 22.397141, "Lookahead": 10 }