{ "Minimin": 22.634957, "Bellman": 22.634957, "Nancy": 22.634957, "Cserna": 27.300535, "Cserna Pemberton Belief": 22.634957, "K-Best 3": 23.013193, "K-Best 10": 21.123362, "K-Best 30": 22.777365, "Lookahead": 10 }