{ "Minimin": 21.319384, "Bellman": 21.319384, "Nancy": 21.319384, "Cserna": 30.574347, "Cserna Pemberton Belief": 22.378799, "K-Best 3": 22.241397, "K-Best 10": 20.912916, "K-Best 30": 23.797696, "Lookahead": 10 }