{ "Minimin": 22.864061, "Bellman": 22.864061, "Nancy": 22.864061, "Cserna": 31.546830, "Cserna Pemberton Belief": 22.702920, "K-Best 3": 22.529774, "K-Best 10": 23.144033, "K-Best 30": 23.530648, "Lookahead": 10 }