{ "Minimin": 23.320791, "Bellman": 23.320791, "Nancy": 23.320791, "Cserna": 29.500551, "Cserna Pemberton Belief": 21.879080, "K-Best 3": 21.879080, "K-Best 10": 23.684569, "K-Best 30": 22.750279, "Lookahead": 10 }