{ "Minimin": 23.090113, "Bellman": 23.090113, "Nancy": 23.090113, "Cserna": 32.039251, "Cserna Pemberton Belief": 23.090113, "K-Best 3": 23.834577, "K-Best 10": 23.148444, "K-Best 30": 23.148444, "K-Best 3 Pemberton Belief": 23.834577, "K-Best 10 Pemberton Belief": 23.090113, "K-Best 30 Pemberton Belief": 23.090113, "Lookahead": 10 }