{ "Minimin": 23.157509, "Bellman": 23.157509, "Nancy": 23.157509, "Cserna": 26.588512, "Cserna Pemberton Belief": 21.805995, "K-Best 3": 22.709169, "K-Best 10": 23.933288, "K-Best 30": 22.720989, "K-Best 3 Pemberton Belief": 22.427044, "K-Best 10 Pemberton Belief": 21.805995, "K-Best 30 Pemberton Belief": 21.805995, "Lookahead": 10 }