{ "Minimin": 22.970829, "Bellman": 22.970829, "Nancy": 22.970829, "Cserna": 31.427874, "Cserna Pemberton Belief": 22.533033, "K-Best 3": 22.216335, "K-Best 10": 23.416265, "K-Best 30": 24.931113, "Lookahead": 10 }