{ "Minimin": 23.251026, "Bellman": 23.251026, "Nancy": 23.251026, "Cserna": 32.051466, "Cserna Pemberton Belief": 22.343302, "K-Best 3": 22.343302, "K-Best 10": 22.798833, "K-Best 30": 22.072395, "Lookahead": 10 }