{ "Minimin": 24.152695, "Bellman": 24.152695, "Nancy": 24.152695, "Cserna": 28.720904, "Cserna Pemberton Belief": 22.030101, "K-Best 3": 23.460316, "K-Best 10": 23.342751, "K-Best 30": 21.893234, "K-Best 3 Pemberton Belief": 24.152695, "K-Best 10 Pemberton Belief": 22.030101, "K-Best 30 Pemberton Belief": 22.030101, "Lookahead": 10 }