{ "Minimin": 23.778216, "Bellman": 23.778216, "Nancy": 23.778216, "Cserna": 30.650549, "Cserna Pemberton Belief": 22.106747, "K-Best 3": 22.106747, "K-Best 10": 21.898218, "K-Best 30": 21.898218, "Lookahead": 10 }