{ "Minimin": 23.454241, "Bellman": 23.454241, "Nancy": 23.454241, "Cserna": 31.826528, "Cserna Pemberton Belief": 20.719227, "K-Best 3": 20.719227, "K-Best 10": 22.181682, "K-Best 30": 22.734193, "Lookahead": 10 }