{ "Minimin": 22.090025, "Bellman": 22.090025, "Nancy": 22.090025, "Cserna": 34.633876, "Cserna Pemberton Belief": 22.090025, "K-Best 3": 22.090025, "K-Best 10": 22.076258, "K-Best 30": 21.838142, "K-Best 3 Pemberton Belief": 22.090025, "K-Best 10 Pemberton Belief": 22.090025, "K-Best 30 Pemberton Belief": 22.090025, "Lookahead": 10 }