{ "Minimin": 24.761181, "Bellman": 24.761181, "Nancy": 24.761181, "Cserna": 28.653228, "Cserna Pemberton Belief": 24.254540, "K-Best 3": 23.137303, "K-Best 10": 24.591805, "K-Best 30": 23.959657, "Lookahead": 10 }