{ "Minimin": 22.990553, "Bellman": 22.990553, "Nancy": 22.990553, "Cserna": 28.266658, "Cserna Pemberton Belief": 22.324596, "K-Best 3": 23.490096, "K-Best 10": 22.141628, "K-Best 30": 22.355076, "Lookahead": 10 }