{ "Minimin": 22.928662, "Bellman": 22.928662, "Nancy": 22.928662, "Cserna": 29.830442, "Cserna Pemberton Belief": 22.994295, "K-Best 3": 23.201042, "K-Best 10": 21.944416, "K-Best 30": 22.900098, "Lookahead": 10 }