{ "Minimin": 22.715399, "Bellman": 22.715399, "Nancy": 22.715399, "Cserna": 30.709369, "Cserna Pemberton Belief": 23.966159, "K-Best 3": 24.513665, "K-Best 10": 24.054504, "K-Best 30": 23.557975, "Lookahead": 10 }