{ "Minimin": 21.404746, "Bellman": 21.404746, "Nancy": 21.404746, "Cserna": 30.490428, "Cserna Pemberton Belief": 22.827901, "K-Best 3": 22.827901, "K-Best 10": 22.827901, "K-Best 30": 24.479837, "Lookahead": 10 }