{ "Minimin": 22.006850, "Bellman": 22.006850, "Nancy": 22.006850, "Cserna": 28.250435, "Cserna Pemberton Belief": 22.006850, "K-Best 3": 21.824977, "K-Best 10": 23.475152, "K-Best 30": 22.922353, "Lookahead": 10 }