{ "Minimin": 22.451860, "Bellman": 22.451860, "Nancy": 22.451860, "Cserna": 32.091822, "Cserna Pemberton Belief": 22.451860, "K-Best 3": 22.525021, "K-Best 10": 22.599551, "K-Best 30": 25.051207, "K-Best 3 Pemberton Belief": 22.451860, "K-Best 10 Pemberton Belief": 22.451860, "K-Best 30 Pemberton Belief": 22.451860, "Lookahead": 10 }