{ "Minimin": 20.947520, "Bellman": 20.947520, "Nancy": 20.947520, "Cserna": 30.568351, "Cserna Pemberton Belief": 24.494698, "K-Best 3": 23.398422, "K-Best 10": 24.136749, "K-Best 30": 22.815329, "Lookahead": 10 }