{ "Minimin": 22.127328, "Bellman": 22.127328, "Nancy": 22.127328, "Cserna": 27.246838, "Cserna Pemberton Belief": 21.939773, "K-Best 3": 22.482167, "K-Best 10": 24.060747, "K-Best 30": 22.716969, "Lookahead": 10 }