{ "Minimin": 22.077483, "Bellman": 22.077483, "Nancy": 22.077483, "Cserna": 26.223073, "Cserna Pemberton Belief": 21.525009, "K-Best 3": 21.525009, "K-Best 10": 22.405316, "K-Best 30": 23.030061, "Lookahead": 10 }