{ "Minimin": 24.102521, "Bellman": 24.102521, "Nancy": 24.102521, "Cserna": 31.798968, "Cserna Pemberton Belief": 21.832695, "K-Best 3": 21.832695, "K-Best 10": 21.832695, "K-Best 30": 23.593685, "Lookahead": 10 }