{ "Minimin": 23.355054, "Bellman": 23.355054, "Nancy": 23.355054, "Cserna": 29.565630, "Cserna Pemberton Belief": 24.481676, "K-Best 3": 23.631969, "K-Best 10": 23.787435, "K-Best 30": 23.439486, "Lookahead": 10 }