{ "Minimin": 22.607095, "Bellman": 22.607095, "Nancy": 22.607095, "Cserna": 25.914828, "Cserna Pemberton Belief": 22.667665, "K-Best 3": 21.704291, "K-Best 10": 22.459471, "K-Best 30": 22.541815, "Lookahead": 10 }