{ "Minimin": 23.360209, "Bellman": 23.360209, "Nancy": 23.360209, "Cserna": 28.091829, "Cserna Pemberton Belief": 22.466324, "K-Best 3": 22.466324, "K-Best 10": 24.226298, "K-Best 30": 22.564434, "Lookahead": 10 }