{ "Minimin": 22.375898, "Bellman": 22.375898, "Nancy": 22.375898, "Cserna": 34.125900, "Cserna Pemberton Belief": 21.740544, "K-Best 3": 22.099047, "K-Best 10": 24.045405, "K-Best 30": 23.474910, "Lookahead": 10 }