{ "Minimin": 24.266193, "Bellman": 24.266193, "Nancy": 24.266193, "Cserna": 30.568919, "Cserna Pemberton Belief": 23.263265, "K-Best 3": 21.728509, "K-Best 10": 21.728509, "K-Best 30": 22.130137, "Lookahead": 10 }