{ "Minimin": 23.065765, "Bellman": 23.065765, "Nancy": 23.065765, "Cserna": 32.207004, "Cserna Pemberton Belief": 23.504850, "K-Best 3": 22.668214, "K-Best 10": 23.237524, "K-Best 30": 22.253823, "Lookahead": 10 }