{ "Minimin": 22.356980, "Bellman": 22.356980, "Nancy": 22.356980, "Cserna": 27.099043, "Cserna Pemberton Belief": 22.127792, "K-Best 3": 23.665381, "K-Best 10": 23.771943, "K-Best 30": 23.475946, "Lookahead": 10 }