{ "Minimin": 20.247989, "Bellman": 20.247989, "Nancy": 20.247989, "Cserna": 27.613433, "Cserna Pemberton Belief": 20.240064, "K-Best 3": 22.182293, "K-Best 10": 22.182293, "K-Best 30": 23.828013, "Lookahead": 10 }