{ "Minimin": 21.149772, "Bellman": 21.149772, "Nancy": 21.149772, "Cserna": 28.110140, "Cserna Pemberton Belief": 21.600129, "K-Best 3": 23.130441, "K-Best 10": 22.314811, "K-Best 30": 23.507069, "Lookahead": 10 }