{ "Minimin": 23.304792, "Bellman": 23.304792, "Nancy": 23.304792, "Cserna": 29.271069, "Cserna Pemberton Belief": 21.801980, "K-Best 3": 23.113314, "K-Best 10": 23.805771, "K-Best 30": 24.312259, "Lookahead": 10 }