{ "Minimin": 20.743366, "Bellman": 20.743366, "Nancy": 20.743366, "Cserna": 27.725404, "Cserna Pemberton Belief": 20.743366, "K-Best 3": 21.737381, "K-Best 10": 22.147989, "K-Best 30": 22.605479, "Lookahead": 10 }