{ "Minimin": 22.410950, "Bellman": 22.410950, "Nancy": 22.410950, "Cserna": 33.102002, "Cserna Pemberton Belief": 22.410950, "K-Best 3": 21.922955, "K-Best 10": 21.652277, "K-Best 30": 24.388838, "Lookahead": 10 }