{ "Minimin": 23.030587, "Bellman": 23.030587, "Nancy": 23.030587, "Cserna": 29.427353, "Cserna Pemberton Belief": 24.264340, "K-Best 3": 23.312264, "K-Best 10": 23.714692, "K-Best 30": 25.382535, "Lookahead": 10 }