{ "Minimin": 21.607402, "Bellman": 21.607402, "Nancy": 21.607402, "Cserna": 30.694968, "Cserna Pemberton Belief": 21.290630, "K-Best 3": 21.290630, "K-Best 10": 21.290630, "K-Best 30": 23.776587, "Lookahead": 10 }