{ "Minimin": 22.013005, "Bellman": 22.013005, "Nancy": 22.013005, "Cserna": 32.173223, "Cserna Pemberton Belief": 21.711268, "K-Best 3": 22.040718, "K-Best 10": 22.424802, "K-Best 30": 21.957200, "Lookahead": 10 }