{ "Minimin": 22.605912, "Bellman": 22.605912, "Nancy": 22.605912, "Cserna": 31.994894, "Cserna Pemberton Belief": 22.605912, "K-Best 3": 21.724024, "K-Best 10": 21.397529, "K-Best 30": 21.164336, "K-Best 3 Pemberton Belief": 22.605912, "K-Best 10 Pemberton Belief": 22.605912, "K-Best 30 Pemberton Belief": 22.605912, "Lookahead": 10 }