{ "Minimin": 23.686247, "Bellman": 23.686247, "Nancy": 23.686247, "Cserna": 30.823148, "Cserna Pemberton Belief": 23.686247, "K-Best 3": 24.223749, "K-Best 10": 23.878240, "K-Best 30": 21.368308, "Lookahead": 10 }