{ "Minimin": 22.845238, "Bellman": 22.845238, "Nancy": 22.845238, "Cserna": 31.196935, "Cserna Pemberton Belief": 21.961926, "K-Best 3": 22.150062, "K-Best 10": 23.995098, "K-Best 30": 24.023359, "K-Best 3 Pemberton Belief": 21.961926, "K-Best 10 Pemberton Belief": 21.961926, "K-Best 30 Pemberton Belief": 21.961926, "Lookahead": 10 }