{ "Minimin": 22.062005, "Bellman": 22.062005, "Nancy": 22.062005, "Cserna": 27.662536, "Cserna Pemberton Belief": 22.062005, "K-Best 3": 22.000149, "K-Best 10": 22.000149, "K-Best 30": 22.065561, "Lookahead": 10 }