{ "Minimin": 22.486424, "Bellman": 22.486424, "Nancy": 22.486424, "Cserna": 30.106086, "Cserna Pemberton Belief": 22.821428, "K-Best 3": 22.956065, "K-Best 10": 22.955081, "K-Best 30": 23.251621, "K-Best 3 Pemberton Belief": 22.486424, "K-Best 10 Pemberton Belief": 22.821428, "K-Best 30 Pemberton Belief": 22.821428, "Lookahead": 10 }