{ "Minimin": 22.869378, "Bellman": 22.869378, "Nancy": 22.869378, "Cserna": 27.761241, "Cserna Pemberton Belief": 23.365684, "K-Best 3": 23.365684, "K-Best 10": 22.810258, "K-Best 30": 23.290721, "Lookahead": 10 }