{ "Minimin": 22.451781, "Bellman": 22.451781, "Nancy": 22.451781, "Cserna": 29.772231, "Cserna Pemberton Belief": 22.866787, "K-Best 3": 22.618883, "K-Best 10": 22.513580, "K-Best 30": 23.355258, "Lookahead": 10 }