{ "Minimin": 23.071911, "Bellman": 23.071911, "Nancy": 23.071911, "Cserna": 31.831816, "Cserna Pemberton Belief": 22.658391, "K-Best 3": 22.831281, "K-Best 10": 23.110174, "K-Best 30": 23.009943, "Lookahead": 10 }