{ "Minimin": 22.830469, "Bellman": 22.830469, "Nancy": 22.830469, "Cserna": 30.660750, "Cserna Pemberton Belief": 22.830469, "K-Best 3": 23.283099, "K-Best 10": 23.647775, "K-Best 30": 23.564840, "Lookahead": 10 }