{ "Minimin": 21.712231, "Bellman": 21.712231, "Nancy": 21.712231, "Cserna": 31.111300, "Cserna Pemberton Belief": 23.014194, "K-Best 3": 21.475169, "K-Best 10": 22.288578, "K-Best 30": 22.288578, "Lookahead": 10 }