{ "Minimin": 23.640741, "Bellman": 23.640741, "Nancy": 23.640741, "Cserna": 31.972617, "Cserna Pemberton Belief": 22.190332, "K-Best 3": 23.458046, "K-Best 10": 22.361398, "K-Best 30": 23.691384, "Lookahead": 10 }