{ "Minimin": 23.595569, "Bellman": 23.595569, "Nancy": 23.595569, "Cserna": 30.944237, "Cserna Pemberton Belief": 23.380576, "K-Best 3": 23.183282, "K-Best 10": 25.081090, "K-Best 30": 22.881987, "Lookahead": 10 }