{ "Minimin": 23.530583, "Bellman": 23.530583, "Nancy": 23.530583, "Cserna": 31.459161, "Cserna Pemberton Belief": 22.863118, "K-Best 3": 23.979957, "K-Best 10": 24.273866, "K-Best 30": 24.013497, "K-Best 3 Pemberton Belief": 22.863118, "K-Best 10 Pemberton Belief": 22.863118, "K-Best 30 Pemberton Belief": 22.863118, "Lookahead": 10 }