{ "Minimin": 21.554284, "Bellman": 21.554284, "Nancy": 21.554284, "Cserna": 32.418575, "Cserna Pemberton Belief": 20.797122, "K-Best 3": 22.404330, "K-Best 10": 22.902978, "K-Best 30": 24.689720, "Lookahead": 10 }