{ "Minimin": 22.830887, "Bellman": 22.830887, "Nancy": 22.830887, "Cserna": 32.065077, "Cserna Pemberton Belief": 22.830887, "K-Best 3": 22.618684, "K-Best 10": 22.920388, "K-Best 30": 23.257690, "Lookahead": 10 }