{ "Minimin": 20.328976, "Bellman": 20.328976, "Nancy": 20.328976, "Cserna": 32.494320, "Cserna Pemberton Belief": 21.570974, "K-Best 3": 22.223298, "K-Best 10": 22.286821, "K-Best 30": 22.442420, "Lookahead": 10 }