{ "Minimin": 21.380930, "Bellman": 21.380930, "Nancy": 21.380930, "Cserna": 30.984235, "Cserna Pemberton Belief": 22.067708, "K-Best 3": 23.712224, "K-Best 10": 22.615652, "K-Best 30": 22.355560, "K-Best 3 Pemberton Belief": 22.067708, "K-Best 10 Pemberton Belief": 22.067708, "K-Best 30 Pemberton Belief": 22.067708, "Lookahead": 10 }