{ "Minimin": 24.102521, "Bellman": 24.102521, "Nancy": 24.102521, "Cserna": 31.296685, "Cserna Pemberton Belief": 21.832695, "K-Best 3": 21.832695, "K-Best 10": 21.832695, "K-Best 30": 21.832695, "K-Best 3 Pemberton Belief": 23.717502, "K-Best 10 Pemberton Belief": 21.832695, "K-Best 30 Pemberton Belief": 21.832695, "Lookahead": 10 }