{ "Minimin": 23.662833, "Bellman": 23.662833, "Nancy": 23.662833, "Cserna": 28.819461, "Cserna Pemberton Belief": 23.303511, "K-Best 3": 23.303511, "K-Best 10": 22.868884, "K-Best 30": 24.190071, "Lookahead": 10 }