{ "Minimin": 22.744617, "Bellman": 22.744617, "Nancy": 22.744617, "Cserna": 35.300183, "Cserna Pemberton Belief": 24.021845, "K-Best 3": 22.913398, "K-Best 10": 21.813448, "K-Best 30": 23.024050, "Lookahead": 10 }