{ "Minimin": 23.685780, "Bellman": 23.685780, "Nancy": 23.685780, "Cserna": 27.431312, "Cserna Pemberton Belief": 22.516245, "K-Best 3": 22.516245, "K-Best 10": 21.732358, "K-Best 30": 22.226212, "Lookahead": 10 }