{ "Minimin": 21.924486, "Bellman": 21.924486, "Nancy": 21.924486, "Cserna": 27.752715, "Cserna Pemberton Belief": 21.546642, "K-Best 3": 22.827282, "K-Best 10": 21.086944, "K-Best 30": 20.093074, "Lookahead": 10 }