{ "Minimin": 24.258643, "Bellman": 24.258643, "Nancy": 24.258643, "Cserna": 29.981617, "Cserna Pemberton Belief": 22.358473, "K-Best 3": 22.108813, "K-Best 10": 20.904329, "K-Best 30": 22.289564, "Lookahead": 10 }