{ "Minimin": 21.491270, "Bellman": 21.491270, "Nancy": 21.491270, "Cserna": 32.395716, "Cserna Pemberton Belief": 21.491270, "K-Best 3": 24.073654, "K-Best 10": 24.091237, "K-Best 30": 21.727066, "Lookahead": 10 }