{ "Minimin": 24.393005, "Bellman": 24.393005, "Nancy": 24.393005, "Cserna": 34.669605, "Cserna Pemberton Belief": 24.963526, "K-Best 3": 25.264733, "K-Best 10": 23.876740, "K-Best 30": 24.843580, "K-Best 3 Pemberton Belief": 24.535977, "K-Best 10 Pemberton Belief": 24.963526, "K-Best 30 Pemberton Belief": 24.963526, "Lookahead": 10 }