{ "Minimin": 21.778346, "Bellman": 21.778346, "Nancy": 21.778346, "Cserna": 33.907064, "Cserna Pemberton Belief": 21.778346, "K-Best 3": 22.952529, "K-Best 10": 23.258342, "K-Best 30": 23.157682, "K-Best 3 Pemberton Belief": 21.778346, "K-Best 10 Pemberton Belief": 21.778346, "K-Best 30 Pemberton Belief": 21.778346, "Lookahead": 10 }