{ "Minimin": 23.825226, "Bellman": 23.825226, "Nancy": 23.825226, "Cserna": 25.805009, "Cserna Pemberton Belief": 23.825226, "K-Best 3": 22.211410, "K-Best 10": 23.902495, "K-Best 30": 24.805513, "Lookahead": 10 }