{ "Minimin": 23.568768, "Bellman": 23.568768, "Nancy": 23.568768, "Cserna": 30.384924, "Cserna Pemberton Belief": 23.568768, "K-Best 3": 22.409395, "K-Best 10": 24.277168, "K-Best 30": 24.197033, "K-Best 3 Pemberton Belief": 23.568768, "K-Best 10 Pemberton Belief": 23.568768, "K-Best 30 Pemberton Belief": 23.568768, "Lookahead": 10 }