{ "Minimin": 21.825493, "Bellman": 21.825493, "Nancy": 21.825493, "Cserna": 30.537000, "Cserna Pemberton Belief": 23.807356, "K-Best 3": 21.733541, "K-Best 10": 21.658727, "K-Best 30": 22.315899, "Lookahead": 10 }