{ "Minimin": 24.282807, "Bellman": 24.282807, "Nancy": 24.282807, "Cserna": 31.845378, "Cserna Pemberton Belief": 23.370608, "K-Best 3": 24.841674, "K-Best 10": 24.987108, "K-Best 30": 23.593050, "Lookahead": 10 }