{ "Minimin": 24.656149, "Bellman": 24.656149, "Nancy": 24.656149, "Cserna": 34.353602, "Cserna Pemberton Belief": 23.286214, "K-Best 3": 23.361517, "K-Best 10": 23.589974, "K-Best 30": 23.502514, "Lookahead": 10 }