{ "Minimin": 22.681646, "Bellman": 22.681646, "Nancy": 22.681646, "Cserna": 27.161814, "Cserna Pemberton Belief": 22.763720, "K-Best 3": 22.763720, "K-Best 10": 22.113505, "K-Best 30": 22.480267, "Lookahead": 10 }