{ "Minimin": 23.231167, "Bellman": 23.231167, "Nancy": 23.231167, "Cserna": 32.993949, "Cserna Pemberton Belief": 23.461154, "K-Best 3": 23.196508, "K-Best 10": 22.325682, "K-Best 30": 25.243738, "Lookahead": 10 }