{ "Minimin": 21.228059, "Bellman": 21.228059, "Nancy": 21.228059, "Cserna": 30.034005, "Cserna Pemberton Belief": 21.228059, "K-Best 3": 22.698901, "K-Best 10": 22.560939, "K-Best 30": 21.952608, "Lookahead": 10 }