{ "Minimin": 21.735849, "Bellman": 21.735849, "Nancy": 21.735849, "Cserna": 27.293694, "Cserna Pemberton Belief": 19.814702, "K-Best 3": 21.358844, "K-Best 10": 21.580810, "K-Best 30": 21.131710, "Lookahead": 10 }