{ "Minimin": 20.865933, "Bellman": 20.865933, "Nancy": 20.865933, "Cserna": 27.318262, "Cserna Pemberton Belief": 20.865933, "K-Best 3": 20.921646, "K-Best 10": 20.407755, "K-Best 30": 21.862013, "Lookahead": 10 }