{ "Minimin": 24.177943, "Bellman": 24.177943, "Nancy": 24.177943, "Cserna": 29.625450, "Cserna Pemberton Belief": 24.177943, "K-Best 3": 22.155180, "K-Best 10": 21.985075, "K-Best 30": 22.397141, "Lookahead": 10 }