{ "Minimin": 23.860707, "Bellman": 23.860707, "Nancy": 23.860707, "Cserna": 33.956866, "Cserna Pemberton Belief": 24.803401, "K-Best 3": 24.803401, "K-Best 10": 25.094744, "K-Best 30": 24.417998, "Lookahead": 10 }