{ "Minimin": 23.074330, "Bellman": 23.074330, "Nancy": 23.074330, "Cserna": 28.671272, "Cserna Pemberton Belief": 22.126980, "K-Best 3": 23.368924, "K-Best 10": 20.948855, "K-Best 30": 21.331994, "K-Best 3 Pemberton Belief": 22.126980, "K-Best 10 Pemberton Belief": 22.126980, "K-Best 30 Pemberton Belief": 22.126980, "Lookahead": 10 }