{ "Minimin": 23.412179, "Bellman": 23.412179, "Nancy": 23.412179, "Cserna": 31.490971, "Cserna Pemberton Belief": 22.427347, "K-Best 3": 22.962073, "K-Best 10": 23.223839, "K-Best 30": 24.093862, "K-Best 3 Pemberton Belief": 22.427347, "K-Best 10 Pemberton Belief": 22.427347, "K-Best 30 Pemberton Belief": 22.427347, "Lookahead": 10 }