{ "Minimin": 21.173609, "Bellman": 21.173609, "Nancy": 21.173609, "Cserna": 29.130757, "Cserna Pemberton Belief": 22.472727, "K-Best 3": 21.705536, "K-Best 10": 22.784625, "K-Best 30": 22.972427, "Lookahead": 10 }