{ "Minimin": 22.418454, "Bellman": 22.418454, "Nancy": 22.418454, "Cserna": 28.411537, "Cserna Pemberton Belief": 22.418454, "K-Best 3": 22.418454, "K-Best 10": 23.034161, "K-Best 30": 22.632050, "Lookahead": 10 }