{ "Minimin": 24.270084, "Bellman": 24.270084, "Nancy": 24.270084, "Cserna": 28.450770, "Cserna Pemberton Belief": 24.270084, "K-Best 3": 24.270084, "K-Best 10": 24.869522, "K-Best 30": 24.869522, "Lookahead": 10 }