{ "Minimin": 21.322247, "Bellman": 21.322247, "Nancy": 21.322247, "Cserna": 30.892193, "Cserna Pemberton Belief": 21.322247, "K-Best 3": 22.795855, "K-Best 10": 23.135360, "K-Best 30": 25.081193, "Lookahead": 10 }