{ "Minimin": 22.092750, "Bellman": 22.092750, "Nancy": 22.092750, "Cserna": 30.840812, "Cserna Pemberton Belief": 20.971906, "K-Best 3": 22.115702, "K-Best 10": 22.048307, "K-Best 30": 23.348011, "Lookahead": 10 }