{ "Minimin": 22.683845, "Bellman": 22.683845, "Nancy": 22.683845, "Cserna": 29.351036, "Cserna Pemberton Belief": 22.818363, "K-Best 3": 21.951462, "K-Best 10": 22.544377, "K-Best 30": 22.500437, "Lookahead": 10 }