{ "Minimin": 23.352046, "Bellman": 23.352046, "Nancy": 23.352046, "Cserna": 29.343047, "Cserna Pemberton Belief": 22.512106, "K-Best 3": 22.163913, "K-Best 10": 22.057351, "K-Best 30": 22.999029, "K-Best 3 Pemberton Belief": 22.512106, "K-Best 10 Pemberton Belief": 22.512106, "K-Best 30 Pemberton Belief": 22.512106, "Lookahead": 10 }