{ "Minimin": 24.127229, "Bellman": 24.127229, "Nancy": 24.127229, "Cserna": 30.231421, "Cserna Pemberton Belief": 22.864409, "K-Best 3": 22.864409, "K-Best 10": 22.864409, "K-Best 30": 22.864409, "Lookahead": 10 }