{ "Minimin": 22.168170, "Bellman": 22.168170, "Nancy": 22.168170, "Cserna": 34.271305, "Cserna Pemberton Belief": 23.727563, "K-Best 3": 23.727563, "K-Best 10": 21.941774, "K-Best 30": 23.761865, "K-Best 3 Pemberton Belief": 21.232005, "K-Best 10 Pemberton Belief": 23.727563, "K-Best 30 Pemberton Belief": 23.727563, "Lookahead": 10 }