{ "Minimin": 22.529933, "Bellman": 22.529933, "Nancy": 22.529933, "Cserna": 31.591215, "Cserna Pemberton Belief": 22.160000, "K-Best 3": 23.878751, "K-Best 10": 21.447008, "K-Best 30": 22.281166, "Lookahead": 10 }