{ "Minimin": 22.239391, "Bellman": 22.239391, "Nancy": 22.239391, "Cserna": 31.156775, "Cserna Pemberton Belief": 22.852926, "K-Best 3": 22.308832, "K-Best 10": 22.450623, "K-Best 30": 23.078890, "Lookahead": 10 }