{ "Minimin": 21.503890, "Bellman": 21.503890, "Nancy": 21.503890, "Cserna": 31.794272, "Cserna Pemberton Belief": 23.182460, "K-Best 3": 22.304452, "K-Best 10": 21.656182, "K-Best 30": 23.680880, "Lookahead": 10 }