{ "Minimin": 22.316457, "Bellman": 22.316457, "Nancy": 22.316457, "Cserna": 30.999738, "Cserna Pemberton Belief": 22.316457, "K-Best 3": 22.316457, "K-Best 10": 23.680883, "K-Best 30": 23.607988, "Lookahead": 10 }