{ "Minimin": 23.785352, "Bellman": 23.785352, "Nancy": 23.785352, "Cserna": 29.500864, "Cserna Pemberton Belief": 23.785352, "K-Best 3": 27.006191, "K-Best 10": 29.500864, "K-Best 30": 29.500864, "K-Best 3 Pemberton Belief": 23.785352, "K-Best 10 Pemberton Belief": 23.785352, "K-Best 30 Pemberton Belief": 23.785352, "Lookahead": 3 }