{ "Minimin": 25.433743, "Bellman": 25.433743, "Nancy": 25.433743, "Cserna": 24.260050, "Cserna Pemberton Belief": 26.288342, "K-Best 3": 27.401067, "K-Best 10": 24.260050, "K-Best 30": 24.260050, "Lookahead": 3 }