{ "Minimin": 28.433498, "Bellman": 28.433498, "Nancy": 28.433498, "Cserna": 27.252435, "Cserna Pemberton Belief": 24.967305, "K-Best 3": 27.518054, "K-Best 10": 27.252435, "K-Best 30": 27.252435, "Lookahead": 3 }