{ "Minimin": 27.479355, "Bellman": 27.479355, "Nancy": 27.479355, "Cserna": 30.894058, "Cserna Pemberton Belief": 27.648080, "K-Best 3": 27.961344, "K-Best 10": 30.894058, "K-Best 30": 30.894058, "Lookahead": 3 }