{ "Minimin": 28.682657, "Bellman": 28.682657, "Nancy": 28.682657, "Cserna": 28.372010, "Cserna Pemberton Belief": 28.070984, "K-Best 3": 28.576151, "K-Best 10": 28.372010, "K-Best 30": 28.372010, "Lookahead": 3 }