{ "Minimin": 26.193381, "Bellman": 26.193381, "Nancy": 26.193381, "Cserna": 25.149268, "Cserna Pemberton Belief": 26.193381, "K-Best 3": 27.293584, "K-Best 10": 25.149268, "K-Best 30": 25.149268, "K-Best 3 Pemberton Belief": 26.193381, "K-Best 10 Pemberton Belief": 26.193381, "K-Best 30 Pemberton Belief": 26.193381, "Lookahead": 3 }