{ "Minimin": 30.486759, "Bellman": 30.486759, "Nancy": 30.486759, "Cserna": 31.706625, "Cserna Pemberton Belief": 30.683813, "K-Best 3": 26.587886, "K-Best 10": 31.706625, "K-Best 30": 31.706625, "K-Best 3 Pemberton Belief": 30.683813, "K-Best 10 Pemberton Belief": 30.683813, "K-Best 30 Pemberton Belief": 30.683813, "Lookahead": 3 }