{ "Minimin": 25.621214, "Bellman": 25.621214, "Nancy": 25.621214, "Cserna": 28.150371, "Cserna Pemberton Belief": 26.416245, "K-Best 3": 28.718750, "K-Best 10": 28.150371, "K-Best 30": 28.150371, "Lookahead": 3 }