{ "Minimin": 25.931234, "Bellman": 25.931234, "Nancy": 25.931234, "Cserna": 29.346047, "Cserna Pemberton Belief": 26.203639, "K-Best 3": 29.502730, "K-Best 10": 29.346047, "K-Best 30": 29.346047, "K-Best 3 Pemberton Belief": 26.203639, "K-Best 10 Pemberton Belief": 26.203639, "K-Best 30 Pemberton Belief": 26.203639, "Lookahead": 3 }