{ "Minimin": 29.695007, "Bellman": 29.695007, "Nancy": 29.695007, "Cserna": 31.064481, "Cserna Pemberton Belief": 28.377254, "K-Best 3": 26.689337, "K-Best 10": 31.064481, "K-Best 30": 31.064481, "Lookahead": 3 }