{ "Minimin": 27.006135, "Bellman": 27.006135, "Nancy": 27.006135, "Cserna": 28.387741, "Cserna Pemberton Belief": 30.348068, "K-Best 3": 27.800690, "K-Best 10": 28.387741, "K-Best 30": 28.387741, "K-Best 3 Pemberton Belief": 30.348068, "K-Best 10 Pemberton Belief": 30.348068, "K-Best 30 Pemberton Belief": 30.348068, "Lookahead": 3 }