{ "Minimin": 28.303727, "Bellman": 28.303727, "Nancy": 28.303727, "Cserna": 25.243913, "Cserna Pemberton Belief": 28.303727, "K-Best 3": 25.243913, "K-Best 10": 25.243913, "K-Best 30": 25.243913, "Lookahead": 3 }