{ "Minimin": 27.319515, "Bellman": 27.319515, "Nancy": 27.319515, "Cserna": 23.904614, "Cserna Pemberton Belief": 28.641413, "K-Best 3": 24.788229, "K-Best 10": 23.904614, "K-Best 30": 23.904614, "Lookahead": 3 }