{ "Minimin": 28.704137, "Bellman": 28.704137, "Nancy": 28.704137, "Cserna": 28.116247, "Cserna Pemberton Belief": 29.247813, "K-Best 3": 28.181195, "K-Best 10": 28.116247, "K-Best 30": 28.116247, "Lookahead": 3 }