{ "Minimin": 26.525059, "Bellman": 26.525059, "Nancy": 26.525059, "Cserna": 29.043482, "Cserna Pemberton Belief": 26.525059, "K-Best 3": 26.661620, "K-Best 10": 29.043482, "K-Best 30": 29.043482, "Lookahead": 3 }