{ "Minimin": 26.198882, "Bellman": 26.198882, "Nancy": 26.198882, "Cserna": 26.195638, "Cserna Pemberton Belief": 27.324989, "K-Best 3": 28.639129, "K-Best 10": 26.195638, "K-Best 30": 26.195638, "Lookahead": 3 }