{ "Minimin": 29.473201, "Bellman": 29.473201, "Nancy": 29.473201, "Cserna": 30.392935, "Cserna Pemberton Belief": 28.691186, "K-Best 3": 28.874104, "K-Best 10": 30.392935, "K-Best 30": 30.392935, "Lookahead": 3 }