{ "Minimin": 23.808646, "Bellman": 23.808646, "Nancy": 23.808646, "Cserna": 30.341530, "Cserna Pemberton Belief": 25.351017, "K-Best 3": 27.866937, "K-Best 10": 30.341530, "K-Best 30": 30.341530, "Lookahead": 3 }