{ "Minimin": 25.894589, "Bellman": 25.894589, "Nancy": 25.894589, "Cserna": 26.932861, "Cserna Pemberton Belief": 25.621089, "K-Best 3": 27.627794, "K-Best 10": 26.932861, "K-Best 30": 26.932861, "Lookahead": 3 }