{ "Minimin": 27.923017, "Bellman": 27.923017, "Nancy": 27.923017, "Cserna": 30.218873, "Cserna Pemberton Belief": 27.537663, "K-Best 3": 29.926859, "K-Best 10": 30.218873, "K-Best 30": 30.218873, "Lookahead": 3 }