{ "Minimin": 29.511795, "Bellman": 29.511795, "Nancy": 29.511795, "Cserna": 28.752143, "Cserna Pemberton Belief": 31.062011, "K-Best 3": 27.439542, "K-Best 10": 28.752143, "K-Best 30": 28.752143, "K-Best 3 Pemberton Belief": 31.062011, "K-Best 10 Pemberton Belief": 31.062011, "K-Best 30 Pemberton Belief": 31.062011, "Lookahead": 3 }