{ "Minimin": 26.006085, "Bellman": 26.006085, "Nancy": 26.006085, "Cserna": 26.939296, "Cserna Pemberton Belief": 27.797424, "K-Best 3": 28.348445, "K-Best 10": 26.939296, "K-Best 30": 26.939296, "Lookahead": 3 }