{ "Minimin": 28.540519, "Bellman": 28.540519, "Nancy": 28.540519, "Cserna": 29.401880, "Cserna Pemberton Belief": 27.211863, "K-Best 3": 27.078127, "K-Best 10": 29.401880, "K-Best 30": 29.401880, "Lookahead": 3 }