{ "Minimin": 28.075861, "Bellman": 28.075861, "Nancy": 28.075861, "Cserna": 26.300084, "Cserna Pemberton Belief": 27.751899, "K-Best 3": 26.300084, "K-Best 10": 26.300084, "K-Best 30": 26.300084, "Lookahead": 3 }