{ "Minimin": 26.868605, "Bellman": 26.868605, "Nancy": 26.868605, "Cserna": 28.109386, "Cserna Pemberton Belief": 26.312370, "K-Best 3": 28.466058, "K-Best 10": 28.109386, "K-Best 30": 28.109386, "K-Best 3 Pemberton Belief": 26.312370, "K-Best 10 Pemberton Belief": 26.312370, "K-Best 30 Pemberton Belief": 26.312370, "Lookahead": 3 }