{ "Minimin": 24.895695, "Bellman": 24.895695, "Nancy": 24.895695, "Cserna": 28.875045, "Cserna Pemberton Belief": 26.432453, "K-Best 3": 27.556592, "K-Best 10": 28.875045, "K-Best 30": 28.875045, "Lookahead": 3 }