{ "Minimin": 30.933069, "Bellman": 30.933069, "Nancy": 30.933069, "Cserna": 28.083851, "Cserna Pemberton Belief": 28.505736, "K-Best 3": 28.762686, "K-Best 10": 28.083851, "K-Best 30": 28.083851, "Lookahead": 3 }