{ "Minimin": 26.579942, "Bellman": 26.579942, "Nancy": 26.579942, "Cserna": 27.757165, "Cserna Pemberton Belief": 26.039138, "K-Best 3": 26.882697, "K-Best 10": 27.757165, "K-Best 30": 27.757165, "Lookahead": 3 }