{ "Minimin": 25.185466, "Bellman": 25.185466, "Nancy": 25.185466, "Cserna": 29.023354, "Cserna Pemberton Belief": 26.064416, "K-Best 3": 29.813263, "K-Best 10": 29.023354, "K-Best 30": 29.023354, "Lookahead": 3 }