{ "Minimin": 26.330912, "Bellman": 26.330912, "Nancy": 26.330912, "Cserna": 24.940002, "Cserna Pemberton Belief": 29.605690, "K-Best 3": 25.161712, "K-Best 10": 24.940002, "K-Best 30": 24.940002, "Lookahead": 3 }