{ "Minimin": 27.111774, "Bellman": 27.111774, "Nancy": 27.111774, "Cserna": 29.203705, "Cserna Pemberton Belief": 24.687577, "K-Best 3": 26.206669, "K-Best 10": 29.203705, "K-Best 30": 29.203705, "Lookahead": 3 }