{ "Minimin": 26.452371, "Bellman": 26.452371, "Nancy": 26.452371, "Cserna": 29.434275, "Cserna Pemberton Belief": 27.651537, "K-Best 3": 31.921562, "K-Best 10": 29.434275, "K-Best 30": 29.434275, "Lookahead": 3 }