{ "Minimin": 27.183503, "Bellman": 27.183503, "Nancy": 27.183503, "Cserna": 31.935546, "Cserna Pemberton Belief": 26.561599, "K-Best 3": 29.923256, "K-Best 10": 31.935546, "K-Best 30": 31.935546, "Lookahead": 3 }