{ "Minimin": 26.380662, "Bellman": 26.380662, "Nancy": 26.380662, "Cserna": 28.776263, "Cserna Pemberton Belief": 29.617480, "K-Best 3": 28.160571, "K-Best 10": 28.776263, "K-Best 30": 28.776263, "Lookahead": 3 }