{ "Minimin": 29.202810, "Bellman": 29.202810, "Nancy": 29.202810, "Cserna": 26.618116, "Cserna Pemberton Belief": 24.041416, "K-Best 3": 28.228704, "K-Best 10": 26.618116, "K-Best 30": 26.618116, "K-Best 3 Pemberton Belief": 24.041416, "K-Best 10 Pemberton Belief": 24.041416, "K-Best 30 Pemberton Belief": 24.041416, "Lookahead": 3 }