{ "Minimin": 30.076926, "Bellman": 30.076926, "Nancy": 30.076926, "Cserna": 29.065368, "Cserna Pemberton Belief": 27.711508, "K-Best 3": 28.656066, "K-Best 10": 29.065368, "K-Best 30": 29.065368, "Lookahead": 3 }