{ "Minimin": 28.877687, "Bellman": 28.877687, "Nancy": 28.877687, "Cserna": 27.025282, "Cserna Pemberton Belief": 27.891720, "K-Best 3": 28.772249, "K-Best 10": 27.025282, "K-Best 30": 27.025282, "Lookahead": 3 }