{ "Minimin": 28.447451, "Bellman": 28.447451, "Nancy": 28.447451, "Cserna": 31.310130, "Cserna Pemberton Belief": 26.864518, "K-Best 3": 28.547609, "K-Best 10": 31.310130, "K-Best 30": 31.310130, "Lookahead": 3 }