{ "Minimin": 27.622943, "Bellman": 27.622943, "Nancy": 27.622943, "Cserna": 29.511262, "Cserna Pemberton Belief": 25.741823, "K-Best 3": 27.515715, "K-Best 10": 29.511262, "K-Best 30": 29.511262, "Lookahead": 3 }