{ "Minimin": 24.768242, "Bellman": 24.768242, "Nancy": 24.768242, "Cserna": 28.055966, "Cserna Pemberton Belief": 24.761265, "K-Best 3": 28.631221, "K-Best 10": 28.055966, "K-Best 30": 28.055966, "Lookahead": 3 }