{ "Minimin": 29.020997, "Bellman": 29.020997, "Nancy": 29.020997, "Cserna": 30.107217, "Cserna Pemberton Belief": 25.735861, "K-Best 3": 27.961668, "K-Best 10": 30.107217, "K-Best 30": 30.107217, "Lookahead": 3 }