{ "Minimin": 25.414393, "Bellman": 25.414393, "Nancy": 25.414393, "Cserna": 28.967633, "Cserna Pemberton Belief": 25.610586, "K-Best 3": 26.592504, "K-Best 10": 28.967633, "K-Best 30": 28.967633, "Lookahead": 3 }