{ "Minimin": 26.368603, "Bellman": 26.368603, "Nancy": 26.368603, "Cserna": 28.744169, "Cserna Pemberton Belief": 26.668060, "K-Best 3": 26.074897, "K-Best 10": 28.744169, "K-Best 30": 28.744169, "Lookahead": 3 }