{ "Minimin": 27.685999, "Bellman": 27.685999, "Nancy": 27.685999, "Cserna": 29.396182, "Cserna Pemberton Belief": 27.947243, "K-Best 3": 28.560600, "K-Best 10": 29.396182, "K-Best 30": 29.396182, "Lookahead": 3 }