{ "Minimin": 28.431180, "Bellman": 28.431180, "Nancy": 28.431180, "Cserna": 29.123616, "Cserna Pemberton Belief": 27.396083, "K-Best 3": 30.130997, "K-Best 10": 29.123616, "K-Best 30": 29.123616, "Lookahead": 3 }