{ "Minimin": 25.860310, "Bellman": 25.860310, "Nancy": 25.860310, "Cserna": 28.907413, "Cserna Pemberton Belief": 25.860310, "K-Best 3": 30.549162, "K-Best 10": 28.907413, "K-Best 30": 28.907413, "Lookahead": 3 }