{ "Minimin": 26.696852, "Bellman": 26.696852, "Nancy": 26.696852, "Cserna": 23.954697, "Cserna Pemberton Belief": 26.935211, "K-Best 3": 23.954697, "K-Best 10": 23.954697, "K-Best 30": 23.954697, "Lookahead": 3 }