{ "Minimin": 29.700369, "Bellman": 29.700369, "Nancy": 29.700369, "Cserna": 27.877407, "Cserna Pemberton Belief": 26.423034, "K-Best 3": 22.223751, "K-Best 10": 27.877407, "K-Best 30": 27.877407, "Lookahead": 3 }