{ "Minimin": 25.428601, "Bellman": 25.428601, "Nancy": 25.428601, "Cserna": 31.325505, "Cserna Pemberton Belief": 24.984214, "K-Best 3": 26.899673, "K-Best 10": 31.325505, "K-Best 30": 31.325505, "K-Best 3 Pemberton Belief": 24.984214, "K-Best 10 Pemberton Belief": 24.984214, "K-Best 30 Pemberton Belief": 24.984214, "Lookahead": 3 }