{ "Minimin": 30.270285, "Bellman": 30.270285, "Nancy": 30.270285, "Cserna": 29.806345, "Cserna Pemberton Belief": 25.715349, "K-Best 3": 29.868343, "K-Best 10": 29.806345, "K-Best 30": 29.806345, "Lookahead": 3 }