{ "Minimin": 28.475536, "Bellman": 28.475536, "Nancy": 28.475536, "Cserna": 29.042801, "Cserna Pemberton Belief": 29.048906, "K-Best 3": 33.355749, "K-Best 10": 29.042801, "K-Best 30": 29.042801, "Lookahead": 3 }