{ "Minimin": 28.298753, "Bellman": 28.298753, "Nancy": 28.298753, "Cserna": 25.963573, "Cserna Pemberton Belief": 25.588301, "K-Best 3": 27.807124, "K-Best 10": 25.963573, "K-Best 30": 25.963573, "Lookahead": 3 }