{ "Minimin": 24.935038, "Bellman": 24.935038, "Nancy": 24.935038, "Cserna": 26.118359, "Cserna Pemberton Belief": 28.024443, "K-Best 3": 28.215874, "K-Best 10": 26.118359, "K-Best 30": 26.118359, "Lookahead": 3 }