{ "Minimin": 28.292639, "Bellman": 28.292639, "Nancy": 28.292639, "Cserna": 29.003206, "Cserna Pemberton Belief": 26.802991, "K-Best 3": 31.999188, "K-Best 10": 29.003206, "K-Best 30": 29.003206, "K-Best 3 Pemberton Belief": 26.802991, "K-Best 10 Pemberton Belief": 26.802991, "K-Best 30 Pemberton Belief": 26.802991, "Lookahead": 3 }