{ "Minimin": 27.670245, "Bellman": 27.670245, "Nancy": 27.670245, "Cserna": 28.583574, "Cserna Pemberton Belief": 23.633540, "K-Best 3": 25.944622, "K-Best 10": 28.583574, "K-Best 30": 28.583574, "K-Best 3 Pemberton Belief": 23.633540, "K-Best 10 Pemberton Belief": 23.633540, "K-Best 30 Pemberton Belief": 23.633540, "Lookahead": 3 }