{ "Minimin": 26.434755, "Bellman": 26.434755, "Nancy": 26.434755, "Cserna": 28.520151, "Cserna Pemberton Belief": 27.123032, "K-Best 3": 27.869343, "K-Best 10": 28.520151, "K-Best 30": 28.520151, "Lookahead": 3 }