{ "Minimin": 30.214726, "Bellman": 30.214726, "Nancy": 30.214726, "Cserna": 26.717247, "Cserna Pemberton Belief": 28.190083, "K-Best 3": 27.122880, "K-Best 10": 26.717247, "K-Best 30": 26.717247, "K-Best 3 Pemberton Belief": 28.190083, "K-Best 10 Pemberton Belief": 28.190083, "K-Best 30 Pemberton Belief": 28.190083, "Lookahead": 3 }