{ "Minimin": 29.929074, "Bellman": 29.929074, "Nancy": 29.929074, "Cserna": 28.218775, "Cserna Pemberton Belief": 28.655361, "K-Best 3": 29.599165, "K-Best 10": 28.218775, "K-Best 30": 28.218775, "Lookahead": 3 }