{ "Minimin": 26.380662, "Bellman": 26.380662, "Nancy": 26.380662, "Cserna": 26.170451, "Cserna Pemberton Belief": 29.617480, "K-Best 3": 27.772959, "K-Best 10": 26.170451, "K-Best 30": 26.170451, "Lookahead": 3 }