{ "Minimin": 26.737227, "Bellman": 26.737227, "Nancy": 26.737227, "Cserna": 24.867435, "Cserna Pemberton Belief": 30.634659, "K-Best 3": 27.460094, "K-Best 10": 24.867435, "K-Best 30": 24.867435, "Lookahead": 3 }