{ "Minimin": 28.127391, "Bellman": 28.127391, "Nancy": 28.127391, "Cserna": 28.361724, "Cserna Pemberton Belief": 25.982126, "K-Best 3": 31.581800, "K-Best 10": 28.361724, "K-Best 30": 28.361724, "Lookahead": 3 }