{ "Minimin": 25.398969, "Bellman": 25.398969, "Nancy": 25.398969, "Cserna": 29.560113, "Cserna Pemberton Belief": 26.712920, "K-Best 3": 28.878745, "K-Best 10": 29.560113, "K-Best 30": 29.560113, "Lookahead": 3 }