{ "Minimin": 25.986171, "Bellman": 25.986171, "Nancy": 25.986171, "Cserna": 28.671914, "Cserna Pemberton Belief": 27.252150, "K-Best 3": 27.348000, "K-Best 10": 28.671914, "K-Best 30": 28.671914, "Lookahead": 3 }