{ "Minimin": 26.927350, "Bellman": 26.927350, "Nancy": 26.927350, "Cserna": 27.211972, "Cserna Pemberton Belief": 26.243885, "K-Best 3": 27.351775, "K-Best 10": 27.211972, "K-Best 30": 27.211972, "Lookahead": 3 }