{ "Minimin": 26.199045, "Bellman": 26.199045, "Nancy": 26.199045, "Cserna": 29.111309, "Cserna Pemberton Belief": 29.231668, "K-Best 3": 28.652144, "K-Best 10": 29.111309, "K-Best 30": 29.111309, "K-Best 3 Pemberton Belief": 29.231668, "K-Best 10 Pemberton Belief": 29.231668, "K-Best 30 Pemberton Belief": 29.231668, "Lookahead": 3 }