{ "Minimin": 25.728832, "Bellman": 25.728832, "Nancy": 25.728832, "Cserna": 26.644817, "Cserna Pemberton Belief": 25.221193, "K-Best 3": 27.471475, "K-Best 10": 26.644817, "K-Best 30": 26.644817, "Lookahead": 3 }