{ "Minimin": 27.030636, "Bellman": 27.030636, "Nancy": 27.030636, "Cserna": 28.988668, "Cserna Pemberton Belief": 27.030636, "K-Best 3": 25.760179, "K-Best 10": 28.988668, "K-Best 30": 28.988668, "Lookahead": 3 }