{ "Minimin": 23.903472, "Bellman": 23.903472, "Nancy": 23.903472, "Cserna": 28.768652, "Cserna Pemberton Belief": 26.611325, "K-Best 3": 28.383474, "K-Best 10": 28.768652, "K-Best 30": 28.768652, "Lookahead": 3 }