{ "Minimin": 27.903514, "Bellman": 27.903514, "Nancy": 27.903514, "Cserna": 26.486759, "Cserna Pemberton Belief": 28.948410, "K-Best 3": 26.839965, "K-Best 10": 26.486759, "K-Best 30": 26.486759, "Lookahead": 3 }