{ "Minimin": 26.718178, "Bellman": 26.718178, "Nancy": 26.718178, "Cserna": 29.087681, "Cserna Pemberton Belief": 29.159755, "K-Best 3": 28.002464, "K-Best 10": 29.087681, "K-Best 30": 29.087681, "Lookahead": 3 }