{ "Minimin": 25.390423, "Bellman": 25.390423, "Nancy": 25.390423, "Cserna": 26.255430, "Cserna Pemberton Belief": 23.499592, "K-Best 3": 27.474675, "K-Best 10": 26.255430, "K-Best 30": 26.255430, "K-Best 3 Pemberton Belief": 23.499592, "K-Best 10 Pemberton Belief": 23.499592, "K-Best 30 Pemberton Belief": 23.499592, "Lookahead": 3 }