{ "Minimin": 27.017648, "Bellman": 27.017648, "Nancy": 27.017648, "Cserna": 29.268753, "Cserna Pemberton Belief": 29.680873, "K-Best 3": 29.462438, "K-Best 10": 29.268753, "K-Best 30": 29.268753, "Lookahead": 3 }