{ "Minimin": 30.149967, "Bellman": 30.149967, "Nancy": 30.149967, "Cserna": 28.794365, "Cserna Pemberton Belief": 27.344726, "K-Best 3": 26.668556, "K-Best 10": 28.794365, "K-Best 30": 28.794365, "Lookahead": 3 }