{ "Minimin": 29.888354, "Bellman": 29.888354, "Nancy": 29.888354, "Cserna": 28.312410, "Cserna Pemberton Belief": 24.494556, "K-Best 3": 28.332395, "K-Best 10": 28.312410, "K-Best 30": 28.312410, "Lookahead": 3 }