{ "Minimin": 21.487392, "Bellman": 21.487392, "Nancy": 21.487392, "Cserna": 21.996251, "Cserna Pemberton Belief": 22.592971, "K-Best 3": 21.996251, "K-Best 10": 21.996251, "K-Best 30": 21.996251, "Lookahead": 3 }