{ "Minimin": 27.447518, "Bellman": 27.447518, "Nancy": 27.447518, "Cserna": 25.887704, "Cserna Pemberton Belief": 29.334043, "K-Best 3": 25.294291, "K-Best 10": 25.887704, "K-Best 30": 25.887704, "Lookahead": 3 }