{ "Minimin": 25.680523, "Bellman": 25.680523, "Nancy": 25.680523, "Cserna": 25.319985, "Cserna Pemberton Belief": 28.659131, "K-Best 3": 25.767898, "K-Best 10": 25.319985, "K-Best 30": 25.319985, "Lookahead": 3 }