{ "Minimin": 24.777809, "Bellman": 24.777809, "Nancy": 24.777809, "Cserna": 26.915200, "Cserna Pemberton Belief": 26.675298, "K-Best 3": 27.050865, "K-Best 10": 26.915200, "K-Best 30": 26.915200, "Lookahead": 3 }