{ "Minimin": 28.045040, "Bellman": 28.045040, "Nancy": 28.045040, "Cserna": 29.642770, "Cserna Pemberton Belief": 27.435622, "K-Best 3": 30.518700, "K-Best 10": 29.642770, "K-Best 30": 29.642770, "Lookahead": 3 }