{ "Minimin": 25.504023, "Bellman": 25.504023, "Nancy": 25.504023, "Cserna": 28.436417, "Cserna Pemberton Belief": 25.504023, "K-Best 3": 25.951526, "K-Best 10": 28.436417, "K-Best 30": 28.436417, "Lookahead": 3 }