{ "Minimin": 27.533934, "Bellman": 27.533934, "Nancy": 27.533934, "Cserna": 28.732185, "Cserna Pemberton Belief": 27.250048, "K-Best 3": 29.833222, "K-Best 10": 28.732185, "K-Best 30": 28.732185, "K-Best 3 Pemberton Belief": 27.250048, "K-Best 10 Pemberton Belief": 27.250048, "K-Best 30 Pemberton Belief": 27.250048, "Lookahead": 3 }