{ "Minimin": 26.885272, "Bellman": 26.885272, "Nancy": 26.885272, "Cserna": 27.213960, "Cserna Pemberton Belief": 26.079391, "K-Best 3": 28.661421, "K-Best 10": 27.213960, "K-Best 30": 27.213960, "Lookahead": 3 }