{ "Minimin": 26.217394, "Bellman": 26.217394, "Nancy": 26.217394, "Cserna": 26.260681, "Cserna Pemberton Belief": 26.126001, "K-Best 3": 28.324814, "K-Best 10": 26.260681, "K-Best 30": 26.260681, "Lookahead": 3 }