{ "Minimin": 27.820661, "Bellman": 27.820661, "Nancy": 27.820661, "Cserna": 25.619808, "Cserna Pemberton Belief": 28.189120, "K-Best 3": 27.662766, "K-Best 10": 25.619808, "K-Best 30": 25.619808, "Lookahead": 3 }