{ "Minimin": 29.070895, "Bellman": 29.070895, "Nancy": 29.070895, "Cserna": 28.664633, "Cserna Pemberton Belief": 26.284536, "K-Best 3": 27.606400, "K-Best 10": 28.664633, "K-Best 30": 28.664633, "Lookahead": 3 }