{ "Minimin": 26.318177, "Bellman": 26.318177, "Nancy": 26.318177, "Cserna": 28.297331, "Cserna Pemberton Belief": 25.359743, "K-Best 3": 27.159951, "K-Best 10": 28.297331, "K-Best 30": 28.297331, "K-Best 3 Pemberton Belief": 25.359743, "K-Best 10 Pemberton Belief": 25.359743, "K-Best 30 Pemberton Belief": 25.359743, "Lookahead": 3 }