{ "Minimin": 27.857273, "Bellman": 27.857273, "Nancy": 27.857273, "Cserna": 27.049802, "Cserna Pemberton Belief": 27.444479, "K-Best 3": 27.049802, "K-Best 10": 27.049802, "K-Best 30": 27.049802, "Lookahead": 3 }