{ "Minimin": 25.487361, "Bellman": 25.487361, "Nancy": 25.487361, "Cserna": 29.489396, "Cserna Pemberton Belief": 25.227851, "K-Best 3": 29.156241, "K-Best 10": 29.489396, "K-Best 30": 29.489396, "K-Best 3 Pemberton Belief": 25.227851, "K-Best 10 Pemberton Belief": 25.227851, "K-Best 30 Pemberton Belief": 25.227851, "Lookahead": 3 }