{ "Minimin": 26.560794, "Bellman": 26.560794, "Nancy": 26.560794, "Cserna": 29.729343, "Cserna Pemberton Belief": 26.560794, "K-Best 3": 28.669768, "K-Best 10": 29.729343, "K-Best 30": 29.729343, "Lookahead": 3 }