{ "Minimin": 27.258246, "Bellman": 27.258246, "Nancy": 27.258246, "Cserna": 31.384600, "Cserna Pemberton Belief": 28.075715, "K-Best 3": 28.719096, "K-Best 10": 31.384600, "K-Best 30": 31.384600, "Lookahead": 3 }