{ "Minimin": 29.026400, "Bellman": 29.026400, "Nancy": 29.026400, "Cserna": 26.047642, "Cserna Pemberton Belief": 28.238698, "K-Best 3": 29.293183, "K-Best 10": 26.047642, "K-Best 30": 26.047642, "Lookahead": 3 }