{ "Minimin": 27.565014, "Bellman": 27.565014, "Nancy": 27.565014, "Cserna": 29.025629, "Cserna Pemberton Belief": 27.632371, "K-Best 3": 29.526586, "K-Best 10": 29.025629, "K-Best 30": 29.025629, "Lookahead": 3 }