{ "Minimin": 26.174306, "Bellman": 26.174306, "Nancy": 26.174306, "Cserna": 28.910663, "Cserna Pemberton Belief": 27.425444, "K-Best 3": 27.427492, "K-Best 10": 28.910663, "K-Best 30": 28.910663, "Lookahead": 3 }