{ "Minimin": 28.119579, "Bellman": 28.119579, "Nancy": 28.119579, "Cserna": 27.788152, "Cserna Pemberton Belief": 26.961337, "K-Best 3": 27.868936, "K-Best 10": 27.788152, "K-Best 30": 27.788152, "Lookahead": 3 }