{ "Minimin": 26.398466, "Bellman": 26.398466, "Nancy": 26.398466, "Cserna": 30.348066, "Cserna Pemberton Belief": 26.398466, "K-Best 3": 28.742847, "K-Best 10": 30.348066, "K-Best 30": 30.348066, "Lookahead": 3 }