{ "Minimin": 27.069929, "Bellman": 27.069929, "Nancy": 27.069929, "Cserna": 25.674622, "Cserna Pemberton Belief": 27.069929, "K-Best 3": 27.908604, "K-Best 10": 25.674622, "K-Best 30": 25.674622, "Lookahead": 3 }