{ "Minimin": 25.891024, "Bellman": 25.891024, "Nancy": 25.891024, "Cserna": 24.593643, "Cserna Pemberton Belief": 24.309134, "K-Best 3": 24.517299, "K-Best 10": 24.593643, "K-Best 30": 24.593643, "Lookahead": 3 }