{ "Minimin": 28.537216, "Bellman": 28.537216, "Nancy": 28.537216, "Cserna": 27.247612, "Cserna Pemberton Belief": 26.177659, "K-Best 3": 27.625055, "K-Best 10": 27.247612, "K-Best 30": 27.247612, "K-Best 3 Pemberton Belief": 26.177659, "K-Best 10 Pemberton Belief": 26.177659, "K-Best 30 Pemberton Belief": 26.177659, "Lookahead": 3 }