{ "Minimin": 26.082559, "Bellman": 26.082559, "Nancy": 26.082559, "Cserna": 27.201939, "Cserna Pemberton Belief": 24.331358, "K-Best 3": 24.175094, "K-Best 10": 27.201939, "K-Best 30": 27.201939, "Lookahead": 3 }