{ "Minimin": 27.356702, "Bellman": 27.356702, "Nancy": 27.356702, "Cserna": 28.671124, "Cserna Pemberton Belief": 30.370410, "K-Best 3": 28.045560, "K-Best 10": 28.671124, "K-Best 30": 28.671124, "Lookahead": 3 }