{ "Minimin": 27.607988, "Bellman": 27.607988, "Nancy": 27.607988, "Cserna": 28.675004, "Cserna Pemberton Belief": 30.968067, "K-Best 3": 26.877080, "K-Best 10": 28.675004, "K-Best 30": 28.675004, "Lookahead": 3 }