{ "Minimin": 27.614940, "Bellman": 27.614940, "Nancy": 27.614940, "Cserna": 28.278286, "Cserna Pemberton Belief": 25.166858, "K-Best 3": 28.576523, "K-Best 10": 28.278286, "K-Best 30": 28.278286, "Lookahead": 3 }