{ "Minimin": 29.641431, "Bellman": 29.641431, "Nancy": 29.641431, "Cserna": 31.641256, "Cserna Pemberton Belief": 33.254223, "K-Best 3": 31.444621, "K-Best 10": 31.641256, "K-Best 30": 31.641256, "Lookahead": 3 }