{ "Minimin": 28.574497, "Bellman": 28.574497, "Nancy": 28.574497, "Cserna": 29.039895, "Cserna Pemberton Belief": 28.920852, "K-Best 3": 28.990942, "K-Best 10": 29.039895, "K-Best 30": 29.039895, "Lookahead": 3 }