{ "Minimin": 25.820894, "Bellman": 25.820894, "Nancy": 25.820894, "Cserna": 28.469691, "Cserna Pemberton Belief": 25.878699, "K-Best 3": 27.483549, "K-Best 10": 28.469691, "K-Best 30": 28.469691, "Lookahead": 3 }