{ "Minimin": 27.514151, "Bellman": 27.514151, "Nancy": 27.514151, "Cserna": 28.992564, "Cserna Pemberton Belief": 28.762161, "K-Best 3": 28.290165, "K-Best 10": 28.992564, "K-Best 30": 28.992564, "Lookahead": 3 }