{ "Minimin": 23.527201, "Bellman": 23.527201, "Nancy": 23.527201, "Cserna": 26.924234, "Cserna Pemberton Belief": 27.842859, "K-Best 3": 28.676774, "K-Best 10": 26.924234, "K-Best 30": 26.924234, "Lookahead": 3 }