{ "Minimin": 28.010958, "Bellman": 28.010958, "Nancy": 28.010958, "Cserna": 25.568473, "Cserna Pemberton Belief": 27.645933, "K-Best 3": 23.724426, "K-Best 10": 25.568473, "K-Best 30": 25.568473, "Lookahead": 3 }