{ "Minimin": 26.996757, "Bellman": 26.996757, "Nancy": 26.996757, "Cserna": 30.987972, "Cserna Pemberton Belief": 26.119399, "K-Best 3": 28.754044, "K-Best 10": 30.987972, "K-Best 30": 30.987972, "K-Best 3 Pemberton Belief": 26.119399, "K-Best 10 Pemberton Belief": 26.119399, "K-Best 30 Pemberton Belief": 26.119399, "Lookahead": 3 }