{ "Minimin": 24.895846, "Bellman": 24.895846, "Nancy": 24.895846, "Cserna": 24.188302, "Cserna Pemberton Belief": 26.030150, "K-Best 3": 22.844398, "K-Best 10": 25.954840, "K-Best 30": 26.213879, "Lookahead": 7 }