{ "Minimin": 22.875159, "Bellman": 22.875159, "Nancy": 22.875159, "Cserna": 24.543366, "Cserna Pemberton Belief": 22.745464, "K-Best 3": 22.745464, "K-Best 10": 23.373072, "K-Best 30": 25.566845, "Lookahead": 7 }