{ "Minimin": 21.605493, "Bellman": 21.605493, "Nancy": 21.605493, "Cserna": 27.263162, "Cserna Pemberton Belief": 21.605493, "K-Best 3": 21.605493, "K-Best 10": 22.756988, "K-Best 30": 25.079380, "K-Best 3 Pemberton Belief": 21.605493, "K-Best 10 Pemberton Belief": 21.605493, "K-Best 30 Pemberton Belief": 21.605493, "Lookahead": 7 }