{ "Minimin": 22.835230, "Bellman": 22.835230, "Nancy": 22.835230, "Cserna": 22.316543, "Cserna Pemberton Belief": 24.215789, "K-Best 3": 24.215789, "K-Best 10": 23.090805, "K-Best 30": 24.621210, "Lookahead": 7 }