{ "Minimin": 22.476029, "Bellman": 22.476029, "Nancy": 22.476029, "Cserna": 25.436203, "Cserna Pemberton Belief": 22.999228, "K-Best 3": 22.684888, "K-Best 10": 22.774743, "K-Best 30": 24.029305, "Lookahead": 7 }