{ "Minimin": 22.148036, "Bellman": 22.148036, "Nancy": 22.148036, "Cserna": 26.905851, "Cserna Pemberton Belief": 22.300358, "K-Best 3": 24.324285, "K-Best 10": 23.999027, "K-Best 30": 22.770068, "K-Best 3 Pemberton Belief": 21.843770, "K-Best 10 Pemberton Belief": 22.300358, "K-Best 30 Pemberton Belief": 22.300358, "Lookahead": 7 }