{ "Minimin": 21.850760, "Bellman": 21.850760, "Nancy": 21.850760, "Cserna": 25.887219, "Cserna Pemberton Belief": 22.599587, "K-Best 3": 22.364018, "K-Best 10": 22.861544, "K-Best 30": 24.765271, "Lookahead": 7 }