{ "Minimin": 24.175673, "Bellman": 24.175673, "Nancy": 24.175673, "Cserna": 25.240421, "Cserna Pemberton Belief": 26.937540, "K-Best 3": 26.937540, "K-Best 10": 26.425420, "K-Best 30": 25.071856, "Lookahead": 7 }