{ "Minimin": 22.827587, "Bellman": 22.827587, "Nancy": 22.827587, "Cserna": 22.965616, "Cserna Pemberton Belief": 22.933839, "K-Best 3": 23.404170, "K-Best 10": 23.133275, "K-Best 30": 25.661710, "Lookahead": 7 }