{ "Minimin": 24.346828, "Bellman": 24.346828, "Nancy": 24.346828, "Cserna": 24.749312, "Cserna Pemberton Belief": 22.618702, "K-Best 3": 22.388475, "K-Best 10": 24.179003, "K-Best 30": 24.018463, "K-Best 3 Pemberton Belief": 22.618702, "K-Best 10 Pemberton Belief": 22.618702, "K-Best 30 Pemberton Belief": 22.618702, "Lookahead": 7 }