{ "Minimin": 23.260670, "Bellman": 23.260670, "Nancy": 23.260670, "Cserna": 27.874154, "Cserna Pemberton Belief": 23.295312, "K-Best 3": 24.269095, "K-Best 10": 25.219818, "K-Best 30": 24.454951, "Lookahead": 7 }