{ "Minimin": 24.216526, "Bellman": 24.216526, "Nancy": 24.216526, "Cserna": 24.584552, "Cserna Pemberton Belief": 25.068264, "K-Best 3": 22.458079, "K-Best 10": 23.388669, "K-Best 30": 25.780993, "Lookahead": 7 }