{ "Minimin": 25.686096, "Bellman": 25.686096, "Nancy": 25.686096, "Cserna": 28.246650, "Cserna Pemberton Belief": 23.940770, "K-Best 3": 23.940770, "K-Best 10": 22.962400, "K-Best 30": 24.594987, "Lookahead": 7 }