{ "Minimin": 25.002854, "Bellman": 25.002854, "Nancy": 25.002854, "Cserna": 23.612615, "Cserna Pemberton Belief": 24.322142, "K-Best 3": 23.934620, "K-Best 10": 26.800416, "K-Best 30": 24.113538, "Lookahead": 7 }