{ "Minimin": 26.416804, "Bellman": 26.416804, "Nancy": 26.416804, "Cserna": 25.472136, "Cserna Pemberton Belief": 26.898291, "K-Best 3": 26.898291, "K-Best 10": 26.242146, "K-Best 30": 25.477562, "Lookahead": 7 }