{ "Minimin": 24.399773, "Bellman": 24.399773, "Nancy": 24.399773, "Cserna": 24.458654, "Cserna Pemberton Belief": 22.581349, "K-Best 3": 20.795678, "K-Best 10": 23.326206, "K-Best 30": 26.000703, "Lookahead": 7 }