{ "Minimin": 24.605470, "Bellman": 24.605470, "Nancy": 24.605470, "Cserna": 26.598145, "Cserna Pemberton Belief": 24.990872, "K-Best 3": 26.660057, "K-Best 10": 25.843282, "K-Best 30": 23.122116, "Lookahead": 7 }