{ "Minimin": 24.578751, "Bellman": 24.578751, "Nancy": 24.578751, "Cserna": 24.379826, "Cserna Pemberton Belief": 22.385513, "K-Best 3": 23.662890, "K-Best 10": 23.348129, "K-Best 30": 24.089501, "K-Best 3 Pemberton Belief": 25.024861, "K-Best 10 Pemberton Belief": 22.385513, "K-Best 30 Pemberton Belief": 22.385513, "Lookahead": 7 }