{ "Minimin": 22.566662, "Bellman": 22.566662, "Nancy": 22.566662, "Cserna": 24.035535, "Cserna Pemberton Belief": 22.566662, "K-Best 3": 23.155672, "K-Best 10": 24.665082, "K-Best 30": 22.525549, "K-Best 3 Pemberton Belief": 22.566662, "K-Best 10 Pemberton Belief": 22.566662, "K-Best 30 Pemberton Belief": 22.566662, "Lookahead": 7 }