{ "Minimin": 23.339302, "Bellman": 23.339302, "Nancy": 23.339302, "Cserna": 24.130204, "Cserna Pemberton Belief": 21.957199, "K-Best 3": 23.971535, "K-Best 10": 23.163622, "K-Best 30": 25.259487, "Lookahead": 7 }