{ "Minimin": 22.998428, "Bellman": 22.998428, "Nancy": 22.998428, "Cserna": 24.536623, "Cserna Pemberton Belief": 22.556748, "K-Best 3": 23.716731, "K-Best 10": 25.214887, "K-Best 30": 26.878032, "Lookahead": 7 }