{ "Minimin": 24.264734, "Bellman": 24.264734, "Nancy": 24.264734, "Cserna": 25.515810, "Cserna Pemberton Belief": 24.058135, "K-Best 3": 23.261264, "K-Best 10": 23.096151, "K-Best 30": 24.630713, "Lookahead": 7 }