{ "Minimin": 24.131057, "Bellman": 24.131057, "Nancy": 24.131057, "Cserna": 25.546593, "Cserna Pemberton Belief": 23.559376, "K-Best 3": 22.849571, "K-Best 10": 24.057150, "K-Best 30": 26.057586, "Lookahead": 7 }