{ "Minimin": 21.913502, "Bellman": 21.913502, "Nancy": 21.913502, "Cserna": 25.154076, "Cserna Pemberton Belief": 22.165160, "K-Best 3": 22.165160, "K-Best 10": 23.949897, "K-Best 30": 25.332661, "Lookahead": 7 }