{ "Minimin": 24.134251, "Bellman": 24.134251, "Nancy": 24.134251, "Cserna": 25.110090, "Cserna Pemberton Belief": 22.485006, "K-Best 3": 23.804808, "K-Best 10": 24.118481, "K-Best 30": 25.599633, "Lookahead": 7 }