{ "Minimin": 24.782646, "Bellman": 24.782646, "Nancy": 24.782646, "Cserna": 23.431802, "Cserna Pemberton Belief": 26.268399, "K-Best 3": 23.618495, "K-Best 10": 22.036564, "K-Best 30": 25.028806, "Lookahead": 7 }