{ "Minimin": 22.660773, "Bellman": 22.660773, "Nancy": 22.660773, "Cserna": 28.776899, "Cserna Pemberton Belief": 22.607099, "K-Best 3": 24.334936, "K-Best 10": 24.350420, "K-Best 30": 24.820513, "K-Best 3 Pemberton Belief": 22.607099, "K-Best 10 Pemberton Belief": 22.607099, "K-Best 30 Pemberton Belief": 22.607099, "Lookahead": 7 }