{ "Minimin": 24.541685, "Bellman": 24.541685, "Nancy": 24.541685, "Cserna": 25.093765, "Cserna Pemberton Belief": 25.329600, "K-Best 3": 21.417729, "K-Best 10": 22.102029, "K-Best 30": 21.966654, "Lookahead": 7 }