{ "Minimin": 26.422315, "Bellman": 26.422315, "Nancy": 26.422315, "Cserna": 26.829091, "Cserna Pemberton Belief": 24.237443, "K-Best 3": 23.005023, "K-Best 10": 25.755958, "K-Best 30": 26.817054, "K-Best 3 Pemberton Belief": 24.237443, "K-Best 10 Pemberton Belief": 24.237443, "K-Best 30 Pemberton Belief": 24.237443, "Lookahead": 7 }