{ "Minimin": 24.340299, "Bellman": 24.340299, "Nancy": 24.340299, "Cserna": 23.462347, "Cserna Pemberton Belief": 24.340299, "K-Best 3": 24.741260, "K-Best 10": 23.043397, "K-Best 30": 24.898728, "Lookahead": 7 }