{ "Minimin": 25.670341, "Bellman": 25.670341, "Nancy": 25.670341, "Cserna": 25.396499, "Cserna Pemberton Belief": 24.870003, "K-Best 3": 25.068957, "K-Best 10": 24.273041, "K-Best 30": 24.533665, "Lookahead": 7 }