{ "Minimin": 23.159494, "Bellman": 23.159494, "Nancy": 23.159494, "Cserna": 26.553317, "Cserna Pemberton Belief": 24.203238, "K-Best 3": 22.767205, "K-Best 10": 24.072999, "K-Best 30": 24.563076, "Lookahead": 7 }