{ "Minimin": 22.990546, "Bellman": 22.990546, "Nancy": 22.990546, "Cserna": 25.575490, "Cserna Pemberton Belief": 23.728493, "K-Best 3": 25.065688, "K-Best 10": 24.914267, "K-Best 30": 26.188454, "Lookahead": 7 }