{ "Minimin": 23.089299, "Bellman": 23.089299, "Nancy": 23.089299, "Cserna": 22.861040, "Cserna Pemberton Belief": 22.264601, "K-Best 3": 23.147019, "K-Best 10": 23.753720, "K-Best 30": 25.650255, "Lookahead": 7 }