{ "Minimin": 23.293044, "Bellman": 23.293044, "Nancy": 23.293044, "Cserna": 25.469337, "Cserna Pemberton Belief": 22.811567, "K-Best 3": 22.811567, "K-Best 10": 25.073106, "K-Best 30": 25.438960, "Lookahead": 7 }