{ "Minimin": 22.690766, "Bellman": 22.690766, "Nancy": 22.690766, "Cserna": 26.355786, "Cserna Pemberton Belief": 23.050827, "K-Best 3": 23.622781, "K-Best 10": 23.648836, "K-Best 30": 24.789407, "Lookahead": 7 }