{ "Minimin": 22.937682, "Bellman": 22.937682, "Nancy": 22.937682, "Cserna": 24.413985, "Cserna Pemberton Belief": 22.937682, "K-Best 3": 22.954662, "K-Best 10": 26.450787, "K-Best 30": 23.470135, "Lookahead": 7 }