{ "Minimin": 25.987523, "Bellman": 25.987523, "Nancy": 25.987523, "Cserna": 25.036742, "Cserna Pemberton Belief": 23.703534, "K-Best 3": 25.498093, "K-Best 10": 22.968102, "K-Best 30": 25.041824, "K-Best 3 Pemberton Belief": 23.873861, "K-Best 10 Pemberton Belief": 23.703534, "K-Best 30 Pemberton Belief": 23.703534, "Lookahead": 7 }