{ "Minimin": 25.173047, "Bellman": 25.173047, "Nancy": 25.173047, "Cserna": 27.385047, "Cserna Pemberton Belief": 22.809937, "K-Best 3": 23.760234, "K-Best 10": 25.506528, "K-Best 30": 27.478346, "Lookahead": 7 }