{ "Minimin": 22.137622, "Bellman": 22.137622, "Nancy": 22.137622, "Cserna": 26.435939, "Cserna Pemberton Belief": 22.137622, "K-Best 3": 25.484595, "K-Best 10": 23.519149, "K-Best 30": 27.225842, "K-Best 3 Pemberton Belief": 22.137622, "K-Best 10 Pemberton Belief": 22.137622, "K-Best 30 Pemberton Belief": 22.137622, "Lookahead": 7 }