{ "Minimin": 23.817308, "Bellman": 23.817308, "Nancy": 23.817308, "Cserna": 26.846035, "Cserna Pemberton Belief": 24.731937, "K-Best 3": 24.905486, "K-Best 10": 24.901419, "K-Best 30": 24.549607, "Lookahead": 7 }