{ "Minimin": 25.194781, "Bellman": 25.194781, "Nancy": 25.194781, "Cserna": 28.590159, "Cserna Pemberton Belief": 25.412428, "K-Best 3": 25.412428, "K-Best 10": 26.992893, "K-Best 30": 26.227732, "Lookahead": 7 }