{ "Minimin": 23.627113, "Bellman": 23.627113, "Nancy": 23.627113, "Cserna": 25.458237, "Cserna Pemberton Belief": 23.869049, "K-Best 3": 23.722755, "K-Best 10": 25.155205, "K-Best 30": 24.928072, "Lookahead": 7 }