{ "Minimin": 23.086656, "Bellman": 23.086656, "Nancy": 23.086656, "Cserna": 25.332677, "Cserna Pemberton Belief": 24.255654, "K-Best 3": 25.358692, "K-Best 10": 25.025102, "K-Best 30": 26.476869, "Lookahead": 7 }