{ "Minimin": 25.048052, "Bellman": 25.048052, "Nancy": 25.048052, "Cserna": 26.397235, "Cserna Pemberton Belief": 24.663578, "K-Best 3": 23.410042, "K-Best 10": 23.839732, "K-Best 30": 27.379127, "Lookahead": 7 }