{ "Minimin": 24.310091, "Bellman": 24.310091, "Nancy": 24.310091, "Cserna": 23.134072, "Cserna Pemberton Belief": 24.437612, "K-Best 3": 23.268285, "K-Best 10": 23.613184, "K-Best 30": 25.351837, "Lookahead": 7 }