{ "Minimin": 23.619941, "Bellman": 23.619941, "Nancy": 23.619941, "Cserna": 25.344283, "Cserna Pemberton Belief": 23.619941, "K-Best 3": 23.229765, "K-Best 10": 23.864305, "K-Best 30": 25.253781, "Lookahead": 7 }