{ "Minimin": 24.306314, "Bellman": 24.306314, "Nancy": 24.306314, "Cserna": 23.842092, "Cserna Pemberton Belief": 23.725746, "K-Best 3": 23.055648, "K-Best 10": 25.160342, "K-Best 30": 24.155003, "K-Best 3 Pemberton Belief": 24.818497, "K-Best 10 Pemberton Belief": 23.725746, "K-Best 30 Pemberton Belief": 23.725746, "Lookahead": 7 }