{ "Minimin": 25.068523, "Bellman": 25.068523, "Nancy": 25.068523, "Cserna": 27.613360, "Cserna Pemberton Belief": 24.040760, "K-Best 3": 24.101625, "K-Best 10": 23.794765, "K-Best 30": 26.416449, "Lookahead": 7 }