{ "Minimin": 25.253352, "Bellman": 25.253352, "Nancy": 25.253352, "Cserna": 25.768400, "Cserna Pemberton Belief": 24.531437, "K-Best 3": 23.326014, "K-Best 10": 27.411068, "K-Best 30": 24.740811, "K-Best 3 Pemberton Belief": 24.531437, "K-Best 10 Pemberton Belief": 24.531437, "K-Best 30 Pemberton Belief": 24.531437, "Lookahead": 7 }