{ "Minimin": 22.000086, "Bellman": 22.000086, "Nancy": 22.000086, "Cserna": 24.764067, "Cserna Pemberton Belief": 22.697967, "K-Best 3": 23.187203, "K-Best 10": 25.879035, "K-Best 30": 23.638486, "Lookahead": 7 }