{ "Minimin": 24.248783, "Bellman": 24.248783, "Nancy": 24.248783, "Cserna": 27.052791, "Cserna Pemberton Belief": 22.049826, "K-Best 3": 21.888868, "K-Best 10": 26.054202, "K-Best 30": 24.366576, "Lookahead": 7 }