{ "Minimin": 25.669099, "Bellman": 25.669099, "Nancy": 25.669099, "Cserna": 28.400264, "Cserna Pemberton Belief": 24.486581, "K-Best 3": 24.340950, "K-Best 10": 26.050803, "K-Best 30": 24.778620, "Lookahead": 7 }