{ "Minimin": 24.327011, "Bellman": 24.327011, "Nancy": 24.327011, "Cserna": 25.353776, "Cserna Pemberton Belief": 24.327011, "K-Best 3": 25.405421, "K-Best 10": 22.589062, "K-Best 30": 24.030089, "Lookahead": 7 }