{ "Minimin": 23.181569, "Bellman": 23.181569, "Nancy": 23.181569, "Cserna": 23.209990, "Cserna Pemberton Belief": 23.916096, "K-Best 3": 24.236409, "K-Best 10": 22.362318, "K-Best 30": 22.113121, "Lookahead": 7 }