{ "Minimin": 23.534183, "Bellman": 23.534183, "Nancy": 23.534183, "Cserna": 23.426893, "Cserna Pemberton Belief": 23.534183, "K-Best 3": 23.409271, "K-Best 10": 23.426893, "K-Best 30": 23.426893, "Lookahead": 7 }