{ "Minimin": 23.186150, "Bellman": 23.186150, "Nancy": 23.186150, "Cserna": 24.081167, "Cserna Pemberton Belief": 23.186150, "K-Best 3": 25.628461, "K-Best 10": 23.634913, "K-Best 30": 24.081167, "Lookahead": 7 }