{ "Minimin": 26.000664, "Bellman": 26.000664, "Nancy": 26.000664, "Cserna": 24.309757, "Cserna Pemberton Belief": 23.058569, "K-Best 3": 24.053188, "K-Best 10": 25.404472, "K-Best 30": 24.309757, "Lookahead": 7 }