{ "Minimin": 23.260219, "Bellman": 23.260219, "Nancy": 23.260219, "Cserna": 24.430249, "Cserna Pemberton Belief": 25.208622, "K-Best 3": 22.947400, "K-Best 10": 22.947400, "K-Best 30": 24.929521, "Lookahead": 7 }