{ "Minimin": 22.783944, "Bellman": 22.783944, "Nancy": 22.783944, "Cserna": 26.898051, "Cserna Pemberton Belief": 23.887573, "K-Best 3": 23.801874, "K-Best 10": 24.914979, "K-Best 30": 24.676913, "Lookahead": 7 }