{ "Minimin": 24.072017, "Bellman": 24.072017, "Nancy": 24.072017, "Cserna": 28.370048, "Cserna Pemberton Belief": 24.072017, "K-Best 3": 24.281878, "K-Best 10": 24.667890, "K-Best 30": 24.374789, "Lookahead": 7 }