{ "Minimin": 22.607438, "Bellman": 22.607438, "Nancy": 22.607438, "Cserna": 24.846835, "Cserna Pemberton Belief": 23.813012, "K-Best 3": 22.500005, "K-Best 10": 24.828599, "K-Best 30": 24.432086, "Lookahead": 7 }