{ "Minimin": 26.320577, "Bellman": 26.320577, "Nancy": 26.320577, "Cserna": 25.480032, "Cserna Pemberton Belief": 24.722066, "K-Best 3": 24.300499, "K-Best 10": 25.310153, "K-Best 30": 25.685113, "Lookahead": 7 }