{ "Minimin": 23.780461, "Bellman": 23.780461, "Nancy": 23.780461, "Cserna": 26.129849, "Cserna Pemberton Belief": 24.796512, "K-Best 3": 22.574687, "K-Best 10": 24.886082, "K-Best 30": 24.986894, "Lookahead": 7 }