{ "Minimin": 22.974986, "Bellman": 22.974986, "Nancy": 22.974986, "Cserna": 24.519032, "Cserna Pemberton Belief": 24.395427, "K-Best 3": 24.241079, "K-Best 10": 24.880959, "K-Best 30": 24.519032, "Lookahead": 7 }