{ "Minimin": 23.967327, "Bellman": 23.967327, "Nancy": 23.967327, "Cserna": 23.310668, "Cserna Pemberton Belief": 22.124383, "K-Best 3": 23.829381, "K-Best 10": 25.024409, "K-Best 30": 25.765768, "K-Best 3 Pemberton Belief": 22.124383, "K-Best 10 Pemberton Belief": 22.124383, "K-Best 30 Pemberton Belief": 22.124383, "Lookahead": 7 }