{ "Minimin": 23.828539, "Bellman": 23.828539, "Nancy": 23.828539, "Cserna": 26.640079, "Cserna Pemberton Belief": 22.324773, "K-Best 3": 23.182976, "K-Best 10": 23.860709, "K-Best 30": 25.469800, "Lookahead": 7 }