{ "Minimin": 24.147108, "Bellman": 24.147108, "Nancy": 24.147108, "Cserna": 28.197466, "Cserna Pemberton Belief": 25.275742, "K-Best 3": 23.743049, "K-Best 10": 23.446557, "K-Best 30": 25.546273, "Lookahead": 7 }