{ "Minimin": 23.453206, "Bellman": 23.453206, "Nancy": 23.453206, "Cserna": 26.390495, "Cserna Pemberton Belief": 23.491267, "K-Best 3": 21.838874, "K-Best 10": 24.253689, "K-Best 30": 24.046281, "K-Best 3 Pemberton Belief": 23.491267, "K-Best 10 Pemberton Belief": 23.491267, "K-Best 30 Pemberton Belief": 23.491267, "Lookahead": 7 }