{ "Minimin": 25.021720, "Bellman": 25.021720, "Nancy": 25.021720, "Cserna": 26.149857, "Cserna Pemberton Belief": 24.266740, "K-Best 3": 24.266740, "K-Best 10": 23.520421, "K-Best 30": 24.283781, "K-Best 3 Pemberton Belief": 24.266740, "K-Best 10 Pemberton Belief": 24.266740, "K-Best 30 Pemberton Belief": 24.266740, "Lookahead": 7 }