{ "Minimin": 23.055403, "Bellman": 23.055403, "Nancy": 23.055403, "Cserna": 27.416671, "Cserna Pemberton Belief": 24.143625, "K-Best 3": 22.883592, "K-Best 10": 24.163926, "K-Best 30": 25.363607, "Lookahead": 7 }