{ "Minimin": 23.696018, "Bellman": 23.696018, "Nancy": 23.696018, "Cserna": 25.736141, "Cserna Pemberton Belief": 24.048343, "K-Best 3": 24.048343, "K-Best 10": 22.614017, "K-Best 30": 24.409322, "K-Best 3 Pemberton Belief": 23.626806, "K-Best 10 Pemberton Belief": 24.048343, "K-Best 30 Pemberton Belief": 24.048343, "Lookahead": 7 }