{ "Minimin": 22.755570, "Bellman": 22.755570, "Nancy": 22.755570, "Cserna": 24.669343, "Cserna Pemberton Belief": 22.024925, "K-Best 3": 24.314993, "K-Best 10": 24.216906, "K-Best 30": 24.360468, "K-Best 3 Pemberton Belief": 24.001290, "K-Best 10 Pemberton Belief": 22.024925, "K-Best 30 Pemberton Belief": 22.024925, "Lookahead": 7 }