{ "Minimin": 25.523823, "Bellman": 25.523823, "Nancy": 25.523823, "Cserna": 24.301724, "Cserna Pemberton Belief": 25.740588, "K-Best 3": 24.626322, "K-Best 10": 24.918637, "K-Best 30": 27.949898, "Lookahead": 7 }