{ "Minimin": 24.328769, "Bellman": 24.328769, "Nancy": 24.328769, "Cserna": 22.898164, "Cserna Pemberton Belief": 23.674748, "K-Best 3": 23.545007, "K-Best 10": 22.778778, "K-Best 30": 22.898164, "Lookahead": 7 }