{ "Minimin": 23.836215, "Bellman": 23.836215, "Nancy": 23.836215, "Cserna": 25.142562, "Cserna Pemberton Belief": 24.819278, "K-Best 3": 24.412040, "K-Best 10": 22.800530, "K-Best 30": 24.412036, "Lookahead": 7 }