{ "Minimin": 24.567998, "Bellman": 24.567998, "Nancy": 24.567998, "Cserna": 26.883047, "Cserna Pemberton Belief": 23.767069, "K-Best 3": 23.767069, "K-Best 10": 23.576231, "K-Best 30": 25.143830, "Lookahead": 7 }