{ "Minimin": 23.828667, "Bellman": 23.828667, "Nancy": 23.828667, "Cserna": 24.972888, "Cserna Pemberton Belief": 24.595445, "K-Best 3": 23.644791, "K-Best 10": 24.623186, "K-Best 30": 24.574238, "K-Best 3 Pemberton Belief": 24.595445, "K-Best 10 Pemberton Belief": 24.595445, "K-Best 30 Pemberton Belief": 24.595445, "Lookahead": 7 }