{ "Minimin": 22.516706, "Bellman": 22.516706, "Nancy": 22.516706, "Cserna": 23.919728, "Cserna Pemberton Belief": 22.378984, "K-Best 3": 23.651943, "K-Best 10": 24.314467, "K-Best 30": 27.407680, "K-Best 3 Pemberton Belief": 22.378984, "K-Best 10 Pemberton Belief": 22.378984, "K-Best 30 Pemberton Belief": 22.378984, "Lookahead": 7 }