{ "Minimin": 24.624523, "Bellman": 24.624523, "Nancy": 24.624523, "Cserna": 24.282230, "Cserna Pemberton Belief": 25.758453, "K-Best 3": 24.758583, "K-Best 10": 22.681197, "K-Best 30": 23.150796, "Lookahead": 7 }