{ "Minimin": 23.880236, "Bellman": 23.880236, "Nancy": 23.880236, "Cserna": 25.977345, "Cserna Pemberton Belief": 23.493779, "K-Best 3": 23.732433, "K-Best 10": 22.899977, "K-Best 30": 24.088325, "Lookahead": 7 }