{ "Minimin": 22.409914, "Bellman": 22.409914, "Nancy": 22.409914, "Cserna": 23.745195, "Cserna Pemberton Belief": 20.331114, "K-Best 3": 25.442358, "K-Best 10": 23.335908, "K-Best 30": 24.637192, "Lookahead": 7 }