{ "Minimin": 22.919891, "Bellman": 22.919891, "Nancy": 22.919891, "Cserna": 28.669103, "Cserna Pemberton Belief": 24.567726, "K-Best 3": 23.587052, "K-Best 10": 23.494528, "K-Best 30": 24.021425, "Lookahead": 7 }