{ "Minimin": 26.140200, "Bellman": 26.140200, "Nancy": 26.140200, "Cserna": 25.941809, "Cserna Pemberton Belief": 23.524464, "K-Best 3": 21.908040, "K-Best 10": 24.424119, "K-Best 30": 23.803623, "Lookahead": 7 }