{ "Minimin": 24.362291, "Bellman": 24.362291, "Nancy": 24.362291, "Cserna": 25.486327, "Cserna Pemberton Belief": 22.854814, "K-Best 3": 22.213810, "K-Best 10": 23.572501, "K-Best 30": 24.832565, "Lookahead": 7 }