{ "Minimin": 24.168290, "Bellman": 24.168290, "Nancy": 24.168290, "Cserna": 26.232112, "Cserna Pemberton Belief": 24.538755, "K-Best 3": 21.398845, "K-Best 10": 26.888106, "K-Best 30": 25.051865, "Lookahead": 7 }