{ "Minimin": 24.665371, "Bellman": 24.665371, "Nancy": 24.665371, "Cserna": 24.866929, "Cserna Pemberton Belief": 24.665371, "K-Best 3": 24.546638, "K-Best 10": 25.174005, "K-Best 30": 25.180867, "Lookahead": 7 }