{ "Minimin": 24.618338, "Bellman": 24.618338, "Nancy": 24.618338, "Cserna": 24.551625, "Cserna Pemberton Belief": 24.832520, "K-Best 3": 24.358481, "K-Best 10": 24.954072, "K-Best 30": 23.732294, "K-Best 3 Pemberton Belief": 24.832520, "K-Best 10 Pemberton Belief": 24.832520, "K-Best 30 Pemberton Belief": 24.832520, "Lookahead": 7 }