{ "Minimin": 23.675438, "Bellman": 23.675438, "Nancy": 23.675438, "Cserna": 25.631475, "Cserna Pemberton Belief": 24.503563, "K-Best 3": 24.503563, "K-Best 10": 25.010300, "K-Best 30": 24.970302, "Lookahead": 7 }