{ "Minimin": 22.777652, "Bellman": 22.777652, "Nancy": 22.777652, "Cserna": 25.671046, "Cserna Pemberton Belief": 21.748407, "K-Best 3": 21.748407, "K-Best 10": 23.637149, "K-Best 30": 24.098323, "Lookahead": 7 }