{ "Minimin": 24.716050, "Bellman": 24.716050, "Nancy": 24.716050, "Cserna": 26.042052, "Cserna Pemberton Belief": 26.410888, "K-Best 3": 25.020702, "K-Best 10": 25.714695, "K-Best 30": 25.163324, "Lookahead": 7 }