{ "Minimin": 24.128646, "Bellman": 24.128646, "Nancy": 24.128646, "Cserna": 26.286783, "Cserna Pemberton Belief": 23.247363, "K-Best 3": 22.896131, "K-Best 10": 25.038000, "K-Best 30": 25.813222, "Lookahead": 7 }