{ "Minimin": 20.728704, "Bellman": 20.728704, "Nancy": 20.728704, "Cserna": 24.685698, "Cserna Pemberton Belief": 20.728704, "K-Best 3": 22.560098, "K-Best 10": 23.328772, "K-Best 30": 25.531469, "Lookahead": 7 }