{ "Minimin": 22.974895, "Bellman": 22.974895, "Nancy": 22.974895, "Cserna": 26.915441, "Cserna Pemberton Belief": 22.647992, "K-Best 3": 22.647992, "K-Best 10": 22.647992, "K-Best 30": 22.769713, "Lookahead": 7 }