{ "Minimin": 21.739914, "Bellman": 21.739914, "Nancy": 21.739914, "Cserna": 24.098520, "Cserna Pemberton Belief": 23.833419, "K-Best 3": 24.926614, "K-Best 10": 24.135945, "K-Best 30": 24.087504, "Lookahead": 7 }