{ "Minimin": 24.804931, "Bellman": 24.804931, "Nancy": 24.804931, "Cserna": 25.043059, "Cserna Pemberton Belief": 24.783630, "K-Best 3": 24.092971, "K-Best 10": 25.330281, "K-Best 30": 26.890749, "Lookahead": 7 }