{ "Minimin": 25.988654, "Bellman": 25.988654, "Nancy": 25.988654, "Cserna": 26.096366, "Cserna Pemberton Belief": 23.135712, "K-Best 3": 24.213691, "K-Best 10": 26.413429, "K-Best 30": 25.384682, "K-Best 3 Pemberton Belief": 23.135712, "K-Best 10 Pemberton Belief": 23.135712, "K-Best 30 Pemberton Belief": 23.135712, "Lookahead": 7 }