{ "Minimin": 26.526755, "Bellman": 26.526755, "Nancy": 26.526755, "Cserna": 27.177292, "Cserna Pemberton Belief": 25.129290, "K-Best 3": 22.650665, "K-Best 10": 23.715084, "K-Best 30": 26.233461, "Lookahead": 7 }