{ "Minimin": 22.797212, "Bellman": 22.797212, "Nancy": 22.797212, "Cserna": 26.701900, "Cserna Pemberton Belief": 22.797212, "K-Best 3": 23.832329, "K-Best 10": 24.114009, "K-Best 30": 24.441379, "K-Best 3 Pemberton Belief": 22.797212, "K-Best 10 Pemberton Belief": 22.797212, "K-Best 30 Pemberton Belief": 22.797212, "Lookahead": 7 }