{ "Minimin": 24.480660, "Bellman": 24.480660, "Nancy": 24.480660, "Cserna": 26.062806, "Cserna Pemberton Belief": 24.480660, "K-Best 3": 24.371496, "K-Best 10": 22.774303, "K-Best 30": 25.500211, "Lookahead": 7 }