{ "Minimin": 24.638858, "Bellman": 24.638858, "Nancy": 24.638858, "Cserna": 26.125486, "Cserna Pemberton Belief": 22.904401, "K-Best 3": 22.904401, "K-Best 10": 25.465312, "K-Best 30": 25.124739, "Lookahead": 7 }