{ "Minimin": 24.334116, "Bellman": 24.334116, "Nancy": 24.334116, "Cserna": 21.997881, "Cserna Pemberton Belief": 24.894165, "K-Best 3": 24.924099, "K-Best 10": 25.379059, "K-Best 30": 24.119486, "Lookahead": 7 }