{ "Minimin": 22.841296, "Bellman": 22.841296, "Nancy": 22.841296, "Cserna": 23.613076, "Cserna Pemberton Belief": 22.338520, "K-Best 3": 22.338520, "K-Best 10": 22.745176, "K-Best 30": 23.925262, "K-Best 3 Pemberton Belief": 22.338520, "K-Best 10 Pemberton Belief": 22.338520, "K-Best 30 Pemberton Belief": 22.338520, "Lookahead": 7 }