{ "Minimin": 24.094559, "Bellman": 24.094559, "Nancy": 24.094559, "Cserna": 23.004927, "Cserna Pemberton Belief": 24.312402, "K-Best 3": 22.667349, "K-Best 10": 23.916374, "K-Best 30": 24.509534, "Lookahead": 7 }