{ "Minimin": 23.342630, "Bellman": 23.342630, "Nancy": 23.342630, "Cserna": 24.278119, "Cserna Pemberton Belief": 23.316207, "K-Best 3": 23.440274, "K-Best 10": 25.429933, "K-Best 30": 24.564284, "Lookahead": 7 }