{ "Minimin": 25.574520, "Bellman": 25.574520, "Nancy": 25.574520, "Cserna": 25.323709, "Cserna Pemberton Belief": 22.656763, "K-Best 3": 22.656763, "K-Best 10": 23.751000, "K-Best 30": 26.522657, "Lookahead": 7 }