{ "Minimin": 21.728733, "Bellman": 21.728733, "Nancy": 21.728733, "Cserna": 26.961165, "Cserna Pemberton Belief": 22.229490, "K-Best 3": 21.808977, "K-Best 10": 23.823414, "K-Best 30": 25.839442, "Lookahead": 7 }