{ "Minimin": 22.434147, "Bellman": 22.434147, "Nancy": 22.434147, "Cserna": 26.351159, "Cserna Pemberton Belief": 23.885448, "K-Best 3": 22.872468, "K-Best 10": 23.885448, "K-Best 30": 24.639512, "Lookahead": 7 }