{ "Minimin": 25.554869, "Bellman": 25.554869, "Nancy": 25.554869, "Cserna": 28.119004, "Cserna Pemberton Belief": 23.269071, "K-Best 3": 22.419870, "K-Best 10": 23.414077, "K-Best 30": 26.917471, "Lookahead": 7 }