{ "Minimin": 22.668035, "Bellman": 22.668035, "Nancy": 22.668035, "Cserna": 25.655567, "Cserna Pemberton Belief": 23.633836, "K-Best 3": 23.683123, "K-Best 10": 22.146481, "K-Best 30": 25.621488, "Lookahead": 7 }