{ "Minimin": 23.048144, "Bellman": 23.048144, "Nancy": 23.048144, "Cserna": 24.084447, "Cserna Pemberton Belief": 23.017769, "K-Best 3": 23.017769, "K-Best 10": 24.013516, "K-Best 30": 24.453661, "Lookahead": 7 }