{ "Minimin": 23.785852, "Bellman": 23.785852, "Nancy": 23.785852, "Cserna": 25.486430, "Cserna Pemberton Belief": 25.349368, "K-Best 3": 25.591462, "K-Best 10": 25.145870, "K-Best 30": 24.941333, "Lookahead": 7 }