{ "Minimin": 22.662415, "Bellman": 22.662415, "Nancy": 22.662415, "Cserna": 26.212022, "Cserna Pemberton Belief": 22.506498, "K-Best 3": 25.897384, "K-Best 10": 23.054263, "K-Best 30": 23.054263, "Lookahead": 7 }