{ "Minimin": 22.017805, "Bellman": 22.017805, "Nancy": 22.017805, "Cserna": 24.868415, "Cserna Pemberton Belief": 22.017805, "K-Best 3": 24.244334, "K-Best 10": 22.999549, "K-Best 30": 26.174088, "Lookahead": 7 }