{ "Minimin": 25.115507, "Bellman": 25.115507, "Nancy": 25.115507, "Cserna": 27.369038, "Cserna Pemberton Belief": 24.635973, "K-Best 3": 24.635973, "K-Best 10": 25.249479, "K-Best 30": 24.231087, "Lookahead": 7 }