{ "Minimin": 23.136069, "Bellman": 23.136069, "Nancy": 23.136069, "Cserna": 25.447689, "Cserna Pemberton Belief": 22.770700, "K-Best 3": 22.770700, "K-Best 10": 21.419740, "K-Best 30": 25.447689, "Lookahead": 7 }