{ "Minimin": 24.398355, "Bellman": 24.398355, "Nancy": 24.398355, "Cserna": 26.363785, "Cserna Pemberton Belief": 24.398355, "K-Best 3": 24.398355, "K-Best 10": 24.120647, "K-Best 30": 24.114407, "Lookahead": 7 }