{ "Minimin": 20.424200, "Bellman": 20.424200, "Nancy": 20.424200, "Cserna": 25.523315, "Cserna Pemberton Belief": 20.424200, "K-Best 3": 21.578871, "K-Best 10": 21.717218, "K-Best 30": 24.428498, "Lookahead": 7 }