{ "Minimin": 24.717443, "Bellman": 24.717443, "Nancy": 24.717443, "Cserna": 25.241677, "Cserna Pemberton Belief": 25.018361, "K-Best 3": 23.313993, "K-Best 10": 23.543938, "K-Best 30": 23.754751, "Lookahead": 7 }