{ "Minimin": 25.034036, "Bellman": 25.034036, "Nancy": 25.034036, "Cserna": 24.442173, "Cserna Pemberton Belief": 25.066754, "K-Best 3": 24.435601, "K-Best 10": 25.009584, "K-Best 30": 24.442173, "Lookahead": 7 }