{ "Minimin": 24.748653, "Bellman": 24.748653, "Nancy": 24.748653, "Cserna": 25.706744, "Cserna Pemberton Belief": 24.433143, "K-Best 3": 21.847194, "K-Best 10": 24.829675, "K-Best 30": 24.969847, "K-Best 3 Pemberton Belief": 24.433143, "K-Best 10 Pemberton Belief": 24.433143, "K-Best 30 Pemberton Belief": 24.433143, "Lookahead": 7 }