{ "Minimin": 23.421743, "Bellman": 23.421743, "Nancy": 23.421743, "Cserna": 27.689217, "Cserna Pemberton Belief": 23.421743, "K-Best 3": 23.385496, "K-Best 10": 22.624762, "K-Best 30": 24.406773, "Lookahead": 7 }