{ "Minimin": 22.274094, "Bellman": 22.274094, "Nancy": 22.274094, "Cserna": 25.897702, "Cserna Pemberton Belief": 25.406029, "K-Best 3": 23.554817, "K-Best 10": 24.089935, "K-Best 30": 23.309961, "K-Best 3 Pemberton Belief": 24.898393, "K-Best 10 Pemberton Belief": 25.406029, "K-Best 30 Pemberton Belief": 25.406029, "Lookahead": 7 }