{ "Minimin": 23.181569, "Bellman": 23.181569, "Nancy": 23.181569, "Cserna": 24.247457, "Cserna Pemberton Belief": 23.916096, "K-Best 3": 23.664463, "K-Best 10": 24.439616, "K-Best 30": 22.767643, "Lookahead": 7 }