{ "Minimin": 23.117653, "Bellman": 23.117653, "Nancy": 23.117653, "Cserna": 23.171317, "Cserna Pemberton Belief": 23.630072, "K-Best 3": 22.307800, "K-Best 10": 24.099902, "K-Best 30": 21.446882, "Lookahead": 7 }