{ "Minimin": 36.340484, "Bellman": 22.297689, "Nancy": 22.297689, "Cserna": 36.812007, "Cserna Pemberton Belief": 36.812007, "K-Best 3": 21.523048, "K-Best 10": 21.161862, "K-Best 30": 21.576185, "Lookahead": 1000 }