{ "Minimin": 36.881503, "Bellman": 21.436354, "Nancy": 21.436354, "Cserna": 32.233503, "Cserna Pemberton Belief": 32.233503, "K-Best 3": 21.436354, "K-Best 10": 22.052636, "K-Best 30": 22.634185, "Lookahead": 1000 }