{ "Minimin": 33.277052, "Bellman": 20.228332, "Nancy": 20.228332, "Cserna": 33.588367, "Cserna Pemberton Belief": 33.588367, "K-Best 3": 20.228332, "K-Best 10": 20.228332, "K-Best 30": 21.390386, "Lookahead": 1000 }