{ "Minimin": 39.249216, "Bellman": 26.164562, "Nancy": 26.164562, "Cserna": 32.727292, "Cserna Pemberton Belief": 32.727292, "K-Best 3": 26.281995, "K-Best 10": 24.828642, "K-Best 30": 24.828642, "Lookahead": 10 }