{ "Minimin": 37.808636, "Bellman": 23.257242, "Nancy": 23.257242, "Cserna": 33.145825, "Cserna Pemberton Belief": 33.145825, "K-Best 3": 20.544528, "K-Best 10": 22.151543, "K-Best 30": 23.144460, "Lookahead": 100 }