{ "Minimin": 34.874005, "Bellman": 24.048501, "Nancy": 24.048501, "Cserna": 32.468216, "Cserna Pemberton Belief": 32.468216, "K-Best 3": 24.718060, "K-Best 10": 26.212546, "K-Best 30": 26.212546, "Lookahead": 10 }