{ "Minimin": 43.241705, "Bellman": 27.501075, "Nancy": 27.501075, "Cserna": 34.715346, "Cserna Pemberton Belief": 34.715346, "K-Best 3": 28.435366, "K-Best 10": 29.737258, "K-Best 30": 29.737258, "Lookahead": 10 }