{ "Minimin": 35.720775, "Bellman": 25.383894, "Nancy": 25.383894, "Cserna": 33.581648, "Cserna Pemberton Belief": 33.581648, "K-Best 3": 24.725259, "K-Best 10": 26.196193, "K-Best 30": 26.196193, "Lookahead": 10 }