{ "Minimin": 34.036116, "Bellman": 21.292605, "Nancy": 21.292605, "Cserna": 36.329375, "Cserna Pemberton Belief": 36.329375, "K-Best 3": 21.039218, "K-Best 10": 21.522335, "K-Best 30": 21.731798, "Lookahead": 1000 }