{ "Minimin": 35.292845, "Bellman": 23.209824, "Nancy": 23.209824, "Cserna": 36.011988, "Cserna Pemberton Belief": 36.011988, "K-Best 3": 22.182809, "K-Best 10": 22.334396, "K-Best 30": 21.883068, "Lookahead": 100 }