{ "Minimin": 33.961186, "Bellman": 22.302351, "Nancy": 22.302351, "Cserna": 30.002099, "Cserna Pemberton Belief": 30.002099, "K-Best 3": 23.105420, "K-Best 10": 21.723724, "K-Best 30": 22.981963, "Lookahead": 100 }