{ "Minimin": 35.482222, "Bellman": 20.888025, "Nancy": 20.888025, "Cserna": 34.779145, "Cserna Pemberton Belief": 34.779145, "K-Best 3": 21.305717, "K-Best 10": 21.214959, "K-Best 30": 21.911319, "Lookahead": 1000 }