{ "Minimin": 33.094521, "Bellman": 25.571158, "Nancy": 25.571158, "Cserna": 31.984180, "Cserna Pemberton Belief": 31.984180, "K-Best 3": 24.356250, "K-Best 10": 24.737554, "K-Best 30": 24.737554, "Lookahead": 10 }