{ "Minimin": 34.345342, "Bellman": 22.450332, "Nancy": 22.450332, "Cserna": 30.401787, "Cserna Pemberton Belief": 30.401787, "K-Best 3": 23.509365, "K-Best 10": 24.685419, "K-Best 30": 24.817107, "Lookahead": 100 }