{ "Minimin": 39.368560, "Bellman": 25.643215, "Nancy": 25.643215, "Cserna": 31.188047, "Cserna Pemberton Belief": 31.188047, "K-Best 3": 24.284630, "K-Best 10": 24.182640, "K-Best 30": 24.182640, "Lookahead": 10 }