{ "Minimin": 34.355469, "Bellman": 21.930318, "Nancy": 21.930318, "Cserna": 33.028542, "Cserna Pemberton Belief": 33.028542, "K-Best 3": 22.409107, "K-Best 10": 22.875987, "K-Best 30": 24.227446, "Lookahead": 100 }