{ "Minimin": 33.391864, "Bellman": 21.059398, "Nancy": 21.059398, "Cserna": 35.883374, "Cserna Pemberton Belief": 35.883374, "K-Best 3": 21.059398, "K-Best 10": 23.823141, "K-Best 30": 24.306476, "Lookahead": 100 }