{ "Minimin": 36.800031, "Bellman": 21.519190, "Nancy": 21.519190, "Cserna": 36.141995, "Cserna Pemberton Belief": 36.141995, "K-Best 3": 21.519190, "K-Best 10": 22.129965, "K-Best 30": 25.116105, "Lookahead": 1000 }