{ "Minimin": 37.173565, "Bellman": 21.413061, "Nancy": 21.413061, "Cserna": 30.928750, "Cserna Pemberton Belief": 30.928750, "K-Best 3": 19.658112, "K-Best 10": 21.624696, "K-Best 30": 22.693247, "Lookahead": 1000 }