{ "Minimin": 33.640100, "Bellman": 22.532228, "Nancy": 22.532228, "Cserna": 34.271392, "Cserna Pemberton Belief": 34.271392, "K-Best 3": 23.560824, "K-Best 10": 24.867124, "K-Best 30": 23.455114, "Lookahead": 100 }