{ "Minimin": 37.917530, "Bellman": 21.418150, "Nancy": 21.418150, "Cserna": 34.906478, "Cserna Pemberton Belief": 34.906478, "K-Best 3": 21.982502, "K-Best 10": 21.412633, "K-Best 30": 23.580144, "Lookahead": 100 }