{ "Minimin": 35.907029, "Bellman": 20.837828, "Nancy": 20.837828, "Cserna": 35.181459, "Cserna Pemberton Belief": 35.181459, "K-Best 3": 20.909182, "K-Best 10": 20.709579, "K-Best 30": 21.588372, "Lookahead": 100 }