{ "Minimin": 35.034874, "Bellman": 25.665514, "Nancy": 25.665514, "Cserna": 34.207221, "Cserna Pemberton Belief": 34.207221, "K-Best 3": 24.097434, "K-Best 10": 27.306806, "K-Best 30": 27.306806, "Lookahead": 10 }