{ "Minimin": 42.289486, "Bellman": 25.648681, "Nancy": 25.648681, "Cserna": 34.132055, "Cserna Pemberton Belief": 34.132055, "K-Best 3": 25.450522, "K-Best 10": 27.031056, "K-Best 30": 27.031056, "Lookahead": 10 }