{ "Minimin": 38.021154, "Bellman": 19.138304, "Nancy": 19.138304, "Cserna": 37.503825, "Cserna Pemberton Belief": 37.503825, "K-Best 3": 19.138304, "K-Best 10": 20.712872, "K-Best 30": 20.655235, "Lookahead": 1000 }