{ "Minimin": 35.614544, "Bellman": 19.942729, "Nancy": 19.942729, "Cserna": 40.244841, "Cserna Pemberton Belief": 40.244841, "K-Best 3": 19.942729, "K-Best 10": 20.829194, "K-Best 30": 20.824778, "Lookahead": 1000 }