{ "Minimin": 35.472147, "Bellman": 22.169003, "Nancy": 22.169003, "Cserna": 34.698181, "Cserna Pemberton Belief": 34.698181, "K-Best 3": 26.263318, "K-Best 10": 26.635073, "K-Best 30": 26.635073, "Lookahead": 10 }