{ "Minimin": 34.386065, "Bellman": 28.458524, "Nancy": 28.458524, "Cserna": 30.705389, "Cserna Pemberton Belief": 30.705389, "K-Best 3": 24.736475, "K-Best 10": 26.138752, "K-Best 30": 26.138752, "Lookahead": 10 }