{ "Minimin": 29.404027, "Bellman": 21.826055, "Nancy": 21.826055, "Cserna": 31.542384, "Cserna Pemberton Belief": 31.542384, "K-Best 3": 21.791603, "K-Best 10": 21.791603, "K-Best 30": 23.129774, "Lookahead": 100 }