{ "Minimin": 36.436299, "Bellman": 21.021341, "Nancy": 21.021341, "Cserna": 30.582380, "Cserna Pemberton Belief": 30.582380, "K-Best 3": 23.831279, "K-Best 10": 21.127174, "K-Best 30": 22.867866, "Lookahead": 100 }