{ "Minimin": 34.810477, "Bellman": 20.677237, "Nancy": 20.677237, "Cserna": 36.484339, "Cserna Pemberton Belief": 36.484339, "K-Best 3": 20.712124, "K-Best 10": 21.101234, "K-Best 30": 22.698535, "Lookahead": 1000 }