{ "Minimin": 34.969278, "Bellman": 24.906465, "Nancy": 24.906465, "Cserna": 34.667210, "Cserna Pemberton Belief": 34.667210, "K-Best 3": 23.952789, "K-Best 10": 25.522795, "K-Best 30": 25.522795, "Lookahead": 10 }