{ "Minimin": 38.024600, "Bellman": 22.368562, "Nancy": 22.368562, "Cserna": 29.854966, "Cserna Pemberton Belief": 29.854966, "K-Best 3": 21.871491, "K-Best 10": 20.662758, "K-Best 30": 22.030704, "Lookahead": 1000 }