{ "Minimin": 36.103310, "Bellman": 27.352760, "Nancy": 27.352760, "Cserna": 32.096989, "Cserna Pemberton Belief": 32.096989, "K-Best 3": 25.679908, "K-Best 10": 28.049338, "K-Best 30": 28.049338, "Lookahead": 10 }