{ "Minimin": 38.606666, "Bellman": 22.242188, "Nancy": 22.242188, "Cserna": 34.791190, "Cserna Pemberton Belief": 34.791190, "K-Best 3": 22.364628, "K-Best 10": 21.341167, "K-Best 30": 22.039577, "Lookahead": 1000 }