{ "Minimin": 36.722926, "Bellman": 26.404475, "Nancy": 26.404475, "Cserna": 33.861355, "Cserna Pemberton Belief": 33.861355, "K-Best 3": 28.119603, "K-Best 10": 25.862460, "K-Best 30": 25.862460, "Lookahead": 10 }