{ "Minimin": 39.231264, "Bellman": 25.473708, "Nancy": 25.473708, "Cserna": 33.751687, "Cserna Pemberton Belief": 33.751687, "K-Best 3": 25.534202, "K-Best 10": 26.879608, "K-Best 30": 26.879608, "Lookahead": 10 }