{ "Minimin": 36.531991, "Bellman": 26.255787, "Nancy": 26.255787, "Cserna": 31.606301, "Cserna Pemberton Belief": 31.606301, "K-Best 3": 29.649057, "K-Best 10": 31.051717, "K-Best 30": 31.051717, "Lookahead": 10 }