{ "Minimin": 36.339367, "Bellman": 23.178928, "Nancy": 23.178928, "Cserna": 33.610253, "Cserna Pemberton Belief": 33.610253, "K-Best 3": 22.861093, "K-Best 10": 22.105003, "K-Best 30": 23.764461, "Lookahead": 100 }