{ "Minimin": 33.904816, "Bellman": 22.754603, "Nancy": 22.754603, "Cserna": 32.557117, "Cserna Pemberton Belief": 32.557117, "K-Best 3": 22.162383, "K-Best 10": 22.540877, "K-Best 30": 24.363129, "Lookahead": 100 }