{ "Minimin": 37.791147, "Bellman": 22.831536, "Nancy": 22.831536, "Cserna": 38.440046, "Cserna Pemberton Belief": 38.440046, "K-Best 3": 24.142861, "K-Best 10": 23.018436, "K-Best 30": 22.050131, "Lookahead": 100 }