{ "Minimin": 37.685667, "Bellman": 28.055780, "Nancy": 28.055780, "Cserna": 32.131796, "Cserna Pemberton Belief": 32.131796, "K-Best 3": 29.241333, "K-Best 10": 25.799573, "K-Best 30": 25.799573, "Lookahead": 10 }