{ "Minimin": 39.218346, "Bellman": 21.653271, "Nancy": 21.653271, "Cserna": 33.886385, "Cserna Pemberton Belief": 33.886385, "K-Best 3": 22.092116, "K-Best 10": 20.149088, "K-Best 30": 21.714967, "Lookahead": 100 }