{ "Minimin": 35.547348, "Bellman": 25.634241, "Nancy": 22.921512, "Cserna": 31.649201, "Cserna Pemberton Belief": 31.649201, "K-Best 3": 23.794880, "K-Best 10": 22.437214, "K-Best 30": 24.800970, "Lookahead": 100 }