{ "Minimin": 37.133548, "Bellman": 20.262586, "Nancy": 20.262586, "Cserna": 36.349344, "Cserna Pemberton Belief": 36.349344, "K-Best 3": 22.436026, "K-Best 10": 22.316828, "K-Best 30": 22.539838, "Lookahead": 100 }