{ "Minimin": 35.988062, "Bellman": 25.649178, "Nancy": 25.649178, "Cserna": 33.000494, "Cserna Pemberton Belief": 33.000494, "K-Best 3": 24.114343, "K-Best 10": 26.583242, "K-Best 30": 26.583242, "Lookahead": 10 }