{ "Minimin": 37.576566, "Bellman": 20.899967, "Nancy": 20.899967, "Cserna": 35.181542, "Cserna Pemberton Belief": 35.181542, "K-Best 3": 22.153317, "K-Best 10": 21.664411, "K-Best 30": 22.153317, "Lookahead": 1000 }