{ "Minimin": 41.082892, "Bellman": 22.258219, "Nancy": 22.258219, "Cserna": 38.326735, "Cserna Pemberton Belief": 38.326735, "K-Best 3": 22.242643, "K-Best 10": 23.479453, "K-Best 30": 24.553025, "Lookahead": 100 }