{ "Minimin": 43.486509, "Bellman": 26.269186, "Nancy": 26.269186, "Cserna": 30.212124, "Cserna Pemberton Belief": 30.212124, "K-Best 3": 26.711709, "K-Best 10": 24.522823, "K-Best 30": 24.522823, "Lookahead": 10 }