{ "Minimin": 37.075332, "Bellman": 22.884351, "Nancy": 22.884351, "Cserna": 34.068320, "Cserna Pemberton Belief": 34.068320, "K-Best 3": 23.208419, "K-Best 10": 24.214357, "K-Best 30": 26.292579, "Lookahead": 100 }