{ "Minimin": 34.874209, "Bellman": 27.143315, "Nancy": 27.143315, "Cserna": 35.509806, "Cserna Pemberton Belief": 35.509806, "K-Best 3": 26.472222, "K-Best 10": 27.068121, "K-Best 30": 27.068121, "Lookahead": 10 }