{ "Minimin": 31.267867, "Bellman": 22.784874, "Nancy": 22.784874, "Cserna": 33.144616, "Cserna Pemberton Belief": 33.144616, "K-Best 3": 21.618449, "K-Best 10": 22.378066, "K-Best 30": 22.519824, "Lookahead": 1000 }