{ "Minimin": 40.531699, "Bellman": 26.251697, "Nancy": 26.251697, "Cserna": 35.806501, "Cserna Pemberton Belief": 35.806501, "K-Best 3": 23.460792, "K-Best 10": 26.537648, "K-Best 30": 26.537648, "Lookahead": 10 }