{ "Minimin": 39.364953, "Bellman": 24.613687, "Nancy": 24.613687, "Cserna": 33.704419, "Cserna Pemberton Belief": 33.704419, "K-Best 3": 24.424541, "K-Best 10": 27.290914, "K-Best 30": 27.290914, "Lookahead": 10 }