{ "Minimin": 35.717939, "Bellman": 26.203957, "Nancy": 26.203957, "Cserna": 33.308915, "Cserna Pemberton Belief": 33.308915, "K-Best 3": 26.595983, "K-Best 10": 26.336413, "K-Best 30": 26.336413, "Lookahead": 10 }