{ "Minimin": 31.934507, "Bellman": 24.371959, "Nancy": 24.371959, "Cserna": 33.552993, "Cserna Pemberton Belief": 33.552993, "K-Best 3": 24.778108, "K-Best 10": 30.054442, "K-Best 30": 30.054442, "Lookahead": 10 }