{ "Minimin": 36.633873, "Bellman": 21.904723, "Nancy": 21.904723, "Cserna": 34.499613, "Cserna Pemberton Belief": 34.499613, "K-Best 3": 22.031387, "K-Best 10": 20.943712, "K-Best 30": 22.325609, "Lookahead": 1000 }