{ "Minimin": 35.590795, "Bellman": 22.361974, "Nancy": 22.361974, "Cserna": 32.687930, "Cserna Pemberton Belief": 32.687930, "K-Best 3": 21.382673, "K-Best 10": 23.943005, "K-Best 30": 24.704574, "Lookahead": 100 }