{ "Minimin": 38.103231, "Bellman": 22.220407, "Nancy": 22.220407, "Cserna": 30.696873, "Cserna Pemberton Belief": 30.696873, "K-Best 3": 24.338257, "K-Best 10": 22.980860, "K-Best 30": 25.250279, "Lookahead": 100 }