{ "Minimin": 29.939478, "Bellman": 21.998750, "Nancy": 21.998750, "Cserna": 31.867922, "Cserna Pemberton Belief": 31.867922, "K-Best 3": 21.780484, "K-Best 10": 21.780484, "K-Best 30": 22.928842, "Lookahead": 1000 }