{ "Minimin": 33.138094, "Bellman": 21.958753, "Nancy": 21.958753, "Cserna": 28.528596, "Cserna Pemberton Belief": 28.528596, "K-Best 3": 22.053733, "K-Best 10": 23.381091, "K-Best 30": 23.547685, "Lookahead": 100 }