{ "Minimin": 37.914836, "Bellman": 24.894641, "Nancy": 24.894641, "Cserna": 33.461209, "Cserna Pemberton Belief": 33.461209, "K-Best 3": 24.213144, "K-Best 10": 24.446790, "K-Best 30": 24.446790, "Lookahead": 10 }