{ "Minimin": 35.278606, "Bellman": 24.521431, "Nancy": 24.521431, "Cserna": 33.068431, "Cserna Pemberton Belief": 33.068431, "K-Best 3": 22.430291, "K-Best 10": 24.533896, "K-Best 30": 22.740801, "Lookahead": 100 }