{ "Minimin": 37.496460, "Bellman": 21.428650, "Nancy": 21.428650, "Cserna": 33.996356, "Cserna Pemberton Belief": 33.996356, "K-Best 3": 21.746855, "K-Best 10": 21.746855, "K-Best 30": 22.521556, "Lookahead": 1000 }