{ "Minimin": 35.735024, "Bellman": 21.522813, "Nancy": 21.522813, "Cserna": 30.850193, "Cserna Pemberton Belief": 30.850193, "K-Best 3": 20.283743, "K-Best 10": 21.780776, "K-Best 30": 21.963559, "Lookahead": 100 }