{ "Minimin": 36.400422, "Bellman": 24.222388, "Nancy": 24.222388, "Cserna": 33.493015, "Cserna Pemberton Belief": 33.493015, "K-Best 3": 25.775387, "K-Best 10": 26.701800, "K-Best 30": 26.701800, "Lookahead": 10 }