{ "Minimin": 38.601012, "Bellman": 22.349473, "Nancy": 22.349473, "Cserna": 28.146418, "Cserna Pemberton Belief": 28.146418, "K-Best 3": 22.313162, "K-Best 10": 25.724048, "K-Best 30": 25.724048, "Lookahead": 10 }