{ "Minimin": 33.644407, "Bellman": 23.272341, "Nancy": 23.272341, "Cserna": 32.341251, "Cserna Pemberton Belief": 32.341251, "K-Best 3": 24.370060, "K-Best 10": 20.840679, "K-Best 30": 25.342034, "Lookahead": 100 }