{ "Minimin": 35.982687, "Bellman": 22.213004, "Nancy": 22.213004, "Cserna": 34.948586, "Cserna Pemberton Belief": 34.948586, "K-Best 3": 23.013602, "K-Best 10": 22.467176, "K-Best 30": 21.964202, "Lookahead": 1000 }