{ "Minimin": 33.319674, "Bellman": 22.837610, "Nancy": 22.837610, "Cserna": 35.520070, "Cserna Pemberton Belief": 35.520070, "K-Best 3": 21.636147, "K-Best 10": 21.649741, "K-Best 30": 22.404685, "Lookahead": 1000 }