{ "Minimin": 36.775451, "Bellman": 24.339084, "Nancy": 24.339084, "Cserna": 34.879271, "Cserna Pemberton Belief": 34.879271, "K-Best 3": 26.462082, "K-Best 10": 27.720930, "K-Best 30": 27.720930, "Lookahead": 10 }