{ "Minimin": 36.356517, "Bellman": 23.625708, "Nancy": 23.625708, "Cserna": 30.041648, "Cserna Pemberton Belief": 30.041648, "K-Best 3": 23.451257, "K-Best 10": 23.531627, "K-Best 30": 22.736377, "Lookahead": 100 }