{ "Minimin": 31.203338, "Bellman": 22.718232, "Nancy": 22.594510, "Cserna": 30.961455, "Cserna Pemberton Belief": 30.961455, "K-Best 3": 21.895360, "K-Best 10": 20.847330, "K-Best 30": 21.931661, "Lookahead": 1000 }