{ "Minimin": 38.295900, "Bellman": 26.379879, "Nancy": 26.379879, "Cserna": 32.358565, "Cserna Pemberton Belief": 32.358565, "K-Best 3": 25.420900, "K-Best 10": 24.195665, "K-Best 30": 24.195665, "Lookahead": 10 }