{ "Minimin": 36.116151, "Bellman": 23.271174, "Nancy": 23.271174, "Cserna": 33.669516, "Cserna Pemberton Belief": 33.669516, "K-Best 3": 22.821905, "K-Best 10": 23.738226, "K-Best 30": 23.385774, "Lookahead": 100 }