{ "Minimin": 32.682691, "Bellman": 23.367338, "Nancy": 23.367338, "Cserna": 32.658010, "Cserna Pemberton Belief": 32.658010, "K-Best 3": 22.056652, "K-Best 10": 22.485626, "K-Best 30": 21.999625, "Lookahead": 100 }