{ "Minimin": 34.781092, "Bellman": 24.039666, "Nancy": 24.039666, "Cserna": 31.440148, "Cserna Pemberton Belief": 31.440148, "K-Best 3": 25.471906, "K-Best 10": 23.873197, "K-Best 30": 24.360243, "Lookahead": 100 }