{ "Minimin": 31.120480, "Bellman": 26.963240, "Nancy": 26.963240, "Cserna": 32.856844, "Cserna Pemberton Belief": 32.856844, "K-Best 3": 26.513503, "K-Best 10": 27.458029, "K-Best 30": 27.458029, "Lookahead": 10 }