{ "Minimin": 35.105243, "Bellman": 20.555349, "Nancy": 20.555349, "Cserna": 32.190987, "Cserna Pemberton Belief": 32.190987, "K-Best 3": 20.166893, "K-Best 10": 20.404026, "K-Best 30": 20.085577, "Lookahead": 1000 }