{ "Minimin": 38.827496, "Bellman": 23.840725, "Nancy": 23.840725, "Cserna": 31.119526, "Cserna Pemberton Belief": 31.119526, "K-Best 3": 24.426848, "K-Best 10": 26.884344, "K-Best 30": 26.884344, "Lookahead": 10 }