{ "Minimin": 41.251840, "Bellman": 22.830887, "Nancy": 22.830887, "Cserna": 34.247136, "Cserna Pemberton Belief": 34.247136, "K-Best 3": 22.690471, "K-Best 10": 24.712322, "K-Best 30": 24.623963, "Lookahead": 100 }