{ "Minimin": 32.572696, "Bellman": 26.071785, "Nancy": 26.071785, "Cserna": 36.435543, "Cserna Pemberton Belief": 36.435543, "K-Best 3": 27.645608, "K-Best 10": 27.922180, "K-Best 30": 27.922180, "Lookahead": 10 }