{ "Minimin": 38.019644, "Bellman": 22.446336, "Nancy": 22.446336, "Cserna": 36.883780, "Cserna Pemberton Belief": 36.883780, "K-Best 3": 21.711219, "K-Best 10": 22.513578, "K-Best 30": 24.010659, "Lookahead": 100 }