{ "Minimin": 33.077025, "Bellman": 21.796651, "Nancy": 21.796651, "Cserna": 35.762495, "Cserna Pemberton Belief": 35.762495, "K-Best 3": 21.094337, "K-Best 10": 21.846804, "K-Best 30": 23.920265, "Lookahead": 100 }