{ "Minimin": 38.582816, "Bellman": 20.734855, "Nancy": 20.734855, "Cserna": 32.938645, "Cserna Pemberton Belief": 32.938645, "K-Best 3": 21.275884, "K-Best 10": 21.283671, "K-Best 30": 21.137792, "Lookahead": 1000 }