{ "Minimin": 30.436639, "Bellman": 21.690193, "Nancy": 21.690193, "Cserna": 37.004099, "Cserna Pemberton Belief": 37.004099, "K-Best 3": 22.503306, "K-Best 10": 21.615537, "K-Best 30": 22.698317, "Lookahead": 1000 }