{ "Minimin": 36.757696, "Bellman": 22.462643, "Nancy": 22.462643, "Cserna": 27.050825, "Cserna Pemberton Belief": 27.050825, "K-Best 3": 21.303460, "K-Best 10": 23.875675, "K-Best 30": 23.926194, "Lookahead": 100 }