{ "Minimin": 37.515622, "Bellman": 23.183688, "Nancy": 23.183688, "Cserna": 32.789585, "Cserna Pemberton Belief": 32.789585, "K-Best 3": 26.752626, "K-Best 10": 25.104189, "K-Best 30": 25.104189, "Lookahead": 10 }