{ "Minimin": 35.408629, "Bellman": 22.484344, "Nancy": 22.484344, "Cserna": 28.461897, "Cserna Pemberton Belief": 28.461897, "K-Best 3": 22.509890, "K-Best 10": 23.519402, "K-Best 30": 22.093494, "Lookahead": 100 }