{ "Minimin": 32.208747, "Bellman": 25.011046, "Nancy": 25.011046, "Cserna": 32.795430, "Cserna Pemberton Belief": 32.795430, "K-Best 3": 23.977985, "K-Best 10": 25.407754, "K-Best 30": 23.929564, "Lookahead": 100 }