{ "Minimin": 39.446890, "Bellman": 20.092843, "Nancy": 20.092843, "Cserna": 31.078714, "Cserna Pemberton Belief": 31.078714, "K-Best 3": 20.092843, "K-Best 10": 20.696695, "K-Best 30": 21.038474, "Lookahead": 1000 }