{ "Minimin": 29.385227, "Bellman": 21.307845, "Nancy": 21.307845, "Cserna": 32.435883, "Cserna Pemberton Belief": 32.435883, "K-Best 3": 22.205804, "K-Best 10": 21.769798, "K-Best 30": 21.355370, "Lookahead": 1000 }