{ "Minimin": 34.063275, "Bellman": 21.504320, "Nancy": 21.504320, "Cserna": 36.461889, "Cserna Pemberton Belief": 36.461889, "K-Best 3": 20.792019, "K-Best 10": 21.209618, "K-Best 30": 21.644871, "Lookahead": 1000 }