{ "Minimin": 33.554959, "Bellman": 25.595117, "Nancy": 25.595117, "Cserna": 30.955179, "Cserna Pemberton Belief": 30.955179, "K-Best 3": 26.432354, "K-Best 10": 24.428595, "K-Best 30": 24.428595, "Lookahead": 10 }