{ "Minimin": 36.768993, "Bellman": 23.989559, "Nancy": 23.989559, "Cserna": 34.226991, "Cserna Pemberton Belief": 34.226991, "K-Best 3": 24.189169, "K-Best 10": 25.884005, "K-Best 30": 25.884005, "Lookahead": 10 }