{ "Minimin": 35.192812, "Bellman": 23.148400, "Nancy": 23.148400, "Cserna": 32.281995, "Cserna Pemberton Belief": 32.281995, "K-Best 3": 22.753471, "K-Best 10": 23.713701, "K-Best 30": 23.434545, "Lookahead": 100 }