{ "Minimin": 36.651312, "Bellman": 22.300008, "Nancy": 22.300008, "Cserna": 32.973885, "Cserna Pemberton Belief": 32.973885, "K-Best 3": 20.330732, "K-Best 10": 22.144838, "K-Best 30": 22.319522, "Lookahead": 100 }