{ "Minimin": 38.522536, "Bellman": 22.679267, "Nancy": 22.679267, "Cserna": 30.767236, "Cserna Pemberton Belief": 30.767236, "K-Best 3": 22.151640, "K-Best 10": 23.529565, "K-Best 30": 23.538573, "Lookahead": 1000 }