{ "Minimin": 36.566540, "Bellman": 22.796829, "Nancy": 22.796829, "Cserna": 38.474054, "Cserna Pemberton Belief": 38.474054, "K-Best 3": 24.047380, "K-Best 10": 24.511464, "K-Best 30": 23.839583, "Lookahead": 100 }