{ "Minimin": 38.952072, "Bellman": 20.780415, "Nancy": 20.780415, "Cserna": 32.880134, "Cserna Pemberton Belief": 32.880134, "K-Best 3": 19.833683, "K-Best 10": 21.601088, "K-Best 30": 21.786862, "Lookahead": 1000 }