{ "Minimin": 36.917364, "Bellman": 25.100878, "Nancy": 25.100878, "Cserna": 33.501668, "Cserna Pemberton Belief": 33.501668, "K-Best 3": 26.100266, "K-Best 10": 27.795447, "K-Best 30": 27.795447, "Lookahead": 10 }