{ "Minimin": 37.928777, "Bellman": 24.388591, "Nancy": 24.388591, "Cserna": 28.908713, "Cserna Pemberton Belief": 28.908713, "K-Best 3": 25.161436, "K-Best 10": 25.359107, "K-Best 30": 25.359107, "Lookahead": 10 }