{ "Minimin": 37.284429, "Bellman": 24.494281, "Nancy": 26.128334, "Cserna": 35.767829, "Cserna Pemberton Belief": 35.767829, "K-Best 3": 22.232833, "K-Best 10": 26.308533, "K-Best 30": 26.308533, "Lookahead": 10 }