{ "Minimin": 37.745219, "Bellman": 23.468598, "Nancy": 23.468598, "Cserna": 32.121322, "Cserna Pemberton Belief": 32.121322, "K-Best 3": 21.674986, "K-Best 10": 22.446464, "K-Best 30": 21.799680, "Lookahead": 100 }