{ "Minimin": 36.734903, "Bellman": 24.425490, "Nancy": 24.425490, "Cserna": 32.518906, "Cserna Pemberton Belief": 32.518906, "K-Best 3": 25.016770, "K-Best 10": 26.261216, "K-Best 30": 26.261216, "Lookahead": 10 }