{ "Minimin": 36.589826, "Bellman": 24.415409, "Nancy": 24.415409, "Cserna": 31.304208, "Cserna Pemberton Belief": 31.304208, "K-Best 3": 24.843595, "K-Best 10": 23.124503, "K-Best 30": 23.548048, "Lookahead": 100 }