{ "Minimin": 33.821905, "Bellman": 22.428991, "Nancy": 22.428991, "Cserna": 32.919705, "Cserna Pemberton Belief": 32.919705, "K-Best 3": 22.258322, "K-Best 10": 22.145993, "K-Best 30": 22.933437, "Lookahead": 1000 }