{ "Minimin": 35.552066, "Bellman": 23.305009, "Nancy": 23.305009, "Cserna": 30.749755, "Cserna Pemberton Belief": 30.749755, "K-Best 3": 22.773839, "K-Best 10": 22.180946, "K-Best 30": 22.248902, "Lookahead": 100 }