{ "Minimin": 36.544702, "Bellman": 22.043792, "Nancy": 22.043792, "Cserna": 30.400503, "Cserna Pemberton Belief": 30.400503, "K-Best 3": 23.174851, "K-Best 10": 22.802122, "K-Best 30": 23.453291, "Lookahead": 100 }