{ "Minimin": 34.902749, "Bellman": 20.933093, "Nancy": 20.933093, "Cserna": 32.433962, "Cserna Pemberton Belief": 32.433962, "K-Best 3": 20.933093, "K-Best 10": 20.536919, "K-Best 30": 21.510570, "Lookahead": 1000 }