{ "Minimin": 35.148020, "Bellman": 22.811548, "Nancy": 22.811548, "Cserna": 35.422967, "Cserna Pemberton Belief": 35.422967, "K-Best 3": 22.435823, "K-Best 10": 22.760628, "K-Best 30": 22.694776, "Lookahead": 1000 }