{ "Minimin": 31.641965, "Bellman": 20.702343, "Nancy": 20.702343, "Cserna": 33.831366, "Cserna Pemberton Belief": 33.831366, "K-Best 3": 20.702343, "K-Best 10": 22.124244, "K-Best 30": 21.408271, "Lookahead": 1000 }