{ "Minimin": 35.493735, "Bellman": 22.008288, "Nancy": 22.008288, "Cserna": 30.758633, "Cserna Pemberton Belief": 30.758633, "K-Best 3": 22.063516, "K-Best 10": 22.052794, "K-Best 30": 23.576267, "Lookahead": 1000 }