{ "Minimin": 38.393968, "Bellman": 20.754535, "Nancy": 20.754535, "Cserna": 35.292286, "Cserna Pemberton Belief": 35.292286, "K-Best 3": 22.146129, "K-Best 10": 24.352399, "K-Best 30": 23.680416, "Lookahead": 100 }