{ "Minimin": 34.275487, "Bellman": 23.576343, "Nancy": 23.576343, "Cserna": 33.000494, "Cserna Pemberton Belief": 33.000494, "K-Best 3": 23.412286, "K-Best 10": 21.129748, "K-Best 30": 22.675677, "Lookahead": 100 }