{ "Minimin": 30.524949, "Bellman": 20.827288, "Nancy": 20.827288, "Cserna": 32.046580, "Cserna Pemberton Belief": 32.046580, "K-Best 3": 20.827288, "K-Best 10": 20.827288, "K-Best 30": 21.463059, "Lookahead": 1000 }