{ "Minimin": 35.184424, "Bellman": 22.588817, "Nancy": 22.588817, "Cserna": 32.587744, "Cserna Pemberton Belief": 32.587744, "K-Best 3": 22.358209, "K-Best 10": 21.601417, "K-Best 30": 25.227570, "Lookahead": 100 }