{ "Minimin": 35.006487, "Bellman": 26.052676, "Nancy": 26.052676, "Cserna": 32.973885, "Cserna Pemberton Belief": 32.973885, "K-Best 3": 24.030994, "K-Best 10": 24.234371, "K-Best 30": 24.234371, "Lookahead": 10 }