{ "Minimin": 40.192208, "Bellman": 23.008605, "Nancy": 23.008605, "Cserna": 34.435084, "Cserna Pemberton Belief": 34.435084, "K-Best 3": 26.552760, "K-Best 10": 27.127193, "K-Best 30": 27.127193, "Lookahead": 10 }