{ "Minimin": 34.463711, "Bellman": 22.933442, "Nancy": 22.933442, "Cserna": 34.314267, "Cserna Pemberton Belief": 34.314267, "K-Best 3": 22.672894, "K-Best 10": 25.230145, "K-Best 30": 22.059397, "Lookahead": 100 }