{ "Minimin": 34.731585, "Bellman": 21.131003, "Nancy": 21.131003, "Cserna": 33.111274, "Cserna Pemberton Belief": 33.111274, "K-Best 3": 20.044751, "K-Best 10": 21.452274, "K-Best 30": 21.877949, "Lookahead": 1000 }