{ "BFS": 28.142313, "A*": 27.241406, "F-Hat": 25.335630, "Risk": 26.237552, "Lookahead": 10 }