{ "BFS": 24.001725, "A*": 22.198902, "F-Hat": 27.175213, "Risk": 22.210709, "Lookahead": 1000 }