{ "BFS": 21.434451, "A*": 21.208015, "F-Hat": 26.260304, "Risk": 23.475947, "Lookahead": 1000 }