{ "BFS": 23.391962, "A*": 22.201668, "F-Hat": 25.876881, "Risk": 22.736180, "Lookahead": 100 }