{ "BFS": 22.462915, "A*": 19.248350, "F-Hat": 26.701858, "Risk": 24.181254, "Lookahead": 1000 }