{ "BFS": 30.332269, "A*": 26.892124, "F-Hat": 28.471107, "Risk": 25.738899, "Lookahead": 10 }