{ "BFS": 23.752576, "A*": 23.940572, "F-Hat": 22.200690, "Risk": 21.693778, "Lookahead": 1000 }