{ "BFS": 21.453868, "A*": 19.905280, "F-Hat": 25.987691, "Risk": 21.958165, "Lookahead": 1000 }