{ "BFS": 22.453154, "A*": 22.478158, "F-Hat": 21.648713, "Risk": 21.408057, "Confidence": 43.343903, "LSS-LRTA*": 35.404492, "Lookahead": 1000 }