{ "BFS": 23.836629, "A*": 22.393356, "F-Hat": 22.230950, "Risk": 21.682050, "Lookahead": 1000 }