{ "BFS": 21.576378, "A*": 20.841696, "F-Hat": 21.773970, "Risk": 20.660371, "Lookahead": 1000 }