{ "BFS": 26.816279, "A*": 25.782101, "F-Hat": 30.835291, "Risk": 23.734338, "Lookahead": 10 }