{ "BFS": 28.015198, "A*": 26.277725, "F-Hat": 28.103507, "Risk": 28.142670, "Lookahead": 10 }