{ "BFS": 29.454543, "A*": 26.277640, "F-Hat": 29.650906, "Risk": 23.750227, "Lookahead": 10 }