{ "BFS": 25.821970, "A*": 21.897886, "F-Hat": 27.055382, "Risk": 23.633722, "Lookahead": 100 }