{ "BFS": 24.185854, "A*": 23.135328, "F-Hat": 27.159991, "Risk": 24.866249, "Lookahead": 100 }