{ "BFS": 21.908060, "A*": 21.813847, "F-Hat": 26.527567, "Risk": 23.939334, "Lookahead": 1000 }