{ "BFS": 22.627049, "A*": 22.360397, "F-Hat": 28.723965, "Risk": 23.853474, "Lookahead": 1000 }