{ "BFS": 26.067509, "A*": 23.734126, "F-Hat": 24.133437, "Risk": 24.628444, "Lookahead": 10 }