{ "BFS": 25.694626, "A*": 22.604228, "F-Hat": 27.629504, "Risk": 22.988230, "Lookahead": 100 }