{ "BFS": 26.266750, "A*": 22.953425, "F-Hat": 24.095013, "Risk": 25.259289, "Lookahead": 10 }