{ "BFS": 25.265747, "A*": 23.533163, "F-Hat": 27.528230, "Risk": 24.798263, "Lookahead": 100 }