{ "BFS": 28.555025, "A*": 23.740262, "F-Hat": 26.005342, "Risk": 23.702783, "Lookahead": 10 }