{ "BFS": 26.172379, "A*": 43.212915, "F-Hat": 45.621086, "Risk": 45.495957, "Lookahead": 100 }