{ "BFS": 26.610032, "A*": 26.297062, "F-Hat": 28.695243, "Risk": 26.798339, "Lookahead": 10 }