{ "BFS": 23.263094, "A*": 21.569183, "F-Hat": 27.259662, "Risk": 23.773453, "Lookahead": 1000 }