{ "BFS": 26.255235, "A*": 24.823029, "F-Hat": 25.787096, "Risk": 25.869174, "Lookahead": 10 }