{ "BFS": 29.307715, "A*": 24.754815, "F-Hat": 26.530656, "Risk": 26.772259, "Lookahead": 10 }