{ "BFS": 23.703879, "A*": 23.192048, "F-Hat": 26.088176, "Risk": 23.960789, "Lookahead": 100 }