{ "BFS": 20.927313, "A*": 19.286828, "F-Hat": 24.588706, "Risk": 24.630908, "Lookahead": 1000 }