{ "BFS": 22.266131, "A*": 20.839690, "F-Hat": 23.964160, "Risk": 21.675603, "Lookahead": 1000 }