{ "BFS": 22.434581, "A*": 44.896209, "F-Hat": 42.550067, "Risk": 40.813520, "Lookahead": 1000 }