{ "BFS": 23.124328, "A*": 40.548601, "F-Hat": 47.370421, "Risk": 45.081439, "Lookahead": 1000 }