{ "BFS": 23.286400, "A*": 21.060822, "F-Hat": 26.159100, "Risk": 24.691839, "Lookahead": 1000 }