{ "BFS": 22.528747, "A*": 44.371726, "F-Hat": 44.171587, "Risk": 49.782982, "Lookahead": 1000 }