{ "BFS": 22.312762, "A*": 21.337517, "F-Hat": 27.640855, "Risk": 22.523085, "Lookahead": 1000 }