{ "BFS": 26.537547, "A*": 23.398987, "F-Hat": 26.706252, "Risk": 24.629893, "Lookahead": 10 }