{ "BFS": 21.612357, "A*": 22.162895, "F-Hat": 26.252609, "Risk": 21.496125, "Lookahead": 1000 }