{ "BFS": 21.865040, "A*": 21.789224, "F-Hat": 26.861443, "Risk": 25.567848, "Lookahead": 1000 }