{ "BFS": 25.870949, "A*": 23.727526, "F-Hat": 27.924558, "Risk": 25.470321, "Lookahead": 100 }