{ "BFS": 30.813361, "A*": 25.234416, "F-Hat": 26.312131, "Risk": 25.761972, "Lookahead": 10 }