{ "BFS": 24.038392, "A*": 22.556351, "F-Hat": 25.976676, "Risk": 23.585419, "Lookahead": 100 }