{ "BFS": 27.229757, "A*": 25.003931, "F-Hat": 25.862058, "Risk": 25.237591, "Lookahead": 10 }