{ "BFS": 21.216417, "A*": 22.846056, "F-Hat": 25.744318, "Risk": 23.938439, "Lookahead": 100 }