{ "BFS": 23.341414, "A*": 21.755394, "F-Hat": 26.328398, "Risk": 24.328096, "Lookahead": 1000 }