{ "BFS": 29.603048, "A*": 27.837175, "F-Hat": 29.512493, "Risk": 26.141825, "Lookahead": 10 }