{ "BFS": 23.412880, "A*": 23.203637, "F-Hat": 27.878824, "Risk": 24.568516, "Lookahead": 100 }