{ "BFS": 23.813714, "A*": 22.546036, "F-Hat": 28.490320, "Risk": 23.079360, "Lookahead": 100 }