{ "BFS": 28.276017, "A*": 26.732571, "F-Hat": 24.079008, "Risk": 28.869195, "Lookahead": 10 }