{ "BFS": 29.317224, "A*": 29.359910, "F-Hat": 26.840647, "Risk": 27.064028, "Lookahead": 10 }