{ "BFS": 26.341941, "A*": 26.394596, "F-Hat": 26.806780, "Risk": 23.639190, "Lookahead": 10 }