{ "BFS": 23.010653, "A*": 22.750868, "F-Hat": 24.662404, "Risk": 23.094613, "Lookahead": 100 }