{ "BFS": 28.156469, "A*": 24.822462, "F-Hat": 26.856589, "Risk": 26.001708, "Lookahead": 10 }