{ "BFS": 23.443330, "A*": 20.666734, "F-Hat": 25.475070, "Risk": 27.090489, "Lookahead": 1000 }