{ "BFS": 22.541370, "A*": 44.020806, "F-Hat": 47.354682, "Risk": 43.823916, "Lookahead": 1000 }