{ "BFS": 25.114622, "A*": 21.818654, "F-Hat": 23.927017, "Risk": 24.388503, "Lookahead": 100 }