{ "BFS": 24.876954, "A*": 38.835596, "F-Hat": 41.478277, "Risk": 35.537992, "Lookahead": 10 }