{ "BFS": 22.530105, "A*": 23.191727, "F-Hat": 24.872392, "Risk": 24.217235, "Lookahead": 1000 }