{ "BFS": 22.760610, "A*": 20.651072, "F-Hat": 26.637553, "Risk": 27.022375, "Lookahead": 1000 }