{ "BFS": 26.647841, "A*": 21.463615, "F-Hat": 26.689558, "Risk": 25.686367, "Lookahead": 100 }