{ "BFS": 27.727053, "A*": 25.784776, "F-Hat": 29.609107, "Risk": 26.451131, "Confidence": 45.521853, "LSS-LRTA*": 35.960116, "Lookahead": 10 }