{ "BFS": 24.307021, "A*": 22.853238, "F-Hat": 28.147135, "Risk": 24.286276, "Lookahead": 1000 }