{ "BFS": 27.767076, "A*": 23.638716, "F-Hat": 27.658495, "Risk": 27.491426, "Lookahead": 100 }