{ "BFS": 24.260576, "A*": 23.027121, "F-Hat": 21.752131, "Risk": 22.457905, "Lookahead": 100 }