{ "BFS": 22.302393, "A*": 21.434126, "F-Hat": 26.747746, "Risk": 24.879477, "Lookahead": 1000 }