{ "BFS": 28.565572, "A*": 27.735087, "F-Hat": 30.202030, "Risk": 25.209639, "Lookahead": 10 }