{ "BFS": 26.915085, "A*": 26.085098, "F-Hat": 26.064912, "Risk": 25.233729, "Lookahead": 10 }