{ "BFS": 22.731082, "A*": 21.356218, "F-Hat": 25.294624, "Risk": 23.374939, "Lookahead": 100 }