{ "BFS": 25.214686, "A*": 44.434389, "F-Hat": 38.358839, "Risk": 39.696586, "Lookahead": 100 }