{ "BFS": 23.782693, "A*": 20.899141, "F-Hat": 26.113553, "Risk": 23.066868, "Lookahead": 100 }