{ "BFS": 23.326037, "A*": 21.341929, "F-Hat": 26.792606, "Risk": 23.511111, "Lookahead": 1000 }