{ "BFS": 22.431216, "A*": 20.445162, "F-Hat": 25.511371, "Risk": 23.286373, "Lookahead": 1000 }