{ "BFS": 23.228508, "A*": 23.381262, "F-Hat": 21.986824, "Risk": 21.817598, "Lookahead": 1000 }