{ "BFS": 25.731435, "A*": 23.448037, "F-Hat": 24.079734, "Risk": 24.802438, "Lookahead": 100 }