{ "BFS": 28.207531, "A*": 27.400986, "F-Hat": 25.247569, "Risk": 25.258016, "Lookahead": 10 }