{ "BFS": 23.947337, "A*": 22.466719, "F-Hat": 26.322412, "Risk": 23.343923, "Lookahead": 100 }