{ "BFS": 22.055735, "A*": 20.377584, "F-Hat": 27.672771, "Risk": 24.634899, "Lookahead": 1000 }