{ "BFS": 25.916199, "A*": 22.532731, "F-Hat": 27.155980, "Risk": 23.291699, "Lookahead": 100 }