{ "BFS": 26.458288, "A*": 27.886769, "F-Hat": 25.437043, "Risk": 27.413069, "Lookahead": 10 }