{ "BFS": 21.453279, "A*": 21.757758, "F-Hat": 27.261026, "Risk": 26.216836, "Lookahead": 1000 }