{ "BFS": 22.973243, "A*": 19.663697, "F-Hat": 26.302258, "Risk": 24.765031, "Lookahead": 1000 }