{ "BFS": 24.230460, "A*": 23.170673, "F-Hat": 27.266946, "Risk": 26.119811, "Lookahead": 1000 }