{ "BFS": 27.217218, "A*": 25.046413, "F-Hat": 28.643338, "Risk": 28.517925, "Lookahead": 10 }