{ "BFS": 21.581748, "A*": 21.195472, "F-Hat": 23.703873, "Risk": 19.608538, "Lookahead": 1000 }