{ "BFS": 23.861903, "A*": 22.995155, "F-Hat": 27.226340, "Risk": 24.559800, "Lookahead": 100 }