{ "BFS": 24.378013, "A*": 21.272679, "F-Hat": 24.149601, "Risk": 23.117662, "Lookahead": 1000 }