{ "BFS": 25.353322, "A*": 24.801171, "F-Hat": 24.648060, "Risk": 23.719167, "Lookahead": 10 }