{ "BFS": 23.701949, "A*": 22.770881, "F-Hat": 26.027081, "Risk": 26.175522, "Lookahead": 100 }