{ "BFS": 20.816218, "A*": 21.240328, "F-Hat": 28.281346, "Risk": 22.010593, "Lookahead": 1000 }