{ "BFS": 22.133680, "A*": 20.868480, "F-Hat": 27.381272, "Risk": 24.965773, "Lookahead": 1000 }