{ "BFS": 22.082928, "A*": 22.130746, "F-Hat": 25.121537, "Risk": 24.602884, "Lookahead": 1000 }