{ "BFS": 26.856129, "A*": 25.518721, "F-Hat": 26.709233, "Risk": 25.876054, "Lookahead": 10 }