{ "BFS": 23.493212, "A*": 21.034764, "F-Hat": 21.628668, "Risk": 22.038504, "Confidence": 40.034285, "LSS-LRTA*": 34.632202, "Lookahead": 100 }