{ "BFS": 22.512061, "A*": 21.370992, "F-Hat": 28.320457, "Risk": 24.342861, "Lookahead": 1000 }