{ "BFS": 24.095920, "A*": 20.990097, "F-Hat": 26.655647, "Risk": 24.812016, "Lookahead": 1000 }