{ "BFS": 22.516466, "A*": 20.530926, "F-Hat": 25.739085, "Risk": 23.905762, "Lookahead": 1000 }