{ "BFS": 22.342638, "A*": 24.296656, "F-Hat": 28.217737, "Risk": 24.306758, "Lookahead": 100 }