{ "BFS": 22.381676, "A*": 21.075405, "F-Hat": 26.574227, "Risk": 24.478654, "Lookahead": 1000 }