{ "BFS": 23.981562, "A*": 23.383273, "F-Hat": 24.896958, "Risk": 25.651510, "Lookahead": 100 }