{ "BFS": 22.346113, "A*": 25.701635, "F-Hat": 22.325347, "Risk": 25.690647, "Lookahead": 10 }