{ "BFS": 22.983581, "A*": 21.701042, "F-Hat": 22.588040, "Risk": 21.166914, "Lookahead": 100 }