{ "BFS": 26.696317, "A*": 23.542682, "F-Hat": 26.095925, "Risk": 24.184069, "Lookahead": 10 }