{ "BFS": 23.083815, "A*": 22.666232, "F-Hat": 28.702660, "Risk": 25.945676, "Lookahead": 1000 }