{ "BFS": 24.552276, "A*": 25.674567, "F-Hat": 27.090248, "Risk": 24.940771, "Lookahead": 100 }