{ "BFS": 27.333290, "A*": 27.888590, "F-Hat": 25.996498, "Risk": 25.325793, "Lookahead": 10 }