{ "BFS": 27.685134, "A*": 26.523746, "F-Hat": 28.430983, "Risk": 26.837596, "Lookahead": 10 }