{ "BFS": 23.193421, "A*": 21.101344, "F-Hat": 26.750679, "Risk": 24.308963, "Lookahead": 1000 }