{ "BFS": 25.598071, "A*": 23.388435, "F-Hat": 25.741407, "Risk": 26.750921, "Lookahead": 100 }