{ "BFS": 21.874328, "A*": 21.056800, "F-Hat": 23.651886, "Risk": 22.175343, "Lookahead": 1000 }