{ "BFS": 23.808064, "A*": 24.010452, "F-Hat": 25.946411, "Risk": 25.850536, "Lookahead": 100 }