{ "BFS": 24.677192, "A*": 26.109087, "F-Hat": 27.732233, "Risk": 25.523358, "Lookahead": 10 }