{ "BFS": 27.902605, "A*": 24.434433, "F-Hat": 26.710361, "Risk": 24.191898, "Lookahead": 10 }