{ "BFS": 25.004962, "A*": 20.813846, "F-Hat": 25.280216, "Risk": 22.046329, "Lookahead": 100 }