{ "BFS": 24.247557, "A*": 23.216255, "F-Hat": 25.460567, "Risk": 24.649491, "Lookahead": 100 }