{ "BFS": 23.856135, "A*": 23.209506, "F-Hat": 28.114468, "Risk": 23.034873, "Lookahead": 100 }