{ "BFS": 24.460069, "A*": 23.671109, "F-Hat": 27.458333, "Risk": 26.494435, "Lookahead": 10 }