{ "BFS": 23.513853, "A*": 24.039666, "F-Hat": 25.829448, "Risk": 22.647182, "Lookahead": 100 }