{ "BFS": 25.749865, "A*": 27.557765, "F-Hat": 25.806654, "Risk": 23.922164, "Lookahead": 10 }