{ "BFS": 26.544205, "A*": 25.835731, "F-Hat": 24.344621, "Risk": 26.585628, "Lookahead": 10 }