{ "BFS": 30.411276, "A*": 26.444713, "F-Hat": 23.728790, "Risk": 25.500282, "Lookahead": 10 }