{ "BFS": 24.645624, "A*": 23.554952, "F-Hat": 28.044432, "Risk": 24.171323, "Lookahead": 100 }