{ "BFS": 26.398963, "A*": 28.823115, "F-Hat": 26.222250, "Risk": 26.039654, "Lookahead": 10 }