{ "BFS": 27.005793, "A*": 23.386104, "F-Hat": 26.133829, "Risk": 24.851843, "Lookahead": 100 }