{ "BFS": 25.021776, "A*": 19.965501, "F-Hat": 28.440169, "Risk": 25.005503, "Lookahead": 100 }