{ "BFS": 23.655561, "A*": 23.057420, "F-Hat": 25.732015, "Risk": 25.607694, "Lookahead": 100 }