{ "BFS": 22.373273, "A*": 24.118983, "F-Hat": 24.259351, "Risk": 24.258372, "Lookahead": 100 }