{ "BFS": 25.276318, "A*": 23.208420, "F-Hat": 25.907459, "Risk": 23.351339, "Lookahead": 100 }