{ "BFS": 24.933079, "A*": 25.290379, "F-Hat": 24.709384, "Risk": 25.025732, "Lookahead": 10 }