{ "BFS": 28.098102, "A*": 26.359301, "F-Hat": 26.587845, "Risk": 24.911719, "Lookahead": 10 }