{ "BFS": 24.212449, "A*": 21.089987, "F-Hat": 25.492769, "Risk": 23.525190, "Lookahead": 100 }