{ "BFS": 23.100386, "A*": 23.216161, "F-Hat": 25.090598, "Risk": 24.074579, "Lookahead": 100 }