{ "BFS": 24.775723, "A*": 26.649211, "F-Hat": 25.497380, "Risk": 26.063403, "Lookahead": 10 }