{ "BFS": 23.712798, "A*": 20.846386, "F-Hat": 25.904883, "Risk": 23.953660, "Lookahead": 100 }