{ "BFS": 23.215464, "A*": 22.626610, "F-Hat": 28.117749, "Risk": 26.438371, "Lookahead": 1000 }