{ "BFS": 25.514143, "A*": 23.204637, "F-Hat": 22.411576, "Risk": 19.839319, "Lookahead": 100 }