{ "BFS": 23.588907, "A*": 41.633523, "F-Hat": 39.693103, "Risk": 39.496329, "Lookahead": 100 }