{ "BFS": 21.044312, "A*": 21.690723, "F-Hat": 26.304639, "Risk": 23.799504, "Lookahead": 1000 }