{ "BFS": 22.984130, "A*": 20.344181, "F-Hat": 24.133467, "Risk": 23.447060, "Lookahead": 1000 }