{ "BFS": 22.669893, "A*": 45.734459, "F-Hat": 44.592792, "Risk": 44.932532, "Lookahead": 100 }