{ "BFS": 26.601907, "A*": 22.132358, "F-Hat": 26.093225, "Risk": 24.863034, "Lookahead": 100 }