{ "BFS": 25.047905, "A*": 24.475609, "F-Hat": 26.047223, "Risk": 26.700655, "Lookahead": 10 }