{ "BFS": 23.427491, "A*": 23.731120, "F-Hat": 23.981452, "Risk": 23.836561, "Lookahead": 100 }