{ "BFS": 23.438214, "A*": 21.797360, "F-Hat": 24.561825, "Risk": 23.351598, "Lookahead": 1000 }