{ "BFS": 27.948135, "A*": 24.583100, "F-Hat": 27.394455, "Risk": 23.775894, "Lookahead": 10 }