{ "BFS": 22.320956, "A*": 22.296326, "F-Hat": 27.880955, "Risk": 23.789711, "Lookahead": 100 }