{ "BFS": 23.086474, "A*": 22.969050, "F-Hat": 25.330537, "Risk": 24.312004, "Lookahead": 100 }