{ "BFS": 23.219832, "A*": 24.739377, "F-Hat": 28.878022, "Risk": 28.098435, "Lookahead": 10 }