{ "BFS": 25.104646, "A*": 25.737932, "F-Hat": 27.087694, "Risk": 27.369755, "Lookahead": 10 }