{ "BFS": 23.711448, "A*": 23.173612, "F-Hat": 26.133067, "Risk": 25.643598, "Lookahead": 100 }