{ "BFS": 26.999494, "A*": 26.397347, "F-Hat": 27.888353, "Risk": 25.101498, "Lookahead": 10 }