{ "BFS": 23.077588, "A*": 22.453645, "F-Hat": 26.203979, "Risk": 26.680458, "Lookahead": 100 }