{ "BFS": 22.302800, "A*": 21.870530, "F-Hat": 24.816460, "Risk": 23.810672, "Lookahead": 1000 }