{ "BFS": 29.537790, "A*": 28.050260, "F-Hat": 28.231277, "Risk": 27.248655, "Lookahead": 10 }