{ "BFS": 21.509759, "A*": 42.329679, "F-Hat": 43.188314, "Risk": 46.124446, "Lookahead": 1000 }