{ "BFS": 23.940560, "A*": 22.386208, "F-Hat": 25.359680, "Risk": 23.413203, "Lookahead": 100 }