{ "BFS": 22.942050, "A*": 22.209208, "F-Hat": 25.012842, "Risk": 22.851981, "Lookahead": 1000 }