{ "BFS": 22.406879, "A*": 21.882505, "F-Hat": 25.546612, "Risk": 26.390622, "Lookahead": 1000 }