{ "BFS": 22.023921, "A*": 21.690193, "F-Hat": 25.568847, "Risk": 22.927988, "Lookahead": 1000 }