{ "BFS": 22.777375, "A*": 23.520463, "F-Hat": 27.519810, "Risk": 24.676492, "Lookahead": 1000 }