{ "BFS": 27.207537, "A*": 27.064425, "F-Hat": 24.917815, "Risk": 25.430830, "Lookahead": 10 }