{ "BFS": 22.988763, "A*": 20.631662, "F-Hat": 25.909403, "Risk": 24.001015, "Lookahead": 1000 }