{ "BFS": 23.460195, "A*": 21.252607, "F-Hat": 25.841986, "Risk": 24.956005, "Lookahead": 1000 }