{ "BFS": 23.574498, "A*": 22.685739, "F-Hat": 25.305437, "Risk": 24.100519, "Lookahead": 1000 }