{ "BFS": 23.667331, "A*": 39.772809, "F-Hat": 49.989055, "Risk": 44.357332, "Lookahead": 1000 }