{ "BFS": 26.427794, "A*": 27.916013, "F-Hat": 27.217350, "Risk": 23.733414, "Lookahead": 10 }