{ "BFS": 25.295915, "A*": 25.708356, "F-Hat": 27.499177, "Risk": 26.869656, "Lookahead": 10 }