{ "BFS": 24.910034, "A*": 23.173157, "F-Hat": 23.369654, "Risk": 23.448833, "Lookahead": 100 }