{ "BFS": 25.565451, "A*": 22.981406, "F-Hat": 27.457480, "Risk": 23.968168, "Lookahead": 100 }