{ "BFS": 29.997755, "A*": 24.575088, "F-Hat": 26.558913, "Risk": 21.245381, "Lookahead": 10 }