{ "BFS": 26.659043, "A*": 39.763262, "F-Hat": 44.766026, "Risk": 45.133148, "Lookahead": 10 }