{ "BFS": 20.369647, "A*": 21.221084, "F-Hat": 28.521012, "Risk": 25.531610, "Lookahead": 1000 }