{ "BFS": 24.465729, "A*": 23.226735, "F-Hat": 23.198604, "Risk": 21.618671, "Confidence": 42.127331, "LSS-LRTA*": 41.251840, "Lookahead": 100 }