{ "BFS": 28.122855, "A*": 28.245727, "F-Hat": 33.402929, "Risk": 27.550068, "Lookahead": 10 }