{ "BFS": 23.194145, "A*": 20.065177, "F-Hat": 26.106480, "Risk": 26.106480, "Lookahead": 1000 }