{ "BFS": 24.591162, "A*": 23.554541, "F-Hat": 27.490454, "Risk": 23.964695, "Lookahead": 1000 }