{ "BFS": 25.881026, "A*": 22.786992, "F-Hat": 26.881386, "Risk": 26.881386, "Lookahead": 100 }