{ "BFS": 23.553810, "A*": 22.683398, "F-Hat": 25.401784, "Risk": 23.706013, "Lookahead": 1000 }