{ "BFS": 19.187909, "A*": 17.448351, "F-Hat": 26.134552, "Risk": 24.971488, "Lookahead": 1000 }