{ "BFS": 24.364221, "A*": 21.914710, "F-Hat": 26.964548, "Risk": 24.893315, "Lookahead": 1000 }