{ "BFS": 26.603544, "A*": 25.857783, "F-Hat": 27.296465, "Risk": 24.464894, "Lookahead": 10 }