{ "BFS": 21.647898, "A*": 20.984159, "F-Hat": 26.795096, "Risk": 24.108437, "Lookahead": 1000 }