{ "BFS": 24.141827, "A*": 22.143994, "F-Hat": 23.160845, "Risk": 21.606528, "Lookahead": 1000 }