{ "BFS": 22.633010, "A*": 21.697039, "F-Hat": 26.778320, "Risk": 23.942605, "Lookahead": 1000 }