{ "BFS": 23.720206, "A*": 22.401402, "F-Hat": 26.802939, "Risk": 24.877504, "Lookahead": 100 }