{ "BFS": 24.970308, "A*": 21.657529, "F-Hat": 26.413762, "Risk": 24.202808, "Lookahead": 100 }