{ "BFS": 26.369555, "A*": 24.645419, "F-Hat": 24.216049, "Risk": 24.789744, "Lookahead": 100 }