{ "BFS": 23.166612, "A*": 22.062022, "F-Hat": 23.582266, "Risk": 22.757955, "Lookahead": 1000 }