{ "BFS": 21.680005, "A*": 21.496519, "F-Hat": 25.528338, "Risk": 23.132384, "Lookahead": 1000 }