{ "BFS": 27.659463, "A*": 41.857048, "F-Hat": 41.040862, "Risk": 44.792560, "Lookahead": 10 }