{ "BFS": 24.930632, "A*": 25.141350, "F-Hat": 27.605194, "Risk": 27.968062, "Lookahead": 10 }