{ "BFS": 23.754160, "A*": 22.796190, "F-Hat": 27.573132, "Risk": 23.664737, "Lookahead": 100 }