{ "BFS": 26.568393, "A*": 24.495214, "F-Hat": 25.614985, "Risk": 26.094520, "Lookahead": 10 }