{ "BFS": 23.829557, "A*": 25.904986, "F-Hat": 28.200550, "Risk": 24.716537, "Lookahead": 10 }