{ "BFS": 21.873978, "A*": 20.420863, "F-Hat": 26.280262, "Risk": 24.370093, "Lookahead": 1000 }