{ "BFS": 24.459858, "A*": 23.097187, "F-Hat": 27.368366, "Risk": 27.368366, "Lookahead": 100 }