{ "BFS": 22.296553, "A*": 21.386627, "F-Hat": 25.775446, "Risk": 24.059335, "Lookahead": 1000 }