{ "BFS": 28.049757, "A*": 24.468228, "F-Hat": 26.406422, "Risk": 23.476369, "Lookahead": 10 }