{ "BFS": 22.528135, "A*": 20.889178, "F-Hat": 27.114461, "Risk": 24.202973, "Lookahead": 1000 }