{ "BFS": 22.576926, "A*": 21.071442, "F-Hat": 23.265349, "Risk": 22.387330, "Lookahead": 100 }