{ "BFS": 24.204080, "A*": 21.303283, "F-Hat": 26.039890, "Risk": 24.743755, "Lookahead": 1000 }