{ "BFS": 24.820416, "A*": 23.257555, "F-Hat": 27.192590, "Risk": 22.638414, "Lookahead": 100 }