{ "BFS": 24.993369, "A*": 22.644147, "F-Hat": 27.061841, "Risk": 24.486126, "Lookahead": 100 }