{ "BFS": 24.658997, "A*": 21.826413, "F-Hat": 23.114941, "Risk": 21.587207, "Lookahead": 100 }