{ "BFS": 23.754234, "A*": 21.067389, "F-Hat": 25.352572, "Risk": 22.819171, "Lookahead": 1000 }