{ "BFS": 26.458304, "A*": 26.902284, "F-Hat": 28.756360, "Risk": 26.410982, "Lookahead": 10 }