{ "BFS": 21.991840, "A*": 21.226511, "F-Hat": 22.113446, "Risk": 21.739857, "LSS-LRTA*": 36.517854, "Lookahead": 1000 }