{ "BFS": 20.933425, "A*": 21.170958, "F-Hat": 20.854557, "Risk": 21.306830, "Lookahead": 1000 }