{ "BFS": 29.439516, "A*": 24.234598, "F-Hat": 27.234729, "Risk": 24.365400, "Confidence": 45.166900, "LSS-LRTA*": 33.353895, "Lookahead": 10 }