{ "BFS": 20.894244, "A*": 20.138804, "F-Hat": 25.752700, "Risk": 22.539471, "Lookahead": 1000 }