{ "BFS": 26.896529, "A*": 24.597453, "F-Hat": 24.778792, "Risk": 24.848451, "Lookahead": 100 }