{ "BFS": 22.072726, "A*": 22.019315, "F-Hat": 26.151186, "Risk": 25.932296, "Lookahead": 1000 }