{ "BFS": 25.030543, "A*": 23.766543, "F-Hat": 25.925773, "Risk": 23.304252, "Lookahead": 10 }