{ "BFS": 26.319244, "A*": 25.107541, "F-Hat": 26.133404, "Risk": 26.265711, "Lookahead": 10 }