{ "BFS": 24.420726, "A*": 21.898447, "F-Hat": 24.855712, "Risk": 24.855712, "Lookahead": 1000 }