{ "BFS": 21.987845, "A*": 22.660698, "F-Hat": 26.974943, "Risk": 24.739273, "Lookahead": 100 }