{ "BFS": 27.219929, "A*": 26.835690, "F-Hat": 24.170949, "Risk": 25.755612, "Lookahead": 10 }