{ "BFS": 26.043006, "A*": 24.154070, "F-Hat": 27.561565, "Risk": 26.841574, "Lookahead": 10 }