{ "BFS": 23.960612, "A*": 22.557624, "F-Hat": 26.894089, "Risk": 25.095930, "Lookahead": 10 }