{ "BFS": 23.032961, "A*": 21.631790, "F-Hat": 26.013087, "Risk": 23.963903, "Lookahead": 1000 }