{ "BFS": 20.983041, "A*": 24.593945, "F-Hat": 23.866029, "Risk": 24.718809, "Lookahead": 100 }