{ "BFS": 22.555392, "A*": 20.719051, "F-Hat": 23.477249, "Risk": 22.151135, "Lookahead": 1000 }