{ "BFS": 22.096925, "A*": 22.062299, "F-Hat": 27.234629, "Risk": 23.517557, "Lookahead": 1000 }