{ "BFS": 22.597074, "A*": 21.741633, "F-Hat": 24.914599, "Risk": 24.004715, "Lookahead": 100 }