{ "BFS": 23.640953, "A*": 23.982876, "F-Hat": 26.075901, "Risk": 23.439460, "Lookahead": 100 }