{ "BFS": 23.229856, "A*": 23.827098, "F-Hat": 22.553724, "Risk": 24.054703, "Lookahead": 100 }