{ "BFS": 29.718626, "A*": 22.832271, "F-Hat": 27.687500, "Risk": 25.730170, "Lookahead": 10 }