{ "BFS": 27.363196, "A*": 25.829644, "F-Hat": 24.514603, "Risk": 28.162963, "Lookahead": 10 }