{ "BFS": 25.779993, "A*": 23.795502, "F-Hat": 26.524931, "Risk": 24.424702, "Lookahead": 10 }