{ "BFS": 26.168395, "A*": 27.402919, "F-Hat": 28.093229, "Risk": 25.615300, "Lookahead": 10 }