{ "BFS": 22.837774, "A*": 21.436180, "F-Hat": 26.287335, "Risk": 24.077531, "Lookahead": 1000 }