{ "BFS": 24.239776, "A*": 22.834494, "F-Hat": 26.242087, "Risk": 22.532047, "Lookahead": 100 }