{ "BFS": 27.334481, "A*": 26.318001, "F-Hat": 27.629670, "Risk": 28.255300, "Lookahead": 10 }