{ "BFS": 22.481038, "A*": 22.346292, "F-Hat": 25.402056, "Risk": 25.402056, "Lookahead": 1000 }