{ "BFS": 24.165245, "A*": 23.702221, "F-Hat": 26.497133, "Risk": 22.221788, "Lookahead": 100 }