{ "BFS": 23.292902, "A*": 21.162054, "F-Hat": 26.663041, "Risk": 24.407994, "Lookahead": 100 }