{ "BFS": 30.707072, "A*": 24.234598, "F-Hat": 27.234729, "Risk": 24.365400, "Lookahead": 10 }