{ "BFS": 23.225286, "A*": 21.143760, "F-Hat": 22.938673, "Risk": 22.707471, "Lookahead": 1000 }