{ "BFS": 23.969495, "A*": 21.010716, "F-Hat": 25.501937, "Risk": 24.135905, "Lookahead": 100 }