{ "BFS": 21.004769, "A*": 20.963224, "F-Hat": 21.204014, "Risk": 20.155018, "Confidence": 41.982310, "LSS-LRTA*": 32.911929, "Lookahead": 1000 }