{ "BFS": 26.787547, "A*": 25.717505, "F-Hat": 27.672937, "Risk": 28.531630, "Lookahead": 10 }