{ "BFS": 24.329421, "A*": 19.701960, "F-Hat": 27.270027, "Risk": 27.532618, "Lookahead": 100 }