{ "BFS": 22.120429, "A*": 19.695185, "F-Hat": 27.012529, "Risk": 23.581522, "Lookahead": 1000 }