{ "BFS": 21.949205, "A*": 20.745421, "F-Hat": 20.634936, "Risk": 20.874978, "Lookahead": 100 }