{ "BFS": 27.377720, "A*": 30.758154, "F-Hat": 25.840368, "Risk": 22.969319, "Lookahead": 10 }