{ "BFS": 25.109466, "A*": 25.716213, "F-Hat": 24.427439, "Risk": 24.670450, "Confidence": 41.562352, "LSS-LRTA*": 38.024467, "Lookahead": 10 }