{ "BFS": 27.712697, "A*": 24.336258, "F-Hat": 28.712097, "Risk": 25.102338, "Lookahead": 10 }