{ "BFS": 24.546320, "A*": 21.581029, "F-Hat": 28.099502, "Risk": 22.180897, "Lookahead": 100 }