{ "BFS": 29.381328, "A*": 26.514988, "F-Hat": 28.292478, "Risk": 28.373521, "Lookahead": 10 }