{ "BFS": 24.845346, "A*": 22.966403, "F-Hat": 26.810608, "Risk": 23.620426, "Lookahead": 100 }