{ "BFS": 23.199014, "A*": 22.212521, "F-Hat": 22.449559, "Risk": 21.820217, "Confidence": 40.194766, "LSS-LRTA*": 33.305163, "Lookahead": 100 }