{ "BFS": 22.699982, "A*": 22.718516, "F-Hat": 25.177423, "Risk": 23.794473, "Lookahead": 1000 }