{ "BFS": 24.433321, "A*": 20.002583, "F-Hat": 23.944154, "Risk": 24.164883, "Lookahead": 1000 }