{ "BFS": 28.055949, "A*": 24.320286, "F-Hat": 27.429300, "Risk": 23.585338, "Lookahead": 10 }