{ "BFS": 23.171525, "A*": 21.696636, "F-Hat": 25.781909, "Risk": 23.462719, "Lookahead": 1000 }