{ "BFS": 28.122034, "A*": 27.771258, "F-Hat": 28.301341, "Risk": 26.501466, "Lookahead": 10 }