{ "BFS": 28.944277, "A*": 25.585252, "F-Hat": 25.477226, "Risk": 25.052458, "Lookahead": 10 }