{ "BFS": 26.499557, "A*": 23.857735, "F-Hat": 25.546736, "Risk": 24.949842, "Lookahead": 100 }