{ "BFS": 26.072857, "A*": 23.855477, "F-Hat": 28.209494, "Risk": 24.525407, "Lookahead": 100 }