{ "BFS": 28.585551, "A*": 39.387550, "F-Hat": 42.730931, "Risk": 42.543960, "Lookahead": 10 }