{ "BFS": 24.772741, "A*": 22.907364, "F-Hat": 25.939739, "Risk": 24.201748, "Lookahead": 100 }