{ "BFS": 22.590748, "A*": 42.525167, "F-Hat": 39.479079, "Risk": 41.033394, "Lookahead": 100 }