{ "BFS": 21.993626, "A*": 42.745965, "F-Hat": 46.525685, "Risk": 45.709820, "Lookahead": 1000 }