{ "BFS": 27.066254, "A*": 25.934725, "F-Hat": 23.739605, "Risk": 24.600145, "Lookahead": 10 }