{ "BFS": 24.836309, "A*": 23.617543, "F-Hat": 29.722070, "Risk": 24.941442, "Lookahead": 100 }