{ "BFS": 23.518895, "A*": 21.705140, "F-Hat": 24.516490, "Risk": 22.458106, "Lookahead": 1000 }