{ "BFS": 23.890581, "A*": 21.639822, "F-Hat": 26.175445, "Risk": 23.034298, "Lookahead": 1000 }