{ "BFS": 24.475777, "A*": 23.058031, "F-Hat": 24.830094, "Risk": 23.772018, "Lookahead": 100 }