{ "BFS": 24.565072, "A*": 26.775660, "F-Hat": 28.372253, "Risk": 27.900687, "Lookahead": 10 }