{ "BFS": 31.761896, "A*": 24.644059, "F-Hat": 25.931773, "Risk": 30.352974, "Lookahead": 10 }