{ "BFS": 28.338638, "A*": 24.858615, "F-Hat": 25.707875, "Risk": 26.577648, "Lookahead": 10 }