{ "BFS": 24.623886, "A*": 25.075264, "F-Hat": 25.751214, "Risk": 24.993332, "Lookahead": 10 }