{ "BFS": 23.349790, "A*": 23.139527, "F-Hat": 26.001689, "Risk": 25.231212, "Lookahead": 100 }