{ "BFS": 25.331692, "A*": 21.359089, "F-Hat": 24.705943, "Risk": 23.828799, "Lookahead": 1000 }