{ "BFS": 22.345253, "A*": 47.070632, "F-Hat": 42.976153, "Risk": 48.024269, "Lookahead": 1000 }