{ "BFS": 22.700924, "A*": 20.761960, "F-Hat": 25.562450, "Risk": 23.958707, "Lookahead": 1000 }