{ "BFS": 24.153925, "A*": 24.555866, "F-Hat": 26.871525, "Risk": 23.945867, "Lookahead": 100 }