{ "BFS": 22.238883, "A*": 21.537932, "F-Hat": 27.412796, "Risk": 22.436310, "Lookahead": 100 }