{ "BFS": 25.752421, "A*": 22.968878, "F-Hat": 23.791797, "Risk": 23.121247, "Lookahead": 100 }