{ "BFS": 25.204965, "A*": 24.082327, "F-Hat": 26.752380, "Risk": 23.124650, "Lookahead": 1000 }