{ "BFS": 21.684038, "A*": 21.254938, "F-Hat": 26.729246, "Risk": 23.466928, "Lookahead": 1000 }