{ "BFS": 23.656177, "A*": 23.244219, "F-Hat": 28.518258, "Risk": 22.248131, "Lookahead": 100 }