{ "BFS": 22.104445, "A*": 21.152323, "F-Hat": 26.311626, "Risk": 24.464312, "Lookahead": 1000 }