{ "BFS": 27.134603, "A*": 24.956725, "F-Hat": 25.336694, "Risk": 24.691415, "Confidence": 48.415899, "LSS-LRTA*": 38.220281, "Lookahead": 10 }