{ "BFS": 23.162776, "A*": 22.586915, "F-Hat": 23.886079, "Risk": 21.621392, "Lookahead": 100 }