{ "BFS": 21.303915, "A*": 20.406869, "F-Hat": 25.513542, "Risk": 24.141275, "Lookahead": 1000 }