{ "BFS": 22.659676, "A*": 23.253913, "F-Hat": 27.765650, "Risk": 23.803584, "Lookahead": 100 }