{ "BFS": 23.694049, "A*": 23.821491, "F-Hat": 21.550451, "Risk": 20.964362, "Confidence": 45.898524, "LSS-LRTA*": 33.242437, "Lookahead": 100 }