{ "BFS": 27.079388, "A*": 25.591913, "F-Hat": 24.841490, "Risk": 24.550203, "Lookahead": 10 }