{ "BFS": 25.640702, "A*": 23.307173, "F-Hat": 29.519639, "Risk": 24.320228, "Lookahead": 100 }