{ "BFS": 26.122142, "A*": 24.521301, "F-Hat": 25.231914, "Risk": 24.135441, "Lookahead": 10 }