{ "BFS": 20.018930, "A*": 18.541845, "F-Hat": 21.863991, "Risk": 18.541845, "Lookahead": 1000 }