{ "BFS": 24.779504, "A*": 22.806446, "F-Hat": 28.545308, "Risk": 28.448345, "Lookahead": 1000 }