{ "BFS": 23.448564, "A*": 22.227900, "F-Hat": 23.432228, "Risk": 22.213338, "Lookahead": 100 }