{ "BFS": 24.125683, "A*": 20.849449, "F-Hat": 27.948789, "Risk": 22.986652, "Lookahead": 100 }