{ "BFS": 22.274769, "A*": 20.551548, "F-Hat": 27.813653, "Risk": 24.891334, "Lookahead": 1000 }