{ "BFS": 23.547713, "A*": 22.324194, "F-Hat": 24.814922, "Risk": 23.266999, "Lookahead": 1000 }