{ "BFS": 25.017070, "A*": 26.531117, "F-Hat": 28.304053, "Risk": 28.161042, "Lookahead": 10 }