{ "BFS": 20.530165, "A*": 20.776831, "F-Hat": 25.485688, "Risk": 24.416232, "Lookahead": 1000 }