{ "BFS": 26.239569, "A*": 26.340792, "F-Hat": 26.794396, "Risk": 25.672369, "Lookahead": 10 }