{ "BFS": 25.117314, "A*": 25.593841, "F-Hat": 28.336206, "Risk": 26.100257, "Lookahead": 10 }