{ "BFS": 24.791002, "A*": 26.926264, "F-Hat": 25.297467, "Risk": 23.232434, "Lookahead": 10 }