{ "BFS": 26.265212, "A*": 24.223929, "F-Hat": 28.258814, "Risk": 24.760240, "Lookahead": 100 }