{ "BFS": 24.739239, "A*": 23.018615, "F-Hat": 25.899326, "Risk": 22.664634, "Lookahead": 100 }