{ "BFS": 23.542381, "A*": 20.945068, "F-Hat": 26.370210, "Risk": 21.899881, "Lookahead": 100 }