{ "BFS": 25.409241, "A*": 21.938018, "F-Hat": 26.410860, "Risk": 22.774274, "Lookahead": 100 }