{ "BFS": 24.445658, "A*": 24.302078, "F-Hat": 26.228116, "Risk": 24.320959, "Lookahead": 100 }