{ "BFS": 24.294926, "A*": 22.944283, "F-Hat": 25.336891, "Risk": 24.564801, "Lookahead": 100 }