{ "BFS": 23.294201, "A*": 42.566229, "F-Hat": 37.709158, "Risk": 42.559655, "Lookahead": 1000 }