{ "BFS": 25.883184, "A*": 42.083053, "F-Hat": 43.422898, "Risk": 41.907409, "Lookahead": 10 }