{ "BFS": 22.768180, "A*": 23.381262, "F-Hat": 25.251308, "Risk": 24.811361, "Lookahead": 1000 }