{ "BFS": 23.245500, "A*": 23.753788, "F-Hat": 27.135966, "Risk": 24.228017, "Lookahead": 100 }