{ "BFS": 24.571844, "A*": 22.530200, "F-Hat": 24.263829, "Risk": 23.788074, "Lookahead": 100 }