{ "BFS": 23.449076, "A*": 21.119537, "F-Hat": 24.795188, "Risk": 22.325383, "Lookahead": 1000 }