{ "BFS": 24.601417, "A*": 23.878962, "F-Hat": 27.550530, "Risk": 24.264765, "Lookahead": 100 }