{ "BFS": 23.101008, "A*": 23.217622, "F-Hat": 25.914356, "Risk": 24.497840, "Lookahead": 1000 }