{ "BFS": 23.899124, "A*": 22.027969, "F-Hat": 28.478125, "Risk": 22.450514, "Lookahead": 100 }