{ "BFS": 23.222963, "A*": 22.227091, "F-Hat": 21.450030, "Risk": 21.184665, "Confidence": 47.587775, "LSS-LRTA*": 33.727122, "Lookahead": 1000 }