{ "BFS": 26.162408, "A*": 39.452676, "F-Hat": 41.768898, "Risk": 40.529325, "Lookahead": 10 }