{ "BFS": 23.546783, "A*": 19.901393, "F-Hat": 26.279236, "Risk": 22.749948, "Lookahead": 100 }