{ "BFS": 27.919729, "A*": 28.903277, "F-Hat": 29.816363, "Risk": 25.575793, "Lookahead": 10 }