{ "BFS": 25.229935, "A*": 21.365621, "F-Hat": 26.932296, "Risk": 23.126961, "Lookahead": 100 }