{ "BFS": 23.261044, "A*": 21.833530, "F-Hat": 27.960406, "Risk": 25.396484, "Lookahead": 1000 }