{ "BFS": 23.791636, "A*": 21.768902, "F-Hat": 26.260399, "Risk": 26.068968, "Lookahead": 1000 }