{ "BFS": 25.277286, "A*": 21.995622, "F-Hat": 27.105927, "Risk": 24.526964, "Lookahead": 100 }