{ "BFS": 21.885290, "A*": 21.145195, "F-Hat": 24.910053, "Risk": 23.652115, "Lookahead": 1000 }