{ "BFS": 28.916855, "A*": 25.860711, "F-Hat": 25.550601, "Risk": 24.860552, "Lookahead": 10 }