{ "BFS": 23.274302, "A*": 23.614554, "F-Hat": 27.878644, "Risk": 23.530373, "Lookahead": 100 }