{ "BFS": 23.909591, "A*": 21.325610, "F-Hat": 27.621965, "Risk": 21.445610, "Lookahead": 1000 }