{ "BFS": 22.159351, "A*": 21.494223, "F-Hat": 25.785793, "Risk": 25.114911, "Lookahead": 1000 }