{ "BFS": 25.475715, "A*": 23.760105, "F-Hat": 23.261146, "Risk": 24.138735, "Lookahead": 100 }