{ "BFS": 26.743348, "A*": 28.062602, "F-Hat": 23.823826, "Risk": 24.092813, "Lookahead": 10 }