{ "BFS": 23.471817, "A*": 25.059138, "F-Hat": 27.590649, "Risk": 24.265104, "Lookahead": 100 }