{ "BFS": 23.668574, "A*": 22.007888, "F-Hat": 27.221340, "Risk": 25.831769, "Lookahead": 1000 }