{ "BFS": 27.814980, "A*": 22.519507, "F-Hat": 26.708577, "Risk": 26.631646, "Confidence": 45.493325, "LSS-LRTA*": 40.716279, "Lookahead": 10 }