{ "BFS": 29.600104, "A*": 26.863264, "F-Hat": 28.278878, "Risk": 24.310724, "Lookahead": 10 }