{ "BFS": 28.847781, "A*": 24.718714, "F-Hat": 27.739593, "Risk": 24.760989, "Lookahead": 10 }