{ "BFS": 22.384029, "A*": 21.520952, "F-Hat": 26.457982, "Risk": 23.256173, "Lookahead": 1000 }