{ "BFS": 29.276017, "A*": 30.277328, "F-Hat": 27.284546, "Risk": 27.254306, "Lookahead": 10 }