{ "BFS": 21.008529, "A*": 20.226146, "F-Hat": 25.325553, "Risk": 23.146449, "Lookahead": 1000 }