{ "BFS": 27.499955, "A*": 28.248100, "F-Hat": 23.909205, "Risk": 27.277474, "Lookahead": 10 }