{ "BFS": 25.652162, "A*": 25.883709, "F-Hat": 24.107795, "Risk": 25.711768, "Lookahead": 10 }