{ "BFS": 28.000401, "A*": 26.588405, "F-Hat": 27.912707, "Risk": 25.088748, "Lookahead": 10 }