{ "BFS": 24.478324, "A*": 23.001333, "F-Hat": 25.729391, "Risk": 24.436757, "Lookahead": 100 }