{ "BFS": 24.137895, "A*": 23.913868, "F-Hat": 26.286490, "Risk": 23.770786, "Lookahead": 100 }