{ "BFS": 28.356374, "A*": 26.406928, "F-Hat": 25.255355, "Risk": 27.616549, "Lookahead": 10 }