{ "BFS": 24.636001, "A*": 24.918472, "F-Hat": 29.576804, "Risk": 27.677085, "Lookahead": 10 }