{ "BFS": 22.757076, "A*": 20.376517, "F-Hat": 25.346970, "Risk": 25.122906, "Lookahead": 1000 }