{ "BFS": 23.447195, "A*": 24.272958, "F-Hat": 26.974125, "Risk": 24.139097, "Lookahead": 100 }