{ "BFS": 23.632789, "A*": 21.933201, "F-Hat": 23.547937, "Risk": 21.917582, "Lookahead": 1000 }