{ "BFS": 25.890116, "A*": 25.699650, "F-Hat": 27.706912, "Risk": 28.474438, "Lookahead": 10 }