{ "BFS": 26.850595, "A*": 40.848547, "F-Hat": 44.689428, "Risk": 42.182739, "Lookahead": 10 }