{ "BFS": 22.975804, "A*": 21.493793, "F-Hat": 26.865809, "Risk": 26.865809, "Lookahead": 1000 }