{ "BFS": 25.011422, "A*": 24.571096, "F-Hat": 24.521405, "Risk": 24.885049, "Lookahead": 100 }