{ "BFS": 23.275131, "A*": 23.286304, "F-Hat": 24.535352, "Risk": 26.664068, "Lookahead": 10 }