{ "BFS": 25.705907, "A*": 27.626153, "F-Hat": 28.141547, "Risk": 26.011858, "Lookahead": 10 }