{ "BFS": 20.524273, "A*": 22.643150, "F-Hat": 21.463575, "Risk": 19.818193, "Lookahead": 1000 }