{ "BFS": 26.039877, "A*": 25.412271, "F-Hat": 27.736946, "Risk": 23.923423, "Lookahead": 10 }