{ "BFS": 27.427378, "A*": 28.152683, "F-Hat": 24.148475, "Risk": 26.162059, "Lookahead": 10 }