{ "BFS": 25.276188, "A*": 28.844628, "F-Hat": 26.806202, "Risk": 22.243869, "Lookahead": 10 }