{ "BFS": 22.652305, "A*": 21.656600, "F-Hat": 22.315202, "Risk": 21.542161, "Lookahead": 1000 }