{ "BFS": 24.528545, "A*": 22.333394, "F-Hat": 26.102963, "Risk": 22.197887, "Lookahead": 100 }