{ "BFS": 25.495556, "A*": 25.199504, "F-Hat": 27.109683, "Risk": 27.291850, "LSS-LRTA*": 37.771350, "Lookahead": 10 }