{ "BFS": 23.278171, "A*": 41.232272, "F-Hat": 45.072899, "Risk": 42.870096, "Lookahead": 100 }