{ "BFS": 25.078512, "A*": 22.642469, "F-Hat": 24.786103, "Risk": 24.318985, "Lookahead": 100 }