{ "BFS": 22.701513, "A*": 22.224347, "F-Hat": 25.510510, "Risk": 21.506575, "Lookahead": 1000 }