{ "BFS": 23.936904, "A*": 21.185128, "F-Hat": 26.411095, "Risk": 24.286322, "Lookahead": 1000 }