{ "BFS": 25.099859, "A*": 22.595056, "F-Hat": 28.483245, "Risk": 26.283335, "Lookahead": 100 }