{ "BFS": 23.957027, "A*": 21.227578, "F-Hat": 22.198608, "Risk": 20.969599, "Confidence": 46.998744, "LSS-LRTA*": 36.278315, "Lookahead": 1000 }