{ "BFS": 24.592832, "A*": 24.426903, "F-Hat": 22.515658, "Risk": 22.889537, "Lookahead": 100 }