{ "BFS": 24.958320, "A*": 26.577144, "F-Hat": 27.236376, "Risk": 24.369481, "Lookahead": 10 }