{ "BFS": 26.472315, "A*": 24.134020, "F-Hat": 25.281560, "Risk": 25.281560, "Lookahead": 10 }