{ "BFS": 23.460330, "A*": 22.608027, "F-Hat": 28.622288, "Risk": 25.383748, "Lookahead": 100 }