{ "BFS": 23.781894, "A*": 21.853295, "F-Hat": 21.310911, "Risk": 20.072853, "Confidence": 50.879815, "LSS-LRTA*": 34.767250, "Lookahead": 100 }