{ "BFS": 25.212666, "A*": 38.429862, "F-Hat": 46.691760, "Risk": 38.918077, "Lookahead": 100 }