{ "BFS": 25.088254, "A*": 23.885866, "F-Hat": 25.173658, "Risk": 22.091215, "Lookahead": 100 }