{ "BFS": 25.560913, "A*": 23.506072, "F-Hat": 26.911725, "Risk": 27.157908, "Lookahead": 10 }