{ "BFS": 22.504140, "A*": 22.393356, "F-Hat": 21.318318, "Risk": 20.139797, "Confidence": 52.319575, "LSS-LRTA*": 35.443690, "Lookahead": 1000 }