{ "BFS": 22.114560, "A*": 22.039251, "F-Hat": 25.390983, "Risk": 23.195732, "Lookahead": 1000 }