{ "BFS": 21.873389, "A*": 21.724320, "F-Hat": 23.222771, "Risk": 22.725959, "Lookahead": 1000 }