{ "BFS": 21.132014, "A*": 23.201401, "F-Hat": 23.943134, "Risk": 21.390828, "Lookahead": 1000 }