{ "BFS": 25.329489, "A*": 23.752388, "F-Hat": 26.225647, "Risk": 21.844726, "Lookahead": 10 }