{ "BFS": 25.775456, "A*": 25.829206, "F-Hat": 25.958507, "Risk": 23.544662, "Lookahead": 10 }