{ "BFS": 25.090181, "A*": 23.821491, "F-Hat": 25.120026, "Risk": 25.120026, "Lookahead": 100 }