{ "BFS": 25.941042, "A*": 23.849263, "F-Hat": 29.232165, "Risk": 24.516038, "Lookahead": 10 }