{ "BFS": 23.038987, "A*": 20.249902, "F-Hat": 25.142084, "Risk": 22.145187, "Lookahead": 100 }