{ "BFS": 22.346742, "A*": 22.888182, "F-Hat": 26.352118, "Risk": 24.974652, "Lookahead": 1000 }