{ "BFS": 27.047927, "A*": 26.588513, "F-Hat": 28.551887, "Risk": 26.779468, "Lookahead": 10 }