{ "BFS": 23.483354, "A*": 21.554692, "F-Hat": 27.256017, "Risk": 23.834219, "Lookahead": 100 }