{ "BFS": 24.536884, "A*": 23.139151, "F-Hat": 22.406986, "Risk": 22.862248, "Confidence": 44.364058, "LSS-LRTA*": 37.436779, "Lookahead": 100 }