{ "BFS": 26.205522, "A*": 24.607141, "F-Hat": 26.706273, "Risk": 24.436924, "Lookahead": 10 }