{ "BFS": 25.602967, "A*": 22.134284, "F-Hat": 25.773641, "Risk": 24.335015, "Lookahead": 100 }