{ "BFS": 23.689339, "A*": 22.542438, "F-Hat": 25.246576, "Risk": 24.834690, "Lookahead": 100 }