{ "BFS": 27.957833, "A*": 49.021528, "F-Hat": 40.338559, "Risk": 42.885361, "Lookahead": 10 }