{ "BFS": 22.741504, "A*": 42.504677, "F-Hat": 46.793306, "Risk": 43.725838, "Lookahead": 1000 }