{ "BFS": 22.608649, "A*": 23.079231, "F-Hat": 22.634806, "Risk": 22.495693, "Lookahead": 100 }