{ "BFS": 29.660300, "A*": 19.503276, "F-Hat": 26.504793, "Risk": 26.368828, "Lookahead": 10 }