{ "BFS": 28.487966, "A*": 25.019992, "F-Hat": 23.583418, "Risk": 25.467038, "Lookahead": 10 }