{ "BFS": 26.560017, "A*": 25.667001, "F-Hat": 24.736840, "Risk": 24.016603, "Lookahead": 10 }