{ "BFS": 22.362753, "A*": 22.231064, "F-Hat": 25.107399, "Risk": 24.714521, "Lookahead": 1000 }