{ "BFS": 24.952745, "A*": 25.432396, "F-Hat": 26.488231, "Risk": 28.308204, "Lookahead": 10 }