{ "BFS": 24.368042, "A*": 20.572700, "F-Hat": 28.497811, "Risk": 24.282076, "Lookahead": 100 }