{ "BFS": 25.717147, "A*": 26.235394, "F-Hat": 24.344122, "Risk": 24.522070, "Lookahead": 10 }