{ "BFS": 27.582999, "A*": 25.244335, "F-Hat": 27.144263, "Risk": 25.201585, "LSS-LRTA*": 41.596543, "Lookahead": 10 }