{ "BFS": 23.766362, "A*": 21.657524, "F-Hat": 22.115224, "Risk": 21.590148, "Confidence": 44.625079, "LSS-LRTA*": 35.778737, "Lookahead": 100 }