{ "BFS": 23.215728, "A*": 20.227369, "F-Hat": 25.009825, "Risk": 25.009825, "Lookahead": 1000 }