{ "BFS": 26.928463, "A*": 24.856554, "F-Hat": 27.430575, "Risk": 26.344840, "Lookahead": 10 }