{ "BFS": 29.108521, "A*": 25.249243, "F-Hat": 29.001172, "Risk": 25.006245, "Lookahead": 10 }