{ "BFS": 24.620861, "A*": 23.361171, "F-Hat": 22.238302, "Risk": 21.713420, "LSS-LRTA*": 33.943094, "Lookahead": 100 }