{ "BFS": 22.318242, "A*": 20.950077, "F-Hat": 24.595859, "Risk": 23.631678, "Lookahead": 1000 }