{ "BFS": 22.893782, "A*": 42.886091, "F-Hat": 40.213765, "Risk": 39.002589, "Lookahead": 1000 }