{ "BFS": 24.751445, "A*": 22.971119, "F-Hat": 28.370037, "Risk": 24.646071, "Lookahead": 10 }