{ "BFS": 26.315772, "A*": 23.241629, "F-Hat": 26.536059, "Risk": 24.291215, "Lookahead": 100 }