{ "BFS": 25.773842, "A*": 27.968296, "F-Hat": 26.298761, "Risk": 23.068968, "Lookahead": 10 }