{ "BFS": 20.671857, "A*": 21.718963, "F-Hat": 24.695585, "Risk": 22.628502, "Lookahead": 100 }