{ "BFS": 29.093842, "A*": 36.941292, "F-Hat": 42.033524, "Risk": 39.784296, "Lookahead": 10 }