{ "BFS": 24.010371, "A*": 21.090278, "F-Hat": 27.709859, "Risk": 25.173010, "Lookahead": 1000 }