{ "BFS": 28.778813, "A*": 25.884457, "F-Hat": 24.851735, "Risk": 24.263771, "Lookahead": 10 }