{ "BFS": 24.943388, "A*": 26.471332, "F-Hat": 23.412507, "Risk": 25.183019, "Lookahead": 10 }