{ "BFS": 23.683612, "A*": 18.193356, "F-Hat": 24.746938, "Risk": 24.439874, "Lookahead": 1000 }