{ "BFS": 26.737433, "A*": 25.399001, "F-Hat": 26.539513, "Risk": 26.393114, "Lookahead": 10 }