{ "BFS": 23.697826, "A*": 23.034144, "F-Hat": 25.595721, "Risk": 25.509138, "Lookahead": 100 }