{ "BFS": 22.160619, "A*": 21.475085, "F-Hat": 23.809562, "Risk": 22.882500, "Lookahead": 1000 }