{ "BFS": 22.371259, "A*": 24.594714, "F-Hat": 25.677378, "Risk": 26.256819, "Confidence": 44.481198, "LSS-LRTA*": 34.523063, "Lookahead": 10 }