{ "BFS": 24.728267, "A*": 21.136230, "F-Hat": 26.204978, "Risk": 23.353297, "Lookahead": 100 }