{ "BFS": 24.097001, "A*": 38.522361, "F-Hat": 43.923617, "Risk": 42.222061, "Lookahead": 1000 }