{ "BFS": 22.589201, "A*": 45.663883, "F-Hat": 45.242364, "Risk": 44.296635, "Lookahead": 1000 }