{ "BFS": 23.797075, "A*": 22.474475, "F-Hat": 25.664976, "Risk": 24.713034, "Lookahead": 100 }