{ "BFS": 28.425039, "A*": 22.679303, "F-Hat": 28.547075, "Risk": 25.329360, "Lookahead": 10 }