{ "BFS": 25.440193, "A*": 23.214446, "F-Hat": 27.762049, "Risk": 23.208186, "Lookahead": 100 }