{ "BFS": 25.193688, "A*": 21.393471, "F-Hat": 26.986876, "Risk": 26.426501, "Lookahead": 100 }