{ "BFS": 27.340443, "A*": 25.210715, "F-Hat": 24.255795, "Risk": 23.428116, "Confidence": 41.635503, "LSS-LRTA*": 38.324883, "Lookahead": 10 }