{ "BFS": 24.375152, "A*": 46.436418, "F-Hat": 45.550852, "Risk": 40.948209, "Lookahead": 100 }