{ "BFS": 26.478303, "A*": 22.533830, "F-Hat": 25.325437, "Risk": 25.943262, "Lookahead": 100 }