{ "BFS": 22.785575, "A*": 22.302598, "F-Hat": 24.734227, "Risk": 25.412981, "Lookahead": 1000 }