{ "BFS": 24.567358, "A*": 23.680162, "F-Hat": 25.179632, "Risk": 21.857349, "Lookahead": 100 }