{ "BFS": 25.154821, "A*": 42.296744, "F-Hat": 45.020949, "Risk": 43.374996, "Lookahead": 1000 }