{ "BFS": 21.265979, "A*": 22.760000, "F-Hat": 29.593795, "Risk": 23.310053, "Lookahead": 1000 }