{ "BFS": 23.540061, "A*": 22.339583, "F-Hat": 24.135131, "Risk": 23.251388, "Lookahead": 100 }