{ "BFS": 23.861193, "A*": 21.387802, "F-Hat": 24.710721, "Risk": 21.259715, "Lookahead": 1000 }