{ "BFS": 22.379459, "A*": 18.866266, "F-Hat": 25.066329, "Risk": 22.073200, "Lookahead": 1000 }