{ "BFS": 27.742255, "A*": 25.795737, "F-Hat": 24.925939, "Risk": 26.470432, "Lookahead": 10 }