{ "BFS": 28.829492, "A*": 22.436086, "F-Hat": 27.164594, "Risk": 24.254346, "Lookahead": 10 }