{ "BFS": 26.967983, "A*": 24.672175, "F-Hat": 26.348020, "Risk": 25.956015, "Lookahead": 10 }