{ "BFS": 24.074600, "A*": 25.551094, "F-Hat": 26.307254, "Risk": 23.556293, "Lookahead": 100 }