{ "BFS": 21.163630, "A*": 19.106092, "F-Hat": 21.684217, "Risk": 20.044826, "Lookahead": 1000 }