{ "BFS": 24.353884, "A*": 24.812204, "F-Hat": 28.147447, "Risk": 24.416311, "Lookahead": 100 }