{ "BFS": 24.819217, "A*": 26.848038, "F-Hat": 27.368648, "Risk": 25.051963, "Lookahead": 10 }