{ "BFS": 24.504863, "A*": 22.258665, "F-Hat": 27.106860, "Risk": 24.635960, "Lookahead": 100 }