{ "BFS": 25.019880, "A*": 26.363463, "F-Hat": 26.924757, "Risk": 24.259811, "Lookahead": 10 }