{ "BFS": 22.658276, "A*": 21.596719, "F-Hat": 25.522344, "Risk": 24.466419, "Lookahead": 1000 }