{ "BFS": 26.586724, "A*": 25.076953, "F-Hat": 27.132837, "Risk": 26.196273, "Lookahead": 10 }