{ "BFS": 24.652454, "A*": 25.462733, "F-Hat": 29.431111, "Risk": 22.639340, "Lookahead": 10 }