{ "BFS": 22.392486, "A*": 20.956844, "F-Hat": 27.431957, "Risk": 24.860318, "Lookahead": 1000 }