{ "BFS": 27.007236, "A*": 25.910868, "F-Hat": 25.941652, "Risk": 25.333710, "Lookahead": 10 }