{ "BFS": 24.431410, "A*": 21.774199, "F-Hat": 25.418472, "Risk": 26.373054, "Lookahead": 100 }