{ "BFS": 23.946295, "A*": 22.712671, "F-Hat": 25.359546, "Risk": 23.488513, "Lookahead": 100 }