{ "BFS": 26.260774, "A*": 21.464819, "F-Hat": 25.860727, "Risk": 24.426841, "Lookahead": 100 }