{ "BFS": 24.021895, "A*": 21.173247, "F-Hat": 27.094022, "Risk": 25.114079, "Lookahead": 1000 }