{ "BFS": 29.001971, "A*": 40.421775, "F-Hat": 44.484871, "Risk": 40.004326, "Lookahead": 10 }