{ "BFS": 21.873020, "A*": 20.480593, "F-Hat": 21.316882, "Risk": 17.541035, "Confidence": 49.769892, "LSS-LRTA*": 30.793154, "Lookahead": 1000 }