{ "BFS": 23.833171, "A*": 21.224888, "F-Hat": 27.255191, "Risk": 25.701795, "Lookahead": 1000 }