{ "BFS": 28.002920, "A*": 24.350114, "F-Hat": 27.560431, "Risk": 24.356720, "Lookahead": 10 }