{ "BFS": 25.689617, "A*": 25.266170, "F-Hat": 27.196213, "Risk": 24.847038, "Lookahead": 10 }