{ "BFS": 24.405166, "A*": 22.262072, "F-Hat": 21.707085, "Risk": 20.011709, "Confidence": 49.970959, "LSS-LRTA*": 28.919114, "Lookahead": 1000 }