{ "BFS": 22.589500, "A*": 22.544754, "F-Hat": 25.749664, "Risk": 23.337396, "Lookahead": 100 }