{ "BFS": 23.703195, "A*": 21.621331, "F-Hat": 28.205257, "Risk": 26.221358, "Lookahead": 1000 }