{ "BFS": 29.125253, "A*": 25.848142, "F-Hat": 25.983152, "Risk": 26.892708, "Lookahead": 10 }