{ "BFS": 25.299875, "A*": 20.551457, "F-Hat": 25.547120, "Risk": 24.271508, "Lookahead": 100 }