{ "BFS": 23.356139, "A*": 21.643680, "F-Hat": 27.240538, "Risk": 28.185361, "Lookahead": 1000 }