{ "BFS": 22.935970, "A*": 21.050860, "F-Hat": 25.797226, "Risk": 23.966540, "Lookahead": 1000 }