{ "BFS": 26.201482, "A*": 25.066402, "F-Hat": 27.846253, "Risk": 27.611752, "Lookahead": 10 }