{ "BFS": 24.576293, "A*": 20.998062, "F-Hat": 26.768989, "Risk": 25.538126, "Lookahead": 1000 }