{ "BFS": 20.873646, "A*": 20.861576, "F-Hat": 21.491859, "Risk": 21.621978, "Lookahead": 1000 }