{ "BFS": 24.178047, "A*": 40.865878, "F-Hat": 41.181795, "Risk": 40.951996, "Lookahead": 10 }