{ "BFS": 23.175118, "A*": 22.032356, "F-Hat": 27.561565, "Risk": 29.465836, "Lookahead": 100 }