{ "BFS": 28.138414, "A*": 27.016663, "F-Hat": 25.118245, "Risk": 26.533380, "Lookahead": 10 }