{ "BFS": 24.332416, "A*": 22.150009, "F-Hat": 26.036259, "Risk": 21.885855, "Lookahead": 100 }