{ "BFS": 23.323217, "A*": 20.881950, "F-Hat": 26.240391, "Risk": 24.458725, "Lookahead": 1000 }