{ "BFS": 23.759637, "A*": 22.129876, "F-Hat": 25.107615, "Risk": 23.328112, "Lookahead": 100 }