{ "BFS": 26.694718, "A*": 23.058368, "F-Hat": 26.071886, "Risk": 24.320878, "Lookahead": 100 }