{ "BFS": 24.616269, "A*": 23.315005, "F-Hat": 25.549749, "Risk": 21.603275, "Lookahead": 10 }