{ "BFS": 25.217199, "A*": 21.956740, "F-Hat": 22.623067, "Risk": 22.721757, "Lookahead": 100 }