{ "BFS": 25.879767, "A*": 24.381158, "F-Hat": 22.222155, "Risk": 24.888919, "Confidence": 42.403874, "LSS-LRTA*": 34.413158, "Lookahead": 100 }