{ "BFS": 25.663347, "A*": 26.564444, "F-Hat": 25.525865, "Risk": 22.545591, "Lookahead": 10 }