{ "BFS": 22.505661, "A*": 21.717724, "F-Hat": 22.769154, "Risk": 20.254622, "Lookahead": 1000 }