{ "BFS": 25.756786, "A*": 25.361176, "F-Hat": 26.538270, "Risk": 27.035519, "Lookahead": 10 }