{ "BFS": 22.857969, "A*": 21.427608, "F-Hat": 24.165706, "Risk": 24.193045, "Lookahead": 1000 }