{ "BFS": 26.341380, "A*": 23.113796, "F-Hat": 27.595377, "Risk": 23.829140, "Lookahead": 10 }