{ "BFS": 25.859209, "A*": 22.432077, "F-Hat": 24.815963, "Risk": 24.241140, "Lookahead": 100 }