{ "BFS": 21.277501, "A*": 21.619365, "F-Hat": 21.899892, "Risk": 20.462336, "LSS-LRTA*": 33.739409, "Lookahead": 1000 }