{ "BFS": 26.076309, "A*": 23.151748, "F-Hat": 26.268691, "Risk": 23.828329, "Lookahead": 100 }