{ "BFS": 26.071799, "A*": 26.274991, "F-Hat": 25.045691, "Risk": 24.990481, "Lookahead": 10 }