{ "BFS": 23.628947, "A*": 21.445581, "F-Hat": 27.749478, "Risk": 25.171358, "Lookahead": 1000 }