{ "BFS": 21.797141, "A*": 22.020874, "F-Hat": 26.297968, "Risk": 24.006739, "Lookahead": 1000 }