{ "BFS": 28.088414, "A*": 27.946444, "F-Hat": 26.992636, "Risk": 26.030553, "Lookahead": 10 }