{ "BFS": 22.820429, "A*": 22.221616, "F-Hat": 24.120309, "Risk": 22.036174, "Lookahead": 1000 }