{ "BFS": 23.050880, "A*": 21.585280, "F-Hat": 25.453969, "Risk": 25.453969, "Lookahead": 100 }