{ "BFS": 20.593085, "A*": 26.021772, "F-Hat": 23.798464, "Risk": 25.795491, "Lookahead": 10 }