{ "BFS": 22.163003, "A*": 23.110446, "F-Hat": 22.823131, "Risk": 22.344749, "Lookahead": 1000 }