{ "BFS": 24.857918, "A*": 23.654534, "F-Hat": 26.664079, "Risk": 24.368389, "Lookahead": 100 }