{ "BFS": 22.754057, "A*": 22.635517, "F-Hat": 25.857076, "Risk": 27.399247, "Lookahead": 100 }