{ "BFS": 27.713123, "A*": 25.544402, "F-Hat": 26.242724, "Risk": 25.789710, "Lookahead": 10 }