{ "BFS": 22.913893, "A*": 21.899152, "F-Hat": 27.128354, "Risk": 24.315030, "Lookahead": 100 }