{ "BFS": 22.683816, "A*": 21.430314, "F-Hat": 25.474938, "Risk": 23.063215, "Lookahead": 1000 }