{ "BFS": 24.400314, "A*": 22.989869, "F-Hat": 27.003955, "Risk": 23.234991, "Lookahead": 100 }