{ "BFS": 25.925768, "A*": 21.200847, "F-Hat": 26.691692, "Risk": 24.720164, "Lookahead": 100 }