{ "BFS": 23.625060, "A*": 22.998288, "F-Hat": 26.913054, "Risk": 24.233132, "Confidence": 44.914140, "LSS-LRTA*": 37.498191, "Lookahead": 10 }