{ "BFS": 22.907040, "A*": 21.980107, "F-Hat": 28.029989, "Risk": 24.549532, "Lookahead": 1000 }