{ "BFS": 27.148454, "A*": 27.717476, "F-Hat": 27.834944, "Risk": 24.703082, "Lookahead": 10 }