{ "BFS": 25.652626, "A*": 25.727732, "F-Hat": 27.869612, "Risk": 22.502034, "Lookahead": 10 }