{ "BFS": 22.125948, "A*": 17.047029, "F-Hat": 26.527092, "Risk": 21.946012, "Lookahead": 1000 }