{ "BFS": 23.056867, "A*": 22.552164, "F-Hat": 26.474587, "Risk": 23.362991, "Lookahead": 1000 }