{ "BFS": 24.791148, "A*": 22.253705, "F-Hat": 23.552217, "Risk": 23.616449, "Lookahead": 1000 }