{ "BFS": 24.278022, "A*": 24.277457, "F-Hat": 24.292968, "Risk": 24.292968, "Lookahead": 10 }