{ "BFS": 22.213806, "A*": 22.327443, "F-Hat": 27.511315, "Risk": 23.529720, "Lookahead": 1000 }