{ "BFS": 21.546245, "A*": 22.064287, "F-Hat": 24.459763, "Risk": 24.083353, "Lookahead": 1000 }