{ "BFS": 21.217535, "A*": 20.996496, "F-Hat": 24.558601, "Risk": 23.864674, "Lookahead": 1000 }