{ "BFS": 24.331659, "A*": 20.021746, "F-Hat": 26.919700, "Risk": 23.032503, "Lookahead": 1000 }