{ "BFS": 24.805245, "A*": 23.227004, "F-Hat": 22.603454, "Risk": 21.167398, "Lookahead": 100 }