{ "BFS": 21.720064, "A*": 21.342721, "F-Hat": 27.145771, "Risk": 23.345655, "Lookahead": 1000 }