{ "BFS": 24.448443, "A*": 22.332878, "F-Hat": 25.883319, "Risk": 23.804420, "Lookahead": 100 }