{ "BFS": 23.327782, "A*": 23.620668, "F-Hat": 25.429731, "Risk": 26.640433, "Lookahead": 100 }