{ "BFS": 21.276035, "A*": 42.119382, "F-Hat": 41.371165, "Risk": 38.994033, "Lookahead": 1000 }