{ "BFS": 24.096000, "A*": 23.259072, "F-Hat": 21.961847, "Risk": 21.048813, "Lookahead": 100 }