{ "BFS": 23.249587, "A*": 23.309871, "F-Hat": 27.926979, "Risk": 24.233450, "Lookahead": 100 }