{ "BFS": 28.812708, "A*": 26.744806, "F-Hat": 28.404432, "Risk": 24.077811, "Lookahead": 10 }