{ "BFS": 28.302418, "A*": 24.394907, "F-Hat": 25.199912, "Risk": 27.485049, "Confidence": 44.451992, "LSS-LRTA*": 39.999571, "Lookahead": 10 }