{ "BFS": 23.818283, "A*": 22.656720, "F-Hat": 25.809176, "Risk": 23.657890, "Lookahead": 100 }