{ "BFS": 21.900169, "A*": 21.148298, "F-Hat": 21.778750, "Risk": 20.918336, "Lookahead": 1000 }