{ "BFS": 31.950341, "A*": 26.985478, "F-Hat": 26.760175, "Risk": 25.954995, "Lookahead": 10 }