{ "BFS": 22.910663, "A*": 22.999166, "F-Hat": 25.089818, "Risk": 23.468432, "Lookahead": 1000 }