{ "BFS": 26.801487, "A*": 26.712521, "F-Hat": 31.334504, "Risk": 26.450517, "Lookahead": 10 }