{ "BFS": 27.327718, "A*": 26.803023, "F-Hat": 25.452036, "Risk": 25.884524, "Lookahead": 10 }