{ "BFS": 25.286608, "A*": 26.366229, "F-Hat": 26.269390, "Risk": 27.834344, "Lookahead": 10 }