{ "BFS": 24.909978, "A*": 25.573940, "F-Hat": 25.577308, "Risk": 26.503642, "LSS-LRTA*": 35.002317, "Lookahead": 10 }