{ "BFS": 24.117445, "A*": 21.630416, "F-Hat": 28.224978, "Risk": 25.900459, "Lookahead": 1000 }