{ "BFS": 23.833812, "A*": 20.041067, "F-Hat": 26.700677, "Risk": 22.567552, "Lookahead": 1000 }