{ "BFS": 25.067022, "A*": 22.090644, "F-Hat": 24.826961, "Risk": 25.794004, "Lookahead": 100 }