{ "BFS": 27.196892, "A*": 23.523532, "F-Hat": 21.649756, "Risk": 22.580877, "Lookahead": 100 }