{ "BFS": 28.098472, "A*": 25.328723, "F-Hat": 30.160283, "Risk": 24.955875, "Lookahead": 10 }