{ "BFS": 25.697548, "A*": 24.053230, "F-Hat": 26.129347, "Risk": 25.317073, "Lookahead": 10 }