{ "BFS": 22.596498, "A*": 21.546273, "F-Hat": 20.585509, "Risk": 21.577177, "Lookahead": 1000 }