{ "BFS": 22.778032, "A*": 21.901538, "F-Hat": 24.278547, "Risk": 25.330762, "Lookahead": 1000 }