{ "BFS": 24.213548, "A*": 24.153829, "F-Hat": 26.023437, "Risk": 29.762734, "Lookahead": 10 }