{ "BFS": 22.271848, "A*": 20.881890, "F-Hat": 24.947338, "Risk": 22.752371, "Lookahead": 1000 }