{ "BFS": 23.036182, "A*": 20.135749, "F-Hat": 25.854285, "Risk": 24.052643, "Lookahead": 1000 }