{ "BFS": 25.018265, "A*": 41.012268, "F-Hat": 43.666696, "Risk": 48.544690, "Lookahead": 100 }