{ "BFS": 25.561151, "A*": 23.261650, "F-Hat": 26.354498, "Risk": 25.822498, "Lookahead": 100 }