{ "BFS": 26.180913, "A*": 29.311779, "F-Hat": 26.975702, "Risk": 24.690104, "Lookahead": 10 }