{ "BFS": 23.648990, "A*": 23.445246, "F-Hat": 25.489087, "Risk": 24.346028, "Lookahead": 100 }