{ "BFS": 24.260257, "A*": 22.364035, "F-Hat": 22.785988, "Risk": 23.121770, "Lookahead": 100 }