{ "BFS": 23.276998, "A*": 21.400182, "F-Hat": 26.526397, "Risk": 24.707548, "Lookahead": 100 }