{ "BFS": 24.123037, "A*": 22.069375, "F-Hat": 26.797872, "Risk": 17.806824, "Lookahead": 100 }