{ "BFS": 27.433238, "A*": 26.486533, "F-Hat": 23.187276, "Risk": 23.187276, "Lookahead": 10 }