{ "BFS": 26.485645, "A*": 24.085537, "F-Hat": 25.490902, "Risk": 29.165967, "Lookahead": 10 }