{ "BFS": 25.319110, "A*": 22.525396, "F-Hat": 28.863556, "Risk": 24.768142, "Lookahead": 100 }