{ "BFS": 26.077975, "A*": 24.685680, "F-Hat": 27.833626, "Risk": 25.149792, "Lookahead": 10 }