{ "BFS": 23.772673, "A*": 23.099617, "F-Hat": 27.454361, "Risk": 25.190891, "Lookahead": 100 }