{ "BFS": 25.033374, "A*": 23.354513, "F-Hat": 26.591380, "Risk": 23.369156, "Lookahead": 100 }