{ "BFS": 23.991611, "A*": 22.460621, "F-Hat": 27.160490, "Risk": 27.120866, "Lookahead": 1000 }