{ "BFS": 22.801968, "A*": 20.945068, "F-Hat": 21.675516, "Risk": 23.182732, "Confidence": 40.982016, "LSS-LRTA*": 39.932473, "Lookahead": 100 }