{ "BFS": 20.632614, "A*": 20.881421, "F-Hat": 27.276410, "Risk": 25.834114, "Lookahead": 1000 }