{ "BFS": 23.211674, "A*": 21.693516, "F-Hat": 25.842761, "Risk": 22.934121, "Lookahead": 1000 }