{ "BFS": 20.977249, "A*": 22.305002, "F-Hat": 25.623330, "Risk": 24.333286, "Lookahead": 100 }