{ "BFS": 22.294426, "A*": 47.614625, "F-Hat": 39.017408, "Risk": 38.045350, "Lookahead": 100 }