{ "BFS": 22.415856, "A*": 21.022027, "F-Hat": 27.478638, "Risk": 22.554137, "Lookahead": 100 }