{ "BFS": 25.127968, "A*": 25.430806, "F-Hat": 26.396982, "Risk": 27.118192, "LSS-LRTA*": 34.377219, "Lookahead": 10 }