{ "BFS": 23.960457, "A*": 22.820794, "F-Hat": 25.207129, "Risk": 23.204115, "Lookahead": 100 }