{ "BFS": 23.854426, "A*": 21.561865, "F-Hat": 25.832418, "Risk": 26.523077, "Lookahead": 100 }