{ "BFS": 24.164320, "A*": 23.866472, "F-Hat": 26.242295, "Risk": 24.477421, "Lookahead": 100 }