{ "BFS": 24.595083, "A*": 23.913774, "F-Hat": 25.661251, "Risk": 25.619504, "Lookahead": 10 }