{ "BFS": 28.664918, "A*": 29.399740, "F-Hat": 27.780300, "Risk": 29.074886, "Lookahead": 10 }