{ "BFS": 20.718175, "A*": 20.951049, "F-Hat": 25.979779, "Risk": 23.556574, "Lookahead": 1000 }