{ "BFS": 22.545676, "A*": 22.132732, "F-Hat": 26.486021, "Risk": 24.542262, "Lookahead": 100 }