{ "BFS": 20.647663, "A*": 20.439188, "F-Hat": 25.012798, "Risk": 22.885887, "Lookahead": 1000 }