{ "BFS": 22.497148, "A*": 22.297709, "F-Hat": 22.525155, "Risk": 21.106393, "Lookahead": 100 }