{ "BFS": 24.509351, "A*": 23.529926, "F-Hat": 26.608137, "Risk": 23.689140, "Lookahead": 100 }