{ "BFS": 29.045191, "A*": 25.477202, "F-Hat": 27.392824, "Risk": 28.939589, "Lookahead": 10 }