{ "BFS": 28.917091, "A*": 24.974906, "F-Hat": 26.945671, "Risk": 24.746566, "Lookahead": 10 }