{ "BFS": 23.791253, "A*": 21.468539, "F-Hat": 25.051053, "Risk": 24.254347, "Lookahead": 1000 }