{ "BFS": 23.258660, "A*": 22.514279, "F-Hat": 27.144271, "Risk": 23.277277, "Lookahead": 100 }