{ "BFS": 23.173109, "A*": 21.767820, "F-Hat": 27.411876, "Risk": 25.682362, "Lookahead": 1000 }