{ "BFS": 23.866613, "A*": 24.100191, "F-Hat": 25.368115, "Risk": 23.042449, "Lookahead": 100 }