{ "BFS": 26.609790, "A*": 25.806373, "F-Hat": 25.501786, "Risk": 26.017380, "LSS-LRTA*": 39.383495, "Lookahead": 10 }