{ "BFS": 22.461537, "A*": 20.838519, "F-Hat": 21.014163, "Risk": 20.653803, "Lookahead": 1000 }