{ "BFS": 24.975890, "A*": 23.553034, "F-Hat": 23.801893, "Risk": 21.864376, "Confidence": 46.131650, "LSS-LRTA*": 40.237823, "Lookahead": 100 }