{ "BFS": 25.374211, "A*": 25.883153, "F-Hat": 27.042271, "Risk": 28.922058, "Lookahead": 10 }