{ "BFS": 21.678615, "A*": 21.010852, "F-Hat": 29.020369, "Risk": 24.531579, "Lookahead": 1000 }