{ "BFS": 23.915725, "A*": 22.518162, "F-Hat": 27.446994, "Risk": 24.764213, "Lookahead": 100 }