{ "BFS": 30.645437, "A*": 26.324314, "F-Hat": 27.238654, "Risk": 24.726703, "Lookahead": 10 }