{ "BFS": 22.309452, "A*": 18.851951, "F-Hat": 24.098583, "Risk": 23.556504, "Lookahead": 1000 }