{ "BFS": 24.360403, "A*": 22.350026, "F-Hat": 24.942830, "Risk": 24.665121, "Lookahead": 100 }