{ "BFS": 24.512796, "A*": 24.725897, "F-Hat": 26.509355, "Risk": 23.531458, "Lookahead": 100 }