{ "BFS": 25.143379, "A*": 22.781787, "F-Hat": 28.037952, "Risk": 24.937248, "Lookahead": 100 }