{ "BFS": 23.553535, "A*": 21.985655, "F-Hat": 26.249853, "Risk": 23.304463, "Lookahead": 100 }