{ "BFS": 23.603480, "A*": 23.068299, "F-Hat": 28.318135, "Risk": 23.721327, "Lookahead": 100 }