{ "BFS": 27.675367, "A*": 24.175072, "F-Hat": 28.618626, "Risk": 28.660154, "Lookahead": 10 }