{ "BFS": 26.763760, "A*": 25.320698, "F-Hat": 28.618482, "Risk": 25.521600, "Lookahead": 10 }