{ "BFS": 22.892362, "A*": 21.423168, "F-Hat": 29.521298, "Risk": 25.031095, "Lookahead": 1000 }