{ "BFS": 24.022490, "A*": 22.891043, "F-Hat": 24.185623, "Risk": 22.806353, "Lookahead": 100 }