{ "BFS": 21.552225, "A*": 21.265356, "F-Hat": 26.190803, "Risk": 26.190803, "Lookahead": 1000 }