{ "BFS": 24.162181, "A*": 41.282305, "F-Hat": 39.913672, "Risk": 44.000547, "Lookahead": 1000 }