{ "BFS": 27.876405, "A*": 42.016281, "F-Hat": 45.551396, "Risk": 38.492192, "Lookahead": 10 }