{ "BFS": 24.702229, "A*": 24.099867, "F-Hat": 27.564071, "Risk": 23.965492, "Lookahead": 10 }