{ "BFS": 24.854343, "A*": 25.153805, "F-Hat": 25.791355, "Risk": 24.560599, "Lookahead": 10 }