{ "BFS": 24.952837, "A*": 46.686956, "F-Hat": 45.192832, "Risk": 42.636849, "Lookahead": 10 }