{ "BFS": 22.355548, "A*": 19.474757, "F-Hat": 25.654969, "Risk": 24.052382, "Lookahead": 1000 }