{ "BFS": 29.407261, "A*": 25.403944, "F-Hat": 26.942665, "Risk": 28.480067, "Lookahead": 10 }