{ "BFS": 23.114067, "A*": 24.857616, "F-Hat": 26.584182, "Risk": 23.141847, "Lookahead": 10 }