{ "BFS": 25.709589, "A*": 26.838100, "F-Hat": 25.508687, "Risk": 26.202963, "Confidence": 44.441409, "LSS-LRTA*": 39.505696, "Lookahead": 10 }