{ "BFS": 24.405701, "A*": 39.753804, "F-Hat": 43.344616, "Risk": 40.831370, "Lookahead": 100 }