{ "BFS": 22.678004, "A*": 21.928960, "F-Hat": 22.101991, "Risk": 22.092370, "Lookahead": 1000 }