{ "BFS": 23.577108, "A*": 21.782006, "F-Hat": 25.133080, "Risk": 23.184233, "Lookahead": 1000 }