{ "BFS": 23.277264, "A*": 23.124792, "F-Hat": 24.817143, "Risk": 22.671530, "Lookahead": 100 }