{ "BFS": 23.460478, "A*": 24.016387, "F-Hat": 27.108025, "Risk": 25.375618, "Lookahead": 1000 }