{ "BFS": 22.546574, "A*": 20.455483, "F-Hat": 22.094087, "Risk": 20.935424, "Confidence": 39.610245, "LSS-LRTA*": 31.378131, "Lookahead": 1000 }