{ "BFS": 22.561771, "A*": 22.273410, "F-Hat": 27.201778, "Risk": 24.358998, "Lookahead": 1000 }