{ "BFS": 24.979774, "A*": 20.914402, "F-Hat": 24.408283, "Risk": 23.406911, "Lookahead": 100 }