{ "BFS": 27.140402, "A*": 24.187794, "F-Hat": 25.473615, "Risk": 22.337311, "Lookahead": 10 }