{ "BFS": 22.006975, "A*": 22.251238, "F-Hat": 27.634812, "Risk": 25.420956, "Lookahead": 1000 }