{ "BFS": 22.874354, "A*": 22.233041, "F-Hat": 27.747043, "Risk": 22.179159, "Lookahead": 100 }