{ "BFS": 25.733843, "A*": 25.065652, "F-Hat": 25.747939, "Risk": 25.298844, "Lookahead": 100 }