{ "BFS": 21.355512, "A*": 24.169331, "F-Hat": 27.320083, "Risk": 24.646691, "Lookahead": 100 }