{ "BFS": 22.601519, "A*": 22.893739, "F-Hat": 22.473551, "Risk": 21.844249, "Confidence": 45.650193, "LSS-LRTA*": 38.349604, "Lookahead": 100 }