{ "BFS": 22.171901, "A*": 20.305256, "F-Hat": 25.014190, "Risk": 21.997610, "Lookahead": 1000 }