{ "BFS": 27.844700, "A*": 39.709315, "F-Hat": 46.438644, "Risk": 42.816558, "Lookahead": 10 }