{ "BFS": 22.726892, "A*": 21.898381, "F-Hat": 26.572215, "Risk": 24.693756, "Lookahead": 1000 }