{ "BFS": 24.833658, "A*": 24.982052, "F-Hat": 27.061165, "Risk": 27.163345, "Lookahead": 10 }