{ "BFS": 21.299998, "A*": 21.523936, "F-Hat": 25.847194, "Risk": 23.776094, "Lookahead": 1000 }