{ "BFS": 23.447196, "A*": 20.545426, "F-Hat": 24.982343, "Risk": 23.005711, "Lookahead": 1000 }