{ "BFS": 24.829031, "A*": 21.955931, "F-Hat": 26.639142, "Risk": 24.936593, "Lookahead": 1000 }