{ "BFS": 25.110435, "A*": 21.587693, "F-Hat": 22.618040, "Risk": 21.451501, "Lookahead": 100 }