{ "BFS": 25.471047, "A*": 26.317566, "F-Hat": 24.656962, "Risk": 26.601342, "Lookahead": 10 }