{ "BFS": 23.201301, "A*": 22.443289, "F-Hat": 24.227201, "Risk": 24.227201, "Lookahead": 1000 }