{ "BFS": 21.989426, "A*": 22.854732, "F-Hat": 25.530730, "Risk": 23.709488, "Lookahead": 1000 }