{ "BFS": 26.676592, "A*": 25.922439, "F-Hat": 25.642275, "Risk": 27.195786, "Lookahead": 10 }