{ "BFS": 26.290463, "A*": 27.208365, "F-Hat": 27.426647, "Risk": 26.171247, "Lookahead": 10 }