{ "BFS": 24.478836, "A*": 22.187381, "F-Hat": 26.195760, "Risk": 25.452821, "Lookahead": 100 }