{ "BFS": 22.457367, "A*": 23.617060, "F-Hat": 27.091800, "Risk": 25.357361, "Lookahead": 100 }