{ "BFS": 21.669693, "A*": 20.843076, "F-Hat": 26.743780, "Risk": 23.741770, "Lookahead": 1000 }