{ "BFS": 24.593675, "A*": 25.897048, "F-Hat": 24.664688, "Risk": 26.431001, "Lookahead": 10 }