{ "BFS": 27.743367, "A*": 44.617741, "F-Hat": 42.422637, "Risk": 40.653423, "Lookahead": 10 }