{ "BFS": 25.893804, "A*": 24.005418, "F-Hat": 27.119199, "Risk": 25.074990, "Lookahead": 100 }