{ "BFS": 24.830005, "A*": 22.275270, "F-Hat": 26.765822, "Risk": 24.008266, "Lookahead": 1000 }