{ "BFS": 20.351783, "A*": 20.512447, "F-Hat": 26.220448, "Risk": 20.492404, "Lookahead": 1000 }