{ "BFS": 21.799088, "A*": 22.645879, "F-Hat": 22.780940, "Risk": 21.279402, "Confidence": 43.315200, "LSS-LRTA*": 29.516097, "Lookahead": 1000 }