{ "BFS": 22.526148, "A*": 22.148034, "F-Hat": 25.419057, "Risk": 22.545582, "Lookahead": 1000 }