{ "BFS": 25.004927, "A*": 23.755507, "F-Hat": 23.568640, "Risk": 23.738770, "Lookahead": 10 }