{ "BFS": 22.312326, "A*": 21.671341, "F-Hat": 20.619253, "Risk": 20.290775, "Confidence": 42.603883, "LSS-LRTA*": 37.752472, "Lookahead": 100 }