{ "BFS": 25.530339, "A*": 24.237118, "F-Hat": 30.447165, "Risk": 24.318145, "Lookahead": 100 }