{ "BFS": 22.059416, "A*": 22.492135, "F-Hat": 21.210279, "Risk": 21.467049, "Lookahead": 100 }