{ "BFS": 27.363452, "A*": 25.857561, "F-Hat": 27.928439, "Risk": 24.653681, "Lookahead": 10 }