{ "BFS": 25.259436, "A*": 22.245071, "F-Hat": 21.385154, "Risk": 22.561325, "Lookahead": 100 }