{ "BFS": 23.800092, "A*": 22.318184, "F-Hat": 24.956711, "Risk": 24.495259, "Lookahead": 1000 }