{ "BFS": 23.063935, "A*": 20.005908, "F-Hat": 26.684957, "Risk": 24.898949, "Lookahead": 1000 }