{ "BFS": 24.302839, "A*": 22.765588, "F-Hat": 26.122643, "Risk": 23.146533, "Lookahead": 100 }