{ "BFS": 24.613597, "A*": 19.900624, "F-Hat": 26.570251, "Risk": 22.673814, "Lookahead": 1000 }