{ "BFS": 23.401332, "A*": 21.338904, "F-Hat": 25.821443, "Risk": 22.699896, "Lookahead": 1000 }