{ "BFS": 25.525356, "A*": 23.393684, "F-Hat": 26.535942, "Risk": 24.724500, "Lookahead": 100 }