{ "BFS": 22.119332, "A*": 22.067485, "F-Hat": 25.971659, "Risk": 23.050748, "Lookahead": 1000 }