{ "BFS": 26.812068, "A*": 23.486796, "F-Hat": 26.711784, "Risk": 22.689879, "Lookahead": 10 }