{ "BFS": 22.151577, "A*": 21.833915, "F-Hat": 21.028799, "Risk": 21.009776, "Lookahead": 1000 }