{ "BFS": 25.609072, "A*": 26.754711, "F-Hat": 27.845399, "Risk": 24.764035, "Lookahead": 10 }