{ "BFS": 24.595698, "A*": 21.290484, "F-Hat": 26.404692, "Risk": 23.950360, "Lookahead": 100 }