{ "BFS": 22.107426, "A*": 13.873107, "F-Hat": 27.344138, "Risk": 24.945099, "Lookahead": 1000 }