{ "BFS": 24.195337, "A*": 20.379033, "F-Hat": 29.061187, "Risk": 23.834727, "Lookahead": 1000 }