{ "BFS": 21.832530, "A*": 21.858365, "F-Hat": 28.197358, "Risk": 24.532485, "Lookahead": 1000 }