{ "BFS": 28.701178, "A*": 26.864071, "F-Hat": 26.630696, "Risk": 26.879740, "Lookahead": 10 }