{ "BFS": 25.755679, "A*": 26.038111, "F-Hat": 25.037386, "Risk": 26.346492, "Lookahead": 10 }