{ "BFS": 24.955799, "A*": 40.675034, "F-Hat": 42.428720, "Risk": 44.245581, "Lookahead": 100 }