{ "BFS": 21.332097, "A*": 22.422129, "F-Hat": 24.619985, "Risk": 22.503643, "Lookahead": 1000 }