{ "BFS": 26.612282, "A*": 27.037418, "F-Hat": 28.923042, "Risk": 24.548630, "Lookahead": 10 }