{ "BFS": 24.709792, "A*": 24.351675, "F-Hat": 25.719110, "Risk": 24.480417, "Lookahead": 10 }