{ "BFS": 23.437141, "A*": 21.508512, "F-Hat": 25.488645, "Risk": 24.607089, "Lookahead": 100 }