{ "BFS": 24.565331, "A*": 22.139420, "F-Hat": 25.274592, "Risk": 23.175181, "Lookahead": 100 }