{ "BFS": 30.487035, "A*": 25.398845, "F-Hat": 27.978545, "Risk": 29.236368, "Lookahead": 10 }