{ "BFS": 23.268872, "A*": 22.066646, "F-Hat": 27.628767, "Risk": 24.816074, "Lookahead": 100 }