{ "BFS": 23.545253, "A*": 22.566619, "F-Hat": 23.781184, "Risk": 23.963241, "Lookahead": 100 }