{ "BFS": 28.699255, "A*": 43.129240, "F-Hat": 42.621866, "Risk": 42.817073, "Lookahead": 10 }