{ "BFS": 21.916917, "A*": 22.360901, "F-Hat": 28.010120, "Risk": 26.026400, "Lookahead": 1000 }