{ "BFS": 21.684646, "A*": 21.381617, "F-Hat": 23.101180, "Risk": 23.090798, "Lookahead": 100 }