{ "BFS": 28.852850, "A*": 27.408312, "F-Hat": 26.840948, "Risk": 25.681086, "Lookahead": 10 }