{ "BFS": 24.327032, "A*": 21.655831, "F-Hat": 21.631328, "Risk": 21.662350, "Lookahead": 100 }