{ "BFS": 23.889880, "A*": 22.260225, "F-Hat": 25.579309, "Risk": 23.554740, "Lookahead": 1000 }