{ "BFS": 23.537007, "A*": 22.754235, "F-Hat": 26.223161, "Risk": 23.362281, "Lookahead": 1000 }