{ "BFS": 22.549630, "A*": 23.308769, "F-Hat": 25.752506, "Risk": 25.002243, "Lookahead": 100 }