{ "BFS": 25.618250, "A*": 25.365722, "F-Hat": 31.560620, "Risk": 24.476953, "Lookahead": 10 }