{ "BFS": 22.796340, "A*": 23.121643, "F-Hat": 25.325839, "Risk": 24.371586, "Lookahead": 100 }