{ "BFS": 24.528280, "A*": 23.710995, "F-Hat": 25.629037, "Risk": 23.235034, "Lookahead": 100 }