{ "BFS": 29.487860, "A*": 25.573103, "F-Hat": 27.841812, "Risk": 23.599244, "Confidence": 44.943108, "LSS-LRTA*": 40.260617, "Lookahead": 10 }