{ "BFS": 23.003608, "A*": 43.323581, "F-Hat": 43.689722, "Risk": 42.063021, "Lookahead": 1000 }