{ "BFS": 26.822852, "A*": 24.905146, "F-Hat": 25.334913, "Risk": 24.344578, "Lookahead": 10 }