{ "BFS": 25.690834, "A*": 22.849534, "F-Hat": 22.414158, "Risk": 21.276938, "Lookahead": 100 }