{ "BFS": 24.127294, "A*": 21.433690, "F-Hat": 23.900344, "Risk": 23.244326, "Lookahead": 1000 }