{ "BFS": 30.028669, "A*": 25.659819, "F-Hat": 26.787055, "Risk": 24.249456, "Lookahead": 10 }