{ "BFS": 27.358591, "A*": 27.513058, "F-Hat": 25.304735, "Risk": 25.108384, "Lookahead": 10 }