{ "BFS": 23.388426, "A*": 20.323763, "F-Hat": 26.211750, "Risk": 24.562769, "Lookahead": 100 }