{ "BFS": 24.801839, "A*": 21.615272, "F-Hat": 28.269604, "Risk": 28.030905, "Lookahead": 100 }