{ "BFS": 25.910019, "A*": 24.599429, "F-Hat": 25.377657, "Risk": 24.119827, "Lookahead": 10 }