{ "BFS": 23.107952, "A*": 20.199535, "F-Hat": 25.081383, "Risk": 24.666296, "Lookahead": 1000 }