{ "BFS": 24.874434, "A*": 22.106975, "F-Hat": 24.772019, "Risk": 25.431402, "Lookahead": 100 }