{ "BFS": 25.100962, "A*": 21.748395, "F-Hat": 27.767504, "Risk": 24.254063, "Lookahead": 100 }