{ "BFS": 21.432350, "A*": 21.201746, "F-Hat": 25.303765, "Risk": 21.635280, "Lookahead": 1000 }