{ "BFS": 26.921766, "A*": 24.097026, "F-Hat": 24.853573, "Risk": 26.256545, "Lookahead": 10 }