{ "BFS": 26.122808, "A*": 22.750020, "F-Hat": 29.923602, "Risk": 24.752169, "Lookahead": 100 }