{ "BFS": 27.293706, "A*": 24.983242, "F-Hat": 21.886989, "Risk": 25.913538, "Lookahead": 10 }