{ "BFS": 23.563529, "A*": 22.114414, "F-Hat": 26.893669, "Risk": 25.847056, "Lookahead": 1000 }