{ "BFS": 30.088875, "A*": 24.592999, "F-Hat": 27.518463, "Risk": 25.359564, "Lookahead": 10 }