{ "BFS": 25.754651, "A*": 27.246861, "F-Hat": 28.358741, "Risk": 25.766631, "Lookahead": 10 }