{ "BFS": 24.374712, "A*": 22.789098, "F-Hat": 21.666457, "Risk": 21.194967, "Confidence": 48.724232, "LSS-LRTA*": 31.889132, "Lookahead": 1000 }