{ "BFS": 24.695730, "A*": 25.112261, "F-Hat": 26.284124, "Risk": 22.738863, "Lookahead": 10 }