{ "BFS": 22.407170, "A*": 20.796280, "F-Hat": 24.817746, "Risk": 24.457692, "Lookahead": 1000 }