{ "BFS": 25.706776, "A*": 24.356741, "F-Hat": 26.174133, "Risk": 23.680054, "Lookahead": 100 }