{ "BFS": 27.360134, "A*": 26.493993, "F-Hat": 26.779917, "Risk": 23.727792, "Confidence": 41.266937, "LSS-LRTA*": 37.130351, "Lookahead": 10 }