{ "BFS": 22.597397, "A*": 20.626964, "F-Hat": 25.522896, "Risk": 22.926123, "Lookahead": 1000 }