{ "BFS": 26.313440, "A*": 27.501582, "F-Hat": 27.403663, "Risk": 26.244935, "Lookahead": 10 }