{ "BFS": 30.007933, "A*": 25.199072, "F-Hat": 26.770476, "Risk": 25.944357, "Lookahead": 10 }