{ "BFS": 26.646763, "A*": 25.156374, "F-Hat": 25.190364, "Risk": 25.456839, "Lookahead": 10 }