{ "BFS": 24.990177, "A*": 26.677382, "F-Hat": 25.528116, "Risk": 24.382442, "Confidence": 42.757646, "LSS-LRTA*": 38.669994, "Lookahead": 10 }