{ "BFS": 22.291775, "A*": 23.047107, "F-Hat": 26.287867, "Risk": 23.328009, "Lookahead": 1000 }