{ "BFS": 26.407359, "A*": 28.686801, "F-Hat": 28.187743, "Risk": 26.178151, "Lookahead": 10 }