{ "BFS": 23.549966, "A*": 21.951225, "F-Hat": 27.797563, "Risk": 25.637951, "Lookahead": 1000 }