{ "BFS": 25.655522, "A*": 28.773626, "F-Hat": 25.398180, "Risk": 26.940987, "Confidence": 43.861911, "LSS-LRTA*": 37.789006, "Lookahead": 10 }