{ "BFS": 22.282334, "A*": 21.481111, "F-Hat": 23.734766, "Risk": 21.099193, "Lookahead": 100 }