{ "BFS": 22.606270, "A*": 22.420992, "F-Hat": 25.552191, "Risk": 24.084569, "Lookahead": 1000 }