{ "BFS": 22.052018, "A*": 22.728183, "F-Hat": 25.498278, "Risk": 24.184095, "Lookahead": 100 }