{ "BFS": 26.149037, "A*": 45.755362, "F-Hat": 44.070249, "Risk": 40.278879, "Lookahead": 100 }