{ "BFS": 25.402439, "A*": 26.586875, "F-Hat": 25.276096, "Risk": 26.132902, "Lookahead": 10 }