{ "BFS": 27.653553, "A*": 26.501330, "F-Hat": 24.866320, "Risk": 28.925292, "Lookahead": 10 }