{ "BFS": 26.758337, "A*": 28.126336, "F-Hat": 26.779113, "Risk": 25.150191, "Lookahead": 10 }