{ "BFS": 22.024046, "A*": 20.765371, "F-Hat": 26.038112, "Risk": 26.570608, "Lookahead": 1000 }