{ "BFS": 25.561033, "A*": 26.636444, "F-Hat": 27.655425, "Risk": 27.138485, "Lookahead": 10 }