{ "BFS": 22.267752, "A*": 22.585152, "F-Hat": 26.952940, "Risk": 22.511819, "Lookahead": 100 }