{ "BFS": 20.888000, "A*": 20.519022, "F-Hat": 24.256990, "Risk": 23.768462, "Lookahead": 1000 }