{ "BFS": 23.960132, "A*": 22.278220, "F-Hat": 26.001012, "Risk": 23.715872, "Lookahead": 1000 }