{ "BFS": 22.912151, "A*": 21.828592, "F-Hat": 25.513043, "Risk": 22.945499, "Lookahead": 1000 }