{ "BFS": 25.509920, "A*": 22.058328, "F-Hat": 24.724939, "Risk": 24.903410, "Lookahead": 100 }