{ "BFS": 23.462379, "A*": 21.450721, "F-Hat": 26.012027, "Risk": 24.123740, "Lookahead": 100 }