{ "BFS": 22.459982, "A*": 22.887495, "F-Hat": 26.564087, "Risk": 23.489244, "Lookahead": 100 }