{ "BFS": 23.168401, "A*": 43.703357, "F-Hat": 42.378493, "Risk": 43.711127, "Lookahead": 1000 }