{ "BFS": 23.833799, "A*": 20.936391, "F-Hat": 28.694119, "Risk": 24.239881, "Lookahead": 1000 }