{ "BFS": 19.965768, "A*": 20.104440, "F-Hat": 26.663258, "Risk": 23.556244, "Lookahead": 1000 }