{ "BFS": 28.266402, "A*": 21.102266, "F-Hat": 27.200085, "Risk": 23.119681, "Lookahead": 100 }