{ "BFS": 25.017686, "A*": 21.823854, "F-Hat": 26.474449, "Risk": 24.099124, "Lookahead": 100 }