{ "BFS": 22.533064, "A*": 22.523608, "F-Hat": 25.215140, "Risk": 21.900917, "Lookahead": 1000 }