{ "BFS": 26.307198, "A*": 27.265911, "F-Hat": 27.861211, "Risk": 26.137537, "Lookahead": 10 }