{ "BFS": 25.114688, "A*": 22.368932, "F-Hat": 25.035344, "Risk": 22.208092, "Lookahead": 100 }