{ "BFS": 21.776843, "A*": 19.182838, "F-Hat": 24.200561, "Risk": 23.759750, "Lookahead": 1000 }