{ "BFS": 23.535469, "A*": 22.509392, "F-Hat": 26.672054, "Risk": 25.036939, "Lookahead": 1000 }