{ "BFS": 26.839012, "A*": 25.740718, "F-Hat": 26.312202, "Risk": 23.573496, "Lookahead": 10 }