{ "BFS": 25.450441, "A*": 28.117497, "F-Hat": 25.158311, "Risk": 25.240350, "Lookahead": 10 }