{ "BFS": 26.269035, "A*": 44.100279, "F-Hat": 46.797255, "Risk": 42.567109, "Lookahead": 10 }