{ "BFS": 22.970829, "A*": 21.202284, "F-Hat": 26.864765, "Risk": 25.714324, "Lookahead": 1000 }