{ "BFS": 22.567710, "A*": 41.681102, "F-Hat": 45.683953, "Risk": 48.028017, "Lookahead": 1000 }