{ "BFS": 26.060231, "A*": 25.126460, "F-Hat": 26.806144, "Risk": 26.496370, "Lookahead": 10 }