{ "BFS": 26.558445, "A*": 25.350006, "F-Hat": 25.843137, "Risk": 24.251751, "Lookahead": 10 }