{ "BFS": 23.795172, "A*": 22.668511, "F-Hat": 23.335807, "Risk": 22.817573, "Lookahead": 100 }