{ "BFS": 22.028989, "A*": 20.284225, "F-Hat": 25.858465, "Risk": 21.398561, "Lookahead": 1000 }