{ "BFS": 27.996161, "A*": 27.067366, "F-Hat": 26.507852, "Risk": 28.123172, "Lookahead": 10 }