{ "BFS": 23.010747, "A*": 21.072371, "F-Hat": 26.032871, "Risk": 20.638554, "Lookahead": 100 }