{ "BFS": 27.311562, "A*": 23.704433, "F-Hat": 26.893290, "Risk": 25.434579, "Lookahead": 10 }