{ "BFS": 23.164245, "A*": 21.458088, "F-Hat": 26.624620, "Risk": 23.829248, "Lookahead": 1000 }