{ "BFS": 21.060117, "A*": 21.536287, "F-Hat": 25.107854, "Risk": 23.490759, "Lookahead": 1000 }