{ "BFS": 23.237074, "A*": 22.878737, "F-Hat": 22.199055, "Risk": 22.204678, "LSS-LRTA*": 35.439488, "Lookahead": 100 }