{ "BFS": 22.932626, "A*": 22.352588, "F-Hat": 25.982751, "Risk": 22.835464, "Lookahead": 100 }