{ "BFS": 24.943618, "A*": 22.104401, "F-Hat": 26.486451, "Risk": 24.009076, "Lookahead": 100 }