{ "BFS": 21.503288, "A*": 21.272160, "F-Hat": 26.144484, "Risk": 23.685958, "Lookahead": 1000 }