{ "BFS": 22.984021, "A*": 21.276070, "F-Hat": 21.480469, "Risk": 20.790241, "Lookahead": 100 }