{ "BFS": 27.174990, "A*": 25.503628, "F-Hat": 28.273207, "Risk": 27.332582, "Lookahead": 10 }