{ "BFS": 22.293544, "A*": 45.490815, "F-Hat": 42.505298, "Risk": 42.706936, "Lookahead": 1000 }