{ "BFS": 23.921285, "A*": 22.894538, "F-Hat": 26.875740, "Risk": 23.941839, "Lookahead": 100 }