{ "BFS": 26.088927, "A*": 27.096196, "F-Hat": 25.084671, "Risk": 25.600806, "Lookahead": 10 }