{ "BFS": 29.301772, "A*": 26.324080, "F-Hat": 25.514008, "Risk": 26.837698, "Lookahead": 10 }