{ "BFS": 24.351621, "A*": 20.207045, "F-Hat": 24.650839, "Risk": 24.086047, "Lookahead": 1000 }