{ "BFS": 23.209074, "A*": 20.998315, "F-Hat": 27.802841, "Risk": 26.776697, "Lookahead": 1000 }