{ "BFS": 23.876450, "A*": 22.454654, "F-Hat": 23.362470, "Risk": 21.464899, "Lookahead": 1000 }