{ "BFS": 24.274218, "A*": 27.733855, "F-Hat": 27.567887, "Risk": 27.181735, "Lookahead": 10 }