{ "BFS": 28.350089, "A*": 25.180313, "F-Hat": 26.625510, "Risk": 26.333576, "Lookahead": 10 }