{ "BFS": 23.205530, "A*": 22.327365, "F-Hat": 28.117511, "Risk": 24.228998, "Lookahead": 100 }