{ "BFS": 22.513582, "A*": 20.938954, "F-Hat": 25.197098, "Risk": 24.412488, "Lookahead": 1000 }