{ "BFS": 26.487885, "A*": 25.603780, "F-Hat": 24.738669, "Risk": 24.624812, "Lookahead": 10 }