{ "BFS": 26.657401, "A*": 24.711587, "F-Hat": 24.606705, "Risk": 23.305751, "Lookahead": 10 }