{ "BFS": 25.382901, "A*": 23.744519, "F-Hat": 26.885389, "Risk": 24.186349, "Lookahead": 10 }