{ "BFS": 22.794367, "A*": 22.566001, "F-Hat": 27.482422, "Risk": 25.249140, "Lookahead": 1000 }