{ "BFS": 25.137354, "A*": 23.275548, "F-Hat": 26.268690, "Risk": 25.083742, "Lookahead": 100 }