{ "BFS": 23.387187, "A*": 22.087904, "F-Hat": 25.385277, "Risk": 23.407215, "Lookahead": 1000 }