{ "BFS": 23.746732, "A*": 21.102120, "F-Hat": 22.039354, "Risk": 21.415463, "LSS-LRTA*": 34.467860, "Lookahead": 1000 }