{ "BFS": 22.579328, "A*": 21.072596, "F-Hat": 24.121922, "Risk": 21.695196, "Lookahead": 100 }