{ "BFS": 23.498559, "A*": 21.970619, "F-Hat": 22.960120, "Risk": 21.063614, "Confidence": 48.178954, "LSS-LRTA*": 38.048061, "Lookahead": 1000 }