{ "BFS": 25.503274, "A*": 24.514593, "F-Hat": 24.474542, "Risk": 24.209809, "Lookahead": 10 }