{ "BFS": 23.848140, "A*": 22.004186, "F-Hat": 25.604448, "Risk": 25.248167, "Lookahead": 100 }