{ "BFS": 21.395999, "A*": 20.048734, "F-Hat": 25.944469, "Risk": 24.844158, "Lookahead": 1000 }