{ "BFS": 24.615918, "A*": 25.070819, "F-Hat": 27.416673, "Risk": 24.098614, "Lookahead": 10 }