{ "BFS": 27.616708, "A*": 42.126448, "F-Hat": 43.365517, "Risk": 43.511861, "Lookahead": 10 }