{ "BFS": 26.352519, "A*": 24.498473, "F-Hat": 26.255264, "Risk": 23.768486, "Lookahead": 10 }