{ "BFS": 28.629603, "A*": 27.561123, "F-Hat": 27.002241, "Risk": 27.084794, "Lookahead": 10 }