{ "BFS": 23.881856, "A*": 22.497013, "F-Hat": 22.519473, "Risk": 20.529737, "Lookahead": 100 }