{ "BFS": 22.147142, "A*": 20.859939, "F-Hat": 25.605359, "Risk": 24.644166, "Lookahead": 100 }