{ "BFS": 25.470855, "A*": 26.100260, "F-Hat": 26.617707, "Risk": 26.617707, "Lookahead": 10 }