{ "BFS": 22.323355, "A*": 20.124284, "F-Hat": 24.466515, "Risk": 25.356952, "Lookahead": 100 }