{ "BFS": 26.465203, "A*": 22.236027, "F-Hat": 27.040505, "Risk": 24.370344, "Lookahead": 100 }