{ "BFS": 26.659003, "A*": 43.060952, "F-Hat": 45.613558, "Risk": 40.116661, "Lookahead": 10 }