{ "BFS": 29.094737, "A*": 25.418405, "F-Hat": 27.548790, "Risk": 27.317865, "Lookahead": 10 }