{ "BFS": 28.670148, "A*": 26.559660, "F-Hat": 28.227806, "Risk": 24.200306, "Lookahead": 10 }