{ "BFS": 25.446538, "A*": 41.137887, "F-Hat": 41.650150, "Risk": 42.838481, "Lookahead": 100 }