{ "BFS": 23.707257, "A*": 38.224500, "F-Hat": 57.232920, "Risk": 41.870157, "Lookahead": 10 }