{ "BFS": 25.929974, "A*": 27.130174, "F-Hat": 25.377990, "Risk": 23.442440, "Lookahead": 10 }