{ "BFS": 21.858967, "A*": 22.587127, "F-Hat": 28.709402, "Risk": 24.835808, "Lookahead": 1000 }