{ "BFS": 24.323892, "A*": 22.552444, "F-Hat": 27.084932, "Risk": 22.076755, "Lookahead": 100 }