{ "BFS": 25.255118, "A*": 22.050522, "F-Hat": 26.598522, "Risk": 23.529569, "Lookahead": 100 }