{ "BFS": 23.159870, "A*": 22.058042, "F-Hat": 22.105680, "Risk": 21.055512, "Confidence": 47.128454, "LSS-LRTA*": 31.267867, "Lookahead": 1000 }