{ "BFS": 23.038080, "A*": 21.918567, "F-Hat": 27.597791, "Risk": 23.568519, "Lookahead": 1000 }