{ "BFS": 24.948729, "A*": 37.566886, "F-Hat": 40.889459, "Risk": 41.783702, "Lookahead": 100 }