{ "BFS": 22.849727, "A*": 22.138395, "F-Hat": 21.964504, "Risk": 20.114382, "Lookahead": 1000 }