{ "BFS": 24.789100, "A*": 20.957199, "F-Hat": 26.375128, "Risk": 22.910005, "Lookahead": 100 }