{ "BFS": 30.654435, "A*": 27.827946, "F-Hat": 27.261869, "Risk": 26.546216, "Lookahead": 10 }