{ "BFS": 23.303470, "A*": 23.000282, "F-Hat": 27.002058, "Risk": 23.663088, "Lookahead": 1000 }