{ "BFS": 23.327943, "A*": 22.095855, "F-Hat": 25.993624, "Risk": 25.817331, "Lookahead": 1000 }