{ "BFS": 21.751898, "A*": 18.507082, "F-Hat": 24.286841, "Risk": 25.143596, "Lookahead": 1000 }