{ "BFS": 22.552942, "A*": 22.508465, "F-Hat": 26.804983, "Risk": 25.211886, "Lookahead": 1000 }