{ "BFS": 23.414087, "A*": 22.370043, "F-Hat": 23.253344, "Risk": 21.944469, "Lookahead": 100 }