{ "BFS": 29.625400, "A*": 27.063998, "F-Hat": 27.822329, "Risk": 27.342631, "Confidence": 45.736187, "LSS-LRTA*": 40.321829, "Lookahead": 10 }