{ "BFS": 23.747870, "A*": 21.062703, "F-Hat": 25.110404, "Risk": 25.073372, "Lookahead": 1000 }