{ "BFS": 25.966113, "A*": 21.959338, "F-Hat": 24.102711, "Risk": 23.592159, "Lookahead": 100 }