{ "BFS": 23.600123, "A*": 21.067557, "F-Hat": 26.867044, "Risk": 23.066061, "Lookahead": 100 }