{ "BFS": 25.575190, "A*": 25.666009, "F-Hat": 27.909561, "Risk": 27.909561, "Lookahead": 10 }