{ "BFS": 21.289234, "A*": 21.258728, "F-Hat": 24.477113, "Risk": 23.205806, "Lookahead": 1000 }