{ "BFS": 24.337019, "A*": 22.484025, "F-Hat": 25.084176, "Risk": 22.175134, "Lookahead": 100 }