{ "BFS": 21.577881, "A*": 21.423258, "F-Hat": 21.150184, "Risk": 22.258257, "Lookahead": 1000 }