{ "BFS": 20.571748, "A*": 20.571748, "F-Hat": 24.206969, "Risk": 22.073582, "Lookahead": 1000 }