{ "BFS": 25.155311, "A*": 19.709326, "F-Hat": 26.621223, "Risk": 24.385708, "Lookahead": 100 }