{ "BFS": 22.817441, "A*": 22.221923, "F-Hat": 25.066902, "Risk": 24.226382, "Lookahead": 1000 }