{ "BFS": 21.701057, "A*": 22.264284, "F-Hat": 26.089353, "Risk": 24.864559, "Lookahead": 1000 }