{ "BFS": 22.075183, "A*": 19.945126, "F-Hat": 25.217033, "Risk": 22.045062, "Lookahead": 1000 }