{ "BFS": 24.289539, "A*": 23.001155, "F-Hat": 26.752562, "Risk": 25.419804, "Lookahead": 100 }