{ "BFS": 30.198595, "A*": 26.181004, "F-Hat": 24.353301, "Risk": 26.730746, "Lookahead": 10 }