{ "BFS": 24.729315, "A*": 22.334696, "F-Hat": 25.253390, "Risk": 21.824762, "Lookahead": 100 }