{ "BFS": 23.957008, "A*": 23.696293, "F-Hat": 25.949923, "Risk": 23.589904, "Lookahead": 100 }