{ "BFS": 25.975417, "A*": 25.162463, "F-Hat": 26.422664, "Risk": 25.168622, "Lookahead": 10 }