{ "BFS": 24.618496, "A*": 23.495636, "F-Hat": 26.636577, "Risk": 26.500032, "Lookahead": 100 }