{ "BFS": 28.115780, "A*": 27.125977, "F-Hat": 26.381944, "Risk": 25.503209, "Lookahead": 10 }