{ "BFS": 28.703242, "A*": 24.303721, "F-Hat": 27.267491, "Risk": 27.537526, "Lookahead": 10 }