{ "BFS": 28.442758, "A*": 22.972927, "F-Hat": 25.871503, "Risk": 27.469866, "Confidence": 45.716380, "LSS-LRTA*": 35.258020, "Lookahead": 10 }