{ "BFS": 22.256618, "A*": 21.488438, "F-Hat": 21.498840, "Risk": 20.603937, "Lookahead": 1000 }