{ "BFS": 26.924352, "A*": 27.136727, "F-Hat": 24.720437, "Risk": 26.282237, "Lookahead": 10 }