{ "BFS": 24.605476, "A*": 22.941236, "F-Hat": 26.730253, "Risk": 23.921507, "Lookahead": 1000 }