{ "BFS": 24.834667, "A*": 20.309147, "F-Hat": 20.817961, "Risk": 20.508064, "Lookahead": 1000 }