{ "BFS": 26.484965, "A*": 25.408030, "F-Hat": 26.546516, "Risk": 25.390428, "Lookahead": 10 }