{ "BFS": 22.870609, "A*": 20.628053, "F-Hat": 25.935707, "Risk": 23.237547, "Lookahead": 1000 }