{ "BFS": 21.878955, "A*": 20.894320, "F-Hat": 26.716936, "Risk": 24.071784, "Lookahead": 1000 }