{ "BFS": 21.635228, "A*": 21.502271, "F-Hat": 25.864217, "Risk": 23.864035, "Lookahead": 1000 }