{ "BFS": 24.677906, "A*": 22.300464, "F-Hat": 27.134636, "Risk": 24.743680, "Lookahead": 100 }