{ "BFS": 21.975427, "A*": 19.950693, "F-Hat": 22.967547, "Risk": 23.296429, "Lookahead": 1000 }