{ "BFS": 21.668279, "A*": 21.135500, "F-Hat": 24.403777, "Risk": 24.717197, "Lookahead": 1000 }