{ "BFS": 27.075976, "A*": 24.549065, "F-Hat": 26.196910, "Risk": 24.392627, "Lookahead": 10 }