{ "BFS": 22.959641, "A*": 20.249939, "F-Hat": 25.442574, "Risk": 22.708333, "Lookahead": 1000 }