{ "BFS": 22.646983, "A*": 25.881835, "F-Hat": 24.232414, "Risk": 25.566715, "Lookahead": 10 }