{ "BFS": 26.771485, "A*": 23.111952, "F-Hat": 26.383491, "Risk": 25.073523, "Lookahead": 10 }