{ "BFS": 24.544946, "A*": 26.819030, "F-Hat": 23.513586, "Risk": 27.935740, "Lookahead": 10 }