{ "BFS": 24.135706, "A*": 23.264608, "F-Hat": 22.213423, "Risk": 21.615005, "Lookahead": 100 }