{ "BFS": 24.812913, "A*": 22.631041, "F-Hat": 26.603971, "Risk": 23.410902, "Lookahead": 100 }