{ "BFS": 22.797870, "A*": 22.436739, "F-Hat": 28.021385, "Risk": 24.302222, "Lookahead": 1000 }