{ "BFS": 25.714620, "A*": 25.945208, "F-Hat": 24.143706, "Risk": 25.683268, "Lookahead": 10 }