{ "BFS": 23.081745, "A*": 21.962729, "F-Hat": 27.913461, "Risk": 25.395952, "Lookahead": 1000 }