{ "BFS": 26.985394, "A*": 21.508347, "F-Hat": 28.762174, "Risk": 23.395817, "Lookahead": 100 }