{ "BFS": 23.088563, "A*": 21.925348, "F-Hat": 25.708847, "Risk": 24.915235, "Lookahead": 1000 }