{ "BFS": 24.372220, "A*": 21.831409, "F-Hat": 27.501563, "Risk": 28.103669, "Lookahead": 100 }