{ "BFS": 21.277021, "A*": 21.416030, "F-Hat": 21.490657, "Risk": 20.353522, "Confidence": 46.723516, "LSS-LRTA*": 38.069057, "Lookahead": 1000 }