{ "BFS": 21.185439, "A*": 24.436384, "F-Hat": 26.656168, "Risk": 23.882420, "Lookahead": 10 }