{ "BFS": 23.433384, "A*": 21.138678, "F-Hat": 24.178956, "Risk": 23.358918, "Lookahead": 1000 }