{ "BFS": 23.872026, "A*": 22.035921, "F-Hat": 23.971700, "Risk": 22.549984, "Lookahead": 100 }