{ "BFS": 22.619799, "A*": 22.585698, "F-Hat": 25.784452, "Risk": 26.381369, "Lookahead": 100 }