{ "BFS": 22.520477, "A*": 24.273759, "F-Hat": 25.916610, "Risk": 24.779851, "Lookahead": 100 }