{ "BFS": 21.484527, "A*": 20.481441, "F-Hat": 26.272453, "Risk": 23.154384, "Lookahead": 1000 }