{ "BFS": 23.706910, "A*": 21.379489, "F-Hat": 21.516882, "Risk": 21.169126, "Lookahead": 1000 }