{ "BFS": 20.554994, "A*": 21.160079, "F-Hat": 24.306203, "Risk": 22.727789, "Lookahead": 1000 }