{ "BFS": 24.474761, "A*": 21.851539, "F-Hat": 22.429595, "Risk": 23.925729, "Lookahead": 100 }