{ "BFS": 23.787926, "A*": 21.608051, "F-Hat": 21.635609, "Risk": 21.910480, "Confidence": 48.658289, "LSS-LRTA*": 36.369664, "Lookahead": 1000 }