{ "BFS": 29.493611, "A*": 29.273774, "F-Hat": 28.439001, "Risk": 25.317174, "Lookahead": 10 }