{ "BFS": 26.429310, "A*": 23.185009, "F-Hat": 24.724692, "Risk": 25.012418, "Lookahead": 100 }