{ "BFS": 30.084747, "A*": 24.734537, "F-Hat": 28.467082, "Risk": 24.880024, "Lookahead": 10 }