{ "BFS": 22.680142, "A*": 22.211171, "F-Hat": 27.041066, "Risk": 23.684052, "Lookahead": 1000 }