{ "BFS": 27.792551, "A*": 28.911962, "F-Hat": 27.210821, "Risk": 27.551777, "Lookahead": 10 }