{ "BFS": 22.062375, "A*": 24.676654, "F-Hat": 24.002134, "Risk": 22.717782, "Lookahead": 100 }