{ "BFS": 25.490946, "A*": 23.701989, "F-Hat": 25.555050, "Risk": 25.273301, "Lookahead": 10 }