{ "BFS": 22.374562, "A*": 22.805554, "F-Hat": 25.905527, "Risk": 23.880293, "Lookahead": 100 }