{ "BFS": 25.748562, "A*": 23.628545, "F-Hat": 29.113102, "Risk": 26.563868, "Lookahead": 100 }