{ "BFS": 21.353226, "A*": 20.660924, "F-Hat": 22.743801, "Risk": 20.778757, "Lookahead": 1000 }