{ "BFS": 24.260950, "A*": 21.072024, "F-Hat": 27.298835, "Risk": 24.782585, "Lookahead": 1000 }