{ "BFS": 21.200086, "A*": 19.734026, "F-Hat": 24.951857, "Risk": 25.399430, "Lookahead": 1000 }