{ "BFS": 23.768931, "A*": 22.107028, "F-Hat": 25.124097, "Risk": 23.881392, "Lookahead": 1000 }