{ "BFS": 22.986744, "A*": 21.752442, "F-Hat": 26.200712, "Risk": 26.126327, "Lookahead": 1000 }