{ "BFS": 23.189372, "A*": 22.057131, "F-Hat": 20.971394, "Risk": 21.258433, "Confidence": 48.316515, "LSS-LRTA*": 37.504943, "Lookahead": 100 }