{ "BFS": 22.085636, "A*": 20.255287, "F-Hat": 21.181378, "Risk": 21.180171, "LSS-LRTA*": 34.007534, "Lookahead": 1000 }