{ "BFS": 25.114643, "A*": 24.781930, "F-Hat": 28.516317, "Risk": 24.191739, "Lookahead": 10 }