{ "BFS": 23.544319, "A*": 20.962215, "F-Hat": 26.022182, "Risk": 25.089932, "Lookahead": 100 }