{ "BFS": 28.215387, "A*": 26.648114, "F-Hat": 26.771437, "Risk": 25.753994, "Confidence": 46.142150, "LSS-LRTA*": 38.245862, "Lookahead": 10 }