{ "BFS": 30.368673, "A*": 24.076977, "F-Hat": 28.313739, "Risk": 25.062504, "Lookahead": 10 }