{ "BFS": 27.377640, "A*": 27.019048, "F-Hat": 27.250596, "Risk": 26.772854, "Lookahead": 10 }