{ "BFS": 21.606157, "A*": 22.011416, "F-Hat": 28.030607, "Risk": 24.811101, "Lookahead": 1000 }