{ "BFS": 26.612445, "A*": 25.153647, "F-Hat": 25.175272, "Risk": 27.541497, "Lookahead": 10 }