{ "BFS": 27.358115, "A*": 24.221011, "F-Hat": 28.006773, "Risk": 24.923919, "Lookahead": 10 }