{ "BFS": 24.881680, "A*": 21.725970, "F-Hat": 26.076740, "Risk": 22.602725, "Lookahead": 100 }