{ "BFS": 26.436344, "A*": 24.202899, "F-Hat": 23.305130, "Risk": 25.317451, "Lookahead": 10 }