{ "BFS": 23.118496, "A*": 21.347747, "F-Hat": 26.214187, "Risk": 23.804173, "Lookahead": 1000 }