{ "BFS": 22.987676, "A*": 21.373295, "F-Hat": 27.014238, "Risk": 24.601467, "Lookahead": 1000 }