{ "BFS": 23.565829, "A*": 25.059944, "F-Hat": 27.239314, "Risk": 26.874412, "Lookahead": 10 }