{ "BFS": 24.696101, "A*": 22.097982, "F-Hat": 26.139684, "Risk": 24.441042, "Lookahead": 1000 }