{ "BFS": 22.350077, "A*": 20.334900, "F-Hat": 25.023514, "Risk": 25.118992, "Lookahead": 1000 }