{ "BFS": 24.570624, "A*": 21.832188, "F-Hat": 27.550569, "Risk": 25.252062, "Lookahead": 100 }