{ "BFS": 24.008945, "A*": 23.260533, "F-Hat": 27.157874, "Risk": 22.357091, "Lookahead": 100 }