{ "BFS": 20.257242, "A*": 19.540809, "F-Hat": 24.006109, "Risk": 23.697740, "Lookahead": 1000 }