{ "BFS": 21.313692, "A*": 21.934047, "F-Hat": 25.466107, "Risk": 23.570378, "Lookahead": 100 }