{ "BFS": 22.700052, "A*": 20.997942, "F-Hat": 21.489291, "Risk": 21.274140, "Confidence": 46.195041, "LSS-LRTA*": 38.467488, "Lookahead": 1000 }