{ "BFS": 26.979699, "A*": 44.302212, "F-Hat": 40.553477, "Risk": 42.668658, "Lookahead": 10 }