{ "BFS": 20.369286, "A*": 20.369286, "F-Hat": 25.354463, "Risk": 21.069872, "Lookahead": 1000 }