{ "BFS": 23.820564, "A*": 21.478453, "F-Hat": 22.449559, "Risk": 21.425737, "Confidence": 52.335218, "LSS-LRTA*": 37.072197, "Lookahead": 1000 }