{ "BFS": 14.565219, "A*": 11.907100, "F-Hat": 12.361458, "Risk": 11.349223, "Lookahead": 1000 }