{ "BFS": 27.939414, "A*": 45.651224, "F-Hat": 40.790225, "Risk": 42.842484, "Lookahead": 10 }