{ "BFS": 28.318615, "A*": 24.898764, "F-Hat": 27.265716, "Risk": 25.279152, "Lookahead": 10 }