{ "BFS": 24.840909, "A*": 23.520661, "F-Hat": 28.251521, "Risk": 25.268571, "Lookahead": 100 }