{ "BFS": 20.860833, "A*": 21.681375, "F-Hat": 26.035329, "Risk": 21.114538, "Lookahead": 1000 }