{ "BFS": 22.097662, "A*": 20.959262, "F-Hat": 26.127441, "Risk": 23.822810, "Lookahead": 1000 }