{ "BFS": 23.968141, "A*": 22.826731, "F-Hat": 22.527585, "Risk": 21.659229, "LSS-LRTA*": 34.997007, "Lookahead": 100 }