{ "BFS": 25.059389, "A*": 25.487412, "F-Hat": 27.639834, "Risk": 27.006996, "Lookahead": 10 }