{ "BFS": 27.396794, "A*": 26.221106, "F-Hat": 27.593667, "Risk": 25.843797, "Lookahead": 10 }