{ "BFS": 22.423091, "A*": 20.661877, "F-Hat": 25.420816, "Risk": 23.022962, "Lookahead": 1000 }