{ "BFS": 22.207547, "A*": 19.981174, "F-Hat": 24.631511, "Risk": 23.502181, "Lookahead": 1000 }