{ "BFS": 22.949179, "A*": 22.194255, "F-Hat": 23.188185, "Risk": 22.747971, "Lookahead": 100 }