{ "BFS": 24.799187, "A*": 21.975574, "F-Hat": 28.139975, "Risk": 23.375335, "Lookahead": 100 }