{ "BFS": 20.752313, "A*": 22.550940, "F-Hat": 28.232081, "Risk": 23.341944, "Lookahead": 100 }