{ "BFS": 22.137622, "A*": 23.324642, "F-Hat": 23.193519, "Risk": 22.316884, "Confidence": 45.050967, "LSS-LRTA*": 37.659706, "Lookahead": 100 }