{ "BFS": 28.784664, "A*": 26.568045, "F-Hat": 26.133846, "Risk": 21.164312, "Lookahead": 10 }