{ "BFS": 24.219255, "A*": 22.566603, "F-Hat": 26.027789, "Risk": 22.305072, "Lookahead": 100 }