{ "BFS": 27.347571, "A*": 25.225630, "F-Hat": 25.318785, "Risk": 25.561691, "Lookahead": 10 }