{ "BFS": 24.488084, "A*": 22.967802, "F-Hat": 24.810766, "Risk": 25.156500, "Confidence": 38.781944, "LSS-LRTA*": 36.939310, "Lookahead": 10 }