{ "BFS": 25.325676, "A*": 21.576474, "F-Hat": 25.370609, "Risk": 26.960712, "Lookahead": 10 }