{ "BFS": 22.586233, "A*": 43.675097, "F-Hat": 48.038740, "Risk": 43.655757, "Lookahead": 1000 }