{ "BFS": 27.273334, "A*": 24.664922, "F-Hat": 25.341528, "Risk": 25.341528, "Lookahead": 10 }