{ "BFS": 22.674859, "A*": 20.916669, "F-Hat": 28.504644, "Risk": 24.638460, "Lookahead": 1000 }