{ "BFS": 26.011867, "A*": 25.384493, "F-Hat": 27.339280, "Risk": 23.910931, "Lookahead": 10 }