{ "BFS": 24.100039, "A*": 20.770646, "F-Hat": 26.782964, "Risk": 24.178518, "Lookahead": 1000 }