{ "BFS": 23.484814, "A*": 23.942311, "F-Hat": 24.826159, "Risk": 27.750348, "Lookahead": 10 }