{ "BFS": 23.617121, "A*": 21.623652, "F-Hat": 26.913637, "Risk": 24.419119, "Lookahead": 1000 }