{ "BFS": 23.341757, "A*": 21.853295, "F-Hat": 24.202457, "Risk": 22.026110, "Lookahead": 100 }