{ "BFS": 22.404157, "A*": 21.255971, "F-Hat": 24.607747, "Risk": 24.621180, "Lookahead": 100 }