{ "BFS": 24.268870, "A*": 24.880338, "F-Hat": 23.974248, "Risk": 23.057025, "Lookahead": 100 }