{ "BFS": 22.627096, "A*": 22.990593, "F-Hat": 27.245611, "Risk": 24.576853, "Lookahead": 1000 }