{ "BFS": 23.783977, "A*": 20.606868, "F-Hat": 25.078037, "Risk": 21.328123, "Lookahead": 100 }