{ "BFS": 27.558220, "A*": 22.860814, "F-Hat": 27.120224, "Risk": 24.899510, "Lookahead": 10 }