{ "BFS": 23.233593, "A*": 22.861868, "F-Hat": 26.489185, "Risk": 22.124749, "Lookahead": 1000 }