{ "BFS": 25.917484, "A*": 28.214696, "F-Hat": 26.101732, "Risk": 27.201382, "Lookahead": 10 }