{ "BFS": 25.631061, "A*": 23.245262, "F-Hat": 25.843079, "Risk": 24.690666, "Lookahead": 100 }