{ "BFS": 21.566302, "A*": 20.273518, "F-Hat": 20.575214, "Risk": 20.248184, "Confidence": 35.777603, "LSS-LRTA*": 36.639282, "Lookahead": 1000 }