{ "BFS": 22.623075, "A*": 22.340127, "F-Hat": 20.658489, "Risk": 20.781701, "Lookahead": 1000 }