{ "BFS": 25.740775, "A*": 21.674846, "F-Hat": 26.056410, "Risk": 23.614765, "Lookahead": 100 }