{ "BFS": 25.550876, "A*": 25.722822, "F-Hat": 28.205052, "Risk": 25.095304, "Lookahead": 10 }