{ "BFS": 23.322732, "A*": 21.078649, "F-Hat": 27.444935, "Risk": 23.244599, "Lookahead": 1000 }