{ "BFS": 22.925840, "A*": 23.157359, "F-Hat": 28.970277, "Risk": 29.267680, "Lookahead": 100 }