{ "BFS": 24.399553, "A*": 24.148377, "F-Hat": 24.538424, "Risk": 24.752527, "Lookahead": 10 }