{ "BFS": 23.279813, "A*": 26.567521, "F-Hat": 29.295777, "Risk": 26.307925, "Lookahead": 10 }