{ "BFS": 23.025799, "A*": 20.910593, "F-Hat": 23.422489, "Risk": 24.923260, "Lookahead": 100 }