{ "BFS": 23.924582, "A*": 23.176096, "F-Hat": 24.630654, "Risk": 23.137194, "Lookahead": 100 }