{ "BFS": 24.666600, "A*": 23.726429, "F-Hat": 26.150384, "Risk": 24.353647, "Lookahead": 100 }