{ "BFS": 22.616383, "A*": 19.038588, "F-Hat": 27.513431, "Risk": 24.205576, "Lookahead": 1000 }