{ "BFS": 26.998097, "A*": 25.307686, "F-Hat": 27.788979, "Risk": 24.642805, "Lookahead": 10 }