{ "BFS": 25.037425, "A*": 25.842825, "F-Hat": 26.788759, "Risk": 24.266328, "Lookahead": 10 }