{ "BFS": 24.143366, "A*": 23.676312, "F-Hat": 27.191914, "Risk": 24.012656, "Lookahead": 100 }