{ "BFS": 26.621499, "A*": 27.819484, "F-Hat": 27.288323, "Risk": 24.067452, "Lookahead": 10 }