{ "BFS": 25.367387, "A*": 44.608864, "F-Hat": 46.064189, "Risk": 41.371003, "Lookahead": 100 }