{ "BFS": 25.086832, "A*": 26.161485, "F-Hat": 27.448004, "Risk": 26.365260, "Lookahead": 10 }