{ "BFS": 21.596288, "A*": 21.641360, "F-Hat": 26.691269, "Risk": 24.650171, "Lookahead": 1000 }