{ "BFS": 24.456132, "A*": 21.758443, "F-Hat": 24.899518, "Risk": 25.308731, "Lookahead": 1000 }