{ "BFS": 23.243607, "A*": 23.617839, "F-Hat": 25.893619, "Risk": 26.668277, "Lookahead": 10 }