{ "BFS": 27.952414, "A*": 24.420963, "F-Hat": 26.420180, "Risk": 25.689784, "Lookahead": 10 }