{ "BFS": 22.218532, "A*": 21.245158, "F-Hat": 20.756919, "Risk": 20.775746, "Confidence": 49.453285, "LSS-LRTA*": 31.806250, "Lookahead": 1000 }