{ "BFS": 23.351291, "A*": 22.982772, "F-Hat": 23.187276, "Risk": 23.187276, "Lookahead": 100 }