{ "BFS": 23.502165, "A*": 22.000800, "F-Hat": 27.367862, "Risk": 24.285008, "Lookahead": 1000 }