{ "BFS": 24.746413, "A*": 25.311709, "F-Hat": 27.749342, "Risk": 25.569432, "Lookahead": 10 }