{ "BFS": 22.668269, "A*": 45.069659, "F-Hat": 39.809402, "Risk": 35.334990, "Lookahead": 1000 }