{ "BFS": 22.113589, "A*": 21.274646, "F-Hat": 28.897787, "Risk": 22.940291, "Lookahead": 1000 }