{ "BFS": 24.638433, "A*": 21.763260, "F-Hat": 25.044919, "Risk": 23.713687, "Lookahead": 1000 }