{ "BFS": 26.299724, "A*": 24.743921, "F-Hat": 27.564775, "Risk": 23.635826, "Lookahead": 10 }