{ "BFS": 24.261776, "A*": 22.803184, "F-Hat": 27.264046, "Risk": 25.289888, "Lookahead": 100 }