{ "BFS": 21.874033, "A*": 19.520487, "F-Hat": 26.656410, "Risk": 23.949000, "Lookahead": 1000 }