{ "BFS": 20.858177, "A*": 20.653244, "F-Hat": 22.288862, "Risk": 20.456025, "Lookahead": 1000 }