{ "BFS": 24.796758, "A*": 23.340721, "F-Hat": 26.846857, "Risk": 24.183389, "Lookahead": 100 }