{ "BFS": 21.978515, "A*": 20.728899, "F-Hat": 24.223173, "Risk": 23.628039, "Lookahead": 1000 }