{ "BFS": 31.492315, "A*": 25.736528, "F-Hat": 28.338788, "Risk": 23.316538, "Lookahead": 10 }