{ "BFS": 23.212028, "A*": 20.290025, "F-Hat": 26.328113, "Risk": 23.100232, "Lookahead": 1000 }