{ "BFS": 27.676146, "A*": 27.515785, "F-Hat": 28.334556, "Risk": 25.036976, "Lookahead": 10 }