{ "BFS": 24.697641, "A*": 22.418468, "F-Hat": 23.660612, "Risk": 22.884572, "Lookahead": 100 }