{ "BFS": 23.218750, "A*": 20.550144, "F-Hat": 22.107058, "Risk": 18.215406, "Confidence": 45.550139, "LSS-LRTA*": 33.524076, "Lookahead": 1000 }