{ "BFS": 22.203838, "A*": 20.367996, "F-Hat": 21.754775, "Risk": 20.755997, "Lookahead": 1000 }