{ "BFS": 23.639233, "A*": 21.727515, "F-Hat": 26.320489, "Risk": 24.640835, "Lookahead": 1000 }