{ "BFS": 22.579089, "A*": 21.156122, "F-Hat": 26.248419, "Risk": 26.370381, "Lookahead": 1000 }