{ "BFS": 23.081672, "A*": 21.591731, "F-Hat": 22.712360, "Risk": 22.967876, "Lookahead": 100 }