{ "BFS": 25.892328, "A*": 24.841259, "F-Hat": 26.094424, "Risk": 23.966419, "Lookahead": 10 }