{ "BFS": 22.135954, "A*": 21.695999, "F-Hat": 27.125921, "Risk": 24.150138, "Lookahead": 1000 }