{ "BFS": 29.416094, "A*": 45.422742, "F-Hat": 40.831511, "Risk": 40.826084, "Lookahead": 10 }