{ "BFS": 25.544328, "A*": 23.169629, "F-Hat": 26.797738, "Risk": 26.199481, "Lookahead": 10 }