{ "BFS": 24.489939, "A*": 23.171164, "F-Hat": 26.839275, "Risk": 22.311318, "Lookahead": 100 }