{ "BFS": 25.001798, "A*": 21.826055, "F-Hat": 22.208457, "Risk": 22.244186, "Confidence": 44.467109, "LSS-LRTA*": 29.404027, "Lookahead": 100 }