{ "BFS": 27.402530, "A*": 41.765553, "F-Hat": 38.724313, "Risk": 37.995194, "Lookahead": 10 }