{ "BFS": 26.722543, "A*": 25.271573, "F-Hat": 27.427140, "Risk": 26.030219, "Lookahead": 10 }