{ "BFS": 24.478319, "A*": 22.151039, "F-Hat": 24.161001, "Risk": 25.371066, "Lookahead": 100 }