{ "BFS": 24.283875, "A*": 23.464372, "F-Hat": 28.362468, "Risk": 24.863593, "Lookahead": 1000 }