{ "BFS": 25.429098, "A*": 45.669720, "F-Hat": 41.721147, "Risk": 46.086459, "Lookahead": 1000 }