{ "BFS": 21.587688, "A*": 22.559273, "F-Hat": 25.442981, "Risk": 25.153009, "Lookahead": 100 }