{ "BFS": 22.726005, "A*": 21.302430, "F-Hat": 26.031245, "Risk": 24.359148, "Lookahead": 1000 }