{ "BFS": 22.319585, "A*": 19.246598, "F-Hat": 26.458787, "Risk": 24.436090, "Lookahead": 1000 }