{ "BFS": 23.735657, "A*": 19.745282, "F-Hat": 27.913483, "Risk": 24.382898, "Lookahead": 100 }