{ "BFS": 30.011834, "A*": 26.526097, "F-Hat": 25.587257, "Risk": 25.587257, "Lookahead": 10 }