{ "BFS": 21.981372, "A*": 21.924431, "F-Hat": 26.031068, "Risk": 23.934060, "Lookahead": 1000 }