{ "BFS": 22.808215, "A*": 22.985264, "F-Hat": 25.810225, "Risk": 25.190048, "Lookahead": 100 }