{ "BFS": 26.270544, "A*": 25.193920, "F-Hat": 24.759815, "Risk": 23.619186, "Lookahead": 10 }