{ "BFS": 23.199949, "A*": 22.606355, "F-Hat": 26.021475, "Risk": 25.019694, "Lookahead": 100 }