{ "BFS": 25.130901, "A*": 24.973369, "F-Hat": 24.191416, "Risk": 26.627867, "Confidence": 36.844265, "LSS-LRTA*": 36.064996, "Lookahead": 10 }