{ "BFS": 24.812310, "A*": 21.444901, "F-Hat": 27.456355, "Risk": 25.865169, "Lookahead": 1000 }