{ "BFS": 22.775559, "A*": 21.336540, "F-Hat": 26.636500, "Risk": 25.084950, "Lookahead": 1000 }