{ "BFS": 23.843585, "A*": 22.957085, "F-Hat": 23.973854, "Risk": 21.644805, "Lookahead": 10 }