{ "BFS": 25.197481, "A*": 22.656773, "F-Hat": 29.742324, "Risk": 22.802310, "Lookahead": 10 }