{ "BFS": 22.772070, "A*": 21.566973, "F-Hat": 26.008637, "Risk": 24.171233, "Lookahead": 1000 }