{ "BFS": 23.619742, "A*": 22.500292, "F-Hat": 26.972954, "Risk": 23.273748, "Lookahead": 100 }