{ "BFS": 24.356092, "A*": 21.480320, "F-Hat": 24.193054, "Risk": 23.885013, "Lookahead": 1000 }