{ "BFS": 21.833033, "A*": 20.677350, "F-Hat": 21.820550, "Risk": 21.235184, "Lookahead": 1000 }