{ "BFS": 23.900994, "A*": 22.481792, "F-Hat": 27.837841, "Risk": 26.371473, "Lookahead": 1000 }