{ "BFS": 22.112435, "A*": 20.280927, "F-Hat": 26.075264, "Risk": 24.048513, "Lookahead": 1000 }