{ "BFS": 28.412506, "A*": 23.290165, "F-Hat": 25.193406, "Risk": 23.288292, "Lookahead": 10 }