{ "BFS": 21.195761, "A*": 20.892177, "F-Hat": 26.903062, "Risk": 23.086867, "Lookahead": 1000 }