{ "BFS": 22.268026, "A*": 21.532685, "F-Hat": 21.219671, "Risk": 20.853830, "Lookahead": 1000 }