{ "BFS": 26.630638, "A*": 24.041582, "F-Hat": 25.776178, "Risk": 25.981809, "Lookahead": 10 }