{ "BFS": 22.467152, "A*": 21.597378, "F-Hat": 28.025721, "Risk": 23.992395, "Lookahead": 1000 }