{ "BFS": 24.317354, "A*": 21.990942, "F-Hat": 26.460015, "Risk": 24.008815, "Lookahead": 100 }