{ "BFS": 21.950890, "A*": 21.503966, "F-Hat": 25.414966, "Risk": 23.317074, "Lookahead": 1000 }