{ "BFS": 28.472760, "A*": 23.345908, "F-Hat": 27.479656, "Risk": 24.516222, "Lookahead": 10 }