{ "BFS": 22.976637, "A*": 20.431784, "F-Hat": 26.634744, "Risk": 24.517403, "Lookahead": 1000 }