{ "BFS": 27.178927, "A*": 24.787243, "F-Hat": 27.375281, "Risk": 26.614431, "Lookahead": 10 }