{ "BFS": 22.050123, "A*": 21.488230, "F-Hat": 25.977207, "Risk": 24.699643, "Lookahead": 1000 }