{ "BFS": 21.742999, "A*": 21.226473, "F-Hat": 27.228751, "Risk": 23.415172, "Lookahead": 1000 }