{ "BFS": 26.096291, "A*": 23.741777, "F-Hat": 27.516179, "Risk": 26.778433, "Lookahead": 10 }