{ "BFS": 23.557119, "A*": 20.859381, "F-Hat": 24.626587, "Risk": 23.583193, "Lookahead": 1000 }