{ "BFS": 22.821331, "A*": 22.164819, "F-Hat": 24.533521, "Risk": 25.762379, "Lookahead": 100 }