{ "BFS": 25.519193, "A*": 23.941826, "F-Hat": 24.690096, "Risk": 25.956476, "Lookahead": 10 }