{ "BFS": 25.841496, "A*": 26.458969, "F-Hat": 26.334418, "Risk": 26.334418, "Lookahead": 10 }