{ "BFS": 23.625848, "A*": 22.934526, "F-Hat": 25.160300, "Risk": 22.962760, "Lookahead": 100 }