{ "BFS": 22.955120, "A*": 22.141081, "F-Hat": 25.727772, "Risk": 24.246338, "Lookahead": 1000 }