{ "BFS": 22.793835, "A*": 21.081018, "F-Hat": 24.035919, "Risk": 22.622478, "Lookahead": 1000 }