{ "BFS": 20.745421, "A*": 21.160574, "F-Hat": 24.513444, "Risk": 19.216451, "Lookahead": 1000 }