{ "BFS": 24.570096, "A*": 23.006477, "F-Hat": 24.376436, "Risk": 23.724375, "Lookahead": 100 }