{ "BFS": 20.044020, "A*": 21.513958, "F-Hat": 26.462259, "Risk": 22.750994, "Lookahead": 100 }