{ "BFS": 23.559352, "A*": 22.244969, "F-Hat": 24.650386, "Risk": 23.861757, "Lookahead": 1000 }