{ "BFS": 27.229024, "A*": 25.273789, "F-Hat": 28.276736, "Risk": 24.500482, "Lookahead": 10 }