{ "BFS": 22.468450, "A*": 20.151354, "F-Hat": 26.757283, "Risk": 21.852447, "Lookahead": 1000 }