{ "BFS": 24.807043, "A*": 23.298378, "F-Hat": 29.525493, "Risk": 24.131886, "Lookahead": 100 }