{ "BFS": 22.091612, "A*": 39.841309, "F-Hat": 46.342061, "Risk": 37.081840, "Lookahead": 100 }