{ "BFS": 27.781365, "A*": 27.899682, "F-Hat": 27.512283, "Risk": 25.714430, "Lookahead": 10 }