{ "BFS": 21.912998, "A*": 20.668291, "F-Hat": 21.912998, "Risk": 22.388759, "Lookahead": 100 }