{ "BFS": 22.505661, "A*": 21.924266, "F-Hat": 20.850152, "Risk": 20.705892, "Confidence": 55.373204, "LSS-LRTA*": 35.208662, "Lookahead": 1000 }