{ "BFS": 25.115166, "A*": 23.207188, "F-Hat": 24.417437, "Risk": 24.417437, "Lookahead": 100 }