{ "BFS": 22.412635, "A*": 20.875209, "F-Hat": 26.240025, "Risk": 24.888747, "Lookahead": 1000 }