{ "BFS": 23.492942, "A*": 21.542945, "F-Hat": 27.653556, "Risk": 27.122808, "Lookahead": 100 }