{ "BFS": 28.334217, "A*": 25.612189, "F-Hat": 25.549578, "Risk": 25.962282, "Lookahead": 10 }