{ "BFS": 24.845410, "A*": 23.071345, "F-Hat": 27.062798, "Risk": 25.989843, "Lookahead": 100 }