{ "BFS": 23.336634, "A*": 23.562814, "F-Hat": 21.611109, "Risk": 23.927202, "Confidence": 42.355570, "LSS-LRTA*": 36.463232, "Lookahead": 100 }