{ "BFS": 23.402859, "A*": 20.662080, "F-Hat": 26.612696, "Risk": 24.669877, "Lookahead": 1000 }