{ "BFS": 25.720851, "A*": 22.944849, "F-Hat": 29.610787, "Risk": 24.306007, "Lookahead": 10 }