{ "BFS": 25.288052, "A*": 21.202193, "F-Hat": 26.801688, "Risk": 25.991426, "Lookahead": 100 }