{ "BFS": 22.677796, "A*": 21.566671, "F-Hat": 22.094241, "Risk": 21.991485, "Lookahead": 1000 }