{ "BFS": 24.237574, "A*": 23.293176, "F-Hat": 22.131094, "Risk": 23.851055, "Confidence": 47.483978, "LSS-LRTA*": 34.694574, "Lookahead": 100 }