{ "BFS": 24.060134, "A*": 22.123805, "F-Hat": 27.216529, "Risk": 23.642022, "Lookahead": 1000 }