{ "BFS": 25.163287, "A*": 21.836993, "F-Hat": 26.718398, "Risk": 24.925195, "Lookahead": 100 }