{ "BFS": 24.737635, "A*": 23.113360, "F-Hat": 26.280525, "Risk": 23.206173, "Lookahead": 100 }