{ "BFS": 26.401963, "A*": 23.240503, "F-Hat": 26.278675, "Risk": 24.519380, "Lookahead": 10 }