{ "BFS": 27.274811, "A*": 23.409074, "F-Hat": 28.107271, "Risk": 28.107271, "Lookahead": 10 }