{ "BFS": 24.194252, "A*": 21.296382, "F-Hat": 25.753755, "Risk": 27.085963, "Lookahead": 1000 }