{ "BFS": 26.306991, "A*": 25.421275, "F-Hat": 26.909249, "Risk": 25.198983, "Lookahead": 10 }