{ "BFS": 22.134843, "A*": 20.655741, "F-Hat": 24.350762, "Risk": 23.450656, "Lookahead": 1000 }