{ "BFS": 23.377022, "A*": 22.183063, "F-Hat": 26.426706, "Risk": 23.913072, "Lookahead": 1000 }