{ "BFS": 27.842522, "A*": 23.630721, "F-Hat": 26.188729, "Risk": 22.968166, "Lookahead": 10 }