{ "BFS": 27.341479, "A*": 22.851795, "F-Hat": 27.217259, "Risk": 22.816566, "Lookahead": 10 }