{ "BFS": 23.041029, "A*": 21.316405, "F-Hat": 24.600251, "Risk": 23.883274, "Lookahead": 1000 }