{ "BFS": 24.497015, "A*": 23.968215, "F-Hat": 27.674079, "Risk": 28.026714, "Lookahead": 100 }