{ "BFS": 23.256539, "A*": 20.803930, "F-Hat": 29.394006, "Risk": 29.129048, "Lookahead": 100 }