{ "BFS": 24.050960, "A*": 42.805933, "F-Hat": 41.040430, "Risk": 39.320873, "Lookahead": 100 }