{ "BFS": 23.554289, "A*": 22.401615, "F-Hat": 27.408890, "Risk": 28.755105, "Lookahead": 1000 }