{ "BFS": 26.777571, "A*": 25.246373, "F-Hat": 25.925709, "Risk": 24.661330, "LSS-LRTA*": 34.869578, "Lookahead": 10 }