{ "BFS": 24.559324, "A*": 23.975614, "F-Hat": 27.005781, "Risk": 24.613552, "Lookahead": 10 }