{ "BFS": 21.938448, "A*": 20.814920, "F-Hat": 26.308453, "Risk": 24.139329, "Lookahead": 1000 }