{ "BFS": 24.211288, "A*": 39.428610, "F-Hat": 39.776007, "Risk": 42.006758, "Lookahead": 100 }