{ "BFS": 22.639842, "A*": 22.844401, "F-Hat": 29.424345, "Risk": 25.735904, "Lookahead": 1000 }