{ "BFS": 27.273605, "A*": 24.714687, "F-Hat": 24.136146, "Risk": 23.763885, "Lookahead": 10 }