{ "BFS": 27.250553, "A*": 24.014952, "F-Hat": 24.658782, "Risk": 27.552000, "Confidence": 44.740883, "LSS-LRTA*": 35.843216, "Lookahead": 10 }