{ "BFS": 21.969512, "A*": 19.244225, "F-Hat": 25.366003, "Risk": 23.191861, "Lookahead": 1000 }