{ "BFS": 21.935640, "A*": 21.998095, "F-Hat": 25.560634, "Risk": 24.374486, "Lookahead": 100 }