{ "BFS": 24.299418, "A*": 22.029389, "F-Hat": 27.226728, "Risk": 24.508934, "Lookahead": 1000 }