{ "BFS": 27.573021, "A*": 27.954611, "F-Hat": 29.794580, "Risk": 25.593867, "Lookahead": 10 }