{ "BFS": 21.357897, "A*": 22.124361, "F-Hat": 25.889525, "Risk": 23.219044, "Lookahead": 1000 }