{ "BFS": 22.705941, "A*": 21.311488, "F-Hat": 24.235621, "Risk": 24.235621, "Lookahead": 1000 }