{ "BFS": 22.162830, "A*": 21.746747, "F-Hat": 24.574628, "Risk": 21.784908, "Lookahead": 100 }