{ "BFS": 26.378108, "A*": 23.419865, "F-Hat": 26.337229, "Risk": 24.606784, "Lookahead": 10 }