{ "BFS": 23.689944, "A*": 21.300625, "F-Hat": 25.448179, "Risk": 22.819857, "Lookahead": 100 }