{ "BFS": 27.643320, "A*": 26.409119, "F-Hat": 27.980484, "Risk": 25.787758, "Lookahead": 10 }