{ "BFS": 22.348436, "A*": 41.383394, "F-Hat": 44.974770, "Risk": 46.802877, "Lookahead": 1000 }