{ "BFS": 27.674553, "A*": 26.541537, "F-Hat": 25.356904, "Risk": 25.220119, "LSS-LRTA*": 40.030721, "Lookahead": 10 }