{ "BFS": 27.070950, "A*": 27.573916, "F-Hat": 27.948724, "Risk": 26.817500, "Lookahead": 10 }