{ "BFS": 25.616014, "A*": 21.841753, "F-Hat": 22.230559, "Risk": 21.609357, "LSS-LRTA*": 37.242296, "Lookahead": 100 }