{ "BFS": 23.225687, "A*": 22.542445, "F-Hat": 26.797468, "Risk": 23.453588, "Lookahead": 1000 }