{ "BFS": 23.206784, "A*": 22.511285, "F-Hat": 27.548426, "Risk": 25.304523, "Lookahead": 1000 }