{ "BFS": 23.547497, "A*": 21.940958, "F-Hat": 26.171727, "Risk": 23.296767, "Lookahead": 100 }