{ "BFS": 25.946522, "A*": 23.872194, "F-Hat": 23.581242, "Risk": 24.103220, "LSS-LRTA*": 37.782499, "Lookahead": 10 }