{ "BFS": 29.410019, "A*": 24.541758, "F-Hat": 26.960856, "Risk": 25.319745, "Lookahead": 10 }