{ "BFS": 24.430556, "A*": 21.539001, "F-Hat": 26.323742, "Risk": 23.459343, "Lookahead": 1000 }