{ "BFS": 27.087717, "A*": 42.331423, "F-Hat": 40.108047, "Risk": 44.213808, "Lookahead": 10 }