{ "BFS": 23.027072, "A*": 22.297689, "F-Hat": 19.971973, "Risk": 19.885563, "Confidence": 52.139924, "LSS-LRTA*": 36.340484, "Lookahead": 1000 }