{ "BFS": 26.332698, "A*": 25.898327, "F-Hat": 28.356020, "Risk": 26.324857, "Lookahead": 10 }