{ "BFS": 24.194804, "A*": 21.562500, "F-Hat": 25.381451, "Risk": 22.740931, "Lookahead": 100 }