{ "BFS": 23.407898, "A*": 21.348510, "F-Hat": 26.097351, "Risk": 23.441204, "Lookahead": 1000 }