{ "BFS": 24.347721, "A*": 22.976968, "F-Hat": 25.322538, "Risk": 23.975145, "Lookahead": 1000 }