{ "BFS": 30.259995, "A*": 23.688569, "F-Hat": 26.903287, "Risk": 27.154192, "Lookahead": 10 }