{ "BFS": 23.087422, "A*": 22.264790, "F-Hat": 25.688593, "Risk": 24.084377, "Lookahead": 100 }