{ "BFS": 21.103445, "A*": 20.310238, "F-Hat": 24.503319, "Risk": 24.129421, "Lookahead": 1000 }