{ "BFS": 27.283470, "A*": 25.208307, "F-Hat": 26.747010, "Risk": 24.159931, "Lookahead": 10 }