{ "BFS": 23.752777, "A*": 22.780344, "F-Hat": 25.162145, "Risk": 25.674751, "Lookahead": 100 }