{ "BFS": 25.553621, "A*": 27.551178, "F-Hat": 24.002608, "Risk": 26.451334, "Lookahead": 10 }