{ "BFS": 26.778763, "A*": 28.952701, "F-Hat": 30.900976, "Risk": 27.175040, "Lookahead": 10 }