{ "BFS": 25.015060, "A*": 22.929449, "F-Hat": 27.119941, "Risk": 24.161422, "Lookahead": 100 }