{ "BFS": 24.334537, "A*": 21.151991, "F-Hat": 25.403184, "Risk": 24.149270, "Lookahead": 100 }