{ "BFS": 23.738292, "A*": 23.212509, "F-Hat": 26.387847, "Risk": 23.660894, "Lookahead": 100 }