{ "BFS": 28.066123, "A*": 25.199772, "F-Hat": 25.994265, "Risk": 26.132365, "Lookahead": 10 }