{ "BFS": 25.229759, "A*": 21.033931, "F-Hat": 24.252645, "Risk": 24.022709, "Lookahead": 100 }