{ "BFS": 23.985692, "A*": 22.088390, "F-Hat": 25.327931, "Risk": 24.009443, "Lookahead": 1000 }