{ "BFS": 23.860293, "A*": 22.701339, "F-Hat": 28.617400, "Risk": 23.271597, "Lookahead": 1000 }