{ "BFS": 25.808526, "A*": 24.801092, "F-Hat": 25.483236, "Risk": 26.039882, "Lookahead": 10 }