{ "BFS": 26.095873, "A*": 23.307291, "F-Hat": 23.256185, "Risk": 22.146235, "Confidence": 46.714672, "LSS-LRTA*": 34.744729, "Lookahead": 100 }