{ "BFS": 25.828386, "A*": 25.221918, "F-Hat": 28.152748, "Risk": 25.452854, "Lookahead": 10 }