{ "BFS": 27.193901, "A*": 45.569179, "F-Hat": 48.562598, "Risk": 40.898076, "Lookahead": 10 }