{ "BFS": 22.845934, "A*": 20.492416, "F-Hat": 24.980887, "Risk": 22.461551, "Lookahead": 1000 }