{ "BFS": 22.618027, "A*": 21.715090, "F-Hat": 26.787819, "Risk": 21.604715, "Lookahead": 100 }