{ "BFS": 22.719509, "A*": 23.043222, "F-Hat": 25.317913, "Risk": 23.350916, "Lookahead": 100 }