{ "BFS": 26.945346, "A*": 26.391709, "F-Hat": 29.696995, "Risk": 29.696995, "Lookahead": 10 }