{ "BFS": 23.598148, "A*": 22.369963, "F-Hat": 26.633852, "Risk": 24.255790, "Lookahead": 100 }