{ "BFS": 27.925673, "A*": 29.481045, "F-Hat": 25.305456, "Risk": 25.305456, "Lookahead": 10 }