{ "BFS": 23.854076, "A*": 26.046301, "F-Hat": 26.862716, "Risk": 26.109202, "Lookahead": 10 }