{ "BFS": 21.406988, "A*": 20.574120, "F-Hat": 21.997375, "Risk": 21.338890, "Lookahead": 1000 }