{ "BFS": 23.042400, "A*": 22.735375, "F-Hat": 22.154775, "Risk": 22.169983, "Lookahead": 100 }