{ "BFS": 23.104572, "A*": 22.407872, "F-Hat": 22.891279, "Risk": 24.015541, "LSS-LRTA*": 35.551888, "Lookahead": 100 }