{ "BFS": 24.337150, "A*": 24.362201, "F-Hat": 22.540681, "Risk": 23.565286, "Lookahead": 100 }