{ "BFS": 21.988781, "A*": 21.059551, "F-Hat": 26.124832, "Risk": 24.871120, "Lookahead": 100 }