{ "BFS": 20.179265, "A*": 19.743843, "F-Hat": 20.501691, "Risk": 21.090620, "Confidence": 40.574622, "LSS-LRTA*": 40.014092, "Lookahead": 100 }