{ "BFS": 27.014457, "A*": 25.204839, "F-Hat": 26.322931, "Risk": 25.420739, "Lookahead": 10 }