{ "BFS": 23.931130, "A*": 22.973549, "F-Hat": 25.453998, "Risk": 23.675666, "Lookahead": 100 }