{ "BFS": 23.791874, "A*": 21.584874, "F-Hat": 26.626684, "Risk": 22.021914, "Lookahead": 100 }