{ "BFS": 24.820585, "A*": 25.041908, "F-Hat": 25.107599, "Risk": 22.194124, "Lookahead": 10 }