{ "BFS": 25.502968, "A*": 24.204145, "F-Hat": 26.398252, "Risk": 25.085012, "Lookahead": 100 }