{ "BFS": 29.227308, "A*": 28.792394, "F-Hat": 27.505556, "Risk": 25.463709, "Lookahead": 10 }