{ "BFS": 27.240618, "A*": 25.751607, "F-Hat": 25.714721, "Risk": 24.575212, "Lookahead": 10 }