{ "BFS": 25.237020, "A*": 28.550319, "F-Hat": 27.172819, "Risk": 25.666727, "LSS-LRTA*": 32.650331, "Lookahead": 10 }