{ "BFS": 28.095755, "A*": 23.328767, "F-Hat": 23.352940, "Risk": 27.014669, "Lookahead": 10 }