{ "BFS": 22.137827, "A*": 21.536819, "F-Hat": 24.936496, "Risk": 23.465406, "Lookahead": 1000 }