{ "BFS": 22.428806, "A*": 22.218058, "F-Hat": 24.002377, "Risk": 22.828189, "Lookahead": 1000 }