{ "BFS": 26.453051, "A*": 41.030322, "F-Hat": 47.337715, "Risk": 42.515234, "Lookahead": 10 }