{ "BFS": 22.339439, "A*": 19.717153, "F-Hat": 22.163550, "Risk": 21.099366, "Confidence": 49.140508, "LSS-LRTA*": 35.880283, "Lookahead": 1000 }