{ "BFS": 21.432419, "A*": 22.140578, "F-Hat": 27.538503, "Risk": 23.977030, "Lookahead": 1000 }