{ "BFS": 22.672689, "A*": 22.029696, "F-Hat": 28.292889, "Risk": 25.039935, "Lookahead": 1000 }