{ "BFS": 25.689378, "A*": 22.826007, "F-Hat": 25.778730, "Risk": 22.859475, "Lookahead": 100 }