{ "BFS": 24.390109, "A*": 22.807385, "F-Hat": 25.929510, "Risk": 25.406033, "Lookahead": 10 }