{ "BFS": 29.971154, "A*": 23.098871, "F-Hat": 27.341969, "Risk": 24.120516, "Lookahead": 10 }