{ "BFS": 26.349064, "A*": 25.743460, "F-Hat": 24.854695, "Risk": 25.319554, "Lookahead": 10 }