{ "BFS": 23.114591, "A*": 22.316108, "F-Hat": 24.162036, "Risk": 24.256278, "Lookahead": 100 }