{ "BFS": 23.520045, "A*": 20.347578, "F-Hat": 20.888334, "Risk": 20.287714, "LSS-LRTA*": 32.428252, "Lookahead": 1000 }