{ "BFS": 24.667751, "A*": 21.813401, "F-Hat": 25.468823, "Risk": 24.546472, "Lookahead": 10 }