{ "BFS": 26.778202, "A*": 27.108498, "F-Hat": 24.880033, "Risk": 25.680032, "Lookahead": 10 }