{ "BFS": 25.201722, "A*": 21.131145, "F-Hat": 27.565837, "Risk": 24.027838, "Lookahead": 100 }