{ "BFS": 27.347384, "A*": 24.549542, "F-Hat": 28.904489, "Risk": 26.202349, "Lookahead": 10 }