{ "BFS": 27.107046, "A*": 24.514834, "F-Hat": 28.539839, "Risk": 25.052987, "Lookahead": 10 }