{ "BFS": 23.775476, "A*": 21.836902, "F-Hat": 22.330902, "Risk": 21.779630, "Lookahead": 1000 }