{ "BFS": 25.022629, "A*": 21.924322, "F-Hat": 22.444469, "Risk": 24.921171, "Lookahead": 100 }