{ "BFS": 23.506887, "A*": 22.263572, "F-Hat": 26.389478, "Risk": 24.446025, "Lookahead": 100 }