{ "BFS": 27.258519, "A*": 27.739969, "F-Hat": 28.774971, "Risk": 23.945727, "Lookahead": 10 }