{ "BFS": 25.759456, "A*": 23.507005, "F-Hat": 27.651954, "Risk": 25.888771, "Lookahead": 100 }