{ "BFS": 20.714030, "A*": 24.422028, "F-Hat": 26.673486, "Risk": 24.749136, "Lookahead": 100 }