{ "BFS": 21.320809, "A*": 20.839849, "F-Hat": 21.903279, "Risk": 21.479789, "Lookahead": 1000 }