{ "BFS": 28.930960, "A*": 25.072865, "F-Hat": 26.379563, "Risk": 24.183820, "Lookahead": 10 }