{ "BFS": 22.373283, "A*": 21.551152, "F-Hat": 25.488464, "Risk": 22.824446, "Lookahead": 1000 }