{ "BFS": 23.086398, "A*": 21.933835, "F-Hat": 27.187139, "Risk": 23.591205, "Lookahead": 1000 }