{ "BFS": 24.818011, "A*": 20.427168, "F-Hat": 26.040800, "Risk": 23.344279, "Lookahead": 100 }