{ "BFS": 20.460772, "A*": 21.271113, "F-Hat": 25.642809, "Risk": 23.773931, "Lookahead": 1000 }