{ "BFS": 23.145733, "A*": 22.651865, "F-Hat": 26.459511, "Risk": 24.629317, "Lookahead": 100 }