{ "BFS": 23.291364, "A*": 18.510775, "F-Hat": 23.552996, "Risk": 26.140428, "Lookahead": 100 }