{ "BFS": 23.209338, "A*": 21.814450, "F-Hat": 28.234373, "Risk": 24.215780, "Lookahead": 1000 }