{ "BFS": 23.088172, "A*": 21.950365, "F-Hat": 26.671774, "Risk": 23.649081, "Lookahead": 1000 }