{ "BFS": 23.128710, "A*": 23.552670, "F-Hat": 25.845770, "Risk": 23.745129, "Lookahead": 100 }