{ "BFS": 22.039965, "A*": 21.181957, "F-Hat": 27.314917, "Risk": 22.340576, "Lookahead": 1000 }