{ "BFS": 24.391342, "A*": 21.501701, "F-Hat": 26.661136, "Risk": 23.896320, "Lookahead": 100 }