{ "BFS": 22.679355, "A*": 19.571205, "F-Hat": 26.688020, "Risk": 23.464296, "Lookahead": 1000 }