{ "BFS": 22.435488, "A*": 23.007391, "F-Hat": 26.496168, "Risk": 24.401019, "Lookahead": 100 }