{ "BFS": 29.820327, "A*": 27.244620, "F-Hat": 25.478629, "Risk": 25.509902, "Lookahead": 10 }