{ "BFS": 23.301921, "A*": 23.097187, "F-Hat": 22.725945, "Risk": 21.839833, "Confidence": 45.990486, "LSS-LRTA*": 34.835185, "Lookahead": 100 }