{ "BFS": 24.247903, "A*": 22.244029, "F-Hat": 26.541778, "Risk": 24.029584, "Lookahead": 100 }