{ "BFS": 25.256505, "A*": 23.824701, "F-Hat": 26.367839, "Risk": 25.138601, "Lookahead": 100 }