{ "BFS": 26.657779, "A*": 25.696558, "F-Hat": 31.730431, "Risk": 25.036029, "Lookahead": 10 }