{ "BFS": 22.988618, "A*": 22.719196, "F-Hat": 26.490928, "Risk": 22.191296, "Lookahead": 1000 }