{ "BFS": 24.848699, "A*": 25.855299, "F-Hat": 25.560205, "Risk": 23.891484, "Lookahead": 10 }