{ "BFS": 28.145199, "A*": 26.200354, "F-Hat": 26.872477, "Risk": 24.808393, "Lookahead": 10 }