{ "BFS": 23.429189, "A*": 44.073314, "F-Hat": 44.650237, "Risk": 36.420364, "Lookahead": 100 }