{ "BFS": 23.780838, "A*": 26.526726, "F-Hat": 24.671268, "Risk": 24.509035, "Lookahead": 10 }