{ "BFS": 26.516321, "A*": 24.510833, "F-Hat": 28.780364, "Risk": 26.311844, "Lookahead": 10 }