{ "BFS": 24.715539, "A*": 39.111720, "F-Hat": 43.273759, "Risk": 40.383896, "Lookahead": 100 }