{ "BFS": 21.661053, "A*": 21.077460, "F-Hat": 26.022582, "Risk": 24.507816, "Lookahead": 1000 }