{ "BFS": 22.606341, "A*": 22.949222, "F-Hat": 21.613464, "Risk": 23.202825, "Lookahead": 100 }