{ "BFS": 24.304837, "A*": 23.900747, "F-Hat": 22.043965, "Risk": 22.002035, "Confidence": 39.838302, "LSS-LRTA*": 39.248605, "Lookahead": 100 }