{ "BFS": 21.535391, "A*": 22.331283, "F-Hat": 25.942609, "Risk": 23.674698, "Lookahead": 1000 }