{ "BFS": 23.955200, "A*": 44.951673, "F-Hat": 43.959180, "Risk": 40.160443, "Lookahead": 1000 }