{ "BFS": 25.848491, "A*": 24.916276, "F-Hat": 23.783678, "Risk": 24.655831, "Lookahead": 10 }