{ "BFS": 26.020543, "A*": 26.058857, "F-Hat": 26.969986, "Risk": 27.070315, "Lookahead": 10 }