{ "BFS": 24.155534, "A*": 21.899040, "F-Hat": 25.377619, "Risk": 24.354118, "Lookahead": 1000 }