{ "BFS": 23.364275, "A*": 21.135721, "F-Hat": 23.458200, "Risk": 22.619352, "Lookahead": 1000 }