{ "BFS": 23.624624, "A*": 22.073766, "F-Hat": 26.703538, "Risk": 23.004473, "Lookahead": 100 }