{ "BFS": 26.019831, "A*": 27.273155, "F-Hat": 27.549780, "Risk": 24.948488, "Lookahead": 10 }