{ "BFS": 23.768608, "A*": 22.165305, "F-Hat": 26.569968, "Risk": 25.041763, "Lookahead": 1000 }