{ "BFS": 26.234984, "A*": 26.586792, "F-Hat": 25.698110, "Risk": 24.860638, "Lookahead": 10 }