{ "BFS": 22.281690, "A*": 21.943023, "F-Hat": 25.530932, "Risk": 21.853809, "Lookahead": 100 }