{ "BFS": 23.923967, "A*": 24.709621, "F-Hat": 27.485897, "Risk": 26.781723, "Lookahead": 10 }