{ "BFS": 24.672581, "A*": 23.730126, "F-Hat": 22.595486, "Risk": 21.975239, "Lookahead": 100 }