{ "BFS": 23.724067, "A*": 20.574828, "F-Hat": 25.984268, "Risk": 23.039776, "Lookahead": 1000 }