{ "BFS": 22.662606, "A*": 21.409341, "F-Hat": 28.553710, "Risk": 24.599987, "Lookahead": 100 }