{ "BFS": 23.219774, "A*": 20.314259, "F-Hat": 28.217737, "Risk": 27.820007, "Lookahead": 1000 }