{ "BFS": 23.417917, "A*": 21.747693, "F-Hat": 26.333933, "Risk": 25.678369, "Lookahead": 1000 }