{ "BFS": 27.296274, "A*": 25.233226, "F-Hat": 26.403501, "Risk": 25.368940, "Lookahead": 10 }