{ "BFS": 22.764379, "A*": 21.479933, "F-Hat": 26.978166, "Risk": 23.775971, "Lookahead": 1000 }