{ "BFS": 25.369910, "A*": 24.759777, "F-Hat": 25.566342, "Risk": 25.495138, "Lookahead": 10 }