{ "BFS": 22.387956, "A*": 20.087758, "F-Hat": 23.607881, "Risk": 23.811452, "Lookahead": 100 }