{ "BFS": 26.825674, "A*": 25.306898, "F-Hat": 26.575938, "Risk": 24.478452, "Lookahead": 10 }