{ "BFS": 22.660678, "A*": 22.373980, "F-Hat": 23.012340, "Risk": 22.882296, "Lookahead": 1000 }