{ "BFS": 25.786246, "A*": 25.977773, "F-Hat": 25.290568, "Risk": 25.561894, "Lookahead": 10 }