{ "BFS": 23.379899, "A*": 21.680675, "F-Hat": 27.268023, "Risk": 27.504013, "Lookahead": 1000 }