{ "BFS": 22.566845, "A*": 22.877940, "F-Hat": 27.035548, "Risk": 24.602835, "Lookahead": 100 }