{ "BFS": 22.377424, "A*": 19.817256, "F-Hat": 27.224040, "Risk": 26.501547, "Lookahead": 1000 }