{ "BFS": 28.506233, "A*": 28.104246, "F-Hat": 26.879823, "Risk": 28.439455, "Lookahead": 10 }