{ "BFS": 26.706310, "A*": 25.829159, "F-Hat": 27.056716, "Risk": 23.791981, "Lookahead": 10 }