{ "BFS": 23.389155, "A*": 25.865075, "F-Hat": 25.113901, "Risk": 28.052627, "Lookahead": 10 }