{ "BFS": 21.554177, "A*": 20.632264, "F-Hat": 25.613825, "Risk": 21.944094, "Lookahead": 1000 }