{ "BFS": 25.424758, "A*": 22.578770, "F-Hat": 23.262035, "Risk": 23.918206, "Lookahead": 100 }