{ "BFS": 23.307122, "A*": 22.826984, "F-Hat": 25.578328, "Risk": 23.138476, "Lookahead": 1000 }