{ "BFS": 22.829457, "A*": 41.312418, "F-Hat": 42.565838, "Risk": 43.439682, "Lookahead": 1000 }