{ "BFS": 24.249144, "A*": 23.715524, "F-Hat": 22.321430, "Risk": 22.785457, "Lookahead": 100 }