{ "BFS": 22.992729, "A*": 20.914927, "F-Hat": 26.074732, "Risk": 24.540795, "Lookahead": 100 }