{ "BFS": 28.246467, "A*": 26.816302, "F-Hat": 28.558054, "Risk": 25.298298, "Lookahead": 10 }