{ "BFS": 28.075913, "A*": 24.377908, "F-Hat": 25.591518, "Risk": 22.267509, "Lookahead": 10 }