{ "BFS": 22.459867, "A*": 21.717025, "F-Hat": 24.667667, "Risk": 22.400879, "Lookahead": 1000 }