{ "BFS": 27.803363, "A*": 25.481126, "F-Hat": 26.668437, "Risk": 27.064359, "Lookahead": 10 }