{ "BFS": 24.814760, "A*": 23.155920, "F-Hat": 26.742971, "Risk": 24.445598, "Lookahead": 100 }