{ "BFS": 25.617789, "A*": 21.905079, "F-Hat": 27.145771, "Risk": 22.380819, "Lookahead": 100 }