{ "BFS": 21.280502, "A*": 22.665661, "F-Hat": 26.854140, "Risk": 24.601936, "Lookahead": 1000 }