{ "BFS": 23.491270, "A*": 27.152804, "F-Hat": 26.409537, "Risk": 27.747997, "Lookahead": 10 }