{ "BFS": 21.616156, "A*": 21.709379, "F-Hat": 26.019428, "Risk": 22.231184, "Lookahead": 100 }