{ "BFS": 27.954764, "A*": 25.463713, "F-Hat": 23.817387, "Risk": 23.341153, "Lookahead": 10 }