{ "BFS": 24.907223, "A*": 43.139285, "F-Hat": 47.764272, "Risk": 42.439101, "Lookahead": 1000 }