{ "BFS": 23.698505, "A*": 21.081834, "F-Hat": 24.409242, "Risk": 23.557274, "Lookahead": 1000 }