{ "BFS": 22.782050, "A*": 22.450553, "F-Hat": 26.209851, "Risk": 24.180267, "Lookahead": 1000 }