{ "BFS": 24.029175, "A*": 22.875393, "F-Hat": 22.608188, "Risk": 23.462795, "Lookahead": 100 }