{ "BFS": 22.475179, "A*": 23.110566, "F-Hat": 23.046964, "Risk": 24.310030, "Lookahead": 100 }