{ "BFS": 25.687988, "A*": 22.984179, "F-Hat": 26.979207, "Risk": 23.778208, "Lookahead": 100 }