{ "BFS": 23.414028, "A*": 20.779908, "F-Hat": 25.539799, "Risk": 24.609591, "Lookahead": 1000 }