{ "BFS": 24.827772, "A*": 21.447472, "F-Hat": 27.612608, "Risk": 23.768501, "Lookahead": 100 }