{ "BFS": 23.103010, "A*": 21.804325, "F-Hat": 14.633191, "Risk": 14.633191, "Lookahead": 1000 }