{ "BFS": 26.260905, "A*": 24.370116, "F-Hat": 27.360614, "Risk": 24.475700, "Lookahead": 10 }