{ "BFS": 26.201136, "A*": 27.075168, "F-Hat": 27.948287, "Risk": 25.903141, "Lookahead": 10 }