{ "BFS": 25.644970, "A*": 21.604641, "F-Hat": 24.328049, "Risk": 23.093983, "Lookahead": 100 }