{ "BFS": 23.976473, "A*": 22.483810, "F-Hat": 26.864371, "Risk": 24.740008, "Lookahead": 100 }