{ "BFS": 24.810419, "A*": 21.531310, "F-Hat": 22.031889, "Risk": 20.464067, "LSS-LRTA*": 37.152355, "Lookahead": 100 }