{ "BFS": 25.674339, "A*": 26.405325, "F-Hat": 26.872558, "Risk": 24.974618, "Lookahead": 10 }