{ "BFS": 29.944325, "A*": 25.318546, "F-Hat": 27.216529, "Risk": 25.470816, "Lookahead": 10 }