{ "BFS": 24.116813, "A*": 39.955103, "F-Hat": 41.761420, "Risk": 43.293160, "Lookahead": 10 }