{ "BFS": 24.272960, "A*": 21.257658, "F-Hat": 26.649513, "Risk": 24.086976, "Lookahead": 100 }