{ "BFS": 26.045607, "A*": 27.951984, "F-Hat": 28.203377, "Risk": 29.618154, "Lookahead": 10 }