{ "BFS": 24.637713, "A*": 38.696440, "F-Hat": 46.028403, "Risk": 46.475958, "Lookahead": 100 }