{ "BFS": 22.409648, "A*": 21.013385, "F-Hat": 23.831154, "Risk": 22.803791, "Lookahead": 100 }