{ "BFS": 22.728930, "A*": 26.291027, "F-Hat": 24.113278, "Risk": 24.725029, "Lookahead": 10 }