{ "BFS": 24.080514, "A*": 23.026942, "F-Hat": 25.747840, "Risk": 23.609293, "Lookahead": 100 }