{ "BFS": 23.891322, "A*": 23.091518, "F-Hat": 26.329037, "Risk": 25.902448, "Lookahead": 100 }