{ "BFS": 23.236856, "A*": 21.882051, "F-Hat": 27.276111, "Risk": 25.346689, "Lookahead": 1000 }