{ "BFS": 25.045949, "A*": 24.508477, "F-Hat": 25.990388, "Risk": 26.561809, "Lookahead": 10 }