{ "BFS": 22.276192, "A*": 21.280894, "F-Hat": 27.316791, "Risk": 24.959788, "Lookahead": 100 }