{ "BFS": 25.932812, "A*": 22.980552, "F-Hat": 26.801122, "Risk": 26.795184, "Lookahead": 100 }