{ "BFS": 27.809854, "A*": 41.916199, "F-Hat": 44.933452, "Risk": 40.047797, "Lookahead": 10 }