{ "BFS": 23.735089, "A*": 19.728422, "F-Hat": 24.571751, "Risk": 23.992746, "Lookahead": 1000 }