{ "BFS": 26.687979, "A*": 26.720393, "F-Hat": 25.459187, "Risk": 26.002519, "Lookahead": 10 }