{ "BFS": 24.697199, "A*": 25.428987, "F-Hat": 29.206902, "Risk": 27.778668, "Lookahead": 10 }