{ "BFS": 28.479405, "A*": 24.093184, "F-Hat": 29.269157, "Risk": 29.307090, "Lookahead": 10 }