{ "BFS": 24.258350, "A*": 23.338809, "F-Hat": 28.287916, "Risk": 24.915657, "Lookahead": 100 }