{ "BFS": 22.659227, "A*": 22.339011, "F-Hat": 29.434484, "Risk": 23.612561, "Lookahead": 1000 }