{ "BFS": 23.539142, "A*": 20.726537, "F-Hat": 26.858231, "Risk": 24.716567, "Lookahead": 1000 }