{ "BFS": 25.299668, "A*": 23.503738, "F-Hat": 28.546682, "Risk": 24.383403, "Lookahead": 100 }