{ "BFS": 26.931262, "A*": 25.970821, "F-Hat": 27.041287, "Risk": 24.230880, "Lookahead": 10 }