{ "BFS": 25.996050, "A*": 24.567096, "F-Hat": 26.830316, "Risk": 25.780934, "Lookahead": 10 }