{ "BFS": 25.684146, "A*": 26.695961, "F-Hat": 27.687973, "Risk": 27.687973, "Lookahead": 10 }