{ "BFS": 24.525144, "A*": 20.525335, "F-Hat": 23.045911, "Risk": 21.656532, "Lookahead": 100 }