{ "BFS": 23.175073, "A*": 21.501571, "F-Hat": 23.094169, "Risk": 20.774995, "Lookahead": 1000 }