{ "BFS": 24.991962, "A*": 22.560267, "F-Hat": 25.420925, "Risk": 23.540726, "Lookahead": 100 }