{ "BFS": 28.325877, "A*": 26.253955, "F-Hat": 25.552752, "Risk": 26.879972, "Lookahead": 10 }