{ "BFS": 21.380930, "A*": 22.836529, "F-Hat": 27.258896, "Risk": 20.293645, "Lookahead": 1000 }