{ "BFS": 21.871156, "A*": 22.171010, "F-Hat": 26.921728, "Risk": 23.920516, "Lookahead": 1000 }