{ "BFS": 27.294673, "A*": 26.594305, "F-Hat": 25.112100, "Risk": 23.793399, "Lookahead": 10 }