{ "BFS": 26.976420, "A*": 25.149332, "F-Hat": 28.896830, "Risk": 23.569083, "Lookahead": 100 }