{ "BFS": 24.645136, "A*": 22.818043, "F-Hat": 27.505645, "Risk": 23.217155, "Lookahead": 100 }