{ "BFS": 21.678874, "A*": 20.609434, "F-Hat": 25.845328, "Risk": 24.063792, "Lookahead": 1000 }