{ "BFS": 21.219144, "A*": 23.600213, "F-Hat": 25.699385, "Risk": 23.932232, "Lookahead": 100 }