{ "BFS": 27.223487, "A*": 27.264907, "F-Hat": 26.502057, "Risk": 27.490967, "Lookahead": 10 }