{ "BFS": 23.859830, "A*": 44.345979, "F-Hat": 45.260329, "Risk": 47.656552, "Lookahead": 100 }