{ "BFS": 22.903539, "A*": 21.304468, "F-Hat": 22.670041, "Risk": 21.234940, "Lookahead": 1000 }