{ "BFS": 25.145788, "A*": 22.493536, "F-Hat": 26.874180, "Risk": 25.544312, "Lookahead": 100 }