{ "BFS": 26.696146, "A*": 26.324785, "F-Hat": 27.798494, "Risk": 27.537758, "Lookahead": 10 }