{ "BFS": 26.109316, "A*": 24.741910, "F-Hat": 26.038735, "Risk": 25.751425, "Lookahead": 10 }