{ "BFS": 25.775147, "A*": 26.945507, "F-Hat": 27.510817, "Risk": 27.088756, "Lookahead": 10 }