{ "BFS": 26.051396, "A*": 23.541632, "F-Hat": 26.300441, "Risk": 24.965686, "Lookahead": 10 }