{ "BFS": 23.793941, "A*": 21.445779, "F-Hat": 26.759667, "Risk": 24.248838, "Lookahead": 1000 }