{ "BFS": 23.005090, "A*": 21.375224, "F-Hat": 21.628464, "Risk": 21.278263, "Confidence": 42.340834, "LSS-LRTA*": 32.762904, "Lookahead": 1000 }