{ "BFS": 23.762921, "A*": 19.998224, "F-Hat": 23.973854, "Risk": 24.919555, "Lookahead": 100 }