{ "BFS": 22.807677, "A*": 21.900113, "F-Hat": 26.505111, "Risk": 24.159917, "Lookahead": 1000 }