{ "BFS": 21.502350, "A*": 44.752922, "F-Hat": 46.066957, "Risk": 44.754740, "Lookahead": 1000 }