{ "BFS": 22.907544, "A*": 21.158179, "F-Hat": 26.055098, "Risk": 24.450242, "Lookahead": 1000 }