{ "BFS": 22.374083, "A*": 22.944432, "F-Hat": 23.355856, "Risk": 22.271465, "Lookahead": 100 }