{ "BFS": 20.448890, "A*": 20.237283, "F-Hat": 25.556949, "Risk": 23.457344, "Lookahead": 1000 }