{ "BFS": 28.767548, "A*": 25.637622, "F-Hat": 25.218110, "Risk": 23.671512, "Lookahead": 10 }