{ "BFS": 24.612182, "A*": 23.170341, "F-Hat": 24.831917, "Risk": 21.413342, "Lookahead": 100 }