{ "BFS": 24.474510, "A*": 22.464051, "F-Hat": 23.338428, "Risk": 23.260517, "LSS-LRTA*": 34.954417, "Lookahead": 100 }