{ "BFS": 23.840801, "A*": 22.866434, "F-Hat": 25.514372, "Risk": 25.653181, "Lookahead": 1000 }