{ "BFS": 23.083697, "A*": 19.668980, "F-Hat": 22.780896, "Risk": 21.744067, "Lookahead": 1000 }