{ "BFS": 22.773921, "A*": 21.242944, "F-Hat": 20.867893, "Risk": 20.502975, "Lookahead": 1000 }