{ "BFS": 22.277099, "A*": 23.122832, "F-Hat": 24.474237, "Risk": 23.005998, "Lookahead": 100 }