{ "BFS": 26.554388, "A*": 22.056296, "F-Hat": 25.612658, "Risk": 24.051172, "Lookahead": 100 }