{ "BFS": 22.062956, "A*": 21.786080, "F-Hat": 27.827639, "Risk": 24.818538, "Lookahead": 1000 }