{ "BFS": 26.630625, "A*": 24.514124, "F-Hat": 28.114988, "Risk": 26.023512, "Lookahead": 10 }