{ "BFS": 23.714422, "A*": 23.892662, "F-Hat": 26.907829, "Risk": 25.512659, "Lookahead": 100 }