{ "BFS": 22.649894, "A*": 22.298275, "F-Hat": 26.530651, "Risk": 23.718855, "Lookahead": 1000 }