{ "BFS": 27.818845, "A*": 27.795900, "F-Hat": 27.539202, "Risk": 25.218031, "Lookahead": 10 }