{ "BFS": 27.498904, "A*": 22.951073, "F-Hat": 22.581342, "Risk": 26.884528, "Lookahead": 10 }