{ "BFS": 22.954976, "A*": 24.821184, "F-Hat": 23.892614, "Risk": 19.349853, "Confidence": 46.668358, "LSS-LRTA*": 32.513701, "Lookahead": 100 }