{ "BFS": 26.584207, "A*": 25.545684, "F-Hat": 25.051441, "Risk": 22.626359, "Lookahead": 10 }