{ "BFS": 23.609289, "A*": 22.647106, "F-Hat": 23.913105, "Risk": 22.087168, "Lookahead": 100 }