{ "BFS": 21.637313, "A*": 20.571664, "F-Hat": 26.373611, "Risk": 24.026997, "Lookahead": 1000 }