{ "BFS": 26.664616, "A*": 25.957928, "F-Hat": 24.849106, "Risk": 26.139426, "Lookahead": 10 }