{ "BFS": 21.971478, "A*": 20.873468, "F-Hat": 26.341608, "Risk": 25.799142, "Lookahead": 1000 }