{ "BFS": 23.568746, "A*": 21.514219, "F-Hat": 25.308463, "Risk": 24.073079, "Lookahead": 1000 }