{ "BFS": 25.047136, "A*": 23.974690, "F-Hat": 26.466476, "Risk": 24.395197, "Lookahead": 10 }