{ "BFS": 27.780760, "A*": 26.287748, "F-Hat": 29.483905, "Risk": 25.887040, "Lookahead": 10 }