{ "BFS": 23.152496, "A*": 22.571712, "F-Hat": 29.578638, "Risk": 25.153438, "Lookahead": 1000 }