{ "BFS": 21.878860, "A*": 20.468872, "F-Hat": 24.919307, "Risk": 24.201261, "Lookahead": 1000 }