{ "BFS": 23.026888, "A*": 23.029139, "F-Hat": 26.091177, "Risk": 24.731357, "Lookahead": 1000 }