{ "BFS": 21.434617, "A*": 22.478678, "F-Hat": 24.681105, "Risk": 21.504764, "Lookahead": 100 }