{ "BFS": 22.070947, "A*": 22.027180, "F-Hat": 26.084392, "Risk": 20.045357, "Lookahead": 1000 }