{ "BFS": 29.444901, "A*": 27.293979, "F-Hat": 27.760457, "Risk": 24.789268, "Lookahead": 10 }