{ "BFS": 24.892991, "A*": 22.265827, "F-Hat": 28.785372, "Risk": 24.018710, "Lookahead": 100 }