{ "BFS": 24.516992, "A*": 23.154401, "F-Hat": 27.369079, "Risk": 23.180934, "Lookahead": 1000 }