{ "BFS": 24.619685, "A*": 27.667814, "F-Hat": 24.882236, "Risk": 24.666985, "Lookahead": 10 }