{ "BFS": 24.976668, "A*": 22.149164, "F-Hat": 21.870256, "Risk": 23.729255, "Lookahead": 100 }