{ "BFS": 26.703868, "A*": 25.202259, "F-Hat": 24.669084, "Risk": 26.149165, "Lookahead": 10 }