{ "BFS": 25.772676, "A*": 21.816710, "F-Hat": 26.919639, "Risk": 23.826812, "Lookahead": 100 }