{ "BFS": 28.090896, "A*": 41.126185, "F-Hat": 48.415713, "Risk": 41.802761, "Lookahead": 10 }