{ "BFS": 22.674455, "A*": 21.453844, "F-Hat": 24.122691, "Risk": 24.125146, "Lookahead": 1000 }