{ "BFS": 24.186288, "A*": 22.074363, "F-Hat": 28.274301, "Risk": 25.342538, "Lookahead": 100 }