{ "BFS": 22.490314, "A*": 23.208356, "F-Hat": 26.198109, "Risk": 24.412444, "Lookahead": 100 }