{ "BFS": 21.923476, "A*": 20.318326, "F-Hat": 23.825695, "Risk": 24.029942, "Lookahead": 1000 }