{ "BFS": 22.947681, "A*": 22.324172, "F-Hat": 26.172589, "Risk": 21.902516, "Lookahead": 100 }