{ "BFS": 28.098771, "A*": 24.533126, "F-Hat": 25.207521, "Risk": 25.207521, "Lookahead": 10 }