{ "BFS": 24.768537, "A*": 22.227985, "F-Hat": 23.547978, "Risk": 22.581972, "Lookahead": 100 }