{ "BFS": 21.784248, "A*": 21.727097, "F-Hat": 21.971691, "Risk": 21.878781, "Lookahead": 1000 }