{ "BFS": 25.780072, "A*": 20.957575, "F-Hat": 24.567843, "Risk": 23.085852, "Lookahead": 100 }