{ "BFS": 23.670933, "A*": 20.748282, "F-Hat": 24.258109, "Risk": 20.747448, "Lookahead": 1000 }