{ "BFS": 23.858131, "A*": 22.137039, "F-Hat": 21.421192, "Risk": 20.114348, "Confidence": 44.739898, "LSS-LRTA*": 37.996963, "Lookahead": 100 }