{ "BFS": 22.845278, "A*": 21.934455, "F-Hat": 26.977973, "Risk": 22.409648, "Lookahead": 100 }