{ "BFS": 24.048723, "A*": 22.721347, "F-Hat": 25.732361, "Risk": 26.309614, "Lookahead": 100 }