{ "BFS": 22.695873, "A*": 22.820304, "F-Hat": 27.477407, "Risk": 24.700689, "Lookahead": 100 }