{ "BFS": 21.136415, "A*": 21.798588, "F-Hat": 27.541171, "Risk": 24.026421, "Lookahead": 1000 }