{ "BFS": 22.625968, "A*": 22.254183, "F-Hat": 25.509296, "Risk": 24.183332, "Lookahead": 1000 }