{ "BFS": 28.806341, "A*": 25.961484, "F-Hat": 25.445794, "Risk": 25.068525, "Lookahead": 10 }