{ "BFS": 23.731974, "A*": 23.175335, "F-Hat": 26.159291, "Risk": 23.825484, "Lookahead": 100 }