{ "BFS": 24.630929, "A*": 22.721600, "F-Hat": 26.542953, "Risk": 23.185680, "Lookahead": 100 }