{ "BFS": 22.598691, "A*": 20.057535, "F-Hat": 24.730944, "Risk": 23.000464, "Lookahead": 1000 }