{ "BFS": 26.106185, "A*": 25.245581, "F-Hat": 27.597978, "Risk": 25.597898, "Lookahead": 10 }