{ "BFS": 21.997854, "A*": 20.569088, "F-Hat": 26.273288, "Risk": 26.034684, "Lookahead": 1000 }