{ "BFS": 27.168492, "A*": 25.049564, "F-Hat": 23.990788, "Risk": 25.119236, "Lookahead": 10 }