{ "BFS": 22.904688, "A*": 23.261544, "F-Hat": 26.032253, "Risk": 25.012099, "Lookahead": 100 }