{ "BFS": 23.787926, "A*": 22.263525, "F-Hat": 25.728357, "Risk": 20.485589, "Lookahead": 1000 }