{ "BFS": 22.889812, "A*": 21.018942, "F-Hat": 26.421555, "Risk": 23.552593, "Lookahead": 1000 }