{ "BFS": 27.682269, "A*": 23.242697, "F-Hat": 25.996413, "Risk": 23.743290, "Lookahead": 10 }