{ "BFS": 23.265508, "A*": 20.657222, "F-Hat": 26.651950, "Risk": 24.070402, "Lookahead": 1000 }