{ "BFS": 25.064639, "A*": 24.534428, "F-Hat": 24.077183, "Risk": 24.819344, "Lookahead": 10 }