{ "BFS": 23.436503, "A*": 23.117562, "F-Hat": 23.102994, "Risk": 23.288513, "Lookahead": 100 }