{ "BFS": 24.831950, "A*": 21.403952, "F-Hat": 23.056223, "Risk": 21.227567, "Confidence": 43.082152, "LSS-LRTA*": 37.477169, "Lookahead": 100 }