{ "BFS": 23.716686, "A*": 24.286193, "F-Hat": 26.610616, "Risk": 26.330041, "Lookahead": 100 }