{ "BFS": 26.694557, "A*": 37.895844, "F-Hat": 40.026861, "Risk": 38.681457, "Lookahead": 10 }