{ "BFS": 23.233890, "A*": 22.804204, "F-Hat": 26.625713, "Risk": 26.359821, "Lookahead": 100 }