{ "BFS": 27.176508, "A*": 40.525727, "F-Hat": 40.030735, "Risk": 41.700594, "Lookahead": 10 }