{ "BFS": 28.253931, "A*": 42.284246, "F-Hat": 48.115737, "Risk": 39.857271, "Lookahead": 10 }