{ "BFS": 25.896241, "A*": 26.425378, "F-Hat": 25.400294, "Risk": 24.859503, "Lookahead": 10 }