{ "BFS": 24.089436, "A*": 20.849389, "F-Hat": 27.641822, "Risk": 23.216594, "Lookahead": 1000 }