{ "BFS": 24.469541, "A*": 25.646046, "F-Hat": 25.814258, "Risk": 25.482536, "Confidence": 43.837312, "LSS-LRTA*": 42.702732, "Lookahead": 10 }