{ "BFS": 25.214585, "A*": 25.557720, "F-Hat": 26.732387, "Risk": 25.908594, "Lookahead": 10 }