{ "BFS": 22.611401, "A*": 21.712540, "F-Hat": 24.959031, "Risk": 23.299454, "Lookahead": 1000 }