{ "BFS": 26.383690, "A*": 22.340859, "F-Hat": 24.863933, "Risk": 25.304820, "Lookahead": 100 }