{ "BFS": 24.373574, "A*": 24.340308, "F-Hat": 27.235862, "Risk": 24.962847, "Lookahead": 10 }