{ "BFS": 25.979287, "A*": 26.126459, "F-Hat": 27.052847, "Risk": 25.201650, "Lookahead": 10 }