{ "BFS": 23.703117, "A*": 21.741049, "F-Hat": 26.233419, "Risk": 25.164855, "Lookahead": 1000 }