{ "BFS": 22.058232, "A*": 41.543238, "F-Hat": 45.205068, "Risk": 42.813569, "Lookahead": 100 }