{ "BFS": 27.299940, "A*": 26.723024, "F-Hat": 26.471415, "Risk": 28.203548, "Lookahead": 10 }