{ "BFS": 24.214328, "A*": 25.664774, "F-Hat": 27.375383, "Risk": 22.804799, "Lookahead": 10 }