{ "BFS": 25.096954, "A*": 24.113877, "F-Hat": 22.602945, "Risk": 21.239104, "Confidence": 46.145413, "LSS-LRTA*": 35.952050, "Lookahead": 100 }