{ "BFS": 23.310070, "A*": 23.613950, "F-Hat": 21.658883, "Risk": 21.649128, "Lookahead": 100 }