{ "BFS": 23.894446, "A*": 24.972685, "F-Hat": 27.607900, "Risk": 24.163723, "Lookahead": 100 }