{ "BFS": 25.137662, "A*": 25.284697, "F-Hat": 27.594018, "Risk": 26.544071, "Lookahead": 10 }