{ "BFS": 24.041374, "A*": 21.826527, "F-Hat": 29.311349, "Risk": 24.367705, "Lookahead": 1000 }