{ "BFS": 26.721629, "A*": 27.491796, "F-Hat": 27.814207, "Risk": 26.310161, "Lookahead": 10 }