{ "BFS": 22.026928, "A*": 19.396935, "F-Hat": 27.187212, "Risk": 25.980603, "Lookahead": 100 }