{ "BFS": 26.594338, "A*": 22.510645, "F-Hat": 25.518361, "Risk": 21.549604, "Lookahead": 10 }