{ "BFS": 25.312979, "A*": 40.170992, "F-Hat": 42.682437, "Risk": 44.175130, "Lookahead": 10 }