{ "BFS": 22.313043, "A*": 21.076280, "F-Hat": 27.014198, "Risk": 24.554129, "Lookahead": 1000 }