{ "BFS": 22.622297, "A*": 21.163676, "F-Hat": 24.483828, "Risk": 21.883889, "Lookahead": 1000 }