{ "BFS": 27.025350, "A*": 27.014413, "F-Hat": 25.755561, "Risk": 23.809620, "Lookahead": 10 }