{ "BFS": 25.491526, "A*": 23.688586, "F-Hat": 23.438496, "Risk": 23.612950, "Lookahead": 100 }