{ "BFS": 21.705343, "A*": 21.169991, "F-Hat": 21.659482, "Risk": 21.964784, "Confidence": 46.045858, "LSS-LRTA*": 35.952145, "Lookahead": 100 }