{ "BFS": 27.953902, "A*": 25.815991, "F-Hat": 27.699010, "Risk": 27.375801, "Lookahead": 10 }