{ "BFS": 23.611633, "A*": 21.473370, "F-Hat": 25.942566, "Risk": 24.397971, "Lookahead": 1000 }