{ "BFS": 23.415611, "A*": 21.655705, "F-Hat": 25.120026, "Risk": 23.324618, "Lookahead": 1000 }