{ "BFS": 24.817202, "A*": 22.825811, "F-Hat": 26.046638, "Risk": 23.875308, "Lookahead": 100 }