{ "BFS": 29.101386, "A*": 28.727793, "F-Hat": 28.110335, "Risk": 25.707406, "Lookahead": 10 }