{ "BFS": 27.023045, "A*": 25.449715, "F-Hat": 25.746430, "Risk": 26.324479, "Lookahead": 10 }