{ "BFS": 26.940942, "A*": 26.011311, "F-Hat": 28.082891, "Risk": 26.606421, "Lookahead": 10 }