{ "BFS": 23.083697, "A*": 19.668980, "F-Hat": 25.281958, "Risk": 22.179182, "Lookahead": 1000 }