{ "BFS": 24.224231, "A*": 24.825446, "F-Hat": 27.410323, "Risk": 23.121834, "Lookahead": 10 }