{ "BFS": 28.320375, "A*": 26.716891, "F-Hat": 26.290850, "Risk": 26.747340, "Lookahead": 10 }