{ "BFS": 22.957683, "A*": 22.987062, "F-Hat": 25.091591, "Risk": 25.206502, "Lookahead": 100 }