{ "BFS": 21.320809, "A*": 20.839849, "F-Hat": 21.346097, "Risk": 21.177840, "Confidence": 43.974255, "LSS-LRTA*": 34.688304, "Lookahead": 1000 }