{ "BFS": 24.891764, "A*": 23.690186, "F-Hat": 26.021971, "Risk": 26.759722, "Lookahead": 10 }