{ "BFS": 23.248392, "A*": 21.528315, "F-Hat": 26.513136, "Risk": 24.637938, "Lookahead": 1000 }