{ "BFS": 28.752753, "A*": 25.609311, "F-Hat": 29.421157, "Risk": 25.199859, "Lookahead": 10 }