{ "BFS": 23.697812, "A*": 20.538758, "F-Hat": 21.052459, "Risk": 20.931000, "LSS-LRTA*": 33.434524, "Lookahead": 1000 }