{ "BFS": 21.763887, "A*": 21.685889, "F-Hat": 24.928814, "Risk": 23.400059, "Lookahead": 100 }