{ "BFS": 23.845852, "A*": 25.384036, "F-Hat": 23.180583, "Risk": 21.680938, "Lookahead": 100 }