{ "BFS": 26.336176, "A*": 25.163847, "F-Hat": 24.013415, "Risk": 26.819563, "Lookahead": 10 }