{ "BFS": 25.266189, "A*": 24.273575, "F-Hat": 27.592204, "Risk": 25.480716, "Lookahead": 100 }