{ "BFS": 23.367215, "A*": 21.354216, "F-Hat": 27.176325, "Risk": 24.322053, "Lookahead": 1000 }