{ "BFS": 24.453651, "A*": 24.265997, "F-Hat": 28.541805, "Risk": 24.614833, "Lookahead": 10 }