{ "BFS": 25.419459, "A*": 27.153765, "F-Hat": 28.529193, "Risk": 26.367230, "Lookahead": 10 }