{ "BFS": 24.207948, "A*": 27.220103, "F-Hat": 26.351069, "Risk": 25.330485, "Lookahead": 10 }