{ "BFS": 24.277372, "A*": 23.681152, "F-Hat": 25.505773, "Risk": 23.676787, "Lookahead": 100 }