{ "BFS": 23.890217, "A*": 21.327158, "F-Hat": 27.056516, "Risk": 25.268336, "Lookahead": 1000 }