{ "BFS": 27.840529, "A*": 25.609127, "F-Hat": 28.959799, "Risk": 28.959799, "Lookahead": 10 }