{ "BFS": 25.585039, "A*": 25.193667, "F-Hat": 24.705830, "Risk": 28.648507, "Lookahead": 10 }