{ "BFS": 25.469139, "A*": 22.802934, "F-Hat": 24.750742, "Risk": 24.861151, "Lookahead": 100 }