{ "BFS": 23.455479, "A*": 21.433994, "F-Hat": 24.964922, "Risk": 23.873159, "Lookahead": 1000 }