{ "BFS": 22.173496, "A*": 19.978162, "F-Hat": 25.142539, "Risk": 23.737622, "Lookahead": 1000 }