{ "BFS": 25.931710, "A*": 27.027763, "F-Hat": 26.842704, "Risk": 26.446818, "Lookahead": 10 }