{ "BFS": 21.506378, "A*": 14.550713, "F-Hat": 26.913697, "Risk": 22.855432, "Lookahead": 1000 }