{ "BFS": 26.597388, "A*": 23.724868, "F-Hat": 25.903157, "Risk": 23.766954, "Lookahead": 100 }