{ "BFS": 23.991281, "A*": 22.251247, "F-Hat": 26.182713, "Risk": 24.190424, "Lookahead": 100 }