{ "BFS": 22.601808, "A*": 21.993838, "F-Hat": 24.468694, "Risk": 24.753593, "Lookahead": 100 }