{ "BFS": 22.824452, "A*": 20.280992, "F-Hat": 23.063627, "Risk": 22.823450, "Lookahead": 1000 }