{ "BFS": 26.461011, "A*": 25.887707, "F-Hat": 30.144231, "Risk": 26.971792, "Lookahead": 10 }