{ "BFS": 25.558020, "A*": 41.537987, "F-Hat": 46.618064, "Risk": 41.827537, "Lookahead": 10 }