{ "BFS": 25.894557, "A*": 21.584472, "F-Hat": 25.872493, "Risk": 23.601182, "Lookahead": 100 }