{ "BFS": 20.559089, "A*": 20.403543, "F-Hat": 27.742232, "Risk": 23.967729, "Lookahead": 1000 }