{ "BFS": 22.497414, "A*": 20.779605, "F-Hat": 26.198109, "Risk": 24.676777, "Lookahead": 1000 }