{ "BFS": 22.862999, "A*": 21.314752, "F-Hat": 22.345837, "Risk": 23.319926, "Lookahead": 1000 }