{ "BFS": 22.945773, "A*": 22.336339, "F-Hat": 26.968246, "Risk": 24.032199, "Lookahead": 1000 }