{ "BFS": 22.973649, "A*": 21.568026, "F-Hat": 26.551751, "Risk": 24.607708, "Lookahead": 1000 }