{ "BFS": 28.926080, "A*": 27.026086, "F-Hat": 28.943994, "Risk": 27.889127, "Lookahead": 10 }