{ "BFS": 23.690174, "A*": 22.765344, "F-Hat": 26.158837, "Risk": 22.056691, "Lookahead": 10 }