{ "BFS": 23.802797, "A*": 21.938810, "F-Hat": 27.876966, "Risk": 23.165394, "Lookahead": 1000 }