{ "BFS": 26.582034, "A*": 22.225548, "F-Hat": 25.043912, "Risk": 23.763694, "Lookahead": 100 }