{ "BFS": 23.922140, "A*": 22.204906, "F-Hat": 25.825227, "Risk": 24.060708, "Lookahead": 100 }