{ "BFS": 23.803592, "A*": 21.300706, "F-Hat": 28.212128, "Risk": 25.403273, "Lookahead": 1000 }