{ "BFS": 25.987471, "A*": 24.501923, "F-Hat": 26.930158, "Risk": 26.728338, "Lookahead": 10 }