{ "BFS": 23.743333, "A*": 20.977866, "F-Hat": 21.204586, "Risk": 21.559400, "Lookahead": 1000 }