{ "BFS": 23.946970, "A*": 22.025086, "F-Hat": 27.885444, "Risk": 21.276343, "Lookahead": 1000 }