{ "BFS": 24.283846, "A*": 21.346808, "F-Hat": 27.089261, "Risk": 25.137529, "Lookahead": 100 }