{ "BFS": 22.141505, "A*": 19.722105, "F-Hat": 25.716251, "Risk": 23.565430, "Lookahead": 1000 }