{ "BFS": 23.336078, "A*": 23.311462, "F-Hat": 26.797043, "Risk": 23.722238, "Lookahead": 100 }