{ "BFS": 23.530359, "A*": 19.918192, "F-Hat": 26.991139, "Risk": 22.379258, "Lookahead": 100 }