{ "BFS": 22.086643, "A*": 22.698627, "F-Hat": 28.188745, "Risk": 26.464716, "Lookahead": 100 }