{ "BFS": 22.941491, "A*": 23.614451, "F-Hat": 27.108025, "Risk": 25.191873, "Lookahead": 100 }