{ "BFS": 22.316307, "A*": 20.220283, "F-Hat": 26.630771, "Risk": 24.345734, "Lookahead": 1000 }