{ "BFS": 20.598405, "A*": 19.306107, "F-Hat": 26.485881, "Risk": 23.383854, "Lookahead": 1000 }