{ "BFS": 26.335479, "A*": 24.221383, "F-Hat": 26.425770, "Risk": 22.617472, "Lookahead": 10 }