{ "BFS": 20.714636, "A*": 19.974336, "F-Hat": 25.524257, "Risk": 24.813353, "Lookahead": 1000 }