{ "BFS": 24.924591, "A*": 21.449923, "F-Hat": 22.853004, "Risk": 21.831875, "Confidence": 44.867472, "LSS-LRTA*": 34.341414, "Lookahead": 100 }