{ "BFS": 24.602601, "A*": 23.085917, "F-Hat": 24.934141, "Risk": 23.778110, "Lookahead": 100 }