{ "BFS": 25.144699, "A*": 23.473061, "F-Hat": 27.589276, "Risk": 27.432091, "Lookahead": 100 }