{ "BFS": 20.952490, "A*": 21.999874, "F-Hat": 27.013425, "Risk": 23.022583, "Lookahead": 1000 }