{ "BFS": 27.034386, "A*": 26.180598, "F-Hat": 27.330203, "Risk": 27.092537, "Lookahead": 10 }