{ "BFS": 25.493499, "A*": 26.320320, "F-Hat": 28.317807, "Risk": 28.378217, "Lookahead": 10 }