{ "BFS": 25.105505, "A*": 25.110044, "F-Hat": 29.394350, "Risk": 26.191432, "Lookahead": 10 }