{ "BFS": 25.590690, "A*": 22.720934, "F-Hat": 25.084249, "Risk": 25.274496, "Lookahead": 100 }