{ "BFS": 27.925145, "A*": 25.671963, "F-Hat": 25.405279, "Risk": 25.884454, "Lookahead": 10 }