{ "BFS": 25.579889, "A*": 21.219256, "F-Hat": 27.088343, "Risk": 25.331995, "Lookahead": 1000 }