{ "BFS": 22.172253, "A*": 23.559854, "F-Hat": 23.728459, "Risk": 22.338256, "Lookahead": 100 }