{ "BFS": 26.201904, "A*": 25.715185, "F-Hat": 27.387900, "Risk": 24.840728, "Lookahead": 10 }