{ "BFS": 27.530006, "A*": 24.680261, "F-Hat": 28.757605, "Risk": 25.735806, "Lookahead": 10 }