{ "BFS": 28.582271, "A*": 25.398845, "F-Hat": 25.078994, "Risk": 25.361429, "Lookahead": 10 }