{ "BFS": 27.679307, "A*": 25.557367, "F-Hat": 26.071886, "Risk": 25.831840, "Lookahead": 10 }