{ "BFS": 24.799421, "A*": 21.051515, "F-Hat": 25.634302, "Risk": 24.236766, "Lookahead": 1000 }