{ "BFS": 24.910997, "A*": 22.978621, "F-Hat": 26.857254, "Risk": 24.462393, "Lookahead": 100 }