{ "BFS": 23.322015, "A*": 20.645968, "F-Hat": 23.178041, "Risk": 22.175563, "Lookahead": 100 }