{ "BFS": 27.534642, "A*": 25.214571, "F-Hat": 27.463618, "Risk": 25.766590, "Lookahead": 10 }