{ "BFS": 22.634957, "A*": 21.172496, "F-Hat": 27.421116, "Risk": 25.063565, "Lookahead": 1000 }