{ "BFS": 21.547610, "A*": 21.888272, "F-Hat": 21.728009, "Risk": 20.530112, "Lookahead": 1000 }