{ "BFS": 23.723580, "A*": 22.208326, "F-Hat": 29.759936, "Risk": 24.827639, "Lookahead": 1000 }