{ "BFS": 24.259937, "A*": 16.351040, "F-Hat": 26.512489, "Risk": 25.872348, "Lookahead": 1000 }