{ "BFS": 25.479829, "A*": 22.173475, "F-Hat": 25.888616, "Risk": 24.880806, "Lookahead": 100 }