{ "BFS": 28.561057, "A*": 23.738350, "F-Hat": 28.898250, "Risk": 22.738091, "Lookahead": 10 }