{ "BFS": 27.667778, "A*": 26.407735, "F-Hat": 28.977657, "Risk": 25.651899, "Lookahead": 10 }