{ "BFS": 21.052507, "A*": 20.113618, "F-Hat": 25.641295, "Risk": 23.635380, "Lookahead": 100 }