{ "BFS": 21.634877, "A*": 21.414252, "F-Hat": 26.012907, "Risk": 23.395186, "Lookahead": 1000 }