{ "BFS": 24.201000, "A*": 22.521903, "F-Hat": 26.740352, "Risk": 22.912690, "Lookahead": 10 }