{ "BFS": 23.329681, "A*": 23.332679, "F-Hat": 27.537731, "Risk": 22.619797, "Lookahead": 100 }