{ "BFS": 23.797407, "A*": 22.275229, "F-Hat": 26.750686, "Risk": 21.786213, "Lookahead": 100 }