{ "BFS": 25.934069, "A*": 25.270452, "F-Hat": 25.488835, "Risk": 27.036131, "Lookahead": 10 }