{ "BFS": 23.935583, "A*": 41.000156, "F-Hat": 41.300239, "Risk": 43.291511, "Lookahead": 1000 }