{ "BFS": 23.457928, "A*": 23.855564, "F-Hat": 26.476545, "Risk": 24.001405, "Lookahead": 100 }