{ "BFS": 29.726574, "A*": 24.923104, "F-Hat": 27.019677, "Risk": 23.337862, "Lookahead": 10 }