{ "BFS": 23.591921, "A*": 22.631395, "F-Hat": 27.550533, "Risk": 21.514924, "Lookahead": 1000 }