{ "BFS": 23.197431, "A*": 22.297689, "F-Hat": 29.000484, "Risk": 27.432595, "Lookahead": 1000 }