{ "BFS": 22.923354, "A*": 21.097628, "F-Hat": 23.917891, "Risk": 23.482124, "Lookahead": 1000 }