{ "BFS": 26.988477, "A*": 27.071438, "F-Hat": 26.445379, "Risk": 24.788017, "Confidence": 46.289136, "LSS-LRTA*": 35.240350, "Lookahead": 10 }