{ "BFS": 28.139873, "A*": 28.278676, "F-Hat": 25.166484, "Risk": 26.163279, "Lookahead": 10 }