{ "BFS": 25.244846, "A*": 24.817396, "F-Hat": 23.265349, "Risk": 23.308521, "Lookahead": 10 }