{ "BFS": 27.061047, "A*": 28.326950, "F-Hat": 29.005893, "Risk": 25.743130, "Confidence": 43.318246, "LSS-LRTA*": 37.126770, "Lookahead": 10 }