{ "BFS": 24.174490, "A*": 24.177645, "F-Hat": 25.228416, "Risk": 25.165547, "Lookahead": 100 }