{ "BFS": 26.591930, "A*": 26.739736, "F-Hat": 27.709778, "Risk": 25.632791, "Lookahead": 10 }