{ "BFS": 30.085576, "A*": 27.502625, "F-Hat": 28.368732, "Risk": 25.985227, "Lookahead": 10 }