{ "BFS": 24.657352, "A*": 24.106815, "F-Hat": 25.231879, "Risk": 28.467042, "Lookahead": 10 }