{ "BFS": 24.633896, "A*": 22.705487, "F-Hat": 26.946633, "Risk": 23.773351, "Lookahead": 1000 }