{ "BFS": 27.258677, "A*": 25.117645, "F-Hat": 26.811465, "Risk": 26.811465, "Lookahead": 10 }