{ "BFS": 25.124555, "A*": 41.471873, "F-Hat": 41.623067, "Risk": 37.052718, "Lookahead": 10 }