{ "BFS": 23.251209, "A*": 21.661058, "F-Hat": 25.688102, "Risk": 22.401756, "Lookahead": 100 }