{ "BFS": 23.578353, "A*": 21.304629, "F-Hat": 27.252350, "Risk": 26.311530, "Lookahead": 1000 }