{ "BFS": 21.603513, "A*": 42.468611, "F-Hat": 46.463820, "Risk": 41.598229, "Lookahead": 1000 }