{ "BFS": 23.016849, "A*": 21.418032, "F-Hat": 26.312639, "Risk": 24.057096, "Lookahead": 1000 }