{ "BFS": 22.627278, "A*": 22.606666, "F-Hat": 26.152249, "Risk": 24.174290, "Lookahead": 1000 }