{ "BFS": 24.270122, "A*": 21.181113, "F-Hat": 23.217032, "Risk": 21.248107, "Lookahead": 100 }