{ "BFS": 30.487035, "A*": 25.398845, "F-Hat": 27.978545, "Risk": 24.444904, "Lookahead": 10 }