{ "BFS": 25.654398, "A*": 23.309382, "F-Hat": 25.982453, "Risk": 24.727486, "Lookahead": 100 }