{ "BFS": 22.202977, "A*": 20.583832, "F-Hat": 27.314383, "Risk": 22.573263, "Lookahead": 1000 }