{ "BFS": 22.098784, "A*": 19.374217, "F-Hat": 25.501735, "Risk": 24.531765, "Lookahead": 1000 }