{ "BFS": 21.749940, "A*": 20.219874, "F-Hat": 25.723972, "Risk": 24.061179, "Lookahead": 1000 }