{ "BFS": 27.467956, "A*": 27.526682, "F-Hat": 26.590350, "Risk": 27.080635, "Lookahead": 10 }