{ "BFS": 22.751235, "A*": 20.765282, "F-Hat": 25.709068, "Risk": 24.123074, "Lookahead": 1000 }