{ "BFS": 22.001713, "A*": 23.206552, "F-Hat": 26.245807, "Risk": 23.120612, "Lookahead": 100 }