{ "BFS": 21.181263, "A*": 40.266840, "F-Hat": 44.865178, "Risk": 43.671432, "Lookahead": 1000 }