{ "BFS": 23.183049, "A*": 21.783537, "F-Hat": 25.165732, "Risk": 23.887784, "Lookahead": 1000 }