{ "BFS": 25.167385, "A*": 22.334285, "F-Hat": 24.946486, "Risk": 24.735971, "Lookahead": 100 }