{ "BFS": 27.013846, "A*": 25.744945, "F-Hat": 28.240055, "Risk": 25.482306, "Lookahead": 10 }