{ "BFS": 24.810679, "A*": 22.558720, "F-Hat": 22.216130, "Risk": 21.726170, "LSS-LRTA*": 32.010768, "Lookahead": 1000 }