{ "BFS": 22.502364, "A*": 24.856210, "F-Hat": 22.785903, "Risk": 23.202555, "Lookahead": 100 }