{ "BFS": 24.329671, "A*": 22.339586, "F-Hat": 27.818873, "Risk": 24.475037, "Lookahead": 1000 }