{ "BFS": 28.271285, "A*": 27.023086, "F-Hat": 28.120203, "Risk": 23.455554, "Lookahead": 10 }