{ "BFS": 24.562801, "A*": 20.747972, "F-Hat": 25.638254, "Risk": 24.239248, "Lookahead": 100 }