{ "BFS": 22.807340, "A*": 23.245391, "F-Hat": 27.926004, "Risk": 24.228135, "Lookahead": 100 }