{ "BFS": 28.004420, "A*": 26.474695, "F-Hat": 27.874045, "Risk": 25.903191, "Lookahead": 10 }