{ "BFS": 24.078159, "A*": 21.226797, "F-Hat": 27.084189, "Risk": 22.808944, "Lookahead": 100 }