{ "BFS": 22.664132, "A*": 21.204665, "F-Hat": 28.510366, "Risk": 24.188985, "Lookahead": 1000 }