{ "BFS": 21.993626, "A*": 21.162589, "F-Hat": 24.879703, "Risk": 25.020551, "Lookahead": 1000 }