{ "BFS": 26.401443, "A*": 24.200789, "F-Hat": 25.885619, "Risk": 24.980502, "Lookahead": 10 }