{ "BFS": 24.115387, "A*": 22.314562, "F-Hat": 22.588162, "Risk": 20.401346, "Lookahead": 100 }