{ "BFS": 25.475305, "A*": 24.010316, "F-Hat": 29.530869, "Risk": 25.700296, "Lookahead": 100 }