{ "BFS": 23.680546, "A*": 21.154571, "F-Hat": 24.795265, "Risk": 25.175578, "Lookahead": 100 }