{ "BFS": 26.772117, "A*": 26.324331, "F-Hat": 26.926630, "Risk": 27.165286, "Lookahead": 10 }