{ "BFS": 24.717000, "A*": 22.773140, "F-Hat": 27.839608, "Risk": 23.859883, "Lookahead": 1000 }