{ "BFS": 25.318490, "A*": 26.706979, "F-Hat": 27.437895, "Risk": 23.923830, "Lookahead": 10 }