{ "BFS": 20.767026, "A*": 20.830512, "F-Hat": 26.436902, "Risk": 22.684223, "Lookahead": 1000 }