{ "BFS": 24.749071, "A*": 20.804687, "F-Hat": 27.202031, "Risk": 23.299780, "Lookahead": 100 }