{ "BFS": 21.914533, "A*": 22.581541, "F-Hat": 25.754842, "Risk": 23.867684, "Lookahead": 100 }