{ "BFS": 25.157895, "A*": 23.372516, "F-Hat": 26.536288, "Risk": 23.719386, "Lookahead": 100 }