{ "BFS": 24.186626, "A*": 22.771272, "F-Hat": 26.075264, "Risk": 23.980789, "Lookahead": 100 }