{ "BFS": 23.066186, "A*": 22.634317, "F-Hat": 24.739686, "Risk": 21.867052, "Lookahead": 1000 }