{ "BFS": 26.242568, "A*": 25.539967, "F-Hat": 27.747185, "Risk": 24.616142, "Lookahead": 10 }