{ "BFS": 27.242402, "A*": 29.216112, "F-Hat": 26.863679, "Risk": 25.424193, "Lookahead": 10 }