{ "BFS": 26.459920, "A*": 25.859478, "F-Hat": 22.570950, "Risk": 21.220192, "LSS-LRTA*": 38.440433, "Lookahead": 10 }