{ "BFS": 23.044293, "A*": 21.884706, "F-Hat": 26.012948, "Risk": 22.985706, "Lookahead": 1000 }