{ "BFS": 24.993480, "A*": 20.303848, "F-Hat": 24.213699, "Risk": 23.121162, "Lookahead": 1000 }