{ "BFS": 23.889286, "A*": 22.887083, "F-Hat": 22.032585, "Risk": 21.679076, "Confidence": 45.636214, "LSS-LRTA*": 36.479776, "Lookahead": 100 }