{ "BFS": 25.026877, "A*": 24.894641, "F-Hat": 23.173640, "Risk": 23.561080, "Lookahead": 10 }