{ "BFS": 23.745903, "A*": 21.239712, "F-Hat": 25.554028, "Risk": 23.177641, "Lookahead": 1000 }