{ "BFS": 23.462860, "A*": 21.355138, "F-Hat": 25.619434, "Risk": 25.619434, "Lookahead": 1000 }