{ "BFS": 24.228231, "A*": 21.808929, "F-Hat": 26.933760, "Risk": 24.451353, "Lookahead": 1000 }