{ "BFS": 25.095363, "A*": 23.375126, "F-Hat": 20.916170, "Risk": 23.101572, "Lookahead": 100 }