{ "BFS": 24.688601, "A*": 23.125050, "F-Hat": 26.484533, "Risk": 26.484533, "Lookahead": 100 }