{ "BFS": 26.732649, "A*": 24.385852, "F-Hat": 28.494529, "Risk": 25.873731, "Lookahead": 10 }