{ "BFS": 22.536966, "A*": 20.554349, "F-Hat": 25.202815, "Risk": 24.850256, "Lookahead": 100 }