{ "BFS": 25.692213, "A*": 23.423503, "F-Hat": 21.884949, "Risk": 22.451317, "LSS-LRTA*": 38.973476, "Lookahead": 10 }