{ "BFS": 27.126076, "A*": 22.031084, "F-Hat": 26.584689, "Risk": 24.762001, "Lookahead": 10 }