{ "BFS": 24.871213, "A*": 24.504243, "F-Hat": 25.476937, "Risk": 25.898124, "Lookahead": 100 }