{ "BFS": 29.100342, "A*": 25.353791, "F-Hat": 27.033862, "Risk": 24.446955, "Lookahead": 10 }