{ "BFS": 27.403909, "A*": 24.954022, "F-Hat": 26.642067, "Risk": 22.978523, "Lookahead": 10 }