{ "BFS": 25.263974, "A*": 25.861861, "F-Hat": 24.902039, "Risk": 26.063273, "LSS-LRTA*": 36.517113, "Lookahead": 10 }