{ "BFS": 27.981447, "A*": 26.226305, "F-Hat": 27.530380, "Risk": 26.487157, "Lookahead": 10 }