{ "BFS": 25.677027, "A*": 23.379023, "F-Hat": 23.068630, "Risk": 21.732287, "Lookahead": 1000 }