{ "BFS": 24.706893, "A*": 25.412807, "F-Hat": 26.530651, "Risk": 27.010310, "Lookahead": 100 }