{ "BFS": 27.245320, "A*": 25.533006, "F-Hat": 29.920700, "Risk": 25.534552, "Lookahead": 10 }