{ "BFS": 26.459530, "A*": 25.790301, "F-Hat": 25.504829, "Risk": 25.428672, "Confidence": 38.738250, "LSS-LRTA*": 35.503930, "Lookahead": 10 }