{ "BFS": 21.365385, "A*": 20.604196, "F-Hat": 24.854877, "Risk": 24.817460, "Lookahead": 1000 }