{ "BFS": 23.676313, "A*": 22.320375, "F-Hat": 25.495664, "Risk": 24.763125, "Lookahead": 1000 }