{ "BFS": 24.959581, "A*": 22.185299, "F-Hat": 21.369717, "Risk": 20.754917, "Confidence": 44.401595, "LSS-LRTA*": 36.473730, "Lookahead": 1000 }