{ "BFS": 30.534076, "A*": 27.525952, "F-Hat": 24.942830, "Risk": 25.616700, "Lookahead": 10 }