{ "BFS": 22.118733, "A*": 21.768135, "F-Hat": 25.622999, "Risk": 23.367028, "Lookahead": 1000 }