{ "BFS": 23.198173, "A*": 21.425017, "F-Hat": 26.768376, "Risk": 24.320503, "Lookahead": 1000 }