{ "BFS": 28.093316, "A*": 23.556841, "F-Hat": 24.625165, "Risk": 22.998585, "Lookahead": 10 }