{ "BFS": 29.297453, "A*": 26.117113, "F-Hat": 29.623309, "Risk": 23.404388, "Lookahead": 10 }