{ "BFS": 27.609590, "A*": 27.376803, "F-Hat": 27.120971, "Risk": 27.993462, "Lookahead": 10 }