{ "BFS": 26.348934, "A*": 27.806952, "F-Hat": 25.981161, "Risk": 27.317482, "Lookahead": 10 }