{ "BFS": 24.034398, "A*": 21.857253, "F-Hat": 24.806978, "Risk": 23.768505, "Lookahead": 100 }