{ "BFS": 23.646505, "A*": 23.026083, "F-Hat": 24.553155, "Risk": 24.226198, "Lookahead": 1000 }