{ "BFS": 25.299649, "A*": 26.913307, "F-Hat": 24.531053, "Risk": 25.617246, "Lookahead": 10 }