{ "BFS": 23.592360, "A*": 21.422409, "F-Hat": 27.197965, "Risk": 24.794852, "Lookahead": 100 }