{ "BFS": 26.953793, "A*": 26.304065, "F-Hat": 24.566810, "Risk": 24.566810, "Lookahead": 10 }