{ "BFS": 22.213562, "A*": 19.981288, "F-Hat": 24.090885, "Risk": 22.863924, "Lookahead": 1000 }