{ "BFS": 22.008213, "A*": 21.470682, "F-Hat": 27.243419, "Risk": 23.039700, "Lookahead": 1000 }