{ "BFS": 20.499348, "A*": 22.000678, "F-Hat": 27.135630, "Risk": 28.198851, "Lookahead": 1000 }