{ "BFS": 23.819856, "A*": 22.272429, "F-Hat": 27.878320, "Risk": 22.604066, "Lookahead": 1000 }