{ "BFS": 25.255092, "A*": 24.003904, "F-Hat": 26.049725, "Risk": 28.246536, "Lookahead": 10 }