{ "BFS": 28.974016, "A*": 27.725675, "F-Hat": 26.514072, "Risk": 26.805897, "Confidence": 43.311629, "LSS-LRTA*": 38.002241, "Lookahead": 10 }