{ "BFS": 22.473149, "A*": 21.337901, "F-Hat": 26.218643, "Risk": 29.552770, "Lookahead": 100 }