{ "BFS": 25.693855, "A*": 23.541218, "F-Hat": 27.385950, "Risk": 28.385057, "Lookahead": 100 }