{ "BFS": 28.664989, "A*": 26.854042, "F-Hat": 26.064307, "Risk": 29.771494, "Lookahead": 10 }