{ "BFS": 22.596498, "A*": 20.666002, "F-Hat": 21.039560, "Risk": 20.354256, "Confidence": 44.554328, "LSS-LRTA*": 37.187886, "Lookahead": 1000 }