{ "BFS": 21.768016, "A*": 21.414980, "F-Hat": 21.827125, "Risk": 21.150083, "Confidence": 44.970219, "LSS-LRTA*": 42.127521, "Lookahead": 100 }