{ "BFS": 26.730780, "A*": 25.539378, "F-Hat": 26.323454, "Risk": 23.671083, "LSS-LRTA*": 38.325117, "Lookahead": 10 }