{ "BFS": 22.186257, "A*": 21.582486, "F-Hat": 26.767032, "Risk": 23.023672, "Lookahead": 1000 }