{ "BFS": 26.042465, "A*": 24.953081, "F-Hat": 22.599303, "Risk": 23.411345, "Lookahead": 100 }