{ "BFS": 24.695563, "A*": 21.079342, "F-Hat": 21.586542, "Risk": 21.810047, "Lookahead": 1000 }