{ "BFS": 25.197218, "A*": 27.647149, "F-Hat": 26.356420, "Risk": 24.764292, "Lookahead": 10 }