{ "BFS": 23.018650, "A*": 20.671647, "F-Hat": 25.646580, "Risk": 24.731272, "Lookahead": 1000 }