{ "BFS": 28.454854, "A*": 24.043258, "F-Hat": 26.694097, "Risk": 25.018288, "Lookahead": 10 }