{ "BFS": 23.956733, "A*": 22.710510, "F-Hat": 27.365122, "Risk": 23.141394, "Lookahead": 1000 }