{ "BFS": 21.566117, "A*": 20.399533, "F-Hat": 27.112882, "Risk": 23.263006, "Lookahead": 1000 }