{ "BFS": 25.311288, "A*": 21.913087, "F-Hat": 25.774579, "Risk": 23.880097, "Lookahead": 100 }