{ "BFS": 25.324434, "A*": 21.667908, "F-Hat": 25.901815, "Risk": 24.990898, "Lookahead": 100 }