{ "BFS": 25.438227, "A*": 24.064918, "F-Hat": 25.767275, "Risk": 23.722104, "Lookahead": 100 }