{ "BFS": 21.674571, "A*": 20.901955, "F-Hat": 25.321477, "Risk": 22.541133, "Lookahead": 1000 }