{ "BFS": 23.609780, "A*": 22.875475, "F-Hat": 26.257896, "Risk": 24.010715, "Lookahead": 100 }