{ "BFS": 23.049533, "A*": 22.180164, "F-Hat": 25.815607, "Risk": 23.746980, "Lookahead": 1000 }