{ "BFS": 23.495969, "A*": 23.317105, "F-Hat": 26.611751, "Risk": 25.197328, "Lookahead": 100 }