{ "BFS": 27.361137, "A*": 25.124933, "F-Hat": 28.426456, "Risk": 25.386431, "Lookahead": 10 }