{ "BFS": 23.810505, "A*": 22.144987, "F-Hat": 25.745340, "Risk": 22.867729, "Lookahead": 100 }