{ "BFS": 22.416885, "A*": 20.845669, "F-Hat": 25.310040, "Risk": 23.948452, "Lookahead": 1000 }