{ "BFS": 23.331688, "A*": 21.437811, "F-Hat": 26.172512, "Risk": 22.589497, "Lookahead": 1000 }