{ "BFS": 26.051887, "A*": 23.130785, "F-Hat": 27.322452, "Risk": 26.288718, "Lookahead": 10 }