{ "BFS": 22.756037, "A*": 43.940426, "F-Hat": 44.650563, "Risk": 37.167305, "Lookahead": 100 }