{ "BFS": 23.746265, "A*": 20.936644, "F-Hat": 21.835229, "Risk": 22.477415, "LSS-LRTA*": 33.713100, "Lookahead": 1000 }