{ "BFS": 24.259801, "A*": 21.742947, "F-Hat": 25.631108, "Risk": 22.851146, "Lookahead": 100 }