{ "BFS": 23.934374, "A*": 22.901613, "F-Hat": 24.712633, "Risk": 24.679322, "Lookahead": 1000 }