{ "BFS": 22.383402, "A*": 20.264655, "F-Hat": 25.619237, "Risk": 24.048725, "Lookahead": 1000 }