{ "BFS": 26.359389, "A*": 25.351317, "F-Hat": 28.599921, "Risk": 23.595272, "Lookahead": 10 }