{ "BFS": 23.081521, "A*": 20.791867, "F-Hat": 23.164856, "Risk": 21.330136, "Lookahead": 1000 }