{ "BFS": 25.532107, "A*": 25.627097, "F-Hat": 28.741469, "Risk": 26.001337, "Lookahead": 10 }