{ "BFS": 29.794055, "A*": 26.700053, "F-Hat": 26.240519, "Risk": 24.022008, "Lookahead": 10 }