{ "BFS": 22.647145, "A*": 21.357058, "F-Hat": 25.162477, "Risk": 23.886448, "Lookahead": 1000 }