{ "BFS": 24.687955, "A*": 24.081080, "F-Hat": 27.121569, "Risk": 22.983445, "Lookahead": 100 }