{ "BFS": 27.868928, "A*": 27.291365, "F-Hat": 29.066853, "Risk": 26.160023, "Lookahead": 10 }