{ "BFS": 26.462883, "A*": 27.515707, "F-Hat": 26.799072, "Risk": 25.261481, "Lookahead": 10 }