{ "BFS": 23.475899, "A*": 21.686423, "F-Hat": 27.098060, "Risk": 27.825180, "Lookahead": 1000 }