{ "BFS": 25.380085, "A*": 22.273018, "F-Hat": 26.423313, "Risk": 23.573156, "Lookahead": 100 }