{ "BFS": 28.625465, "A*": 26.375586, "F-Hat": 26.514383, "Risk": 27.130671, "Lookahead": 10 }