{ "BFS": 23.475574, "A*": 22.075183, "F-Hat": 25.217033, "Risk": 21.908102, "Lookahead": 100 }