{ "BFS": 25.600807, "A*": 23.406952, "F-Hat": 27.174407, "Risk": 27.158241, "Lookahead": 100 }