{ "BFS": 24.181736, "A*": 28.146071, "F-Hat": 26.072106, "Risk": 26.240403, "Lookahead": 10 }