{ "BFS": 26.369682, "A*": 25.542241, "F-Hat": 27.646295, "Risk": 25.646048, "Lookahead": 10 }