{ "BFS": 27.256779, "A*": 27.256163, "F-Hat": 25.633067, "Risk": 23.816386, "Lookahead": 10 }