{ "BFS": 25.317651, "A*": 25.075602, "F-Hat": 26.748129, "Risk": 25.952788, "Lookahead": 10 }