{ "BFS": 23.472190, "A*": 23.140003, "F-Hat": 24.534330, "Risk": 23.213716, "Lookahead": 100 }