{ "BFS": 25.615286, "A*": 24.217153, "F-Hat": 22.162167, "Risk": 21.670620, "Confidence": 48.178563, "LSS-LRTA*": 34.542464, "Lookahead": 100 }