{ "BFS": 26.512250, "A*": 23.115418, "F-Hat": 23.614831, "Risk": 23.159899, "Lookahead": 100 }