{ "BFS": 23.682409, "A*": 22.037567, "F-Hat": 26.299195, "Risk": 24.764963, "Lookahead": 100 }