{ "BFS": 24.111130, "A*": 23.418869, "F-Hat": 25.828819, "Risk": 23.430877, "Lookahead": 100 }