{ "BFS": 25.311093, "A*": 24.351095, "F-Hat": 26.383781, "Risk": 26.953197, "Lookahead": 10 }