{ "BFS": 22.276600, "A*": 23.221157, "F-Hat": 26.627171, "Risk": 24.072137, "Lookahead": 100 }