{ "BFS": 24.415900, "A*": 25.313210, "F-Hat": 24.384429, "Risk": 27.182380, "Lookahead": 10 }