{ "BFS": 21.493715, "A*": 21.252730, "F-Hat": 25.314317, "Risk": 23.197957, "Lookahead": 100 }