{ "BFS": 21.927841, "A*": 43.467881, "F-Hat": 50.059430, "Risk": 40.217830, "Lookahead": 1000 }