{ "BFS": 22.504684, "A*": 23.812450, "F-Hat": 24.701987, "Risk": 24.330174, "Lookahead": 100 }