{ "BFS": 23.479438, "A*": 24.392680, "F-Hat": 23.859821, "Risk": 21.554496, "Confidence": 44.110704, "LSS-LRTA*": 39.415163, "Lookahead": 100 }