{ "BFS": 27.482886, "A*": 25.062808, "F-Hat": 27.637510, "Risk": 25.795690, "Lookahead": 10 }