{ "BFS": 24.975463, "A*": 21.298721, "F-Hat": 21.311512, "Risk": 20.198891, "Lookahead": 100 }