{ "BFS": 26.154073, "A*": 23.876251, "F-Hat": 28.147846, "Risk": 24.682739, "Lookahead": 100 }