{ "BFS": 24.144978, "A*": 21.418806, "F-Hat": 26.805501, "Risk": 26.130409, "Lookahead": 1000 }