{ "BFS": 22.196299, "A*": 22.112415, "F-Hat": 26.486690, "Risk": 24.001815, "Lookahead": 1000 }