{ "BFS": 25.767588, "A*": 20.890686, "F-Hat": 24.220400, "Risk": 23.652262, "Lookahead": 10 }