{ "BFS": 21.633233, "A*": 21.409683, "F-Hat": 24.171475, "Risk": 23.619001, "Lookahead": 1000 }