{ "BFS": 23.531439, "A*": 41.815954, "F-Hat": 44.841160, "Risk": 42.775880, "Lookahead": 1000 }