{ "BFS": 24.522855, "A*": 25.333439, "F-Hat": 27.973276, "Risk": 24.488651, "Lookahead": 10 }