{ "BFS": 22.899323, "A*": 21.313914, "F-Hat": 23.954223, "Risk": 21.161544, "Lookahead": 1000 }