{ "BFS": 24.295706, "A*": 22.005805, "F-Hat": 27.757998, "Risk": 24.621640, "Lookahead": 1000 }