{ "BFS": 25.920163, "A*": 26.223381, "F-Hat": 27.369318, "Risk": 25.011045, "Lookahead": 10 }