{ "BFS": 23.101827, "A*": 20.296132, "F-Hat": 25.873478, "Risk": 23.322081, "Lookahead": 1000 }