{ "BFS": 26.217707, "A*": 23.101643, "F-Hat": 29.163257, "Risk": 26.128141, "Lookahead": 100 }