{ "BFS": 26.747104, "A*": 23.801997, "F-Hat": 25.984360, "Risk": 23.566231, "Lookahead": 100 }