{ "BFS": 24.646161, "A*": 24.236739, "F-Hat": 28.916455, "Risk": 27.812622, "Lookahead": 100 }