{ "BFS": 21.493813, "A*": 20.572302, "F-Hat": 26.895734, "Risk": 23.023166, "Lookahead": 1000 }