{ "BFS": 23.602254, "A*": 23.789913, "F-Hat": 27.806314, "Risk": 23.874192, "Lookahead": 100 }