{ "BFS": 23.258824, "A*": 21.552546, "F-Hat": 26.740987, "Risk": 25.432533, "Lookahead": 1000 }