{ "BFS": 24.704710, "A*": 23.061860, "F-Hat": 26.359620, "Risk": 24.709245, "Lookahead": 100 }