{ "BFS": 22.007533, "A*": 22.035570, "F-Hat": 26.493180, "Risk": 26.291302, "Lookahead": 1000 }