{ "BFS": 28.977990, "A*": 25.100994, "F-Hat": 25.613645, "Risk": 22.982244, "Lookahead": 10 }