{ "BFS": 27.329834, "A*": 29.153530, "F-Hat": 27.037869, "Risk": 25.336856, "Lookahead": 10 }