{ "BFS": 28.718616, "A*": 24.954346, "F-Hat": 25.088348, "Risk": 25.429210, "Lookahead": 10 }