{ "BFS": 24.861537, "A*": 22.212081, "F-Hat": 26.485680, "Risk": 26.399605, "Lookahead": 100 }