{ "BFS": 26.201028, "A*": 24.560456, "F-Hat": 26.515093, "Risk": 24.560456, "LSS-LRTA*": 33.336743, "Lookahead": 10 }