{ "BFS": 22.519970, "A*": 21.400954, "F-Hat": 22.011962, "Risk": 20.981497, "Confidence": 43.808530, "LSS-LRTA*": 36.274785, "Lookahead": 1000 }