{ "BFS": 23.880562, "A*": 22.839730, "F-Hat": 26.418736, "Risk": 25.369888, "Lookahead": 100 }