{ "BFS": 24.861951, "A*": 23.061464, "F-Hat": 26.072742, "Risk": 23.452936, "Lookahead": 100 }