{ "BFS": 27.104283, "A*": 23.497882, "F-Hat": 25.586248, "Risk": 24.152742, "Lookahead": 10 }