{ "BFS": 23.665439, "A*": 21.186910, "F-Hat": 23.839238, "Risk": 21.476204, "Lookahead": 1000 }