{ "BFS": 22.638211, "A*": 20.431462, "F-Hat": 25.962306, "Risk": 25.089952, "Lookahead": 1000 }