{ "BFS": 25.631318, "A*": 26.249806, "F-Hat": 27.191491, "Risk": 24.485068, "Lookahead": 10 }