{ "BFS": 25.523714, "A*": 21.353195, "F-Hat": 25.905992, "Risk": 25.708802, "Lookahead": 100 }