{ "BFS": 28.068181, "A*": 26.838035, "F-Hat": 28.552668, "Risk": 28.502176, "Lookahead": 10 }