{ "BFS": 23.292615, "A*": 22.853366, "F-Hat": 24.585495, "Risk": 20.316683, "Lookahead": 1000 }