{ "BFS": 21.371364, "A*": 20.461728, "F-Hat": 23.534430, "Risk": 24.230208, "Lookahead": 100 }