{ "BFS": 23.611775, "A*": 22.226970, "F-Hat": 27.548024, "Risk": 24.462805, "Lookahead": 100 }