{ "BFS": 22.635216, "A*": 20.895095, "F-Hat": 26.082477, "Risk": 23.338406, "Lookahead": 1000 }