{ "BFS": 27.692923, "A*": 22.346409, "F-Hat": 24.453761, "Risk": 24.182169, "Lookahead": 10 }