{ "BFS": 26.203581, "A*": 25.723661, "F-Hat": 25.646990, "Risk": 25.680977, "Lookahead": 10 }