{ "BFS": 23.989058, "A*": 23.322150, "F-Hat": 25.185681, "Risk": 23.075022, "Lookahead": 100 }