{ "BFS": 21.787368, "A*": 20.710222, "F-Hat": 26.073527, "Risk": 20.827949, "Lookahead": 100 }