{ "BFS": 21.351592, "A*": 23.048989, "F-Hat": 22.370928, "Risk": 21.292722, "Lookahead": 1000 }