{ "BFS": 23.379048, "A*": 27.064002, "F-Hat": 28.924175, "Risk": 22.342315, "Lookahead": 10 }