{ "BFS": 28.447139, "A*": 26.647417, "F-Hat": 27.405050, "Risk": 26.882635, "Lookahead": 10 }