{ "BFS": 23.499115, "A*": 21.013375, "F-Hat": 26.764202, "Risk": 24.508160, "Lookahead": 1000 }