{ "BFS": 26.934201, "A*": 29.287384, "F-Hat": 31.940631, "Risk": 26.518832, "Lookahead": 10 }