{ "BFS": 22.477348, "A*": 21.620375, "F-Hat": 26.768130, "Risk": 23.954181, "Lookahead": 100 }