{ "BFS": 24.717036, "A*": 22.419784, "F-Hat": 27.526045, "Risk": 23.964697, "Lookahead": 100 }