{ "BFS": 21.660387, "A*": 20.144040, "F-Hat": 25.528454, "Risk": 25.528454, "Lookahead": 1000 }