{ "BFS": 22.897804, "A*": 22.108363, "F-Hat": 26.409216, "Risk": 20.841628, "Lookahead": 1000 }