{ "BFS": 23.524588, "A*": 21.103079, "F-Hat": 28.413952, "Risk": 25.907966, "Lookahead": 1000 }