{ "BFS": 22.800697, "A*": 23.214835, "F-Hat": 25.681889, "Risk": 24.821067, "Lookahead": 1000 }