{ "BFS": 24.582721, "A*": 24.325355, "F-Hat": 25.766952, "Risk": 26.432606, "Lookahead": 10 }