{ "BFS": 24.485605, "A*": 26.183405, "F-Hat": 30.147852, "Risk": 26.557729, "Lookahead": 10 }