{ "BFS": 23.837501, "A*": 21.776949, "F-Hat": 21.190348, "Risk": 20.532586, "Lookahead": 100 }