{ "BFS": 28.096718, "A*": 37.996374, "F-Hat": 42.219817, "Risk": 44.723950, "Lookahead": 10 }