{ "BFS": 25.032818, "A*": 21.942293, "F-Hat": 29.095956, "Risk": 24.890745, "Lookahead": 100 }