{ "BFS": 24.782941, "A*": 21.828286, "F-Hat": 24.109680, "Risk": 23.751922, "Lookahead": 100 }