{ "BFS": 25.478785, "A*": 27.804642, "F-Hat": 25.284730, "Risk": 24.516557, "Confidence": 42.647825, "LSS-LRTA*": 37.170522, "Lookahead": 10 }