{ "BFS": 20.251228, "A*": 19.606501, "F-Hat": 26.409770, "Risk": 22.184659, "Lookahead": 1000 }