{ "BFS": 26.899834, "A*": 25.994666, "F-Hat": 28.651080, "Risk": 26.053132, "Lookahead": 10 }