{ "BFS": 25.134815, "A*": 25.171742, "F-Hat": 28.911860, "Risk": 23.207574, "Lookahead": 10 }