{ "BFS": 23.333478, "A*": 20.428838, "F-Hat": 25.552999, "Risk": 23.952166, "Lookahead": 1000 }