{ "BFS": 26.777571, "A*": 25.246373, "F-Hat": 25.925709, "Risk": 24.661330, "Confidence": 42.038502, "LSS-LRTA*": 34.869578, "Lookahead": 10 }