{ "BFS": 24.120609, "A*": 45.008285, "F-Hat": 45.458930, "Risk": 45.135457, "Lookahead": 100 }