{ "BFS": 23.969019, "A*": 21.387033, "F-Hat": 26.814361, "Risk": 23.980795, "Lookahead": 1000 }