{ "BFS": 20.440455, "A*": 22.035668, "F-Hat": 24.021591, "Risk": 21.313203, "Lookahead": 1000 }