{ "BFS": 26.666896, "A*": 24.268496, "F-Hat": 25.924182, "Risk": 28.625823, "Lookahead": 10 }