{ "BFS": 24.349202, "A*": 23.048258, "F-Hat": 26.650946, "Risk": 24.610952, "Lookahead": 100 }