{ "BFS": 27.539924, "A*": 27.570543, "F-Hat": 28.370477, "Risk": 24.462330, "Lookahead": 10 }