{ "BFS": 24.136490, "A*": 23.864605, "F-Hat": 26.043684, "Risk": 24.006091, "Lookahead": 100 }