{ "BFS": 28.612742, "A*": 28.027631, "F-Hat": 24.407816, "Risk": 25.835566, "Lookahead": 10 }