{ "BFS": 22.965273, "A*": 21.967263, "F-Hat": 28.254391, "Risk": 25.284088, "Lookahead": 1000 }