{ "BFS": 24.919186, "A*": 25.975882, "F-Hat": 28.156857, "Risk": 28.616215, "Lookahead": 10 }