{ "BFS": 29.248053, "A*": 29.651262, "F-Hat": 30.281002, "Risk": 25.488677, "Lookahead": 10 }