{ "BFS": 22.378276, "A*": 21.633399, "F-Hat": 21.873347, "Risk": 21.533027, "Lookahead": 1000 }