{ "BFS": 23.567843, "A*": 19.702610, "F-Hat": 23.678685, "Risk": 21.436151, "Lookahead": 100 }