{ "BFS": 22.220369, "A*": 20.431664, "F-Hat": 24.451238, "Risk": 24.330265, "Lookahead": 1000 }