{ "BFS": 23.474928, "A*": 20.903549, "F-Hat": 24.310687, "Risk": 22.698997, "Lookahead": 1000 }