{ "BFS": 23.028640, "A*": 20.939332, "F-Hat": 26.912192, "Risk": 24.491065, "Lookahead": 1000 }