{ "BFS": 25.823611, "A*": 25.057172, "F-Hat": 26.133275, "Risk": 22.478261, "Lookahead": 10 }