{ "BFS": 25.024808, "A*": 22.199675, "F-Hat": 26.925928, "Risk": 24.967291, "Lookahead": 1000 }