{ "BFS": 25.973190, "A*": 26.992084, "F-Hat": 27.369559, "Risk": 25.748338, "Lookahead": 10 }