{ "BFS": 23.574007, "A*": 21.321415, "F-Hat": 26.069837, "Risk": 24.034424, "Lookahead": 100 }