{ "BFS": 23.301447, "A*": 21.994536, "F-Hat": 27.647802, "Risk": 24.104686, "Lookahead": 1000 }