{ "BFS": 21.502850, "A*": 41.526260, "F-Hat": 41.125663, "Risk": 42.481541, "Lookahead": 100 }