{ "BFS": 21.455844, "A*": 22.439186, "F-Hat": 25.851864, "Risk": 25.354873, "Lookahead": 100 }