{ "BFS": 23.826284, "A*": 24.905952, "F-Hat": 23.382910, "Risk": 24.910859, "Lookahead": 10 }