{ "BFS": 23.760408, "A*": 21.264037, "F-Hat": 26.397981, "Risk": 25.601650, "Lookahead": 100 }