{ "BFS": 21.116730, "A*": 23.594107, "F-Hat": 25.992856, "Risk": 24.055403, "Lookahead": 100 }