{ "BFS": 25.785928, "A*": 21.083726, "F-Hat": 24.454905, "Risk": 22.775151, "Lookahead": 100 }