{ "BFS": 23.312210, "A*": 23.729979, "F-Hat": 29.568159, "Risk": 29.014045, "Lookahead": 100 }