{ "BFS": 23.647157, "A*": 20.858483, "F-Hat": 26.262894, "Risk": 23.826384, "Lookahead": 1000 }