{ "BFS": 20.979626, "A*": 20.939532, "F-Hat": 24.862269, "Risk": 22.892404, "Lookahead": 1000 }