{ "BFS": 28.863305, "A*": 24.269973, "F-Hat": 27.735668, "Risk": 25.593106, "Lookahead": 10 }