{ "BFS": 22.784823, "A*": 43.729596, "F-Hat": 42.494204, "Risk": 41.059462, "Lookahead": 1000 }