{ "BFS": 24.170677, "A*": 22.598948, "F-Hat": 21.960247, "Risk": 21.757982, "Confidence": 46.920418, "LSS-LRTA*": 38.852189, "Lookahead": 100 }