{ "BFS": 23.577807, "A*": 21.749664, "F-Hat": 27.016237, "Risk": 23.823987, "Lookahead": 1000 }