{ "BFS": 24.440999, "A*": 22.189436, "F-Hat": 25.401699, "Risk": 21.993710, "Lookahead": 100 }