{ "BFS": 24.622830, "A*": 23.249282, "F-Hat": 26.011113, "Risk": 25.788856, "Lookahead": 100 }