{ "BFS": 28.380168, "A*": 26.618308, "F-Hat": 26.091144, "Risk": 25.999615, "Lookahead": 10 }