{ "BFS": 27.793237, "A*": 26.783800, "F-Hat": 28.440880, "Risk": 25.411297, "Lookahead": 10 }