{ "BFS": 28.376762, "A*": 26.523159, "F-Hat": 23.918373, "Risk": 25.746776, "Lookahead": 10 }