{ "BFS": 25.046966, "A*": 23.272606, "F-Hat": 22.981498, "Risk": 22.681707, "LSS-LRTA*": 38.693905, "Lookahead": 100 }