{ "BFS": 23.216691, "A*": 21.943720, "F-Hat": 23.405743, "Risk": 21.823527, "Lookahead": 1000 }