{ "BFS": 27.406832, "A*": 23.258549, "F-Hat": 27.576413, "Risk": 23.993219, "Lookahead": 100 }