{ "BFS": 27.803899, "A*": 25.481936, "F-Hat": 30.247747, "Risk": 24.862145, "Lookahead": 10 }