{ "BFS": 25.941878, "A*": 29.097562, "F-Hat": 28.349270, "Risk": 24.903430, "Lookahead": 10 }