{ "BFS": 20.895764, "A*": 21.022839, "F-Hat": 25.795756, "Risk": 24.159589, "Lookahead": 1000 }