{ "BFS": 25.378652, "A*": 26.202488, "F-Hat": 26.238116, "Risk": 25.897597, "Lookahead": 10 }