{ "BFS": 21.465633, "A*": 21.011379, "F-Hat": 26.721191, "Risk": 24.357658, "Lookahead": 100 }