{ "BFS": 29.188344, "A*": 25.490664, "F-Hat": 27.567214, "Risk": 28.626870, "Lookahead": 10 }