{ "BFS": 24.710531, "A*": 21.741891, "F-Hat": 25.478071, "Risk": 24.449767, "Lookahead": 1000 }