{ "BFS": 23.369780, "A*": 22.214322, "F-Hat": 22.754092, "Risk": 22.257801, "Lookahead": 100 }