{ "BFS": 28.698232, "A*": 26.119839, "F-Hat": 25.890172, "Risk": 25.826066, "Lookahead": 10 }