{ "BFS": 23.903699, "A*": 23.645950, "F-Hat": 26.941222, "Risk": 25.053596, "Lookahead": 10 }