{ "BFS": 23.396983, "A*": 23.350634, "F-Hat": 27.112077, "Risk": 24.885645, "Lookahead": 100 }