{ "BFS": 22.135450, "A*": 21.641945, "F-Hat": 26.327411, "Risk": 23.761244, "Lookahead": 1000 }