{ "BFS": 25.634188, "A*": 24.674048, "F-Hat": 26.385693, "Risk": 26.762399, "Lookahead": 10 }