{ "BFS": 25.682246, "A*": 26.368294, "F-Hat": 26.223015, "Risk": 24.051685, "Lookahead": 10 }