{ "BFS": 22.775368, "A*": 23.214929, "F-Hat": 27.275709, "Risk": 24.361408, "Lookahead": 100 }