{ "BFS": 25.438264, "A*": 26.938801, "F-Hat": 26.821361, "Risk": 27.069942, "Lookahead": 10 }