{ "BFS": 23.118818, "A*": 22.928426, "F-Hat": 28.400459, "Risk": 23.654237, "Lookahead": 100 }