{ "BFS": 24.271871, "A*": 22.247919, "F-Hat": 27.797009, "Risk": 24.783342, "Lookahead": 100 }