{ "BFS": 24.883518, "A*": 26.838100, "F-Hat": 25.822353, "Risk": 24.037285, "Lookahead": 10 }