{ "BFS": 21.722509, "A*": 22.086870, "F-Hat": 26.282272, "Risk": 23.016203, "Lookahead": 100 }