{ "BFS": 23.977337, "A*": 20.635019, "F-Hat": 25.897349, "Risk": 23.929080, "Lookahead": 1000 }