{ "BFS": 22.461663, "A*": 43.597919, "F-Hat": 40.482773, "Risk": 44.202800, "Lookahead": 1000 }