{ "BFS": 26.910187, "A*": 45.011117, "F-Hat": 42.474749, "Risk": 43.874595, "Lookahead": 10 }