{ "BFS": 25.438402, "A*": 26.716387, "F-Hat": 25.345638, "Risk": 24.980134, "Confidence": 43.339924, "LSS-LRTA*": 35.581161, "Lookahead": 10 }