{ "BFS": 21.232067, "A*": 20.805365, "F-Hat": 24.873305, "Risk": 24.257035, "Lookahead": 1000 }