{ "BFS": 23.948369, "A*": 23.634797, "F-Hat": 26.451018, "Risk": 25.286920, "Lookahead": 100 }