{ "BFS": 25.290884, "A*": 25.619911, "F-Hat": 24.895002, "Risk": 24.304366, "Lookahead": 10 }