{ "BFS": 22.367581, "A*": 21.105756, "F-Hat": 26.177994, "Risk": 26.953962, "Lookahead": 1000 }