{ "BFS": 22.147027, "A*": 23.623356, "F-Hat": 26.297057, "Risk": 23.934723, "Lookahead": 1000 }