{ "BFS": 24.293905, "A*": 22.453697, "F-Hat": 27.166622, "Risk": 24.238313, "Lookahead": 100 }