{ "BFS": 23.074863, "A*": 22.572105, "F-Hat": 22.135231, "Risk": 22.468880, "Confidence": 52.359583, "LSS-LRTA*": 37.075757, "Lookahead": 1000 }