{ "BFS": 26.080663, "A*": 23.515715, "F-Hat": 22.682663, "Risk": 23.057045, "Lookahead": 10 }