{ "BFS": 23.939144, "A*": 22.557549, "F-Hat": 26.433006, "Risk": 24.060246, "Lookahead": 100 }