{ "BFS": 21.816707, "A*": 22.185554, "F-Hat": 26.054254, "Risk": 24.773171, "Lookahead": 1000 }