{ "BFS": 23.754078, "A*": 25.265381, "F-Hat": 29.198643, "Risk": 26.350956, "Lookahead": 10 }