{ "BFS": 23.856576, "A*": 22.852346, "F-Hat": 26.309692, "Risk": 26.313814, "Lookahead": 100 }