{ "BFS": 22.746417, "A*": 21.699809, "F-Hat": 26.857254, "Risk": 24.969377, "Lookahead": 1000 }