{ "BFS": 27.268385, "A*": 23.625279, "F-Hat": 26.604992, "Risk": 24.404136, "Lookahead": 10 }