{ "BFS": 27.969105, "A*": 24.732465, "F-Hat": 24.390200, "Risk": 24.867998, "Lookahead": 10 }