{ "BFS": 22.742427, "A*": 20.501827, "F-Hat": 25.656354, "Risk": 23.341340, "Lookahead": 1000 }