{ "BFS": 22.138608, "A*": 20.935600, "F-Hat": 26.925949, "Risk": 24.427630, "Lookahead": 1000 }