{ "BFS": 26.619494, "A*": 42.897266, "F-Hat": 44.740870, "Risk": 46.073924, "Lookahead": 10 }