{ "BFS": 29.321878, "A*": 26.026732, "F-Hat": 27.757089, "Risk": 29.017652, "Lookahead": 10 }