{ "BFS": 23.449021, "A*": 22.969843, "F-Hat": 26.193783, "Risk": 23.997853, "Lookahead": 100 }