{ "BFS": 23.039360, "A*": 21.870114, "F-Hat": 24.058188, "Risk": 23.492646, "Lookahead": 1000 }