{ "BFS": 20.049318, "A*": 21.763435, "F-Hat": 25.621300, "Risk": 24.129627, "Lookahead": 1000 }