{ "BFS": 25.663112, "A*": 22.677784, "F-Hat": 27.689270, "Risk": 26.142499, "Lookahead": 100 }