{ "BFS": 22.379638, "A*": 21.467568, "F-Hat": 26.381533, "Risk": 23.993910, "Lookahead": 1000 }