{ "BFS": 25.967231, "A*": 24.582832, "F-Hat": 26.176037, "Risk": 24.173846, "Lookahead": 10 }