{ "BFS": 27.188603, "A*": 24.217382, "F-Hat": 25.459080, "Risk": 26.262670, "Lookahead": 10 }