{ "BFS": 23.243774, "A*": 20.893600, "F-Hat": 21.654423, "Risk": 21.506350, "Confidence": 43.475011, "LSS-LRTA*": 34.335724, "Lookahead": 1000 }