{ "BFS": 24.861318, "A*": 21.750920, "F-Hat": 25.894326, "Risk": 25.841340, "Lookahead": 10 }