{ "BFS": 23.639034, "A*": 26.543694, "F-Hat": 23.095846, "Risk": 25.654001, "Lookahead": 10 }