{ "BFS": 22.254676, "A*": 22.388441, "F-Hat": 27.503054, "Risk": 23.929375, "Lookahead": 1000 }