{ "BFS": 22.800058, "A*": 22.257038, "F-Hat": 26.772757, "Risk": 23.020203, "Lookahead": 100 }