{ "BFS": 24.032699, "A*": 21.826055, "F-Hat": 25.547655, "Risk": 25.578465, "Lookahead": 100 }