{ "BFS": 26.586724, "A*": 25.076953, "F-Hat": 27.132837, "Risk": 23.012414, "Lookahead": 10 }