{ "BFS": 24.239946, "A*": 23.696133, "F-Hat": 26.708642, "Risk": 22.868930, "Lookahead": 100 }