{ "BFS": 23.828189, "A*": 23.543740, "F-Hat": 27.871468, "Risk": 24.459592, "Lookahead": 1000 }