{ "BFS": 26.874293, "A*": 27.787921, "F-Hat": 23.928073, "Risk": 26.369071, "Lookahead": 10 }