{ "BFS": 23.302532, "A*": 20.826270, "F-Hat": 25.272471, "Risk": 24.470604, "Lookahead": 1000 }