{ "BFS": 26.143917, "A*": 27.251729, "F-Hat": 25.960241, "Risk": 25.036252, "Lookahead": 10 }