{ "BFS": 20.540261, "A*": 20.540261, "F-Hat": 25.959723, "Risk": 24.553099, "Lookahead": 1000 }