{ "BFS": 25.475645, "A*": 25.311981, "F-Hat": 28.170248, "Risk": 23.064158, "Lookahead": 10 }