{ "BFS": 23.103803, "A*": 22.049459, "F-Hat": 25.869127, "Risk": 24.083847, "Lookahead": 1000 }