{ "BFS": 22.384634, "A*": 22.661351, "F-Hat": 27.380363, "Risk": 23.285940, "Lookahead": 100 }