{ "BFS": 26.788592, "A*": 23.589846, "F-Hat": 24.206022, "Risk": 25.812144, "Lookahead": 10 }