{ "BFS": 22.281234, "A*": 22.849107, "F-Hat": 22.259370, "Risk": 23.512513, "Confidence": 41.314321, "LSS-LRTA*": 34.050174, "Lookahead": 1000 }