{ "BFS": 22.983741, "A*": 40.670442, "F-Hat": 41.954206, "Risk": 39.638402, "Lookahead": 1000 }