{ "BFS": 23.383168, "A*": 44.203918, "F-Hat": 45.259569, "Risk": 45.719895, "Lookahead": 100 }