{ "BFS": 23.035866, "A*": 22.573001, "F-Hat": 25.890553, "Risk": 25.259613, "Lookahead": 100 }