{ "BFS": 22.541712, "A*": 22.324230, "F-Hat": 24.850600, "Risk": 23.821874, "Lookahead": 1000 }