{ "BFS": 23.984904, "A*": 21.625981, "F-Hat": 26.377442, "Risk": 27.138128, "Lookahead": 100 }