{ "BFS": 25.463226, "A*": 20.259383, "F-Hat": 27.655055, "Risk": 25.360542, "Lookahead": 100 }