{ "BFS": 24.518688, "A*": 21.462474, "F-Hat": 26.748584, "Risk": 24.336588, "Lookahead": 1000 }