{ "BFS": 25.862819, "A*": 21.882095, "F-Hat": 26.272156, "Risk": 27.403331, "Lookahead": 10 }