{ "BFS": 22.320831, "A*": 23.156196, "F-Hat": 25.212787, "Risk": 23.352074, "Lookahead": 100 }