{ "BFS": 25.036998, "A*": 22.800018, "F-Hat": 25.371689, "Risk": 24.072088, "Lookahead": 100 }