{ "BFS": 23.644328, "A*": 22.416816, "F-Hat": 25.708391, "Risk": 19.868844, "Lookahead": 100 }