{ "BFS": 22.221727, "A*": 21.374893, "F-Hat": 27.174306, "Risk": 23.639796, "Lookahead": 1000 }