{ "BFS": 23.022519, "A*": 20.886047, "F-Hat": 27.363971, "Risk": 24.936903, "Lookahead": 1000 }