{ "BFS": 23.718429, "A*": 21.952342, "F-Hat": 27.961072, "Risk": 23.968557, "Lookahead": 1000 }