{ "BFS": 23.774347, "A*": 21.716268, "F-Hat": 25.356345, "Risk": 22.641934, "Lookahead": 100 }