{ "BFS": 22.673437, "A*": 21.858133, "F-Hat": 27.364220, "Risk": 23.027824, "Lookahead": 1000 }