{ "BFS": 29.470429, "A*": 25.830345, "F-Hat": 25.619791, "Risk": 26.465645, "Lookahead": 10 }