{ "BFS": 21.492193, "A*": 20.834516, "F-Hat": 26.383842, "Risk": 24.197102, "Lookahead": 1000 }