{ "BFS": 23.271882, "A*": 20.856838, "F-Hat": 24.255758, "Risk": 24.130940, "Lookahead": 1000 }