{ "BFS": 21.919069, "A*": 21.716414, "F-Hat": 26.241929, "Risk": 24.377104, "Lookahead": 1000 }