{ "BFS": 28.744483, "A*": 22.356010, "F-Hat": 28.063189, "Risk": 26.085977, "Confidence": 41.205154, "LSS-LRTA*": 42.362015, "Lookahead": 10 }