{ "BFS": 23.482693, "A*": 23.118616, "F-Hat": 23.814498, "Risk": 21.458755, "Lookahead": 100 }