{ "BFS": 23.029972, "A*": 22.912553, "F-Hat": 23.886054, "Risk": 25.950649, "Lookahead": 100 }