{ "BFS": 20.894859, "A*": 21.044788, "F-Hat": 20.677889, "Risk": 20.133273, "LSS-LRTA*": 38.264938, "Lookahead": 1000 }