{ "BFS": 23.376419, "A*": 20.643705, "F-Hat": 21.107653, "Risk": 21.107653, "Lookahead": 1000 }