{ "BFS": 25.602035, "A*": 25.704123, "F-Hat": 26.434663, "Risk": 27.160409, "Lookahead": 10 }