{ "BFS": 28.543316, "A*": 24.488723, "F-Hat": 26.350226, "Risk": 27.115908, "Lookahead": 10 }