{ "BFS": 20.202218, "A*": 20.320824, "F-Hat": 26.154542, "Risk": 23.537870, "Lookahead": 1000 }