{ "BFS": 26.809340, "A*": 25.649726, "F-Hat": 24.299256, "Risk": 23.462506, "Lookahead": 10 }