{ "BFS": 23.512412, "A*": 21.901087, "F-Hat": 26.286651, "Risk": 26.286651, "Lookahead": 100 }