{ "BFS": 24.037346, "A*": 20.626933, "F-Hat": 25.175655, "Risk": 24.797509, "Lookahead": 100 }