{ "BFS": 22.763398, "A*": 22.490272, "F-Hat": 26.356862, "Risk": 26.375956, "Lookahead": 1000 }