{ "BFS": 22.144068, "A*": 22.532374, "F-Hat": 27.738903, "Risk": 27.567178, "Lookahead": 1000 }