{ "BFS": 22.950033, "A*": 22.264408, "F-Hat": 24.419634, "Risk": 23.836604, "Lookahead": 100 }