{ "BFS": 29.333542, "A*": 25.503490, "F-Hat": 27.513141, "Risk": 26.091204, "Lookahead": 10 }