{ "BFS": 24.616488, "A*": 25.018180, "F-Hat": 27.237071, "Risk": 25.206973, "Lookahead": 100 }