{ "BFS": 23.910381, "A*": 22.111264, "F-Hat": 25.263583, "Risk": 24.047085, "Lookahead": 1000 }