{ "BFS": 24.403662, "A*": 22.183068, "F-Hat": 23.131448, "Risk": 21.982381, "Lookahead": 100 }