{ "BFS": 26.399400, "A*": 24.421192, "F-Hat": 22.045867, "Risk": 22.073296, "Confidence": 47.402760, "LSS-LRTA*": 40.652689, "Lookahead": 100 }