{ "BFS": 23.138606, "A*": 22.724795, "F-Hat": 26.840052, "Risk": 23.724768, "Lookahead": 100 }