{ "BFS": 21.317044, "A*": 20.318185, "F-Hat": 26.599985, "Risk": 23.647282, "Lookahead": 1000 }