{ "BFS": 28.644957, "A*": 25.140332, "F-Hat": 27.103941, "Risk": 26.684006, "Lookahead": 10 }