{ "BFS": 26.912695, "A*": 23.844841, "F-Hat": 26.878400, "Risk": 25.305094, "Lookahead": 10 }