{ "BFS": 28.996576, "A*": 30.420852, "F-Hat": 24.021111, "Risk": 26.144454, "Lookahead": 10 }