{ "BFS": 22.983741, "A*": 22.350528, "F-Hat": 21.260368, "Risk": 20.825065, "Confidence": 42.393976, "LSS-LRTA*": 29.380800, "Lookahead": 1000 }