{ "BFS": 27.602299, "A*": 23.709047, "F-Hat": 25.604219, "Risk": 25.585854, "Lookahead": 10 }