{ "BFS": 26.322571, "A*": 20.669256, "F-Hat": 26.334243, "Risk": 21.137206, "Lookahead": 10 }