{ "BFS": 28.720888, "A*": 26.816894, "F-Hat": 28.204901, "Risk": 27.926860, "Lookahead": 10 }