{ "BFS": 24.720048, "A*": 39.860333, "F-Hat": 40.026855, "Risk": 47.228086, "Lookahead": 100 }