{ "BFS": 22.390713, "A*": 21.499469, "F-Hat": 25.399086, "Risk": 21.329048, "Lookahead": 1000 }