{ "BFS": 23.266882, "A*": 22.454841, "F-Hat": 24.400410, "Risk": 24.219594, "Lookahead": 1000 }