{ "BFS": 25.225052, "A*": 24.059639, "F-Hat": 23.243301, "Risk": 25.966499, "Lookahead": 100 }