{ "BFS": 22.836941, "A*": 21.161704, "F-Hat": 25.993245, "Risk": 22.222606, "Lookahead": 1000 }