{ "BFS": 21.913640, "A*": 21.276440, "F-Hat": 25.501870, "Risk": 20.688251, "Lookahead": 1000 }