{ "BFS": 24.892260, "A*": 44.278933, "F-Hat": 42.478757, "Risk": 47.500172, "Lookahead": 1000 }