{ "BFS": 22.565034, "A*": 21.393575, "F-Hat": 21.979425, "Risk": 21.272341, "Lookahead": 100 }