{ "BFS": 23.327324, "A*": 19.750863, "F-Hat": 26.868466, "Risk": 23.954050, "Lookahead": 1000 }