{ "BFS": 25.279435, "A*": 23.967441, "F-Hat": 27.813114, "Risk": 27.134993, "Lookahead": 100 }