{ "BFS": 22.898878, "A*": 22.879924, "F-Hat": 25.444881, "Risk": 25.731965, "Lookahead": 1000 }