{ "BFS": 24.146606, "A*": 23.530563, "F-Hat": 26.565718, "Risk": 25.893636, "Lookahead": 100 }