{ "BFS": 21.380468, "A*": 21.007139, "F-Hat": 26.686105, "Risk": 25.162195, "Lookahead": 1000 }