{ "BFS": 23.647051, "A*": 22.129075, "F-Hat": 24.269378, "Risk": 23.629704, "Lookahead": 1000 }