{ "BFS": 28.030951, "A*": 25.553123, "F-Hat": 25.802330, "Risk": 25.507305, "Lookahead": 10 }