{ "BFS": 22.522437, "A*": 41.025208, "F-Hat": 45.958482, "Risk": 43.900747, "Lookahead": 100 }