{ "BFS": 26.938371, "A*": 24.926519, "F-Hat": 25.468624, "Risk": 25.016172, "Lookahead": 10 }