{ "BFS": 22.612998, "A*": 21.043048, "F-Hat": 26.923604, "Risk": 24.645968, "Lookahead": 1000 }