{ "BFS": 25.883482, "A*": 26.821351, "F-Hat": 26.291054, "Risk": 24.148286, "Lookahead": 10 }