{ "BFS": 21.877200, "A*": 20.237442, "F-Hat": 27.296527, "Risk": 27.324382, "Lookahead": 1000 }