{ "BFS": 23.802989, "A*": 22.601271, "F-Hat": 23.552588, "Risk": 22.283585, "Confidence": 43.020656, "LSS-LRTA*": 29.989228, "Lookahead": 100 }