{ "BFS": 22.120262, "A*": 19.576924, "F-Hat": 26.356420, "Risk": 22.656238, "Lookahead": 1000 }