{ "BFS": 22.767346, "A*": 22.253738, "F-Hat": 28.071758, "Risk": 25.241659, "Lookahead": 1000 }