{ "BFS": 24.504771, "A*": 21.448063, "F-Hat": 26.151228, "Risk": 24.307785, "Lookahead": 1000 }