{ "BFS": 25.137425, "A*": 23.836760, "F-Hat": 25.894583, "Risk": 25.781766, "Lookahead": 10 }