{ "BFS": 24.150156, "A*": 23.263018, "F-Hat": 25.553195, "Risk": 27.209036, "Lookahead": 10 }