{ "BFS": 22.961048, "A*": 21.703718, "F-Hat": 26.382291, "Risk": 24.057428, "Lookahead": 1000 }