{ "BFS": 23.096870, "A*": 22.032715, "F-Hat": 24.910128, "Risk": 24.118431, "Lookahead": 1000 }