{ "BFS": 24.316796, "A*": 44.854022, "F-Hat": 42.132459, "Risk": 39.842928, "Lookahead": 100 }