{ "BFS": 27.118885, "A*": 27.913452, "F-Hat": 28.560305, "Risk": 27.540371, "Lookahead": 10 }