{ "BFS": 21.579431, "A*": 21.149548, "F-Hat": 25.359713, "Risk": 22.826060, "Lookahead": 1000 }