{ "BFS": 23.778176, "A*": 20.880024, "F-Hat": 28.780263, "Risk": 25.405613, "Lookahead": 1000 }