{ "BFS": 22.466591, "A*": 22.009433, "F-Hat": 26.534125, "Risk": 23.028146, "Lookahead": 1000 }