{ "BFS": 22.800900, "A*": 21.031968, "F-Hat": 26.648688, "Risk": 22.998905, "Lookahead": 100 }