{ "BFS": 27.413343, "A*": 39.795708, "F-Hat": 43.336306, "Risk": 45.878011, "Lookahead": 10 }