{ "BFS": 23.909221, "A*": 23.283562, "F-Hat": 28.340393, "Risk": 25.522646, "Lookahead": 100 }