{ "BFS": 20.584119, "A*": 21.018043, "F-Hat": 25.283442, "Risk": 24.987364, "Lookahead": 1000 }