{ "BFS": 21.968915, "A*": 21.597887, "F-Hat": 22.194039, "Risk": 21.020584, "Lookahead": 1000 }