{ "BFS": 26.255876, "A*": 27.554891, "F-Hat": 31.476368, "Risk": 25.361898, "Lookahead": 10 }