{ "BFS": 23.468067, "A*": 23.397496, "F-Hat": 28.694119, "Risk": 23.474386, "Lookahead": 100 }