{ "BFS": 22.577176, "A*": 20.980459, "F-Hat": 24.492096, "Risk": 23.219135, "Lookahead": 1000 }