{ "BFS": 24.157535, "A*": 23.577755, "F-Hat": 27.919834, "Risk": 21.669850, "Lookahead": 100 }