{ "BFS": 23.869208, "A*": 24.594714, "F-Hat": 25.677378, "Risk": 26.256819, "Confidence": 38.968000, "LSS-LRTA*": 34.523063, "Lookahead": 10 }