{ "BFS": 22.402187, "A*": 22.750143, "F-Hat": 21.294994, "Risk": 20.561560, "Confidence": 53.071586, "LSS-LRTA*": 38.004373, "Lookahead": 1000 }