{ "BFS": 22.055818, "A*": 22.703564, "F-Hat": 27.268700, "Risk": 24.374305, "Lookahead": 1000 }