{ "BFS": 22.507375, "A*": 19.738014, "F-Hat": 26.147703, "Risk": 23.699949, "Lookahead": 1000 }