{ "BFS": 26.362727, "A*": 26.228509, "F-Hat": 26.426984, "Risk": 25.691511, "Lookahead": 10 }