{ "BFS": 25.159844, "A*": 24.391312, "F-Hat": 24.386484, "Risk": 23.419809, "Lookahead": 100 }