{ "BFS": 22.309933, "A*": 40.685630, "F-Hat": 39.020842, "Risk": 41.012187, "Lookahead": 100 }