{ "BFS": 28.779008, "A*": 27.505405, "F-Hat": 26.434634, "Risk": 25.705173, "Lookahead": 10 }