{ "BFS": 25.311981, "A*": 23.246940, "F-Hat": 21.961396, "Risk": 21.924663, "Confidence": 50.708646, "LSS-LRTA*": 35.355831, "Lookahead": 1000 }