{ "BFS": 26.276403, "A*": 25.602516, "F-Hat": 27.391716, "Risk": 26.165157, "Lookahead": 10 }