{ "BFS": 22.056512, "A*": 23.758049, "F-Hat": 26.627444, "Risk": 23.691092, "Lookahead": 100 }