{ "BFS": 26.791757, "A*": 24.528729, "F-Hat": 25.220256, "Risk": 25.543524, "Lookahead": 10 }