{ "BFS": 28.203902, "A*": 41.606562, "F-Hat": 45.489971, "Risk": 40.131334, "Lookahead": 10 }