{ "BFS": 24.291460, "A*": 21.261415, "F-Hat": 22.313231, "Risk": 22.238243, "Lookahead": 100 }