{ "BFS": 27.083399, "A*": 27.718410, "F-Hat": 30.512260, "Risk": 24.498613, "Lookahead": 10 }