{ "BFS": 29.260529, "A*": 28.287914, "F-Hat": 27.926827, "Risk": 22.221650, "Lookahead": 10 }