{ "BFS": 22.333036, "A*": 21.248295, "F-Hat": 23.164856, "Risk": 22.836553, "Lookahead": 100 }