{ "BFS": 24.853549, "A*": 24.849588, "F-Hat": 26.925327, "Risk": 26.488125, "Lookahead": 100 }