{ "BFS": 23.837331, "A*": 22.418131, "F-Hat": 25.038871, "Risk": 23.656449, "Lookahead": 100 }