{ "BFS": 23.401329, "A*": 44.962977, "F-Hat": 41.531591, "Risk": 38.522860, "Lookahead": 10 }