{ "BFS": 24.849721, "A*": 24.505535, "F-Hat": 26.939531, "Risk": 24.603198, "Lookahead": 100 }