{ "BFS": 25.021301, "A*": 23.020312, "F-Hat": 27.214874, "Risk": 24.187053, "Lookahead": 100 }