{ "BFS": 24.226333, "A*": 21.337328, "F-Hat": 25.563164, "Risk": 22.013314, "Lookahead": 100 }