{ "BFS": 22.808948, "A*": 23.603435, "F-Hat": 24.969167, "Risk": 23.954403, "Lookahead": 100 }