{ "BFS": 24.377766, "A*": 22.922313, "F-Hat": 24.558070, "Risk": 22.156805, "Lookahead": 100 }