{ "BFS": 23.040132, "A*": 37.895347, "F-Hat": 42.870849, "Risk": 35.985636, "Lookahead": 100 }