{ "BFS": 25.585623, "A*": 24.500600, "F-Hat": 24.900207, "Risk": 23.174430, "Lookahead": 10 }