{ "BFS": 24.575045, "A*": 21.643708, "F-Hat": 26.622915, "Risk": 23.117956, "Lookahead": 100 }