{ "BFS": 26.060298, "A*": 39.791613, "F-Hat": 44.116345, "Risk": 45.815230, "Lookahead": 100 }