{ "BFS": 25.782693, "A*": 24.706863, "F-Hat": 27.101020, "Risk": 24.841172, "Lookahead": 10 }