{ "BFS": 26.834285, "A*": 27.199243, "F-Hat": 24.912051, "Risk": 24.912051, "Lookahead": 10 }