{ "BFS": 22.920844, "A*": 20.998888, "F-Hat": 24.458525, "Risk": 23.700748, "Lookahead": 1000 }