{ "BFS": 26.346266, "A*": 24.207464, "F-Hat": 25.847178, "Risk": 23.497435, "Lookahead": 10 }