{ "BFS": 22.072114, "A*": 21.001585, "F-Hat": 25.465987, "Risk": 25.700003, "Lookahead": 1000 }