{ "BFS": 26.180185, "A*": 21.408811, "F-Hat": 25.395718, "Risk": 23.374771, "Lookahead": 100 }