{ "BFS": 21.935409, "A*": 22.857507, "F-Hat": 28.361124, "Risk": 25.919018, "Lookahead": 1000 }