{ "BFS": 24.477925, "A*": 21.915193, "F-Hat": 25.203789, "Risk": 22.848975, "Lookahead": 100 }