{ "BFS": 22.850213, "A*": 21.481627, "F-Hat": 26.742039, "Risk": 23.380517, "Lookahead": 1000 }