{ "BFS": 26.563922, "A*": 22.707961, "F-Hat": 25.124097, "Risk": 23.336981, "Lookahead": 100 }