{ "BFS": 23.349790, "A*": 23.139527, "F-Hat": 26.001689, "Risk": 28.228140, "Lookahead": 100 }