{ "BFS": 23.808379, "A*": 22.746887, "F-Hat": 25.871543, "Risk": 23.057875, "Lookahead": 100 }