{ "BFS": 27.108037, "A*": 26.065207, "F-Hat": 26.254217, "Risk": 24.722753, "Lookahead": 10 }