{ "BFS": 22.029867, "A*": 20.060874, "F-Hat": 25.907824, "Risk": 25.421720, "Lookahead": 1000 }