{ "BFS": 22.275060, "A*": 21.533434, "F-Hat": 25.853574, "Risk": 24.315181, "Lookahead": 1000 }