{ "BFS": 22.432030, "A*": 37.961282, "F-Hat": 40.409650, "Risk": 47.201358, "Lookahead": 1000 }