{ "BFS": 22.421600, "A*": 19.446209, "F-Hat": 24.035735, "Risk": 22.606327, "Lookahead": 1000 }