{ "BFS": 27.899092, "A*": 23.601768, "F-Hat": 26.708772, "Risk": 25.785049, "Lookahead": 10 }