{ "BFS": 22.388848, "A*": 21.566056, "F-Hat": 26.548472, "Risk": 22.634471, "Lookahead": 1000 }