{ "BFS": 28.217612, "A*": 25.059320, "F-Hat": 25.543088, "Risk": 25.390044, "Lookahead": 10 }