{ "BFS": 27.939111, "A*": 27.405795, "F-Hat": 28.106625, "Risk": 26.765019, "Lookahead": 10 }