{ "BFS": 26.879876, "A*": 27.744793, "F-Hat": 24.024277, "Risk": 23.716879, "Lookahead": 10 }