{ "BFS": 21.780602, "A*": 22.016679, "F-Hat": 27.945274, "Risk": 24.562933, "Lookahead": 100 }