{ "BFS": 25.042189, "A*": 19.686911, "F-Hat": 27.121484, "Risk": 24.506544, "Lookahead": 100 }