{ "BFS": 24.480203, "A*": 24.045487, "F-Hat": 26.391113, "Risk": 26.128633, "Lookahead": 10 }