{ "BFS": 23.344625, "A*": 21.801402, "F-Hat": 24.655665, "Risk": 24.700028, "Lookahead": 100 }