{ "BFS": 22.549496, "A*": 20.832090, "F-Hat": 24.345365, "Risk": 24.392284, "Lookahead": 100 }