{ "BFS": 21.287237, "A*": 20.306125, "F-Hat": 28.056177, "Risk": 22.347229, "Lookahead": 1000 }