{ "BFS": 27.997803, "A*": 25.530107, "F-Hat": 27.931562, "Risk": 26.650745, "Lookahead": 10 }