{ "BFS": 28.887077, "A*": 25.424678, "F-Hat": 26.135728, "Risk": 26.615911, "Lookahead": 10 }