{ "BFS": 24.315111, "A*": 21.811121, "F-Hat": 26.928090, "Risk": 24.561377, "Lookahead": 100 }