{ "BFS": 23.322191, "A*": 21.802523, "F-Hat": 26.423015, "Risk": 23.352198, "Lookahead": 1000 }