{ "BFS": 28.193736, "A*": 26.836499, "F-Hat": 28.425012, "Risk": 26.317370, "Lookahead": 10 }