{ "BFS": 22.152006, "A*": 20.690016, "F-Hat": 28.560635, "Risk": 25.537786, "Lookahead": 1000 }