{ "BFS": 23.866656, "A*": 23.339447, "F-Hat": 25.543519, "Risk": 24.635117, "Lookahead": 100 }