{ "BFS": 24.149955, "A*": 21.535614, "F-Hat": 27.550530, "Risk": 25.318830, "Lookahead": 1000 }