{ "BFS": 24.739261, "A*": 22.452344, "F-Hat": 20.188549, "Risk": 21.801304, "Lookahead": 100 }