{ "BFS": 22.671832, "A*": 20.627011, "F-Hat": 22.666638, "Risk": 21.835669, "Lookahead": 1000 }