{ "BFS": 22.580257, "A*": 21.991127, "F-Hat": 27.725352, "Risk": 24.119221, "Lookahead": 100 }