{ "BFS": 25.951357, "A*": 26.630231, "F-Hat": 26.774193, "Risk": 23.040665, "Lookahead": 10 }