{ "BFS": 21.003587, "A*": 21.192959, "F-Hat": 27.954181, "Risk": 24.243792, "Lookahead": 1000 }