{ "BFS": 25.424823, "A*": 24.117835, "F-Hat": 26.218035, "Risk": 25.341702, "Lookahead": 100 }