{ "BFS": 23.445575, "A*": 23.137399, "F-Hat": 26.139401, "Risk": 25.989191, "Lookahead": 100 }