{ "BFS": 26.644227, "A*": 23.703534, "F-Hat": 22.402102, "Risk": 18.194496, "Lookahead": 100 }