{ "BFS": 25.498517, "A*": 24.627353, "F-Hat": 26.744848, "Risk": 25.355415, "Lookahead": 10 }