{ "BFS": 24.569730, "A*": 24.149801, "F-Hat": 26.760311, "Risk": 24.702087, "Lookahead": 100 }