{ "BFS": 24.123265, "A*": 22.894401, "F-Hat": 24.196539, "Risk": 23.310725, "LSS-LRTA*": 36.401429, "Lookahead": 100 }