{ "BFS": 26.276258, "A*": 21.609068, "F-Hat": 24.958097, "Risk": 25.429121, "Lookahead": 100 }