{ "BFS": 22.140615, "A*": 22.482687, "F-Hat": 28.441565, "Risk": 23.389700, "Lookahead": 100 }