{ "BFS": 26.833439, "A*": 24.698496, "F-Hat": 26.370850, "Risk": 26.130418, "Lookahead": 10 }