{ "BFS": 28.426026, "A*": 25.949823, "F-Hat": 28.353877, "Risk": 26.223827, "Lookahead": 10 }