{ "BFS": 23.556702, "A*": 21.253183, "F-Hat": 27.881442, "Risk": 22.991778, "Lookahead": 1000 }