{ "BFS": 27.197876, "A*": 24.544189, "F-Hat": 26.537871, "Risk": 24.025759, "Lookahead": 10 }