{ "BFS": 24.424312, "A*": 21.572361, "F-Hat": 26.240138, "Risk": 24.633007, "Lookahead": 1000 }