{ "BFS": 21.812893, "A*": 21.752623, "F-Hat": 27.366178, "Risk": 24.085082, "Lookahead": 1000 }