{ "BFS": 27.222456, "A*": 24.257215, "F-Hat": 22.883913, "Risk": 23.862946, "Lookahead": 100 }