{ "BFS": 26.753099, "A*": 26.238310, "F-Hat": 27.172897, "Risk": 25.537699, "Lookahead": 10 }