{ "BFS": 24.475240, "A*": 23.173219, "F-Hat": 25.358800, "Risk": 21.935946, "Lookahead": 100 }