{ "BFS": 27.464123, "A*": 25.314998, "F-Hat": 24.773007, "Risk": 23.888163, "Lookahead": 10 }