{ "BFS": 25.590349, "A*": 21.928861, "F-Hat": 25.880922, "Risk": 24.116104, "Lookahead": 100 }