{ "BFS": 25.794796, "A*": 23.967398, "F-Hat": 24.574259, "Risk": 22.907459, "Lookahead": 100 }