{ "BFS": 28.176930, "A*": 25.874904, "F-Hat": 27.546726, "Risk": 24.099657, "Lookahead": 10 }