{ "BFS": 23.466270, "A*": 22.011341, "F-Hat": 24.045319, "Risk": 23.527331, "Lookahead": 100 }