{ "BFS": 22.978410, "A*": 21.601895, "F-Hat": 26.749474, "Risk": 24.271964, "Lookahead": 1000 }