{ "BFS": 21.080994, "A*": 18.804761, "F-Hat": 20.129469, "Risk": 20.129469, "Lookahead": 1000 }