{ "BFS": 24.970595, "A*": 27.431008, "F-Hat": 26.966759, "Risk": 24.827330, "Lookahead": 10 }