{ "BFS": 22.816028, "A*": 21.721822, "F-Hat": 24.103345, "Risk": 24.081013, "Lookahead": 1000 }