{ "BFS": 26.633316, "A*": 26.705769, "F-Hat": 27.857467, "Risk": 24.385112, "Lookahead": 10 }