{ "BFS": 24.312808, "A*": 24.098929, "F-Hat": 23.589452, "Risk": 23.536380, "Lookahead": 100 }