{ "BFS": 22.650817, "A*": 21.066434, "F-Hat": 25.930425, "Risk": 24.061971, "Lookahead": 1000 }