{ "BFS": 17.956202, "A*": 17.653922, "F-Hat": 24.322351, "Risk": 23.087954, "Lookahead": 1000 }