{ "BFS": 20.801621, "A*": 19.389868, "F-Hat": 24.589878, "Risk": 22.337032, "Lookahead": 1000 }