{ "BFS": 23.697648, "A*": 22.251988, "F-Hat": 26.919913, "Risk": 25.198242, "Lookahead": 100 }