{ "BFS": 23.502540, "A*": 21.136386, "F-Hat": 26.637171, "Risk": 24.756016, "Lookahead": 1000 }