{ "BFS": 24.586128, "A*": 22.011142, "F-Hat": 25.809260, "Risk": 24.277703, "Lookahead": 1000 }