{ "BFS": 22.568100, "A*": 20.906413, "F-Hat": 28.013651, "Risk": 24.055317, "Lookahead": 100 }