{ "BFS": 22.078709, "A*": 20.921800, "F-Hat": 20.506240, "Risk": 20.506240, "Lookahead": 1000 }