{ "BFS": 22.414172, "A*": 20.734277, "F-Hat": 21.069008, "Risk": 20.402892, "Confidence": 50.816424, "LSS-LRTA*": 33.890518, "Lookahead": 1000 }