{ "BFS": 26.572192, "A*": 24.639927, "F-Hat": 24.745769, "Risk": 24.745769, "Lookahead": 10 }