{ "BFS": 23.663647, "A*": 22.272143, "F-Hat": 26.524146, "Risk": 21.946246, "Lookahead": 100 }