{ "BFS": 21.175623, "A*": 20.683078, "F-Hat": 21.646293, "Risk": 21.298107, "Lookahead": 1000 }