{ "BFS": 23.344393, "A*": 23.867414, "F-Hat": 22.128186, "Risk": 21.711938, "Confidence": 45.616767, "LSS-LRTA*": 34.202869, "Lookahead": 100 }