{ "BFS": 26.424588, "A*": 25.643944, "F-Hat": 25.891610, "Risk": 25.167705, "Lookahead": 10 }