{ "BFS": 22.146420, "A*": 21.127039, "F-Hat": 24.899756, "Risk": 23.317610, "Lookahead": 1000 }