{ "BFS": 24.103874, "A*": 22.667177, "F-Hat": 26.732142, "Risk": 24.135534, "Lookahead": 100 }