{ "BFS": 23.976950, "A*": 23.301417, "F-Hat": 28.193211, "Risk": 24.042849, "Lookahead": 100 }