{ "BFS": 25.024167, "A*": 21.212724, "F-Hat": 27.089581, "Risk": 25.559787, "Lookahead": 100 }