{ "BFS": 23.587724, "A*": 22.020624, "F-Hat": 21.183788, "Risk": 20.872733, "Lookahead": 1000 }