{ "BFS": 22.578478, "A*": 21.575515, "F-Hat": 24.162746, "Risk": 24.162746, "Lookahead": 1000 }