{ "BFS": 25.324590, "A*": 41.381546, "F-Hat": 44.598835, "Risk": 47.915521, "Lookahead": 100 }