{ "BFS": 23.049368, "A*": 21.777021, "F-Hat": 21.556438, "Risk": 20.968328, "Confidence": 44.316041, "LSS-LRTA*": 31.530701, "Lookahead": 1000 }