{ "BFS": 22.967246, "A*": 22.381560, "F-Hat": 26.884710, "Risk": 25.655074, "Lookahead": 1000 }