{ "BFS": 27.491319, "A*": 26.550553, "F-Hat": 26.308508, "Risk": 27.817635, "Confidence": 43.349540, "LSS-LRTA*": 38.164757, "Lookahead": 10 }