{ "BFS": 30.374700, "A*": 28.762485, "F-Hat": 28.157443, "Risk": 26.357545, "Lookahead": 10 }