{ "BFS": 23.207164, "A*": 20.979968, "F-Hat": 20.285499, "Risk": 22.218600, "Lookahead": 100 }