{ "BFS": 23.320762, "A*": 21.997731, "F-Hat": 26.534205, "Risk": 25.016599, "Lookahead": 100 }