{ "BFS": 23.849018, "A*": 21.226809, "F-Hat": 24.677740, "Risk": 23.874700, "Lookahead": 1000 }