{ "BFS": 27.058731, "A*": 28.168910, "F-Hat": 23.225232, "Risk": 25.748106, "Lookahead": 10 }