{ "BFS": 26.548360, "A*": 26.108081, "F-Hat": 28.813083, "Risk": 26.921815, "Lookahead": 10 }