{ "BFS": 24.471774, "A*": 26.455115, "F-Hat": 23.920921, "Risk": 25.434050, "Lookahead": 10 }