{ "BFS": 22.916631, "A*": 21.938898, "F-Hat": 22.241538, "Risk": 20.718998, "Lookahead": 100 }