{ "BFS": 23.399501, "A*": 24.662407, "F-Hat": 21.627824, "Risk": 20.100386, "Confidence": 47.172417, "LSS-LRTA*": 33.269982, "Lookahead": 100 }