{ "BFS": 23.990569, "A*": 22.641069, "F-Hat": 22.865223, "Risk": 21.604354, "LSS-LRTA*": 34.943900, "Lookahead": 100 }