{ "BFS": 22.316209, "A*": 21.779197, "F-Hat": 26.293081, "Risk": 25.045606, "Lookahead": 100 }