{ "BFS": 26.014349, "A*": 28.071865, "F-Hat": 27.252350, "Risk": 24.282417, "Lookahead": 10 }