{ "BFS": 26.090526, "A*": 24.203637, "F-Hat": 26.979647, "Risk": 26.712971, "Lookahead": 10 }