{ "BFS": 26.267480, "A*": 41.595329, "F-Hat": 42.695548, "Risk": 37.179627, "Lookahead": 10 }