{ "BFS": 24.225085, "A*": 22.971441, "F-Hat": 28.404009, "Risk": 28.319120, "Lookahead": 100 }