{ "BFS": 21.316494, "A*": 22.186748, "F-Hat": 27.013103, "Risk": 24.080251, "Lookahead": 100 }