{ "BFS": 26.134839, "A*": 43.514850, "F-Hat": 46.117250, "Risk": 45.301129, "Lookahead": 10 }