{ "BFS": 24.235657, "A*": 21.991258, "F-Hat": 27.338423, "Risk": 26.171903, "Lookahead": 100 }