{ "BFS": 30.618446, "A*": 27.163134, "F-Hat": 25.756368, "Risk": 27.546828, "Lookahead": 10 }