{ "BFS": 26.074104, "A*": 26.857456, "F-Hat": 25.315545, "Risk": 23.752491, "Lookahead": 10 }