{ "BFS": 27.856459, "A*": 25.946671, "F-Hat": 24.909299, "Risk": 23.729773, "Lookahead": 10 }