{ "BFS": 22.490891, "A*": 22.866998, "F-Hat": 21.639281, "Risk": 20.783623, "Confidence": 49.630187, "LSS-LRTA*": 34.903762, "Lookahead": 100 }