{ "BFS": 25.185692, "A*": 24.928045, "F-Hat": 25.950603, "Risk": 25.892683, "Lookahead": 10 }