{ "BFS": 22.015227, "A*": 22.156757, "F-Hat": 21.532278, "Risk": 23.698105, "Lookahead": 100 }