{ "BFS": 21.789481, "A*": 21.330340, "F-Hat": 25.500539, "Risk": 22.160811, "Lookahead": 100 }