{ "BFS": 23.597603, "A*": 22.623722, "F-Hat": 25.599956, "Risk": 25.438700, "Lookahead": 100 }