{ "BFS": 23.462535, "A*": 27.806517, "F-Hat": 25.871098, "Risk": 29.921127, "Lookahead": 10 }