{ "BFS": 27.775485, "A*": 24.876545, "F-Hat": 27.331654, "Risk": 26.067946, "Lookahead": 10 }