{ "BFS": 27.873244, "A*": 43.241454, "F-Hat": 48.908199, "Risk": 42.688381, "Lookahead": 10 }