{ "BFS": 25.748295, "A*": 21.594534, "F-Hat": 27.921798, "Risk": 23.844578, "Confidence": 43.317027, "LSS-LRTA*": 35.028258, "Lookahead": 10 }