{ "BFS": 22.822891, "A*": 36.721502, "F-Hat": 45.284640, "Risk": 46.009049, "Lookahead": 100 }