{ "BFS": 24.143507, "A*": 22.235972, "F-Hat": 27.005736, "Risk": 24.262698, "Lookahead": 100 }