{ "BFS": 24.788800, "A*": 21.806246, "F-Hat": 25.178229, "Risk": 25.178229, "Lookahead": 100 }