{ "BFS": 24.196502, "A*": 44.847122, "F-Hat": 42.700038, "Risk": 43.251763, "Lookahead": 100 }