{ "BFS": 23.737204, "A*": 20.698124, "F-Hat": 25.835190, "Risk": 24.615182, "Lookahead": 1000 }