{ "BFS": 22.712798, "A*": 20.702256, "F-Hat": 26.429378, "Risk": 23.629808, "Lookahead": 100 }