{ "BFS": 22.969007, "A*": 20.930742, "F-Hat": 25.442541, "Risk": 23.598281, "Lookahead": 1000 }