{ "BFS": 26.029143, "A*": 27.167587, "F-Hat": 28.582996, "Risk": 25.015760, "Lookahead": 10 }