{ "BFS": 25.494565, "A*": 23.981368, "F-Hat": 24.809321, "Risk": 21.996790, "Lookahead": 100 }