{ "BFS": 26.749941, "A*": 42.268926, "F-Hat": 42.714721, "Risk": 38.492746, "Lookahead": 10 }