{ "BFS": 22.512138, "A*": 21.355270, "F-Hat": 26.265434, "Risk": 23.544588, "Lookahead": 1000 }