{ "BFS": 26.260617, "A*": 45.212250, "F-Hat": 46.841856, "Risk": 41.137099, "Lookahead": 10 }