{ "BFS": 25.420692, "A*": 22.509865, "F-Hat": 26.318280, "Risk": 23.741260, "Lookahead": 100 }