{ "BFS": 27.890662, "A*": 24.474949, "F-Hat": 27.476416, "Risk": 24.404658, "Lookahead": 10 }