{ "BFS": 26.185609, "A*": 24.680936, "F-Hat": 27.175392, "Risk": 25.298206, "Lookahead": 10 }