{ "BFS": 22.563493, "A*": 21.688514, "F-Hat": 27.056273, "Risk": 29.054943, "Lookahead": 1000 }