{ "BFS": 23.123031, "A*": 23.070282, "F-Hat": 28.664487, "Risk": 23.329672, "Lookahead": 100 }