{ "BFS": 26.724774, "A*": 27.204189, "F-Hat": 26.424854, "Risk": 24.440800, "Lookahead": 10 }