{ "BFS": 25.877887, "A*": 25.799133, "F-Hat": 25.478536, "Risk": 26.595577, "Lookahead": 10 }