{ "BFS": 26.805701, "A*": 24.199536, "F-Hat": 26.562284, "Risk": 26.892746, "Lookahead": 10 }