{ "BFS": 24.044366, "A*": 21.576712, "F-Hat": 27.576408, "Risk": 23.919544, "Lookahead": 100 }