{ "BFS": 22.409265, "A*": 20.380004, "F-Hat": 22.971399, "Risk": 22.971399, "Lookahead": 1000 }