{ "BFS": 22.582491, "A*": 23.176897, "F-Hat": 27.478710, "Risk": 24.571753, "Lookahead": 1000 }