{ "BFS": 22.758384, "A*": 21.548985, "F-Hat": 24.908289, "Risk": 23.581665, "Lookahead": 1000 }