{ "BFS": 22.773037, "A*": 20.608319, "F-Hat": 26.870505, "Risk": 23.342923, "Lookahead": 1000 }