{ "BFS": 26.528747, "A*": 26.029813, "F-Hat": 24.373037, "Risk": 26.677351, "Lookahead": 10 }