{ "BFS": 26.712715, "A*": 24.432745, "F-Hat": 30.602186, "Risk": 23.856566, "Lookahead": 10 }