{ "BFS": 22.900006, "A*": 22.562876, "F-Hat": 27.101971, "Risk": 25.736049, "Lookahead": 1000 }