{ "BFS": 22.566394, "A*": 21.965327, "F-Hat": 22.981513, "Risk": 21.778347, "Lookahead": 1000 }