{ "BFS": 25.399596, "A*": 23.365100, "F-Hat": 26.778970, "Risk": 24.644938, "Lookahead": 100 }