{ "BFS": 23.816677, "A*": 22.110250, "F-Hat": 26.845339, "Risk": 23.084241, "Lookahead": 100 }