{ "BFS": 30.463267, "A*": 25.571208, "F-Hat": 24.351677, "Risk": 25.399464, "LSS-LRTA*": 33.447158, "Lookahead": 10 }