{ "BFS": 24.080551, "A*": 23.369783, "F-Hat": 26.042567, "Risk": 24.724491, "Lookahead": 100 }