{ "BFS": 24.392247, "A*": 21.923835, "F-Hat": 22.593111, "Risk": 21.337221, "Lookahead": 1000 }