{ "BFS": 23.081082, "A*": 22.559729, "F-Hat": 26.998417, "Risk": 24.272013, "Lookahead": 1000 }