{ "BFS": 25.257017, "A*": 23.083093, "F-Hat": 23.754266, "Risk": 23.804043, "Lookahead": 100 }