{ "BFS": 20.559899, "A*": 20.993552, "F-Hat": 27.211273, "Risk": 25.056463, "Lookahead": 1000 }