{ "BFS": 22.079017, "A*": 21.041524, "F-Hat": 24.890062, "Risk": 21.876234, "Lookahead": 1000 }