{ "BFS": 26.858273, "A*": 26.820242, "F-Hat": 27.318079, "Risk": 29.248943, "Lookahead": 10 }