{ "BFS": 22.403593, "A*": 21.733597, "F-Hat": 23.697808, "Risk": 22.942907, "Lookahead": 1000 }