{ "BFS": 25.113610, "A*": 24.178653, "F-Hat": 26.314462, "Risk": 24.131290, "Lookahead": 10 }