{ "BFS": 22.850023, "A*": 21.121945, "F-Hat": 26.109681, "Risk": 23.598801, "Lookahead": 1000 }