{ "BFS": 22.819939, "A*": 21.912605, "F-Hat": 24.999650, "Risk": 25.099327, "Lookahead": 1000 }