{ "BFS": 25.751855, "A*": 22.648741, "F-Hat": 21.704736, "Risk": 22.392258, "Lookahead": 100 }