{ "BFS": 22.332542, "A*": 21.993451, "F-Hat": 26.572467, "Risk": 22.625631, "Lookahead": 1000 }