{ "BFS": 24.186831, "A*": 22.347866, "F-Hat": 24.900373, "Risk": 23.192374, "Lookahead": 100 }