{ "BFS": 21.927132, "A*": 21.265307, "F-Hat": 21.873144, "Risk": 19.995603, "Lookahead": 1000 }