{ "BFS": 23.339856, "A*": 20.955605, "F-Hat": 25.501385, "Risk": 21.674369, "Lookahead": 1000 }