{ "BFS": 26.682670, "A*": 43.580292, "F-Hat": 42.369382, "Risk": 43.468088, "Lookahead": 10 }