{ "BFS": 27.721274, "A*": 24.909798, "F-Hat": 26.830531, "Risk": 24.512708, "Lookahead": 10 }