{ "BFS": 23.502144, "A*": 21.603315, "F-Hat": 24.833408, "Risk": 24.905954, "Lookahead": 1000 }