{ "BFS": 21.591283, "A*": 22.212139, "F-Hat": 22.403390, "Risk": 21.118517, "Lookahead": 1000 }