{ "BFS": 24.244167, "A*": 26.531515, "F-Hat": 23.765550, "Risk": 27.772475, "Lookahead": 10 }