{ "BFS": 25.076875, "A*": 42.818890, "F-Hat": 43.480997, "Risk": 46.876800, "Lookahead": 100 }