{ "BFS": 27.482152, "A*": 28.075299, "F-Hat": 24.996452, "Risk": 25.578569, "Lookahead": 10 }