{ "BFS": 25.574594, "A*": 22.720242, "F-Hat": 26.524604, "Risk": 22.012201, "Lookahead": 100 }