{ "BFS": 21.974250, "A*": 19.611644, "F-Hat": 27.042754, "Risk": 24.058420, "Lookahead": 1000 }