{ "BFS": 27.226716, "A*": 28.023746, "F-Hat": 28.572944, "Risk": 27.913815, "Lookahead": 10 }