{ "BFS": 21.989251, "A*": 21.262971, "F-Hat": 25.877398, "Risk": 24.580888, "Lookahead": 1000 }