{ "BFS": 23.035083, "A*": 23.317831, "F-Hat": 27.108325, "Risk": 27.108325, "Lookahead": 1000 }