{ "BFS": 21.499529, "A*": 21.546340, "F-Hat": 26.582188, "Risk": 24.154483, "Lookahead": 1000 }