{ "BFS": 24.791482, "A*": 39.404792, "F-Hat": 47.398292, "Risk": 40.571739, "Lookahead": 100 }