{ "BFS": 21.321611, "A*": 21.438197, "F-Hat": 25.347184, "Risk": 22.734015, "Lookahead": 1000 }