{ "BFS": 25.600485, "A*": 21.749187, "F-Hat": 25.158311, "Risk": 23.736092, "Lookahead": 100 }