{ "BFS": 24.633793, "A*": 18.327443, "F-Hat": 27.747240, "Risk": 21.974501, "Lookahead": 100 }