{ "BFS": 27.777005, "A*": 27.083892, "F-Hat": 26.976604, "Risk": 26.202627, "Lookahead": 10 }