{ "BFS": 22.657781, "A*": 22.413536, "F-Hat": 24.050339, "Risk": 23.714179, "Lookahead": 100 }