{ "BFS": 23.835685, "A*": 21.917113, "F-Hat": 23.217790, "Risk": 22.569684, "Lookahead": 100 }