{ "BFS": 26.013996, "A*": 23.031339, "F-Hat": 26.741423, "Risk": 26.155525, "Lookahead": 100 }