{ "BFS": 27.869498, "A*": 26.900708, "F-Hat": 27.323847, "Risk": 25.846537, "Lookahead": 10 }