{ "BFS": 28.832354, "A*": 26.551540, "F-Hat": 28.043987, "Risk": 24.410615, "Lookahead": 10 }