{ "BFS": 22.269869, "A*": 41.397211, "F-Hat": 43.176093, "Risk": 40.753486, "Lookahead": 100 }