{ "BFS": 24.515315, "A*": 22.849534, "F-Hat": 21.477245, "Risk": 19.748858, "Lookahead": 100 }