{ "BFS": 27.072201, "A*": 25.115035, "F-Hat": 29.087320, "Risk": 26.934156, "Lookahead": 10 }