{ "BFS": 24.037392, "A*": 22.750909, "F-Hat": 24.115466, "Risk": 22.434616, "Lookahead": 1000 }