{ "BFS": 24.014418, "A*": 21.753979, "F-Hat": 29.002062, "Risk": 24.768317, "Lookahead": 1000 }