{ "BFS": 24.363811, "A*": 21.541019, "F-Hat": 27.691444, "Risk": 24.253682, "Lookahead": 1000 }