{ "BFS": 22.482569, "A*": 23.199660, "F-Hat": 28.174110, "Risk": 24.501596, "Lookahead": 1000 }