{ "BFS": 26.509468, "A*": 25.790866, "F-Hat": 27.848977, "Risk": 28.770798, "Lookahead": 10 }