{ "BFS": 21.596807, "A*": 21.417739, "F-Hat": 26.671671, "Risk": 25.398670, "Lookahead": 100 }