{ "BFS": 22.029460, "A*": 22.353258, "F-Hat": 24.452547, "Risk": 22.486134, "Lookahead": 100 }