{ "BFS": 24.684105, "A*": 24.328607, "F-Hat": 27.818431, "Risk": 23.853748, "Lookahead": 100 }