{ "BFS": 24.064305, "A*": 23.596961, "F-Hat": 29.445519, "Risk": 23.644412, "Lookahead": 100 }