{ "BFS": 25.523310, "A*": 25.582963, "F-Hat": 23.840794, "Risk": 26.314330, "Lookahead": 10 }