{ "BFS": 27.471011, "A*": 24.077881, "F-Hat": 25.839504, "Risk": 25.897085, "Lookahead": 10 }