{ "BFS": 29.421339, "A*": 25.864404, "F-Hat": 28.797893, "Risk": 24.355069, "Lookahead": 10 }