{ "BFS": 23.603850, "A*": 21.429883, "F-Hat": 26.075499, "Risk": 26.075499, "Lookahead": 100 }