{ "BFS": 25.351169, "A*": 22.190315, "F-Hat": 20.647472, "Risk": 21.950754, "Confidence": 43.023368, "LSS-LRTA*": 33.731490, "Lookahead": 100 }