{ "BFS": 26.993678, "A*": 24.510668, "F-Hat": 25.107023, "Risk": 24.157344, "Lookahead": 10 }