{ "BFS": 23.860707, "A*": 22.564769, "F-Hat": 22.648254, "Risk": 22.699922, "Lookahead": 1000 }