{ "BFS": 27.643192, "A*": 26.350993, "F-Hat": 25.340244, "Risk": 25.962284, "Confidence": 38.466959, "LSS-LRTA*": 40.988163, "Lookahead": 10 }