{ "BFS": 28.229553, "A*": 24.616717, "F-Hat": 27.037432, "Risk": 24.213563, "Lookahead": 10 }