{ "BFS": 26.393141, "A*": 25.508819, "F-Hat": 28.854777, "Risk": 27.361129, "Lookahead": 10 }