{ "BFS": 20.729661, "A*": 20.965020, "F-Hat": 25.933749, "Risk": 25.093944, "Lookahead": 1000 }