{ "BFS": 24.773552, "A*": 24.645197, "F-Hat": 26.486276, "Risk": 24.321419, "Lookahead": 10 }