{ "BFS": 23.882920, "A*": 22.844535, "F-Hat": 25.754767, "Risk": 24.475861, "Lookahead": 100 }