{ "BFS": 23.067610, "A*": 22.249083, "F-Hat": 22.646481, "Risk": 21.955450, "Lookahead": 100 }