{ "BFS": 25.641867, "A*": 28.910739, "F-Hat": 25.603563, "Risk": 25.142844, "Confidence": 42.004756, "LSS-LRTA*": 31.864962, "Lookahead": 10 }