{ "BFS": 28.468159, "A*": 24.896048, "F-Hat": 27.511122, "Risk": 23.692081, "Lookahead": 10 }