{ "BFS": 24.940724, "A*": 21.078326, "F-Hat": 25.811521, "Risk": 21.876372, "Lookahead": 100 }