{ "BFS": 26.682861, "A*": 26.057908, "F-Hat": 27.294600, "Risk": 22.885748, "Lookahead": 10 }