{ "BFS": 27.112709, "A*": 28.679140, "F-Hat": 25.545085, "Risk": 25.545085, "Lookahead": 10 }