{ "BFS": 25.354986, "A*": 25.002747, "F-Hat": 27.422250, "Risk": 24.978079, "Lookahead": 10 }