{ "BFS": 22.679184, "A*": 20.431711, "F-Hat": 27.926979, "Risk": 23.241162, "Lookahead": 1000 }