{ "BFS": 21.906838, "A*": 21.226646, "F-Hat": 27.420186, "Risk": 25.640550, "Lookahead": 1000 }