{ "BFS": 22.494982, "A*": 21.690067, "F-Hat": 28.395279, "Risk": 23.691673, "Lookahead": 100 }