{ "BFS": 21.529128, "A*": 21.407559, "F-Hat": 28.698143, "Risk": 24.300760, "Lookahead": 1000 }