{ "BFS": 27.367567, "A*": 28.151731, "F-Hat": 26.753226, "Risk": 27.862236, "Confidence": 41.043423, "LSS-LRTA*": 34.877989, "Lookahead": 10 }