{ "BFS": 23.105797, "A*": 22.680859, "F-Hat": 24.938887, "Risk": 23.681494, "Lookahead": 1000 }