{ "BFS": 21.947017, "A*": 21.031405, "F-Hat": 27.567491, "Risk": 23.144666, "Lookahead": 1000 }