{ "BFS": 25.142741, "A*": 23.268057, "F-Hat": 24.862858, "Risk": 23.418677, "Lookahead": 100 }