{ "BFS": 27.986859, "A*": 25.092300, "F-Hat": 28.501275, "Risk": 25.461567, "Lookahead": 10 }