{ "BFS": 24.414336, "A*": 23.043541, "F-Hat": 24.951806, "Risk": 23.360761, "Lookahead": 100 }