{ "BFS": 22.131596, "A*": 22.243377, "F-Hat": 25.831671, "Risk": 24.936063, "Lookahead": 1000 }