{ "BFS": 27.862778, "A*": 26.001586, "F-Hat": 26.558171, "Risk": 27.071693, "Lookahead": 10 }