{ "BFS": 25.655058, "A*": 27.352760, "F-Hat": 26.441151, "Risk": 25.494202, "Lookahead": 10 }