{ "BFS": 21.100821, "A*": 21.092515, "F-Hat": 25.588670, "Risk": 21.087499, "Lookahead": 100 }