{ "BFS": 23.609245, "A*": 22.229649, "F-Hat": 26.865748, "Risk": 26.687478, "Lookahead": 100 }