{ "BFS": 23.986091, "A*": 21.171765, "F-Hat": 26.340614, "Risk": 22.527336, "Lookahead": 100 }