{ "BFS": 22.983582, "A*": 21.039373, "F-Hat": 21.141991, "Risk": 22.643679, "Confidence": 44.331733, "LSS-LRTA*": 32.054549, "Lookahead": 100 }