{ "BFS": 23.386657, "A*": 21.537672, "F-Hat": 27.632350, "Risk": 22.423553, "Lookahead": 1000 }