{ "BFS": 24.644414, "A*": 25.591552, "F-Hat": 28.617400, "Risk": 25.195851, "Lookahead": 10 }