{ "BFS": 22.955575, "A*": 46.375187, "F-Hat": 44.909718, "Risk": 42.016913, "Lookahead": 100 }