{ "BFS": 22.609602, "A*": 21.457163, "F-Hat": 25.382953, "Risk": 23.434537, "Lookahead": 1000 }