{ "BFS": 24.144814, "A*": 23.079716, "F-Hat": 27.028872, "Risk": 24.744334, "Lookahead": 1000 }