{ "BFS": 24.330357, "A*": 21.979396, "F-Hat": 22.510468, "Risk": 23.019027, "Confidence": 39.333560, "LSS-LRTA*": 37.941746, "Lookahead": 100 }