{ "BFS": 27.634362, "A*": 26.419873, "F-Hat": 25.859771, "Risk": 25.422590, "Lookahead": 10 }