{ "BFS": 22.036518, "A*": 21.186348, "F-Hat": 25.733333, "Risk": 23.821231, "Lookahead": 1000 }