{ "BFS": 24.538170, "A*": 23.088188, "F-Hat": 22.243660, "Risk": 23.018315, "Confidence": 41.145594, "LSS-LRTA*": 35.290401, "Lookahead": 100 }