{ "BFS": 25.633590, "A*": 23.271221, "F-Hat": 24.780307, "Risk": 26.472288, "Lookahead": 10 }