{ "BFS": 22.207210, "A*": 22.242946, "F-Hat": 24.936985, "Risk": 23.581337, "Lookahead": 1000 }