{ "BFS": 21.324866, "A*": 22.093149, "F-Hat": 21.168706, "Risk": 20.739292, "Confidence": 51.192949, "LSS-LRTA*": 36.967426, "Lookahead": 1000 }