{ "BFS": 27.217471, "A*": 24.415325, "F-Hat": 27.207131, "Risk": 26.016401, "Lookahead": 10 }