{ "BFS": 30.430835, "A*": 27.276646, "F-Hat": 23.988220, "Risk": 24.715739, "Lookahead": 10 }