{ "BFS": 25.409193, "A*": 25.884655, "F-Hat": 26.780534, "Risk": 24.110975, "Lookahead": 10 }