{ "BFS": 26.859790, "A*": 24.278348, "F-Hat": 25.963157, "Risk": 24.423512, "Lookahead": 10 }