{ "BFS": 25.205128, "A*": 24.770676, "F-Hat": 31.525366, "Risk": 29.188526, "Lookahead": 10 }