{ "BFS": 23.776089, "A*": 22.385529, "F-Hat": 28.157336, "Risk": 24.868256, "Lookahead": 100 }