{ "BFS": 20.891398, "A*": 22.480119, "F-Hat": 27.603514, "Risk": 24.197545, "Lookahead": 1000 }