{ "BFS": 23.918144, "A*": 21.710337, "F-Hat": 26.675483, "Risk": 24.002244, "Lookahead": 1000 }