{ "BFS": 26.350918, "A*": 25.431116, "F-Hat": 28.014757, "Risk": 23.536010, "Lookahead": 10 }