{ "BFS": 26.648598, "A*": 26.147065, "F-Hat": 29.636306, "Risk": 23.673677, "Confidence": 42.815694, "LSS-LRTA*": 34.179618, "Lookahead": 10 }