{ "BFS": 25.759421, "A*": 22.245939, "F-Hat": 22.544352, "Risk": 20.940029, "Lookahead": 100 }