{ "BFS": 27.806875, "A*": 26.332357, "F-Hat": 25.516723, "Risk": 26.551739, "Lookahead": 10 }