{ "BFS": 26.301067, "A*": 43.226445, "F-Hat": 40.696192, "Risk": 44.509835, "Lookahead": 100 }