{ "BFS": 21.658007, "A*": 20.544351, "F-Hat": 25.401988, "Risk": 22.258684, "Lookahead": 1000 }