{ "BFS": 22.610346, "A*": 22.378508, "F-Hat": 28.266696, "Risk": 26.293210, "Lookahead": 100 }