{ "BFS": 21.281110, "A*": 21.382106, "F-Hat": 26.844968, "Risk": 25.773119, "Lookahead": 1000 }