{ "BFS": 22.929300, "A*": 49.464922, "F-Hat": 47.208293, "Risk": 41.612951, "Lookahead": 1000 }