{ "BFS": 20.879551, "A*": 20.679914, "F-Hat": 22.761053, "Risk": 23.038047, "Lookahead": 1000 }