{ "BFS": 22.596370, "A*": 19.570619, "F-Hat": 26.448910, "Risk": 24.112529, "Lookahead": 1000 }