{ "BFS": 22.499218, "A*": 21.873497, "F-Hat": 28.266473, "Risk": 23.550101, "Lookahead": 1000 }