{ "BFS": 22.771513, "A*": 22.917462, "F-Hat": 28.787675, "Risk": 26.152510, "Lookahead": 1000 }