{ "BFS": 23.799488, "A*": 23.437138, "F-Hat": 26.359945, "Risk": 24.322259, "Lookahead": 1000 }