{ "BFS": 23.598059, "A*": 22.103332, "F-Hat": 25.746136, "Risk": 24.572718, "Lookahead": 1000 }