{ "BFS": 24.911893, "A*": 23.030406, "F-Hat": 24.808333, "Risk": 24.973227, "Lookahead": 100 }