{ "BFS": 20.408300, "A*": 22.237737, "F-Hat": 26.066711, "Risk": 23.998681, "Lookahead": 1000 }