{ "BFS": 23.608580, "A*": 20.402343, "F-Hat": 24.296571, "Risk": 24.017489, "Lookahead": 100 }