{ "BFS": 25.730209, "A*": 22.353046, "F-Hat": 27.580743, "Risk": 24.925532, "Lookahead": 100 }