{ "BFS": 24.136278, "A*": 21.064683, "F-Hat": 25.848460, "Risk": 23.889326, "Lookahead": 100 }