{ "BFS": 24.286149, "A*": 22.356918, "F-Hat": 24.946780, "Risk": 22.634091, "Lookahead": 1000 }