{ "BFS": 24.361123, "A*": 22.904095, "F-Hat": 26.708122, "Risk": 26.750395, "Lookahead": 100 }