{ "BFS": 22.461321, "A*": 21.268305, "F-Hat": 25.979337, "Risk": 23.742541, "Lookahead": 1000 }