{ "BFS": 23.695412, "A*": 21.980644, "F-Hat": 25.080185, "Risk": 25.788758, "Lookahead": 100 }