{ "BFS": 26.309032, "A*": 23.931317, "F-Hat": 27.013425, "Risk": 27.013425, "Lookahead": 10 }