{ "BFS": 22.617695, "A*": 21.524764, "F-Hat": 24.382958, "Risk": 22.244297, "Lookahead": 100 }