{ "BFS": 23.502919, "A*": 21.707381, "F-Hat": 25.896638, "Risk": 25.891599, "Lookahead": 100 }