{ "BFS": 22.332341, "A*": 21.747625, "F-Hat": 27.055019, "Risk": 26.052849, "Lookahead": 1000 }