{ "BFS": 26.814684, "A*": 25.248487, "F-Hat": 23.712822, "Risk": 25.115861, "Lookahead": 10 }