{ "BFS": 21.865479, "A*": 18.545211, "F-Hat": 24.292404, "Risk": 17.450567, "Lookahead": 100 }