{ "BFS": 23.811354, "A*": 22.974432, "F-Hat": 26.371340, "Risk": 24.237648, "Lookahead": 1000 }