{ "BFS": 24.020381, "A*": 22.795325, "F-Hat": 22.440512, "Risk": 23.260378, "Lookahead": 100 }