{ "BFS": 22.399643, "A*": 21.491262, "F-Hat": 23.548890, "Risk": 23.206105, "Lookahead": 100 }