{ "BFS": 24.276293, "A*": 23.119025, "F-Hat": 26.581311, "Risk": 26.581311, "Lookahead": 1000 }