{ "BFS": 25.604868, "A*": 24.066982, "F-Hat": 26.783815, "Risk": 22.669640, "Lookahead": 100 }