{ "BFS": 23.182792, "A*": 21.597880, "F-Hat": 27.854992, "Risk": 25.426285, "Lookahead": 1000 }