{ "BFS": 24.765709, "A*": 25.811637, "F-Hat": 25.828769, "Risk": 23.972325, "Confidence": 38.394304, "LSS-LRTA*": 39.287181, "Lookahead": 10 }