{ "BFS": 23.192350, "A*": 21.905082, "F-Hat": 27.515478, "Risk": 24.166557, "Lookahead": 1000 }