{ "BFS": 21.174039, "A*": 21.688189, "F-Hat": 27.201550, "Risk": 25.815012, "Lookahead": 1000 }