{ "BFS": 22.767190, "A*": 21.348462, "F-Hat": 24.557010, "Risk": 22.767729, "Lookahead": 1000 }