{ "BFS": 25.332724, "A*": 22.825416, "F-Hat": 25.634631, "Risk": 24.119910, "Lookahead": 100 }