{ "BFS": 24.270700, "A*": 23.117152, "F-Hat": 23.073251, "Risk": 23.811711, "Lookahead": 100 }