{ "BFS": 24.867751, "A*": 22.100024, "F-Hat": 25.302188, "Risk": 22.954815, "Lookahead": 100 }