{ "BFS": 24.471034, "A*": 24.848864, "F-Hat": 25.934695, "Risk": 25.513706, "Lookahead": 10 }