{ "BFS": 19.251719, "A*": 18.496810, "F-Hat": 24.657919, "Risk": 24.410314, "Lookahead": 1000 }