{ "BFS": 22.991097, "A*": 22.761716, "F-Hat": 26.139401, "Risk": 25.989191, "Lookahead": 1000 }