{ "BFS": 29.114820, "A*": 28.186527, "F-Hat": 30.259538, "Risk": 25.209282, "Lookahead": 10 }