{ "BFS": 28.663428, "A*": 25.859962, "F-Hat": 28.387339, "Risk": 24.850661, "Lookahead": 10 }