{ "BFS": 22.860977, "A*": 22.047807, "F-Hat": 26.064707, "Risk": 24.383862, "Lookahead": 100 }