{ "BFS": 23.889286, "A*": 22.887083, "F-Hat": 22.420375, "Risk": 22.674955, "Lookahead": 100 }