{ "BFS": 22.018372, "A*": 41.589943, "F-Hat": 46.502431, "Risk": 37.527464, "Lookahead": 1000 }