{ "BFS": 23.584888, "A*": 23.002771, "F-Hat": 26.817663, "Risk": 24.202115, "Lookahead": 1000 }