{ "BFS": 24.901806, "A*": 25.455287, "F-Hat": 29.291700, "Risk": 25.370502, "Lookahead": 10 }