{ "BFS": 25.663347, "A*": 26.564444, "F-Hat": 26.683566, "Risk": 22.545591, "LSS-LRTA*": 38.645148, "Lookahead": 10 }