{ "BFS": 23.995562, "A*": 21.890975, "F-Hat": 23.011342, "Risk": 22.667233, "Confidence": 45.227396, "LSS-LRTA*": 35.799917, "Lookahead": 100 }