{ "BFS": 24.156237, "A*": 22.688261, "F-Hat": 25.565955, "Risk": 21.976633, "Lookahead": 100 }