{ "BFS": 26.863023, "A*": 26.871858, "F-Hat": 28.862920, "Risk": 28.298019, "Lookahead": 10 }