{ "BFS": 22.204199, "A*": 22.242167, "F-Hat": 26.177428, "Risk": 24.984846, "Lookahead": 100 }