{ "BFS": 21.366767, "A*": 22.516698, "F-Hat": 27.101020, "Risk": 24.755504, "Lookahead": 100 }