{ "BFS": 23.615019, "A*": 41.803074, "F-Hat": 41.394894, "Risk": 42.057022, "Lookahead": 10 }