{ "BFS": 25.700280, "A*": 23.253411, "F-Hat": 26.924332, "Risk": 25.881928, "Lookahead": 100 }