{ "BFS": 23.662266, "A*": 21.774869, "F-Hat": 27.330382, "Risk": 26.160128, "Lookahead": 1000 }