{ "BFS": 23.170545, "A*": 23.135686, "F-Hat": 25.289425, "Risk": 23.827732, "Lookahead": 100 }