{ "BFS": 21.520154, "A*": 21.724881, "F-Hat": 25.640207, "Risk": 24.990653, "Lookahead": 1000 }