{ "BFS": 21.969238, "A*": 20.798800, "F-Hat": 24.349257, "Risk": 24.349257, "Lookahead": 1000 }