{ "BFS": 23.479379, "A*": 21.448045, "F-Hat": 26.231799, "Risk": 26.231799, "Lookahead": 100 }