{ "BFS": 20.608555, "A*": 21.950698, "F-Hat": 26.856247, "Risk": 23.964620, "Lookahead": 1000 }