{ "BFS": 28.697523, "A*": 27.945005, "F-Hat": 33.637479, "Risk": 27.652589, "Lookahead": 10 }