{ "BFS": 27.594337, "A*": 24.684822, "F-Hat": 25.749180, "Risk": 25.079911, "Lookahead": 10 }