{ "BFS": 23.567660, "A*": 24.557379, "F-Hat": 25.355900, "Risk": 25.741585, "Lookahead": 10 }