{ "BFS": 25.932291, "A*": 26.561518, "F-Hat": 24.455728, "Risk": 25.151554, "Lookahead": 10 }