{ "BFS": 23.060084, "A*": 21.833786, "F-Hat": 25.232114, "Risk": 23.026019, "Lookahead": 1000 }