{ "BFS": 21.300697, "A*": 20.210731, "F-Hat": 25.042096, "Risk": 24.231338, "Lookahead": 1000 }