{ "BFS": 24.392357, "A*": 24.569306, "F-Hat": 25.298803, "Risk": 25.467860, "Lookahead": 10 }