{ "BFS": 22.768988, "A*": 22.530800, "F-Hat": 24.150968, "Risk": 22.304325, "Lookahead": 100 }