{ "BFS": 28.735165, "A*": 26.863264, "F-Hat": 26.481378, "Risk": 25.313091, "Confidence": 40.693265, "LSS-LRTA*": 38.931390, "Lookahead": 10 }