{ "BFS": 24.805245, "A*": 23.227004, "F-Hat": 21.137011, "Risk": 21.411578, "LSS-LRTA*": 32.200793, "Lookahead": 100 }