{ "BFS": 23.956685, "A*": 22.314670, "F-Hat": 24.978742, "Risk": 24.084862, "Lookahead": 100 }