{ "BFS": 25.708286, "A*": 27.372761, "F-Hat": 26.042567, "Risk": 26.848385, "Lookahead": 10 }