{ "BFS": 22.561754, "A*": 21.464804, "F-Hat": 24.597801, "Risk": 23.659453, "Lookahead": 1000 }