{ "BFS": 29.748545, "A*": 26.933953, "F-Hat": 29.308580, "Risk": 25.865406, "Lookahead": 10 }