{ "BFS": 25.612240, "A*": 21.720175, "F-Hat": 25.308865, "Risk": 24.054734, "Lookahead": 100 }