{ "BFS": 24.778253, "A*": 21.048881, "F-Hat": 25.381192, "Risk": 24.361489, "Lookahead": 1000 }