{ "BFS": 23.630268, "A*": 22.515503, "F-Hat": 26.606079, "Risk": 23.230004, "Lookahead": 1000 }