{ "BFS": 29.523863, "A*": 26.699612, "F-Hat": 27.400201, "Risk": 27.550141, "Lookahead": 10 }