{ "BFS": 24.708139, "A*": 22.716711, "F-Hat": 27.690268, "Risk": 24.505026, "Lookahead": 100 }