{ "BFS": 23.671679, "A*": 22.876770, "F-Hat": 26.068378, "Risk": 25.532438, "Lookahead": 100 }