{ "BFS": 26.739326, "A*": 23.390217, "F-Hat": 24.307196, "Risk": 26.919753, "Confidence": 34.783667, "LSS-LRTA*": 37.933546, "Lookahead": 10 }