{ "BFS": 31.326162, "A*": 25.706688, "F-Hat": 27.030506, "Risk": 27.171495, "Lookahead": 10 }