{ "BFS": 24.232695, "A*": 22.358756, "F-Hat": 25.688973, "Risk": 25.031938, "Lookahead": 100 }