{ "BFS": 26.671340, "A*": 23.132333, "F-Hat": 26.893159, "Risk": 25.101202, "Lookahead": 10 }