{ "BFS": 24.777748, "A*": 20.946612, "F-Hat": 25.383421, "Risk": 24.209426, "Lookahead": 100 }