{ "BFS": 23.814523, "A*": 23.806805, "F-Hat": 27.993225, "Risk": 22.947749, "Lookahead": 100 }