{ "BFS": 23.686294, "A*": 21.255689, "F-Hat": 27.033735, "Risk": 24.058788, "Lookahead": 1000 }