{ "BFS": 26.448528, "A*": 22.944203, "F-Hat": 25.915538, "Risk": 25.956833, "Lookahead": 10 }