{ "BFS": 30.125086, "A*": 39.128129, "F-Hat": 42.560857, "Risk": 43.359341, "Lookahead": 10 }