{ "BFS": 24.675292, "A*": 24.020349, "F-Hat": 27.602057, "Risk": 24.321201, "Lookahead": 100 }