{ "BFS": 28.097497, "A*": 24.987056, "F-Hat": 28.454816, "Risk": 24.661859, "Lookahead": 10 }