{ "BFS": 26.283542, "A*": 24.828545, "F-Hat": 26.087160, "Risk": 26.422444, "Lookahead": 10 }