{ "BFS": 24.375579, "A*": 23.158889, "F-Hat": 27.362263, "Risk": 24.205002, "Lookahead": 1000 }