{ "BFS": 21.147942, "A*": 40.696032, "F-Hat": 43.562214, "Risk": 37.612464, "Lookahead": 1000 }