{ "BFS": 25.003731, "A*": 22.532228, "F-Hat": 25.920327, "Risk": 23.070103, "Lookahead": 100 }