{ "BFS": 28.779783, "A*": 24.725813, "F-Hat": 26.278924, "Risk": 25.693065, "Lookahead": 10 }