{ "BFS": 29.285500, "A*": 25.188960, "F-Hat": 27.624341, "Risk": 25.216522, "Lookahead": 10 }