{ "BFS": 24.781532, "A*": 22.466662, "F-Hat": 23.046135, "Risk": 22.673396, "Confidence": 50.699329, "LSS-LRTA*": 38.750889, "Lookahead": 100 }