{ "BFS": 23.170608, "A*": 20.974394, "F-Hat": 26.363986, "Risk": 24.658051, "Lookahead": 1000 }