{ "BFS": 23.678073, "A*": 22.511772, "F-Hat": 27.933827, "Risk": 25.415637, "Lookahead": 100 }