{ "BFS": 20.985084, "A*": 20.960077, "F-Hat": 29.702211, "Risk": 24.901288, "Lookahead": 1000 }