{ "BFS": 25.107517, "A*": 23.150470, "F-Hat": 23.343577, "Risk": 22.625540, "Lookahead": 1000 }