{ "BFS": 24.180904, "A*": 22.438666, "F-Hat": 26.782574, "Risk": 23.413083, "Lookahead": 1000 }