{ "BFS": 25.166237, "A*": 22.384496, "F-Hat": 28.301247, "Risk": 23.855275, "Lookahead": 100 }