{ "BFS": 27.464418, "A*": 24.015953, "F-Hat": 26.259934, "Risk": 25.347656, "Lookahead": 10 }