{ "BFS": 23.663045, "A*": 42.867009, "F-Hat": 44.245236, "Risk": 44.407512, "Lookahead": 100 }