{ "BFS": 25.509413, "A*": 25.618205, "F-Hat": 26.110111, "Risk": 24.622371, "Lookahead": 10 }