{ "BFS": 21.293468, "A*": 21.232523, "F-Hat": 21.376888, "Risk": 20.858679, "Lookahead": 1000 }