{ "BFS": 22.840758, "A*": 23.168904, "F-Hat": 24.912051, "Risk": 25.829098, "Lookahead": 100 }