{ "BFS": 25.506988, "A*": 24.520782, "F-Hat": 22.833037, "Risk": 25.627534, "LSS-LRTA*": 39.188327, "Lookahead": 10 }