{ "BFS": 21.378220, "A*": 21.470986, "F-Hat": 27.204309, "Risk": 22.999455, "Lookahead": 1000 }