{ "BFS": 20.981869, "A*": 20.981869, "F-Hat": 26.319743, "Risk": 23.800798, "Lookahead": 1000 }