{ "BFS": 23.455701, "A*": 41.072986, "F-Hat": 40.994134, "Risk": 41.592243, "Lookahead": 1000 }