{ "BFS": 26.285798, "A*": 24.784364, "F-Hat": 26.977174, "Risk": 24.744683, "Lookahead": 10 }