{ "BFS": 24.113366, "A*": 21.380330, "F-Hat": 27.077608, "Risk": 25.904832, "Lookahead": 100 }