{ "BFS": 22.405448, "A*": 20.542434, "F-Hat": 26.114437, "Risk": 24.959484, "Lookahead": 100 }