{ "BFS": 29.234801, "A*": 23.274435, "F-Hat": 27.587053, "Risk": 24.446954, "Lookahead": 10 }