{ "BFS": 22.706030, "A*": 22.303444, "F-Hat": 26.547777, "Risk": 24.230275, "Lookahead": 1000 }