{ "BFS": 24.633049, "A*": 21.969980, "F-Hat": 25.107477, "Risk": 25.223022, "Lookahead": 100 }