{ "BFS": 23.631558, "A*": 22.073725, "F-Hat": 25.545693, "Risk": 22.073725, "Lookahead": 10 }