{ "BFS": 22.565509, "A*": 21.269340, "F-Hat": 24.461546, "Risk": 23.508395, "Lookahead": 100 }