{ "BFS": 26.292004, "A*": 26.123803, "F-Hat": 27.027498, "Risk": 25.135195, "Lookahead": 10 }