{ "BFS": 28.299209, "A*": 26.893229, "F-Hat": 26.314437, "Risk": 24.641656, "Lookahead": 10 }