{ "BFS": 23.315816, "A*": 21.931078, "F-Hat": 27.936638, "Risk": 25.055198, "Lookahead": 1000 }