{ "BFS": 24.276689, "A*": 22.524427, "F-Hat": 21.440490, "Risk": 21.485060, "LSS-LRTA*": 34.079083, "Lookahead": 100 }