{ "BFS": 22.630281, "A*": 24.802080, "F-Hat": 24.921023, "Risk": 24.054700, "Lookahead": 10 }