{ "BFS": 26.260672, "A*": 27.887544, "F-Hat": 24.631451, "Risk": 26.450760, "Lookahead": 10 }