{ "BFS": 23.667404, "A*": 21.511023, "F-Hat": 25.811023, "Risk": 24.834139, "Lookahead": 100 }