{ "BFS": 27.690381, "A*": 26.956626, "F-Hat": 30.349349, "Risk": 26.771730, "Lookahead": 10 }