{ "BFS": 21.539567, "A*": 21.398515, "F-Hat": 26.020672, "Risk": 23.718887, "Lookahead": 1000 }