{ "BFS": 23.129569, "A*": 20.172085, "F-Hat": 24.753539, "Risk": 24.146062, "Lookahead": 1000 }