{ "BFS": 24.940760, "A*": 22.270760, "F-Hat": 25.410280, "Risk": 24.502299, "Lookahead": 100 }