{ "BFS": 28.551118, "A*": 26.716345, "F-Hat": 26.646306, "Risk": 24.605710, "Lookahead": 10 }