{ "BFS": 21.579565, "A*": 20.934254, "F-Hat": 23.897810, "Risk": 23.235249, "Lookahead": 1000 }