{ "BFS": 29.336696, "A*": 28.627870, "F-Hat": 26.579650, "Risk": 24.411486, "Confidence": 38.728360, "LSS-LRTA*": 34.597190, "Lookahead": 10 }