{ "BFS": 25.251151, "A*": 22.826043, "F-Hat": 26.891830, "Risk": 24.803424, "Lookahead": 100 }