{ "BFS": 23.530571, "A*": 21.032215, "F-Hat": 26.635426, "Risk": 23.252939, "Lookahead": 1000 }