{ "BFS": 22.607783, "A*": 20.024277, "F-Hat": 26.940488, "Risk": 23.507748, "Lookahead": 1000 }