{ "BFS": 25.395103, "A*": 23.548090, "F-Hat": 27.546111, "Risk": 25.626598, "Lookahead": 10 }