{ "BFS": 21.579849, "A*": 21.833053, "F-Hat": 28.106820, "Risk": 22.500446, "Lookahead": 1000 }