{ "BFS": 25.374645, "A*": 22.684067, "F-Hat": 25.656354, "Risk": 23.965878, "Lookahead": 100 }