{ "BFS": 21.825473, "A*": 22.691302, "F-Hat": 26.179350, "Risk": 25.374431, "Lookahead": 100 }