{ "BFS": 28.005124, "A*": 25.910458, "F-Hat": 25.915257, "Risk": 23.482295, "Lookahead": 10 }