{ "BFS": 23.242579, "A*": 22.298194, "F-Hat": 25.674420, "Risk": 22.832176, "Lookahead": 100 }