{ "BFS": 23.034674, "A*": 21.164203, "F-Hat": 27.018664, "Risk": 22.897640, "Lookahead": 1000 }