{ "BFS": 27.203327, "A*": 28.416963, "F-Hat": 27.520104, "Risk": 25.213075, "Lookahead": 10 }