{ "BFS": 25.893970, "A*": 40.865878, "F-Hat": 46.148722, "Risk": 41.291937, "Lookahead": 10 }