{ "BFS": 28.633995, "A*": 24.178267, "F-Hat": 25.525178, "Risk": 24.741990, "Lookahead": 10 }