{ "BFS": 22.680727, "A*": 21.931041, "F-Hat": 24.789030, "Risk": 24.761681, "Lookahead": 1000 }