{ "BFS": 24.986995, "A*": 25.387888, "F-Hat": 28.973756, "Risk": 24.371661, "Lookahead": 10 }