{ "BFS": 24.440936, "A*": 21.937938, "F-Hat": 27.890756, "Risk": 24.289076, "Lookahead": 100 }