{ "BFS": 24.794321, "A*": 24.546253, "F-Hat": 27.006097, "Risk": 24.980304, "Lookahead": 10 }