{ "BFS": 27.371758, "A*": 23.849975, "F-Hat": 26.807851, "Risk": 27.972787, "Lookahead": 10 }