{ "BFS": 25.889592, "A*": 23.694731, "F-Hat": 28.051115, "Risk": 23.122711, "Lookahead": 100 }