{ "BFS": 27.167711, "A*": 25.709479, "F-Hat": 26.352178, "Risk": 23.462183, "Lookahead": 10 }