{ "BFS": 24.554236, "A*": 25.505208, "F-Hat": 25.297777, "Risk": 24.893531, "Confidence": 42.759039, "LSS-LRTA*": 34.487299, "Lookahead": 10 }