{ "BFS": 22.021935, "A*": 22.182622, "F-Hat": 24.150349, "Risk": 24.105881, "Lookahead": 100 }