{ "BFS": 26.472457, "A*": 22.619340, "F-Hat": 22.647972, "Risk": 22.085392, "Confidence": 43.666898, "LSS-LRTA*": 35.270509, "Lookahead": 100 }