{ "BFS": 29.770363, "A*": 22.820127, "F-Hat": 28.847473, "Risk": 28.110424, "Lookahead": 10 }