{ "BFS": 22.444359, "A*": 21.276317, "F-Hat": 26.373087, "Risk": 24.682099, "Lookahead": 1000 }