{ "BFS": 22.069066, "A*": 22.848221, "F-Hat": 25.496819, "Risk": 23.200809, "Lookahead": 1000 }