{ "BFS": 23.669154, "A*": 21.910146, "F-Hat": 25.606259, "Risk": 25.785887, "Lookahead": 100 }