{ "BFS": 24.967659, "A*": 26.268619, "F-Hat": 27.667264, "Risk": 27.053981, "Lookahead": 10 }