{ "BFS": 23.829407, "A*": 21.283603, "F-Hat": 25.903182, "Risk": 23.009233, "Lookahead": 1000 }