{ "BFS": 23.541728, "A*": 40.394107, "F-Hat": 43.243303, "Risk": 41.298600, "Lookahead": 100 }