{ "BFS": 21.504630, "A*": 19.807663, "F-Hat": 24.701223, "Risk": 24.322160, "Lookahead": 1000 }