{ "BFS": 22.474960, "A*": 21.675743, "F-Hat": 25.359680, "Risk": 24.203887, "Lookahead": 1000 }