{ "BFS": 23.770117, "A*": 23.421805, "F-Hat": 25.072980, "Risk": 25.590479, "Lookahead": 100 }