{ "BFS": 26.490141, "A*": 22.777465, "F-Hat": 27.735230, "Risk": 24.224422, "Lookahead": 100 }