{ "BFS": 25.591686, "A*": 25.779814, "F-Hat": 25.139693, "Risk": 25.491182, "Lookahead": 10 }