{ "BFS": 24.962980, "A*": 20.683003, "F-Hat": 25.169796, "Risk": 23.711375, "Lookahead": 100 }