{ "BFS": 27.217853, "A*": 28.012225, "F-Hat": 28.423412, "Risk": 24.260021, "Lookahead": 10 }