{ "BFS": 21.842798, "A*": 21.964516, "F-Hat": 25.740059, "Risk": 23.033609, "Lookahead": 1000 }