{ "BFS": 22.123367, "A*": 21.232606, "F-Hat": 24.798893, "Risk": 26.111009, "Lookahead": 1000 }