{ "BFS": 22.987178, "A*": 21.733685, "F-Hat": 22.475639, "Risk": 21.873923, "Lookahead": 1000 }