{ "BFS": 25.698988, "A*": 21.920893, "F-Hat": 25.045432, "Risk": 23.655840, "Lookahead": 100 }