{ "BFS": 23.148156, "A*": 21.285891, "F-Hat": 24.879972, "Risk": 23.759112, "Lookahead": 1000 }