{ "BFS": 24.315279, "A*": 22.146409, "F-Hat": 21.948799, "Risk": 21.065878, "Lookahead": 1000 }