{ "BFS": 27.842520, "A*": 24.106491, "F-Hat": 26.059091, "Risk": 25.080732, "Lookahead": 10 }