{ "BFS": 22.573831, "A*": 20.511206, "F-Hat": 23.282117, "Risk": 22.029738, "Lookahead": 1000 }