{ "BFS": 27.516653, "A*": 43.167720, "F-Hat": 44.077231, "Risk": 40.054902, "Lookahead": 10 }