{ "BFS": 24.789151, "A*": 23.197765, "F-Hat": 23.481297, "Risk": 23.470144, "Lookahead": 100 }