{ "BFS": 24.863949, "A*": 22.795290, "F-Hat": 26.177718, "Risk": 25.889112, "Lookahead": 100 }