{ "BFS": 25.591377, "A*": 25.078312, "F-Hat": 24.231120, "Risk": 28.207761, "Lookahead": 10 }