{ "BFS": 24.455138, "A*": 23.353443, "F-Hat": 26.244001, "Risk": 24.202042, "Lookahead": 100 }