{ "BFS": 24.526676, "A*": 23.222450, "F-Hat": 22.358509, "Risk": 22.274972, "Lookahead": 100 }