{ "BFS": 22.622002, "A*": 21.306147, "F-Hat": 20.580179, "Risk": 20.161878, "Lookahead": 1000 }