{ "BFS": 26.876397, "A*": 26.278632, "F-Hat": 26.767536, "Risk": 26.461372, "Lookahead": 10 }