{ "BFS": 21.679702, "A*": 21.586866, "F-Hat": 25.190348, "Risk": 24.726827, "Lookahead": 1000 }