{ "BFS": 21.013514, "A*": 19.107341, "F-Hat": 26.382310, "Risk": 23.178914, "Lookahead": 1000 }