{ "BFS": 24.168695, "A*": 21.202410, "F-Hat": 25.595721, "Risk": 24.128889, "Lookahead": 1000 }