{ "BFS": 24.082042, "A*": 41.276549, "F-Hat": 45.199089, "Risk": 42.787676, "Lookahead": 100 }