{ "BFS": 25.747663, "A*": 27.117725, "F-Hat": 24.755479, "Risk": 25.102791, "Lookahead": 10 }