{ "BFS": 24.693244, "A*": 25.771311, "F-Hat": 26.109218, "Risk": 24.935579, "Lookahead": 100 }