{ "BFS": 21.799191, "A*": 20.141007, "F-Hat": 24.671447, "Risk": 23.244684, "Lookahead": 1000 }