{ "BFS": 26.916510, "A*": 23.458526, "F-Hat": 25.271375, "Risk": 26.334558, "Lookahead": 100 }