{ "BFS": 25.819408, "A*": 24.063704, "F-Hat": 27.430184, "Risk": 25.785416, "Lookahead": 10 }