{ "BFS": 22.352233, "A*": 20.343146, "F-Hat": 25.972392, "Risk": 25.191483, "Lookahead": 1000 }