{ "BFS": 23.437111, "A*": 22.635572, "F-Hat": 23.085026, "Risk": 21.483693, "Confidence": 50.708041, "LSS-LRTA*": 34.653671, "Lookahead": 1000 }