{ "BFS": 20.865685, "A*": 20.283238, "F-Hat": 30.181645, "Risk": 30.181645, "Lookahead": 1000 }