{ "BFS": 23.258325, "A*": 22.903427, "F-Hat": 22.013578, "Risk": 21.378917, "Lookahead": 1000 }