{ "BFS": 21.269894, "A*": 20.584500, "F-Hat": 23.286443, "Risk": 22.257662, "Lookahead": 1000 }