{ "BFS": 25.152699, "A*": 25.435883, "F-Hat": 25.134027, "Risk": 26.293382, "Lookahead": 10 }