{ "BFS": 20.691377, "A*": 20.798060, "F-Hat": 24.209839, "Risk": 23.193484, "Lookahead": 1000 }