{ "BFS": 23.654858, "A*": 20.859369, "F-Hat": 25.494677, "Risk": 25.282850, "Lookahead": 1000 }