{ "BFS": 22.904675, "A*": 22.025694, "F-Hat": 27.286089, "Risk": 23.562090, "Lookahead": 100 }