{ "BFS": 23.046073, "A*": 20.138271, "F-Hat": 20.138271, "Risk": 20.138271, "LSS-LRTA*": 36.451645, "Lookahead": 1000 }