{ "BFS": 23.452515, "A*": 43.144384, "F-Hat": 46.303157, "Risk": 45.586089, "Lookahead": 1000 }