{ "BFS": 24.167541, "A*": 22.144573, "F-Hat": 25.266449, "Risk": 22.314102, "Lookahead": 100 }