{ "BFS": 25.500038, "A*": 24.933115, "F-Hat": 24.835803, "Risk": 23.580845, "Lookahead": 10 }