{ "BFS": 24.377978, "A*": 22.347424, "F-Hat": 27.454954, "Risk": 22.478531, "Lookahead": 100 }