{ "BFS": 25.185950, "A*": 22.562663, "F-Hat": 26.219257, "Risk": 25.021277, "Lookahead": 100 }