{ "BFS": 25.974880, "A*": 22.617657, "F-Hat": 27.361910, "Risk": 25.744158, "Lookahead": 1000 }