{ "BFS": 21.869829, "A*": 20.572731, "F-Hat": 23.283037, "Risk": 21.610813, "Lookahead": 1000 }