{ "BFS": 24.205742, "A*": 22.126610, "F-Hat": 22.903745, "Risk": 21.609201, "Lookahead": 1000 }