{ "BFS": 25.780768, "A*": 26.215421, "F-Hat": 25.330881, "Risk": 27.262461, "Lookahead": 10 }