{ "BFS": 25.029510, "A*": 26.556721, "F-Hat": 29.073357, "Risk": 27.679498, "Lookahead": 10 }