{ "BFS": 21.675675, "A*": 20.312552, "F-Hat": 26.069693, "Risk": 22.176525, "Lookahead": 1000 }