{ "BFS": 27.016414, "A*": 24.696607, "F-Hat": 28.171626, "Risk": 25.172366, "Lookahead": 10 }