{ "BFS": 21.707474, "A*": 20.333671, "F-Hat": 23.008470, "Risk": 23.060566, "Lookahead": 100 }