{ "BFS": 27.727590, "A*": 25.866041, "F-Hat": 23.900979, "Risk": 27.047178, "Lookahead": 10 }