{ "BFS": 27.412718, "A*": 25.725229, "F-Hat": 26.098393, "Risk": 27.302590, "Lookahead": 10 }