{ "BFS": 26.494384, "A*": 24.757352, "F-Hat": 30.213299, "Risk": 29.734306, "Lookahead": 10 }