{ "BFS": 23.379251, "A*": 23.305225, "F-Hat": 25.875732, "Risk": 24.071482, "Lookahead": 1000 }