{ "BFS": 24.913636, "A*": 23.655208, "F-Hat": 25.759094, "Risk": 22.736701, "Lookahead": 100 }