{ "BFS": 29.564063, "A*": 28.255401, "F-Hat": 26.131892, "Risk": 25.507776, "Lookahead": 10 }