{ "BFS": 25.692750, "A*": 25.504393, "F-Hat": 23.283037, "Risk": 25.783662, "Lookahead": 10 }