{ "BFS": 25.410602, "A*": 22.228806, "F-Hat": 28.636429, "Risk": 23.476895, "Lookahead": 100 }