{ "BFS": 24.532809, "A*": 22.269952, "F-Hat": 25.701908, "Risk": 21.616867, "Lookahead": 100 }