{ "BFS": 25.711244, "A*": 27.835020, "F-Hat": 26.210650, "Risk": 24.419482, "Lookahead": 10 }