{ "BFS": 28.004196, "A*": 44.327223, "F-Hat": 45.352270, "Risk": 36.382971, "Lookahead": 10 }