{ "BFS": 25.228827, "A*": 21.771437, "F-Hat": 26.002448, "Risk": 23.785727, "Lookahead": 1000 }