{ "BFS": 27.288923, "A*": 27.110434, "F-Hat": 27.022672, "Risk": 24.568302, "Lookahead": 10 }