{ "BFS": 21.933173, "A*": 22.654226, "F-Hat": 25.051762, "Risk": 23.146394, "Lookahead": 1000 }