{ "BFS": 24.225586, "A*": 24.818707, "F-Hat": 26.498398, "Risk": 24.551787, "Lookahead": 10 }