{ "BFS": 22.264144, "A*": 21.779819, "F-Hat": 25.719819, "Risk": 24.626071, "Lookahead": 1000 }