{ "BFS": 26.483808, "A*": 25.797904, "F-Hat": 26.685809, "Risk": 26.570107, "LSS-LRTA*": 34.456864, "Lookahead": 10 }