{ "BFS": 24.430874, "A*": 24.786261, "F-Hat": 24.864690, "Risk": 24.994102, "Lookahead": 100 }