{ "BFS": 24.331880, "A*": 23.224885, "F-Hat": 23.308768, "Risk": 23.384585, "Lookahead": 10 }