{ "BFS": 25.544491, "A*": 26.434509, "F-Hat": 27.804677, "Risk": 23.191052, "Lookahead": 10 }