{ "BFS": 25.186187, "A*": 22.918966, "F-Hat": 29.245938, "Risk": 25.454380, "Lookahead": 1000 }