{ "BFS": 26.314362, "A*": 23.718716, "F-Hat": 24.272582, "Risk": 24.581019, "Lookahead": 10 }