{ "BFS": 26.957575, "A*": 25.562248, "F-Hat": 25.045432, "Risk": 27.518890, "Lookahead": 10 }