{ "BFS": 24.440695, "A*": 21.794540, "F-Hat": 25.929510, "Risk": 22.808226, "Lookahead": 100 }