{ "BFS": 24.738868, "A*": 21.555844, "F-Hat": 25.385715, "Risk": 27.840437, "Lookahead": 1000 }