{ "BFS": 23.218411, "A*": 25.168441, "F-Hat": 26.378079, "Risk": 25.162020, "Lookahead": 100 }