{ "BFS": 27.422527, "A*": 25.114508, "F-Hat": 26.494753, "Risk": 26.674895, "Lookahead": 10 }