{ "BFS": 26.323805, "A*": 25.726989, "F-Hat": 25.935393, "Risk": 23.777496, "Lookahead": 10 }