{ "BFS": 22.444740, "A*": 22.893948, "F-Hat": 25.211167, "Risk": 25.605310, "Lookahead": 100 }