{ "BFS": 23.936236, "A*": 21.941233, "F-Hat": 26.395608, "Risk": 23.716987, "Lookahead": 100 }