{ "BFS": 22.116633, "A*": 22.269493, "F-Hat": 26.717242, "Risk": 24.316356, "Lookahead": 1000 }