{ "BFS": 27.363903, "A*": 25.061009, "F-Hat": 25.679729, "Risk": 26.312344, "Lookahead": 10 }