{ "BFS": 24.762269, "A*": 21.447240, "F-Hat": 24.449211, "Risk": 23.078789, "Lookahead": 100 }