{ "BFS": 24.668199, "A*": 23.145741, "F-Hat": 22.865274, "Risk": 20.661901, "Lookahead": 100 }