{ "BFS": 21.613847, "A*": 21.646397, "F-Hat": 22.020055, "Risk": 21.908152, "Lookahead": 100 }