{ "BFS": 29.325767, "A*": 26.574179, "F-Hat": 28.152442, "Risk": 25.318362, "Lookahead": 10 }