{ "BFS": 24.236662, "A*": 21.159132, "F-Hat": 26.374791, "Risk": 24.556788, "Lookahead": 1000 }