{ "BFS": 21.713521, "A*": 22.030494, "F-Hat": 25.684741, "Risk": 22.744617, "Lookahead": 1000 }