{ "BFS": 25.711449, "A*": 23.340673, "F-Hat": 20.645649, "Risk": 20.949697, "Lookahead": 10 }