{ "BFS": 22.526941, "A*": 22.803975, "F-Hat": 26.658989, "Risk": 26.414701, "Lookahead": 1000 }