{ "BFS": 21.628568, "A*": 20.912698, "F-Hat": 25.697559, "Risk": 22.841441, "Lookahead": 1000 }