{ "BFS": 24.162969, "A*": 20.965444, "F-Hat": 24.900518, "Risk": 24.900518, "Lookahead": 1000 }