{ "BFS": 28.019510, "A*": 26.994978, "F-Hat": 28.158355, "Risk": 24.677899, "LSS-LRTA*": 40.861484, "Lookahead": 10 }