{ "BFS": 23.462860, "A*": 20.492453, "F-Hat": 22.045816, "Risk": 21.870060, "Lookahead": 1000 }