{ "BFS": 21.318681, "A*": 21.370876, "F-Hat": 22.460331, "Risk": 22.460331, "Lookahead": 1000 }