{ "BFS": 26.989451, "A*": 26.958451, "F-Hat": 25.223692, "Risk": 28.112059, "Lookahead": 10 }