{ "BFS": 27.892404, "A*": 25.093704, "F-Hat": 26.722761, "Risk": 24.900695, "Lookahead": 10 }