{ "BFS": 24.983230, "A*": 24.705921, "F-Hat": 26.618023, "Risk": 27.509632, "Lookahead": 10 }