{ "BFS": 26.452761, "A*": 25.011017, "F-Hat": 25.402211, "Risk": 23.493107, "Lookahead": 10 }