{ "BFS": 24.811524, "A*": 26.293576, "F-Hat": 28.856656, "Risk": 24.478122, "Lookahead": 10 }