{ "BFS": 27.459174, "A*": 27.126045, "F-Hat": 30.316611, "Risk": 24.138142, "Lookahead": 10 }