{ "BFS": 21.516225, "A*": 18.971489, "F-Hat": 26.992536, "Risk": 22.691654, "Lookahead": 1000 }