{ "BFS": 23.430131, "A*": 20.913554, "F-Hat": 25.259265, "Risk": 25.259265, "Lookahead": 1000 }