{ "BFS": 22.668876, "A*": 17.819351, "F-Hat": 28.272987, "Risk": 25.378394, "Lookahead": 1000 }