{ "BFS": 25.308691, "A*": 21.905484, "F-Hat": 26.275317, "Risk": 23.615105, "Lookahead": 100 }