{ "BFS": 29.805920, "A*": 23.762591, "F-Hat": 26.524961, "Risk": 27.354395, "Lookahead": 10 }