{ "BFS": 21.261246, "A*": 22.175539, "F-Hat": 25.539945, "Risk": 23.930170, "Lookahead": 1000 }