{ "BFS": 23.677169, "A*": 22.699393, "F-Hat": 25.153454, "Risk": 23.920737, "Lookahead": 100 }