{ "BFS": 22.639504, "A*": 45.465100, "F-Hat": 44.040421, "Risk": 42.990454, "Lookahead": 100 }