{ "BFS": 22.483190, "A*": 22.896580, "F-Hat": 25.417594, "Risk": 24.122981, "Lookahead": 100 }