{ "BFS": 29.419812, "A*": 39.035482, "F-Hat": 46.350349, "Risk": 37.605228, "Lookahead": 10 }