{ "BFS": 25.811792, "A*": 21.875920, "F-Hat": 25.173046, "Risk": 22.434933, "Lookahead": 1000 }