{ "BFS": 25.601422, "A*": 22.437072, "F-Hat": 24.159796, "Risk": 23.812153, "Lookahead": 100 }