{ "BFS": 22.519033, "A*": 22.783185, "F-Hat": 24.344703, "Risk": 23.497925, "Lookahead": 100 }