{ "BFS": 21.926823, "A*": 22.165086, "F-Hat": 26.812333, "Risk": 21.961535, "Lookahead": 100 }