{ "BFS": 27.055747, "A*": 27.642882, "F-Hat": 28.887955, "Risk": 26.110055, "Lookahead": 10 }