{ "BFS": 22.267910, "A*": 26.809381, "F-Hat": 28.272295, "Risk": 24.903981, "Lookahead": 10 }