{ "BFS": 27.086757, "A*": 22.766724, "F-Hat": 26.195250, "Risk": 23.483949, "Lookahead": 100 }