{ "BFS": 29.154473, "A*": 25.508160, "F-Hat": 25.571132, "Risk": 25.391361, "Lookahead": 10 }