{ "BFS": 25.794580, "A*": 24.320929, "F-Hat": 24.728933, "Risk": 24.551733, "Confidence": 37.714711, "LSS-LRTA*": 36.233385, "Lookahead": 10 }