{ "BFS": 21.333712, "A*": 21.781790, "F-Hat": 26.304088, "Risk": 24.217662, "Lookahead": 1000 }