{ "BFS": 26.872697, "A*": 25.899643, "F-Hat": 24.218843, "Risk": 22.963061, "Lookahead": 10 }