{ "BFS": 22.177988, "A*": 22.482495, "F-Hat": 24.930960, "Risk": 23.563195, "Lookahead": 1000 }