{ "BFS": 26.837215, "A*": 22.598023, "F-Hat": 24.753078, "Risk": 25.805419, "Lookahead": 100 }