{ "BFS": 22.932760, "A*": 20.507219, "F-Hat": 22.840177, "Risk": 21.927074, "Confidence": 44.323007, "LSS-LRTA*": 31.985033, "Lookahead": 1000 }