{ "BFS": 25.584263, "A*": 21.679569, "F-Hat": 25.610100, "Risk": 24.719137, "Lookahead": 100 }