{ "BFS": 22.941317, "A*": 20.822123, "F-Hat": 27.094310, "Risk": 23.645271, "Lookahead": 1000 }