{ "BFS": 23.877884, "A*": 24.569328, "F-Hat": 28.303972, "Risk": 23.853460, "Lookahead": 10 }