{ "BFS": 23.536346, "A*": 22.642055, "F-Hat": 24.710944, "Risk": 24.933938, "Lookahead": 10 }