{ "BFS": 23.104567, "A*": 21.565121, "F-Hat": 27.777197, "Risk": 23.271258, "Lookahead": 100 }