{ "BFS": 21.077885, "A*": 23.232790, "F-Hat": 25.649349, "Risk": 21.681172, "Lookahead": 1000 }