{ "BFS": 25.505349, "A*": 26.467352, "F-Hat": 24.365110, "Risk": 25.059039, "Lookahead": 10 }