{ "BFS": 24.020397, "A*": 23.051691, "F-Hat": 25.411248, "Risk": 24.292968, "Lookahead": 100 }