{ "BFS": 26.732890, "A*": 25.054713, "F-Hat": 25.616226, "Risk": 22.441799, "Lookahead": 10 }