{ "BFS": 26.024383, "A*": 25.120120, "F-Hat": 25.628919, "Risk": 25.697138, "Lookahead": 10 }