{ "BFS": 26.413624, "A*": 25.475947, "F-Hat": 27.937619, "Risk": 24.457150, "Lookahead": 10 }