{ "BFS": 22.029867, "A*": 42.549238, "F-Hat": 45.158502, "Risk": 41.109580, "Lookahead": 1000 }