{ "BFS": 23.086078, "A*": 42.082836, "F-Hat": 43.417179, "Risk": 38.813041, "Lookahead": 10 }