{ "BFS": 24.585118, "A*": 23.666108, "F-Hat": 25.214250, "Risk": 24.209243, "Lookahead": 100 }