{ "BFS": 27.278638, "A*": 22.862064, "F-Hat": 27.427807, "Risk": 24.981854, "Lookahead": 100 }