{ "BFS": 26.136114, "A*": 24.893355, "F-Hat": 26.348092, "Risk": 23.273959, "Lookahead": 10 }