{ "BFS": 23.183286, "A*": 21.042076, "F-Hat": 25.831199, "Risk": 25.005036, "Lookahead": 1000 }