{ "BFS": 27.395057, "A*": 23.241469, "F-Hat": 27.296070, "Risk": 28.746232, "Lookahead": 10 }