{ "BFS": 20.606460, "A*": 21.577006, "F-Hat": 25.716689, "Risk": 24.440770, "Lookahead": 1000 }