{ "BFS": 22.436762, "A*": 21.451954, "F-Hat": 23.202168, "Risk": 23.192883, "Lookahead": 1000 }