{ "BFS": 23.071794, "A*": 23.414442, "F-Hat": 23.165208, "Risk": 22.159624, "Lookahead": 100 }