{ "BFS": 26.480400, "A*": 25.866308, "F-Hat": 25.513283, "Risk": 24.769162, "Lookahead": 10 }