{ "BFS": 22.941315, "A*": 21.837477, "F-Hat": 26.038308, "Risk": 23.243794, "Lookahead": 100 }