{ "BFS": 24.942224, "A*": 22.746234, "F-Hat": 26.637922, "Risk": 23.852830, "Lookahead": 100 }