{ "BFS": 22.023516, "A*": 22.164980, "F-Hat": 26.360296, "Risk": 24.849326, "Lookahead": 1000 }