{ "BFS": 26.964516, "A*": 24.873854, "F-Hat": 24.082826, "Risk": 25.569817, "Lookahead": 10 }