{ "BFS": 25.158822, "A*": 22.388637, "F-Hat": 24.688523, "Risk": 23.844395, "Lookahead": 100 }