{ "BFS": 26.380178, "A*": 24.045675, "F-Hat": 23.857884, "Risk": 25.305192, "Lookahead": 10 }