{ "BFS": 23.270828, "A*": 21.375688, "F-Hat": 28.370384, "Risk": 23.034075, "Lookahead": 100 }