{ "BFS": 23.187054, "A*": 22.096887, "F-Hat": 21.719248, "Risk": 21.472947, "Lookahead": 100 }