{ "BFS": 25.679665, "A*": 28.000688, "F-Hat": 28.712138, "Risk": 26.949090, "Lookahead": 10 }