{ "BFS": 28.211088, "A*": 27.456133, "F-Hat": 29.285292, "Risk": 28.198852, "Lookahead": 10 }