{ "BFS": 24.301082, "A*": 24.082054, "F-Hat": 22.892743, "Risk": 23.537341, "Lookahead": 100 }