{ "BFS": 25.542965, "A*": 22.174125, "F-Hat": 21.994802, "Risk": 24.100137, "Lookahead": 100 }