{ "BFS": 21.574590, "A*": 21.506380, "F-Hat": 26.034209, "Risk": 24.018523, "Lookahead": 1000 }