{ "BFS": 24.820526, "A*": 27.794001, "F-Hat": 29.132217, "Risk": 24.879961, "Lookahead": 10 }