{ "BFS": 22.875607, "A*": 22.561175, "F-Hat": 26.069952, "Risk": 24.687095, "Lookahead": 100 }