{ "BFS": 21.927955, "A*": 20.148409, "F-Hat": 25.192662, "Risk": 23.548775, "Lookahead": 1000 }