{ "BFS": 22.026007, "A*": 19.857817, "F-Hat": 22.058444, "Risk": 20.460630, "Lookahead": 1000 }