{ "BFS": 21.921535, "A*": 22.695868, "F-Hat": 24.027074, "Risk": 25.831748, "Lookahead": 100 }