{ "BFS": 23.327939, "A*": 21.115924, "F-Hat": 25.240193, "Risk": 24.461182, "Lookahead": 1000 }