{ "BFS": 25.438718, "A*": 22.425506, "F-Hat": 24.038505, "Risk": 19.400441, "Lookahead": 100 }