{ "BFS": 24.785692, "A*": 23.096001, "F-Hat": 26.059633, "Risk": 21.758591, "Lookahead": 100 }