{ "BFS": 22.630196, "A*": 22.434875, "F-Hat": 25.335103, "Risk": 24.023541, "Lookahead": 100 }