{ "BFS": 24.487093, "A*": 24.333744, "F-Hat": 21.831527, "Risk": 22.083379, "Lookahead": 100 }