{ "BFS": 23.055689, "A*": 20.982110, "F-Hat": 26.327435, "Risk": 22.652094, "Lookahead": 1000 }