{ "BFS": 27.856945, "A*": 27.384565, "F-Hat": 27.870168, "Risk": 29.340424, "Lookahead": 10 }