{ "BFS": 24.969835, "A*": 25.163946, "F-Hat": 23.261553, "Risk": 25.262645, "Lookahead": 10 }