{ "BFS": 25.179855, "A*": 39.478118, "F-Hat": 39.465677, "Risk": 45.141628, "Lookahead": 100 }