{ "BFS": 24.391411, "A*": 22.500570, "F-Hat": 23.394979, "Risk": 23.063883, "Lookahead": 10 }