{ "BFS": 25.605490, "A*": 25.906820, "F-Hat": 25.579470, "Risk": 25.829733, "Lookahead": 10 }