{ "BFS": 24.083026, "A*": 29.931544, "F-Hat": 24.791034, "Risk": 25.722353, "Lookahead": 10 }