{ "BFS": 27.645300, "A*": 26.708605, "F-Hat": 22.472804, "Risk": 25.289090, "Lookahead": 10 }