{ "BFS": 23.372192, "A*": 23.332732, "F-Hat": 24.045256, "Risk": 22.730473, "Lookahead": 100 }