{ "BFS": 23.498514, "A*": 23.541130, "F-Hat": 24.829219, "Risk": 23.237290, "Lookahead": 100 }