{ "BFS": 23.098870, "A*": 23.062493, "F-Hat": 27.322437, "Risk": 23.333832, "Lookahead": 1000 }