{ "BFS": 24.971347, "A*": 25.092150, "F-Hat": 26.956199, "Risk": 25.400337, "Lookahead": 10 }