{ "BFS": 24.622053, "A*": 22.575745, "F-Hat": 24.925743, "Risk": 23.679284, "Lookahead": 100 }