{ "BFS": 25.321461, "A*": 23.940207, "F-Hat": 28.879228, "Risk": 29.230305, "Lookahead": 10 }