{ "BFS": 25.377439, "A*": 23.176244, "F-Hat": 22.641433, "Risk": 20.428639, "Confidence": 45.273973, "LSS-LRTA*": 33.847823, "Lookahead": 100 }