{ "BFS": 24.153719, "A*": 23.109918, "F-Hat": 27.250215, "Risk": 24.616187, "Lookahead": 100 }