{ "BFS": 23.680242, "A*": 21.128720, "F-Hat": 24.755383, "Risk": 23.986482, "Lookahead": 100 }