{ "BFS": 22.782475, "A*": 20.733801, "F-Hat": 26.898240, "Risk": 22.886185, "Lookahead": 1000 }