{ "BFS": 23.519444, "A*": 20.242710, "F-Hat": 24.209300, "Risk": 24.569824, "Lookahead": 100 }