{ "BFS": 24.040447, "A*": 44.092701, "F-Hat": 45.782425, "Risk": 44.243862, "Lookahead": 1000 }