{ "BFS": 23.638719, "A*": 22.331070, "F-Hat": 26.473820, "Risk": 23.998449, "Lookahead": 100 }