{ "BFS": 27.884770, "A*": 28.225798, "F-Hat": 25.697106, "Risk": 24.421460, "Lookahead": 10 }