{ "BFS": 26.719340, "A*": 27.584215, "F-Hat": 28.243096, "Risk": 24.051054, "Lookahead": 10 }