{ "BFS": 25.135589, "A*": 22.372810, "F-Hat": 24.539893, "Risk": 22.852877, "Lookahead": 100 }