{ "BFS": 22.475486, "A*": 44.853335, "F-Hat": 39.017408, "Risk": 45.024399, "Lookahead": 1000 }