{ "BFS": 28.070196, "A*": 27.171910, "F-Hat": 26.703713, "Risk": 22.284367, "Lookahead": 10 }