{ "BFS": 21.275881, "A*": 22.599547, "F-Hat": 27.353211, "Risk": 23.518625, "Lookahead": 1000 }