{ "BFS": 24.491615, "A*": 23.224572, "F-Hat": 25.520459, "Risk": 24.214045, "Lookahead": 100 }