{ "BFS": 22.694439, "A*": 20.139464, "F-Hat": 25.737214, "Risk": 23.798513, "Lookahead": 1000 }