{ "BFS": 26.701104, "A*": 23.771090, "F-Hat": 26.644905, "Risk": 24.307100, "Lookahead": 10 }