{ "BFS": 23.258314, "A*": 22.259464, "F-Hat": 24.766656, "Risk": 24.896657, "Lookahead": 1000 }