{ "BFS": 28.393391, "A*": 26.152313, "F-Hat": 25.935748, "Risk": 25.449416, "Lookahead": 10 }