{ "BFS": 22.322653, "A*": 20.895178, "F-Hat": 25.213830, "Risk": 24.273308, "Lookahead": 1000 }