{ "BFS": 23.313040, "A*": 22.733064, "F-Hat": 26.158388, "Risk": 25.153606, "Lookahead": 1000 }