{ "BFS": 23.314751, "A*": 20.467678, "F-Hat": 26.284695, "Risk": 24.197327, "Lookahead": 1000 }