{ "BFS": 25.901702, "A*": 23.558745, "F-Hat": 26.749474, "Risk": 24.771750, "Lookahead": 100 }