{ "BFS": 27.536008, "A*": 23.823736, "F-Hat": 25.462006, "Risk": 22.537294, "Confidence": 42.777780, "LSS-LRTA*": 33.491427, "Lookahead": 10 }