{ "BFS": 26.261194, "A*": 24.062422, "F-Hat": 26.895454, "Risk": 24.557838, "Lookahead": 100 }