{ "BFS": 22.492566, "A*": 21.147998, "F-Hat": 26.246666, "Risk": 26.274964, "Lookahead": 100 }