{ "BFS": 22.883316, "A*": 40.099859, "F-Hat": 41.957992, "Risk": 46.120391, "Lookahead": 1000 }