{ "BFS": 23.623434, "A*": 23.862094, "F-Hat": 29.232295, "Risk": 26.549456, "Lookahead": 100 }