{ "BFS": 26.893152, "A*": 26.011269, "F-Hat": 27.357544, "Risk": 27.088372, "Lookahead": 10 }