{ "BFS": 24.586854, "A*": 23.939437, "F-Hat": 22.650814, "Risk": 20.800477, "Lookahead": 100 }