{ "BFS": 22.776159, "A*": 21.359683, "F-Hat": 26.665421, "Risk": 25.054622, "Lookahead": 1000 }