{ "BFS": 23.022531, "A*": 23.430749, "F-Hat": 27.191832, "Risk": 23.664624, "Lookahead": 100 }