{ "BFS": 26.174946, "A*": 26.497120, "F-Hat": 26.060912, "Risk": 28.792490, "Lookahead": 10 }