{ "BFS": 23.760946, "A*": 22.354326, "F-Hat": 27.907124, "Risk": 25.746914, "Lookahead": 100 }