{ "BFS": 27.110530, "A*": 24.093282, "F-Hat": 23.565476, "Risk": 24.209044, "Lookahead": 10 }