{ "BFS": 28.620500, "A*": 24.630536, "F-Hat": 26.314372, "Risk": 26.314372, "Lookahead": 10 }