{ "BFS": 25.143443, "A*": 28.414136, "F-Hat": 28.152558, "Risk": 25.405362, "Lookahead": 10 }