{ "BFS": 21.956435, "A*": 19.692583, "F-Hat": 20.826407, "Risk": 21.151910, "Lookahead": 100 }