{ "BFS": 23.479894, "A*": 22.752479, "F-Hat": 28.916128, "Risk": 28.916128, "Lookahead": 100 }