{ "BFS": 27.297602, "A*": 23.726507, "F-Hat": 27.008307, "Risk": 25.550785, "Lookahead": 10 }