{ "BFS": 22.481922, "A*": 23.914054, "F-Hat": 20.740921, "Risk": 20.959699, "Lookahead": 100 }