{ "BFS": 30.748975, "A*": 27.156769, "F-Hat": 26.463388, "Risk": 25.087318, "Lookahead": 10 }