{ "BFS": 26.052030, "A*": 26.670261, "F-Hat": 25.853116, "Risk": 25.332947, "Lookahead": 10 }