{ "BFS": 26.353977, "A*": 25.254456, "F-Hat": 26.796801, "Risk": 25.413115, "Lookahead": 10 }