{ "BFS": 23.292310, "A*": 19.910760, "F-Hat": 23.192042, "Risk": 22.727471, "Lookahead": 1000 }