{ "BFS": 24.287703, "A*": 22.150320, "F-Hat": 26.458114, "Risk": 22.523090, "Lookahead": 100 }