{ "BFS": 25.166273, "A*": 23.778088, "F-Hat": 26.561492, "Risk": 27.729266, "Lookahead": 100 }