{ "BFS": 24.930812, "A*": 22.007710, "F-Hat": 28.007884, "Risk": 23.032221, "Lookahead": 100 }