{ "BFS": 28.359090, "A*": 26.773862, "F-Hat": 27.496879, "Risk": 25.814132, "Lookahead": 10 }