{ "BFS": 22.658181, "A*": 22.400689, "F-Hat": 27.089287, "Risk": 24.096352, "Lookahead": 1000 }