{ "BFS": 26.896128, "A*": 23.177279, "F-Hat": 26.358099, "Risk": 25.029160, "Lookahead": 100 }