{ "BFS": 24.848452, "A*": 22.268437, "F-Hat": 24.825583, "Risk": 23.283627, "Lookahead": 100 }