{ "BFS": 24.164490, "A*": 23.456570, "F-Hat": 24.419631, "Risk": 22.570729, "Lookahead": 1000 }