{ "BFS": 27.383987, "A*": 25.201477, "F-Hat": 26.600134, "Risk": 24.360712, "Lookahead": 10 }