{ "BFS": 25.274616, "A*": 39.853503, "F-Hat": 36.538013, "Risk": 43.082169, "Lookahead": 10 }