{ "BFS": 22.477703, "A*": 22.074226, "F-Hat": 25.446244, "Risk": 23.656395, "Lookahead": 100 }