{ "BFS": 25.709689, "A*": 23.568930, "F-Hat": 22.943170, "Risk": 22.179810, "Lookahead": 100 }