{ "BFS": 24.037220, "A*": 22.391019, "F-Hat": 26.391475, "Risk": 26.391475, "Lookahead": 1000 }