{ "BFS": 24.130268, "A*": 24.353822, "F-Hat": 26.164248, "Risk": 25.378562, "Lookahead": 10 }