{ "BFS": 25.461640, "A*": 26.959734, "F-Hat": 26.117683, "Risk": 27.207857, "Lookahead": 10 }