{ "BFS": 24.385775, "A*": 23.416061, "F-Hat": 25.693098, "Risk": 21.761635, "Lookahead": 100 }