{ "BFS": 22.931530, "A*": 22.964221, "F-Hat": 26.444833, "Risk": 26.444833, "Lookahead": 100 }