{ "BFS": 26.510329, "A*": 27.195980, "F-Hat": 27.917600, "Risk": 24.057547, "Lookahead": 10 }