{ "BFS": 25.023414, "A*": 24.369802, "F-Hat": 27.132061, "Risk": 23.053630, "Lookahead": 100 }