{ "BFS": 22.130556, "A*": 21.318951, "F-Hat": 23.162166, "Risk": 20.651649, "Lookahead": 100 }