{ "BFS": 23.977916, "A*": 23.199019, "F-Hat": 26.570176, "Risk": 23.619584, "Lookahead": 100 }