{ "BFS": 23.448170, "A*": 21.547259, "F-Hat": 27.259684, "Risk": 24.756102, "Lookahead": 1000 }