{ "BFS": 28.709186, "A*": 28.574546, "F-Hat": 26.379709, "Risk": 27.880694, "Lookahead": 10 }