{ "BFS": 23.695205, "A*": 22.119956, "F-Hat": 27.009041, "Risk": 24.687269, "Lookahead": 100 }