{ "BFS": 30.611115, "A*": 27.231376, "F-Hat": 26.413258, "Risk": 29.716792, "Lookahead": 10 }