{ "BFS": 23.076949, "A*": 23.021451, "F-Hat": 25.201078, "Risk": 23.953541, "Lookahead": 100 }