{ "BFS": 23.619778, "A*": 21.603685, "F-Hat": 25.693660, "Risk": 22.476475, "Lookahead": 100 }