{ "BFS": 22.703675, "A*": 21.291512, "F-Hat": 26.218685, "Risk": 26.345157, "Lookahead": 1000 }