{ "BFS": 22.019922, "A*": 20.652637, "F-Hat": 24.034185, "Risk": 24.674363, "Lookahead": 1000 }