{ "BFS": 26.012972, "A*": 28.480135, "F-Hat": 23.176145, "Risk": 27.238316, "Lookahead": 10 }