{ "BFS": 24.863270, "A*": 25.473694, "F-Hat": 26.085659, "Risk": 23.977084, "Lookahead": 10 }