{ "BFS": 31.045760, "A*": 29.060068, "F-Hat": 28.871872, "Risk": 26.406352, "Lookahead": 10 }