{ "BFS": 24.025125, "A*": 43.708817, "F-Hat": 39.879797, "Risk": 47.276293, "Lookahead": 1000 }