{ "BFS": 27.317194, "A*": 25.194326, "F-Hat": 28.004446, "Risk": 24.000081, "Lookahead": 10 }