{ "BFS": 26.340297, "A*": 40.722236, "F-Hat": 45.736686, "Risk": 38.030562, "Lookahead": 100 }