{ "BFS": 23.534907, "A*": 23.791831, "F-Hat": 26.463695, "Risk": 25.583319, "Lookahead": 1000 }