{ "BFS": 24.667709, "A*": 34.032487, "F-Hat": 44.911868, "Risk": 36.709324, "Lookahead": 10 }