{ "BFS": 25.359756, "A*": 25.872173, "F-Hat": 25.839112, "Risk": 26.083076, "Lookahead": 10 }