{ "BFS": 24.297168, "A*": 21.218322, "F-Hat": 26.820622, "Risk": 24.968360, "Lookahead": 100 }