{ "BFS": 24.273123, "A*": 23.834514, "F-Hat": 25.740969, "Risk": 26.526179, "Lookahead": 100 }