{ "BFS": 23.977496, "A*": 21.483535, "F-Hat": 26.811844, "Risk": 22.874878, "Lookahead": 100 }