{ "BFS": 25.143755, "A*": 22.206815, "F-Hat": 23.175852, "Risk": 21.662530, "Lookahead": 100 }