{ "BFS": 22.478660, "A*": 36.596731, "F-Hat": 47.591049, "Risk": 39.824033, "Lookahead": 1000 }