{ "BFS": 21.909406, "A*": 21.731240, "F-Hat": 25.822856, "Risk": 24.271826, "Lookahead": 1000 }