{ "BFS": 25.150062, "A*": 20.354171, "F-Hat": 24.976797, "Risk": 24.660777, "Lookahead": 100 }