{ "BFS": 22.949190, "A*": 23.077240, "F-Hat": 25.235366, "Risk": 24.610537, "Lookahead": 100 }