{ "BFS": 27.704532, "A*": 26.375369, "F-Hat": 22.626137, "Risk": 25.273567, "Lookahead": 10 }