{ "BFS": 23.502810, "A*": 21.964877, "F-Hat": 28.810285, "Risk": 23.831036, "Lookahead": 1000 }