{ "BFS": 23.972280, "A*": 22.128754, "F-Hat": 22.926421, "Risk": 22.302496, "Lookahead": 1000 }