{ "BFS": 24.971522, "A*": 21.566528, "F-Hat": 27.344868, "Risk": 23.462996, "Lookahead": 100 }