{ "BFS": 25.278943, "A*": 41.566095, "F-Hat": 43.925351, "Risk": 43.655098, "Lookahead": 10 }