{ "BFS": 24.792890, "A*": 24.281691, "F-Hat": 23.172767, "Risk": 21.279313, "Lookahead": 100 }