{ "BFS": 30.150956, "A*": 42.331502, "F-Hat": 39.433003, "Risk": 39.645308, "Lookahead": 10 }