{ "BFS": 25.177371, "A*": 21.177383, "F-Hat": 28.996356, "Risk": 24.818674, "Lookahead": 1000 }