{ "BFS": 25.589787, "A*": 24.048223, "F-Hat": 26.203100, "Risk": 26.233546, "Lookahead": 10 }