{ "BFS": 22.836535, "A*": 23.716902, "F-Hat": 26.012329, "Risk": 25.075745, "Lookahead": 100 }