{ "BFS": 26.002991, "A*": 24.158900, "F-Hat": 27.226613, "Risk": 28.539921, "Lookahead": 10 }