{ "BFS": 26.347522, "A*": 23.022076, "F-Hat": 27.463550, "Risk": 23.375332, "Lookahead": 10 }