{ "BFS": 24.090548, "A*": 23.656326, "F-Hat": 28.184957, "Risk": 25.526644, "Lookahead": 100 }