{ "BFS": 23.420506, "A*": 22.290940, "F-Hat": 27.024023, "Risk": 23.464189, "Lookahead": 1000 }