{ "BFS": 26.214528, "A*": 22.714839, "F-Hat": 26.532244, "Risk": 24.817312, "Lookahead": 100 }