{ "BFS": 27.308355, "A*": 23.473591, "F-Hat": 27.922143, "Risk": 24.255812, "Lookahead": 10 }