{ "BFS": 23.517720, "A*": 24.858988, "F-Hat": 27.864993, "Risk": 23.108878, "Lookahead": 10 }