{ "BFS": 22.724499, "A*": 22.231144, "F-Hat": 27.261501, "Risk": 23.970692, "Lookahead": 1000 }