{ "BFS": 26.966856, "A*": 41.606654, "F-Hat": 47.270069, "Risk": 46.779205, "Lookahead": 10 }