{ "BFS": 28.598937, "A*": 27.306579, "F-Hat": 27.596797, "Risk": 26.404451, "Lookahead": 10 }