{ "BFS": 24.929607, "A*": 23.322224, "F-Hat": 28.085654, "Risk": 24.779446, "Lookahead": 10 }