{ "BFS": 23.234018, "A*": 44.331537, "F-Hat": 40.830976, "Risk": 39.888315, "Lookahead": 100 }