{ "BFS": 26.593359, "A*": 26.000158, "F-Hat": 28.287234, "Risk": 24.932201, "Confidence": 41.051855, "LSS-LRTA*": 37.024947, "Lookahead": 10 }