{ "BFS": 22.842315, "A*": 20.120195, "F-Hat": 25.607799, "Risk": 23.083345, "Lookahead": 1000 }