{ "BFS": 28.722517, "A*": 27.120877, "F-Hat": 27.842802, "Risk": 24.836944, "Lookahead": 10 }