{ "BFS": 25.606622, "A*": 22.038590, "F-Hat": 22.991049, "Risk": 23.286796, "Lookahead": 100 }