{ "BFS": 22.076250, "A*": 19.504005, "F-Hat": 22.296784, "Risk": 22.296784, "Lookahead": 1000 }