{ "BFS": 23.999405, "A*": 23.429669, "F-Hat": 27.968891, "Risk": 23.782978, "Lookahead": 100 }