{ "BFS": 26.827330, "A*": 24.978726, "F-Hat": 25.656204, "Risk": 24.235596, "Lookahead": 10 }