{ "BFS": 24.671713, "A*": 23.757874, "F-Hat": 23.888992, "Risk": 24.596855, "Lookahead": 100 }