{ "BFS": 22.915891, "A*": 21.364674, "F-Hat": 28.309746, "Risk": 28.309746, "Lookahead": 1000 }