{ "BFS": 24.825192, "A*": 23.237034, "F-Hat": 25.537877, "Risk": 21.051497, "Lookahead": 100 }