{ "BFS": 22.516232, "A*": 23.024136, "F-Hat": 22.673636, "Risk": 22.322385, "Lookahead": 1000 }