{ "BFS": 21.355174, "A*": 21.462804, "F-Hat": 26.616276, "Risk": 24.741316, "Lookahead": 1000 }