{ "BFS": 25.024061, "A*": 43.860813, "F-Hat": 45.696780, "Risk": 42.775569, "Lookahead": 100 }