{ "BFS": 27.784318, "A*": 27.357589, "F-Hat": 28.372720, "Risk": 27.269203, "Lookahead": 10 }