{ "BFS": 23.970303, "A*": 22.282080, "F-Hat": 24.700467, "Risk": 21.862970, "Lookahead": 100 }