{ "BFS": 25.333530, "A*": 23.540367, "F-Hat": 27.207946, "Risk": 24.519498, "Lookahead": 100 }