{ "BFS": 25.532586, "A*": 25.198007, "F-Hat": 28.589764, "Risk": 26.455969, "Lookahead": 10 }