{ "BFS": 22.820173, "A*": 20.723103, "F-Hat": 25.692831, "Risk": 22.142027, "Lookahead": 1000 }