{ "BFS": 28.368474, "A*": 27.673233, "F-Hat": 27.701493, "Risk": 27.212001, "Lookahead": 10 }