{ "BFS": 24.035962, "A*": 22.111149, "F-Hat": 30.181645, "Risk": 30.181645, "Lookahead": 100 }