{ "BFS": 22.666111, "A*": 21.525145, "F-Hat": 25.427350, "Risk": 21.352197, "Lookahead": 100 }