{ "BFS": 27.040937, "A*": 26.195617, "F-Hat": 26.924153, "Risk": 27.005391, "Lookahead": 10 }