{ "BFS": 24.774073, "A*": 24.653384, "F-Hat": 24.932962, "Risk": 25.568096, "Lookahead": 10 }