{ "BFS": 25.673922, "A*": 23.134845, "F-Hat": 26.863385, "Risk": 26.514292, "Lookahead": 10 }