{ "BFS": 22.051207, "A*": 41.837553, "F-Hat": 44.563699, "Risk": 47.708243, "Lookahead": 100 }