{ "BFS": 24.948320, "A*": 23.591978, "F-Hat": 24.361812, "Risk": 24.354658, "Lookahead": 100 }