{ "BFS": 27.425197, "A*": 25.625378, "F-Hat": 26.585280, "Risk": 28.893851, "Lookahead": 10 }