{ "BFS": 24.965218, "A*": 22.537018, "F-Hat": 25.568212, "Risk": 23.130186, "Lookahead": 100 }