{ "BFS": 22.925041, "A*": 22.218382, "F-Hat": 26.285061, "Risk": 23.958993, "Lookahead": 1000 }