{ "BFS": 22.663748, "A*": 21.969068, "F-Hat": 21.374788, "Risk": 21.528684, "Confidence": 49.883932, "LSS-LRTA*": 32.238685, "Lookahead": 1000 }