{ "BFS": 24.274652, "A*": 22.970010, "F-Hat": 23.753351, "Risk": 24.794577, "Lookahead": 100 }