{ "BFS": 24.912004, "A*": 21.273498, "F-Hat": 27.196787, "Risk": 24.982662, "Lookahead": 1000 }