{ "BFS": 23.439991, "A*": 21.358698, "F-Hat": 26.688139, "Risk": 22.865676, "Lookahead": 1000 }