{ "BFS": 25.487959, "A*": 25.036378, "F-Hat": 26.761598, "Risk": 27.356667, "Lookahead": 10 }