{ "BFS": 23.343017, "A*": 21.401885, "F-Hat": 23.791978, "Risk": 23.936062, "Lookahead": 100 }