{ "BFS": 23.948263, "A*": 22.087144, "F-Hat": 25.418244, "Risk": 25.504043, "Lookahead": 100 }