{ "BFS": 23.880949, "A*": 20.548752, "F-Hat": 24.011919, "Risk": 22.919337, "Lookahead": 1000 }