{ "BFS": 24.670869, "A*": 22.942725, "F-Hat": 25.965396, "Risk": 20.771672, "Lookahead": 100 }