{ "BFS": 26.803136, "A*": 25.682185, "F-Hat": 27.576388, "Risk": 24.595863, "Lookahead": 10 }