{ "BFS": 27.353641, "A*": 26.908300, "F-Hat": 25.951159, "Risk": 24.146300, "Lookahead": 10 }