{ "BFS": 23.677813, "A*": 22.373050, "F-Hat": 26.794448, "Risk": 23.295403, "Lookahead": 100 }