{ "BFS": 23.449266, "A*": 21.413061, "F-Hat": 23.486128, "Risk": 24.094513, "Lookahead": 1000 }