{ "BFS": 22.984472, "A*": 22.991509, "F-Hat": 27.350361, "Risk": 25.992848, "Lookahead": 1000 }