{ "BFS": 17.444761, "A*": 17.456061, "F-Hat": 24.745185, "Risk": 21.720238, "Lookahead": 100 }