{ "BFS": 25.278806, "A*": 22.182245, "F-Hat": 25.422546, "Risk": 24.074809, "Lookahead": 100 }