{ "BFS": 26.449474, "A*": 25.528361, "F-Hat": 26.605084, "Risk": 22.932728, "Lookahead": 10 }