{ "BFS": 24.215436, "A*": 21.648568, "F-Hat": 27.623898, "Risk": 25.781423, "Lookahead": 1000 }