{ "BFS": 25.962663, "A*": 38.202611, "F-Hat": 39.920832, "Risk": 39.753227, "Lookahead": 10 }