{ "BFS": 24.973797, "A*": 25.401269, "F-Hat": 29.377014, "Risk": 23.962752, "Lookahead": 10 }