{ "BFS": 23.083159, "A*": 23.111288, "F-Hat": 22.384776, "Risk": 21.923931, "Confidence": 42.579892, "LSS-LRTA*": 34.381695, "Lookahead": 100 }