{ "BFS": 23.557179, "A*": 23.668272, "F-Hat": 24.394011, "Risk": 22.545238, "Lookahead": 100 }