{ "BFS": 24.720326, "A*": 24.690041, "F-Hat": 27.841804, "Risk": 27.442599, "Lookahead": 10 }