{ "BFS": 26.978895, "A*": 27.074144, "F-Hat": 31.421194, "Risk": 23.317197, "Lookahead": 10 }