{ "BFS": 22.031711, "A*": 20.712124, "F-Hat": 22.211177, "Risk": 21.866419, "LSS-LRTA*": 34.810477, "Lookahead": 1000 }