{ "BFS": 23.032803, "A*": 22.395474, "F-Hat": 22.750474, "Risk": 21.569617, "Lookahead": 100 }