{ "BFS": 28.104166, "A*": 26.019278, "F-Hat": 28.466711, "Risk": 28.542818, "Lookahead": 10 }