{ "BFS": 24.636179, "A*": 24.812739, "F-Hat": 28.152405, "Risk": 23.677546, "Lookahead": 100 }