{ "BFS": 23.159870, "A*": 22.058042, "F-Hat": 22.247300, "Risk": 20.817728, "Lookahead": 1000 }