{ "BFS": 24.406752, "A*": 21.133163, "F-Hat": 25.466319, "Risk": 23.180380, "Lookahead": 100 }