{ "BFS": 25.958128, "A*": 44.886270, "F-Hat": 38.907779, "Risk": 43.260450, "Lookahead": 10 }