{ "BFS": 24.922544, "A*": 28.335990, "F-Hat": 26.464330, "Risk": 24.577668, "Lookahead": 10 }