{ "BFS": 27.025248, "A*": 25.559972, "F-Hat": 23.572356, "Risk": 24.586631, "Lookahead": 10 }