{ "BFS": 23.335691, "A*": 22.636577, "F-Hat": 25.064601, "Risk": 22.984980, "Lookahead": 1000 }