{ "BFS": 25.831815, "A*": 22.098143, "F-Hat": 28.204761, "Risk": 23.542586, "Lookahead": 100 }