{ "BFS": 25.086839, "A*": 25.419182, "F-Hat": 24.991926, "Risk": 24.744577, "Lookahead": 10 }