{ "BFS": 26.512735, "A*": 25.773839, "F-Hat": 30.617081, "Risk": 25.738837, "Lookahead": 10 }