{ "BFS": 24.250384, "A*": 23.258342, "F-Hat": 22.886738, "Risk": 23.347086, "Confidence": 43.244867, "LSS-LRTA*": 40.155683, "Lookahead": 100 }