{ "BFS": 21.680244, "A*": 20.081149, "F-Hat": 24.174600, "Risk": 22.277492, "Lookahead": 1000 }