{ "BFS": 22.688527, "A*": 20.672831, "F-Hat": 25.761992, "Risk": 24.779375, "Lookahead": 1000 }