{ "BFS": 23.108186, "A*": 22.809567, "F-Hat": 28.020023, "Risk": 28.145018, "Lookahead": 1000 }