{ "BFS": 23.923866, "A*": 23.704170, "F-Hat": 20.897467, "Risk": 21.463389, "Lookahead": 100 }