{ "BFS": 24.224256, "A*": 23.640604, "F-Hat": 21.844016, "Risk": 22.458990, "Confidence": 44.479870, "LSS-LRTA*": 33.149081, "Lookahead": 100 }