{ "BFS": 24.519073, "A*": 21.776982, "F-Hat": 25.647335, "Risk": 23.964422, "Lookahead": 1000 }