{ "BFS": 28.264524, "A*": 40.541241, "F-Hat": 44.485814, "Risk": 42.710614, "Lookahead": 10 }