{ "BFS": 22.999561, "A*": 25.709125, "F-Hat": 27.501251, "Risk": 26.321675, "Lookahead": 10 }