{ "BFS": 23.303222, "A*": 45.445808, "F-Hat": 46.439065, "Risk": 48.948422, "Lookahead": 1000 }