{ "BFS": 23.923164, "A*": 22.457492, "F-Hat": 27.943334, "Risk": 23.139203, "Lookahead": 100 }