{ "BFS": 27.567172, "A*": 27.291662, "F-Hat": 27.635143, "Risk": 29.268134, "Lookahead": 10 }