{ "BFS": 23.262656, "A*": 40.979855, "F-Hat": 44.016091, "Risk": 38.342985, "Lookahead": 1000 }