{ "BFS": 22.698223, "A*": 21.515249, "F-Hat": 24.967484, "Risk": 22.856147, "Lookahead": 100 }