{ "BFS": 17.823363, "A*": 21.164084, "F-Hat": 25.270821, "Risk": 25.309989, "Lookahead": 1000 }