{ "BFS": 22.848188, "A*": 23.277039, "F-Hat": 23.056549, "Risk": 22.313178, "Lookahead": 100 }