{ "BFS": 22.456159, "A*": 20.556757, "F-Hat": 26.884817, "Risk": 24.546963, "Lookahead": 1000 }