{ "BFS": 22.454450, "A*": 21.348538, "F-Hat": 21.649415, "Risk": 20.769242, "Lookahead": 100 }