{ "BFS": 26.882694, "A*": 24.170838, "F-Hat": 26.051477, "Risk": 26.028978, "Lookahead": 10 }