{ "BFS": 25.000613, "A*": 25.312946, "F-Hat": 24.919085, "Risk": 25.473608, "Lookahead": 10 }