{ "BFS": 25.895039, "A*": 26.586447, "F-Hat": 26.190535, "Risk": 25.713253, "Lookahead": 10 }