{ "BFS": 26.904925, "A*": 25.320944, "F-Hat": 27.897547, "Risk": 25.248722, "Lookahead": 10 }