{ "BFS": 22.992144, "A*": 21.017821, "F-Hat": 21.092328, "Risk": 21.903957, "Lookahead": 100 }