{ "BFS": 23.596430, "A*": 22.460613, "F-Hat": 25.088424, "Risk": 21.889151, "Lookahead": 100 }