{ "BFS": 26.722321, "A*": 24.500095, "F-Hat": 26.015250, "Risk": 27.115180, "Lookahead": 10 }