{ "BFS": 22.683433, "A*": 22.697025, "F-Hat": 25.234990, "Risk": 24.406389, "Lookahead": 1000 }