{ "BFS": 22.180394, "A*": 21.823511, "F-Hat": 22.653887, "Risk": 22.807912, "Lookahead": 100 }