{ "BFS": 23.943531, "A*": 24.826258, "F-Hat": 27.254183, "Risk": 27.703585, "Lookahead": 10 }