{ "BFS": 28.220023, "A*": 21.322070, "F-Hat": 26.393215, "Risk": 25.391279, "Lookahead": 10 }