{ "BFS": 22.434391, "A*": 21.282155, "F-Hat": 24.948049, "Risk": 22.962837, "Lookahead": 1000 }