{ "BFS": 25.720318, "A*": 22.846137, "F-Hat": 26.010025, "Risk": 23.464133, "Lookahead": 10 }