{ "BFS": 23.972440, "A*": 21.659798, "F-Hat": 26.602227, "Risk": 25.171092, "Lookahead": 1000 }