{ "BFS": 23.394031, "A*": 21.039956, "F-Hat": 25.141321, "Risk": 24.173644, "Lookahead": 100 }