{ "BFS": 21.481882, "A*": 21.656981, "F-Hat": 25.652775, "Risk": 25.357569, "Lookahead": 1000 }