{ "BFS": 28.641039, "A*": 25.774926, "F-Hat": 27.020539, "Risk": 22.646442, "Lookahead": 10 }