{ "BFS": 22.915139, "A*": 22.282872, "F-Hat": 26.219860, "Risk": 24.966786, "Lookahead": 1000 }