{ "BFS": 25.661186, "A*": 23.691357, "F-Hat": 25.670950, "Risk": 24.963665, "Lookahead": 10 }