{ "BFS": 26.970160, "A*": 24.351250, "F-Hat": 23.674904, "Risk": 24.197021, "Lookahead": 10 }