{ "BFS": 22.140284, "A*": 20.751957, "F-Hat": 26.327328, "Risk": 27.370892, "Lookahead": 1000 }