{ "BFS": 24.900838, "A*": 23.659701, "F-Hat": 22.502946, "Risk": 20.922565, "Confidence": 39.985672, "LSS-LRTA*": 34.879310, "Lookahead": 100 }