{ "BFS": 25.287925, "A*": 27.001470, "F-Hat": 26.953502, "Risk": 23.459800, "Lookahead": 10 }