{ "BFS": 27.466704, "A*": 26.963141, "F-Hat": 27.020350, "Risk": 24.873149, "Lookahead": 10 }