{ "BFS": 27.325185, "A*": 25.238562, "F-Hat": 27.313696, "Risk": 25.460066, "Lookahead": 10 }