{ "BFS": 19.966050, "A*": 22.443017, "F-Hat": 21.598299, "Risk": 21.704944, "Lookahead": 1000 }