{ "BFS": 24.514591, "A*": 22.729654, "F-Hat": 26.524167, "Risk": 24.721582, "Lookahead": 100 }