{ "BFS": 24.311976, "A*": 22.452027, "F-Hat": 26.307349, "Risk": 23.778555, "Lookahead": 100 }