{ "BFS": 23.608099, "A*": 22.857760, "F-Hat": 26.276295, "Risk": 22.088534, "Lookahead": 100 }