{ "BFS": 24.278410, "A*": 20.589678, "F-Hat": 25.435988, "Risk": 21.812193, "Lookahead": 100 }