{ "BFS": 23.380406, "A*": 24.884120, "F-Hat": 24.571751, "Risk": 23.598323, "Lookahead": 100 }