{ "BFS": 26.192354, "A*": 26.054449, "F-Hat": 26.266469, "Risk": 25.663701, "Lookahead": 10 }