{ "BFS": 21.635402, "A*": 21.043579, "F-Hat": 21.032161, "Risk": 20.703841, "Confidence": 46.957578, "LSS-LRTA*": 32.880797, "Lookahead": 1000 }