{ "BFS": 22.938968, "A*": 22.318266, "F-Hat": 23.846838, "Risk": 23.035333, "Lookahead": 1000 }