{ "BFS": 24.832765, "A*": 24.300075, "F-Hat": 26.311513, "Risk": 24.481823, "Lookahead": 100 }