{ "BFS": 20.836933, "A*": 21.153570, "F-Hat": 26.541079, "Risk": 24.662967, "Lookahead": 1000 }