{ "BFS": 24.564147, "A*": 22.949791, "F-Hat": 26.479447, "Risk": 23.743935, "Lookahead": 1000 }