{ "BFS": 25.278325, "A*": 28.330068, "F-Hat": 27.295839, "Risk": 27.513342, "Lookahead": 10 }