{ "BFS": 24.498611, "A*": 23.337711, "F-Hat": 24.480809, "Risk": 22.151115, "Lookahead": 100 }