{ "BFS": 23.536060, "A*": 38.642526, "F-Hat": 41.047134, "Risk": 43.268695, "Lookahead": 100 }