{ "BFS": 25.268430, "A*": 23.944085, "F-Hat": 26.988014, "Risk": 25.282438, "Lookahead": 10 }