{ "BFS": 24.791644, "A*": 28.698358, "F-Hat": 26.107024, "Risk": 26.530917, "Lookahead": 10 }