{ "BFS": 27.200608, "A*": 23.856872, "F-Hat": 28.484914, "Risk": 26.597316, "Lookahead": 10 }