{ "BFS": 24.680912, "A*": 20.857175, "F-Hat": 26.008942, "Risk": 24.111069, "Lookahead": 100 }