{ "BFS": 23.286352, "A*": 23.055901, "F-Hat": 27.582340, "Risk": 25.228309, "Lookahead": 10 }