{ "BFS": 23.257551, "A*": 22.243842, "F-Hat": 25.818429, "Risk": 24.237516, "Lookahead": 1000 }