{ "BFS": 28.376250, "A*": 26.690422, "F-Hat": 27.458327, "Risk": 23.646978, "Confidence": 40.200027, "LSS-LRTA*": 38.907126, "Lookahead": 10 }