{ "BFS": 23.276134, "A*": 21.693761, "F-Hat": 25.313900, "Risk": 22.969917, "Lookahead": 100 }