{ "BFS": 20.558464, "A*": 21.142579, "F-Hat": 25.275261, "Risk": 25.224751, "Lookahead": 1000 }