{ "BFS": 24.354935, "A*": 20.558643, "F-Hat": 25.635593, "Risk": 24.340921, "Lookahead": 100 }