{ "BFS": 26.358195, "A*": 25.315396, "F-Hat": 26.221212, "Risk": 22.959802, "Lookahead": 100 }