{ "BFS": 23.960642, "A*": 23.698366, "F-Hat": 25.925301, "Risk": 24.993372, "Lookahead": 10 }