{ "BFS": 24.052704, "A*": 22.565597, "F-Hat": 26.180755, "Risk": 22.246979, "Lookahead": 100 }