{ "BFS": 24.813720, "A*": 43.903708, "F-Hat": 43.872683, "Risk": 46.657975, "Lookahead": 100 }