{ "BFS": 26.735485, "A*": 25.431085, "F-Hat": 23.655449, "Risk": 25.620994, "Lookahead": 10 }