{ "BFS": 26.306971, "A*": 27.308810, "F-Hat": 27.550538, "Risk": 27.550538, "Lookahead": 10 }