{ "BFS": 22.764733, "A*": 20.485255, "F-Hat": 25.003357, "Risk": 25.197277, "Lookahead": 100 }