{ "BFS": 23.553281, "A*": 20.230806, "F-Hat": 24.481053, "Risk": 23.671030, "Lookahead": 1000 }