{ "BFS": 22.705424, "A*": 20.430006, "F-Hat": 26.019405, "Risk": 24.867581, "Lookahead": 1000 }