{ "BFS": 24.916917, "A*": 23.748333, "F-Hat": 27.898991, "Risk": 24.747948, "Lookahead": 100 }