{ "BFS": 22.803481, "A*": 21.434224, "F-Hat": 24.151193, "Risk": 22.398049, "Lookahead": 1000 }