{ "BFS": 30.425915, "A*": 28.700042, "F-Hat": 25.999268, "Risk": 26.312033, "Lookahead": 10 }