{ "BFS": 22.972066, "A*": 22.135751, "F-Hat": 22.286680, "Risk": 20.990196, "Lookahead": 1000 }