{ "BFS": 24.641893, "A*": 25.706107, "F-Hat": 25.870779, "Risk": 26.089378, "Lookahead": 10 }