{ "BFS": 27.759096, "A*": 25.804034, "F-Hat": 27.452067, "Risk": 26.542712, "Lookahead": 10 }