{ "BFS": 28.005987, "A*": 26.823717, "F-Hat": 28.480837, "Risk": 27.262160, "Lookahead": 10 }