{ "BFS": 24.041437, "A*": 21.251603, "F-Hat": 27.549030, "Risk": 22.939234, "Lookahead": 1000 }