{ "BFS": 21.914224, "A*": 21.923675, "F-Hat": 21.885456, "Risk": 22.611415, "Lookahead": 100 }