{ "BFS": 24.602412, "A*": 20.075733, "F-Hat": 25.443456, "Risk": 24.459884, "Lookahead": 1000 }