{ "BFS": 24.393778, "A*": 23.590152, "F-Hat": 26.707932, "Risk": 22.320994, "Lookahead": 100 }