{ "BFS": 24.016987, "A*": 23.745567, "F-Hat": 23.453595, "Risk": 21.005085, "Lookahead": 100 }