{ "BFS": 25.888455, "A*": 46.433420, "F-Hat": 42.052323, "Risk": 41.321881, "Lookahead": 100 }