{ "BFS": 24.844161, "A*": 22.505925, "F-Hat": 27.969058, "Risk": 24.353742, "Lookahead": 100 }