{ "BFS": 24.174104, "A*": 21.207011, "F-Hat": 26.621756, "Risk": 25.741553, "Lookahead": 1000 }