{ "BFS": 23.555475, "A*": 22.290575, "F-Hat": 26.841153, "Risk": 24.207116, "Lookahead": 1000 }