{ "BFS": 23.796858, "A*": 44.160976, "F-Hat": 40.633634, "Risk": 39.353498, "Lookahead": 100 }