{ "BFS": 25.633754, "A*": 24.756677, "F-Hat": 26.969755, "Risk": 23.975678, "Lookahead": 10 }