{ "BFS": 24.050341, "A*": 21.746957, "F-Hat": 27.615983, "Risk": 23.259415, "Lookahead": 1000 }