{ "BFS": 26.878848, "A*": 25.566896, "F-Hat": 25.811067, "Risk": 25.675450, "Lookahead": 10 }