{ "BFS": 24.925693, "A*": 26.158684, "F-Hat": 26.977163, "Risk": 28.549596, "Lookahead": 10 }