{ "BFS": 22.090025, "A*": 20.378295, "F-Hat": 23.096405, "Risk": 21.585928, "Lookahead": 1000 }