{ "BFS": 22.169113, "A*": 24.260359, "F-Hat": 27.383916, "Risk": 24.670658, "Lookahead": 100 }