{ "BFS": 21.160700, "A*": 20.352625, "F-Hat": 25.023730, "Risk": 26.123926, "Lookahead": 1000 }