{ "BFS": 24.383632, "A*": 23.025505, "F-Hat": 26.382063, "Risk": 25.088824, "Lookahead": 100 }