{ "BFS": 25.127937, "A*": 21.800005, "F-Hat": 26.461831, "Risk": 21.049789, "Lookahead": 100 }