{ "BFS": 21.776628, "A*": 22.661808, "F-Hat": 26.767304, "Risk": 24.052440, "Lookahead": 1000 }