{ "BFS": 26.588830, "A*": 26.821267, "F-Hat": 27.465739, "Risk": 26.722502, "Confidence": 45.567427, "LSS-LRTA*": 37.941077, "Lookahead": 10 }