{ "BFS": 22.710364, "A*": 21.550136, "F-Hat": 25.617731, "Risk": 23.926627, "Lookahead": 100 }