{ "BFS": 27.934000, "A*": 23.606100, "F-Hat": 26.852953, "Risk": 22.141694, "Lookahead": 10 }