{ "BFS": 22.473745, "A*": 23.743812, "F-Hat": 26.603644, "Risk": 22.930826, "Lookahead": 100 }