{ "BFS": 28.314952, "A*": 27.346792, "F-Hat": 27.808102, "Risk": 26.457917, "Lookahead": 10 }