{ "BFS": 23.268189, "A*": 21.606172, "F-Hat": 26.514500, "Risk": 24.362520, "Lookahead": 100 }