{ "BFS": 23.617877, "A*": 22.315524, "F-Hat": 29.071787, "Risk": 24.266457, "Lookahead": 100 }