{ "BFS": 23.914535, "A*": 21.316613, "F-Hat": 25.885318, "Risk": 23.093351, "Lookahead": 100 }