{ "BFS": 25.003486, "A*": 22.598948, "F-Hat": 21.960247, "Risk": 21.757982, "LSS-LRTA*": 38.852189, "Lookahead": 100 }