{ "BFS": 28.690476, "A*": 24.419734, "F-Hat": 25.874090, "Risk": 24.725245, "Lookahead": 10 }