{ "BFS": 25.511920, "A*": 21.992869, "F-Hat": 27.374459, "Risk": 24.580775, "Lookahead": 1000 }