{ "BFS": 24.089751, "A*": 22.068566, "F-Hat": 21.792815, "Risk": 22.613099, "Confidence": 36.931382, "LSS-LRTA*": 33.437839, "Lookahead": 100 }