{ "BFS": 23.226705, "A*": 21.035662, "F-Hat": 26.086463, "Risk": 24.836383, "Lookahead": 1000 }