{ "BFS": 26.526506, "A*": 24.573829, "F-Hat": 27.384063, "Risk": 25.102696, "Lookahead": 10 }