{ "BFS": 23.004419, "A*": 23.070435, "F-Hat": 25.880907, "Risk": 23.032325, "Lookahead": 100 }