{ "BFS": 22.244546, "A*": 19.814311, "F-Hat": 25.981913, "Risk": 23.173535, "Lookahead": 1000 }