{ "BFS": 25.373327, "A*": 24.235561, "F-Hat": 22.899252, "Risk": 23.337374, "Lookahead": 100 }