{ "BFS": 23.926550, "A*": 23.282213, "F-Hat": 25.391294, "Risk": 22.842144, "Lookahead": 100 }