{ "BFS": 22.433996, "A*": 22.088854, "F-Hat": 26.757688, "Risk": 25.857309, "Lookahead": 1000 }