{ "BFS": 22.540288, "A*": 22.556735, "F-Hat": 26.824659, "Risk": 24.788664, "Lookahead": 1000 }