{ "BFS": 28.180035, "A*": 25.150452, "F-Hat": 26.565242, "Risk": 26.350945, "Lookahead": 10 }