{ "BFS": 21.922638, "A*": 38.131142, "F-Hat": 40.959147, "Risk": 42.045810, "Lookahead": 1000 }