{ "BFS": 26.487833, "A*": 22.603073, "F-Hat": 26.894929, "Risk": 24.105844, "Lookahead": 100 }