{ "BFS": 26.165133, "A*": 24.935195, "F-Hat": 23.606375, "Risk": 25.400489, "Lookahead": 10 }