{ "BFS": 29.017330, "A*": 27.767787, "F-Hat": 27.853836, "Risk": 24.691094, "Lookahead": 10 }