{ "BFS": 20.982468, "A*": 21.325566, "F-Hat": 27.809215, "Risk": 23.907624, "Lookahead": 1000 }