{ "BFS": 26.104018, "A*": 22.144916, "F-Hat": 26.465739, "Risk": 25.361830, "Lookahead": 100 }