{ "BFS": 21.847678, "A*": 20.416719, "F-Hat": 25.380663, "Risk": 24.288097, "Lookahead": 1000 }