{ "BFS": 22.549098, "A*": 22.102888, "F-Hat": 27.245322, "Risk": 27.810753, "Lookahead": 1000 }