{ "BFS": 22.555077, "A*": 43.752735, "F-Hat": 46.433161, "Risk": 45.170537, "Lookahead": 1000 }