{ "BFS": 25.752025, "A*": 22.480528, "F-Hat": 22.387687, "Risk": 22.417572, "Lookahead": 100 }