{ "BFS": 22.931595, "A*": 23.146885, "F-Hat": 27.180928, "Risk": 24.607569, "Lookahead": 100 }