{ "BFS": 25.503938, "A*": 22.694836, "F-Hat": 26.527642, "Risk": 25.435375, "Lookahead": 100 }