{ "BFS": 26.823016, "A*": 22.010072, "F-Hat": 26.878379, "Risk": 26.078688, "Lookahead": 10 }