{ "BFS": 22.001318, "A*": 21.958629, "F-Hat": 26.417758, "Risk": 23.608685, "Lookahead": 100 }