{ "BFS": 20.719863, "A*": 21.893302, "F-Hat": 25.199518, "Risk": 22.519643, "Lookahead": 1000 }