{ "BFS": 25.167381, "A*": 22.506803, "F-Hat": 28.240143, "Risk": 26.179731, "Lookahead": 100 }