{ "BFS": 21.380531, "A*": 22.699265, "F-Hat": 27.841974, "Risk": 24.486375, "Lookahead": 1000 }