{ "BFS": 24.486107, "A*": 23.010865, "F-Hat": 24.366775, "Risk": 23.352870, "Lookahead": 100 }