{ "BFS": 20.982378, "A*": 21.722872, "F-Hat": 25.206908, "Risk": 23.306849, "Lookahead": 1000 }