{ "BFS": 21.890061, "A*": 22.896479, "F-Hat": 22.939281, "Risk": 21.993629, "Lookahead": 100 }