{ "BFS": 26.826251, "A*": 26.790404, "F-Hat": 28.101399, "Risk": 26.934803, "Lookahead": 10 }