{ "BFS": 25.817021, "A*": 23.197686, "F-Hat": 25.442073, "Risk": 22.882757, "Lookahead": 100 }