{ "BFS": 26.448722, "A*": 23.423096, "F-Hat": 25.697610, "Risk": 26.839937, "Lookahead": 10 }