{ "BFS": 24.345598, "A*": 23.130619, "F-Hat": 23.744566, "Risk": 25.466739, "Lookahead": 100 }