{ "BFS": 25.453023, "A*": 24.165978, "F-Hat": 28.309181, "Risk": 24.958246, "Lookahead": 100 }