{ "BFS": 21.165309, "A*": 21.640974, "F-Hat": 23.995910, "Risk": 23.769479, "Lookahead": 1000 }