{ "BFS": 20.892086, "A*": 21.054073, "F-Hat": 25.655471, "Risk": 23.465282, "Lookahead": 100 }