{ "BFS": 23.196571, "A*": 42.740901, "F-Hat": 42.681274, "Risk": 41.214649, "Lookahead": 1000 }