{ "BFS": 23.221617, "A*": 22.980751, "F-Hat": 26.879653, "Risk": 25.402034, "Lookahead": 100 }