{ "BFS": 28.361202, "A*": 24.287084, "F-Hat": 28.391211, "Risk": 24.847607, "Lookahead": 10 }