{ "BFS": 23.508875, "A*": 20.840200, "F-Hat": 28.247796, "Risk": 23.514723, "Lookahead": 1000 }