{ "BFS": 23.659777, "A*": 22.464651, "F-Hat": 26.513762, "Risk": 24.595923, "Lookahead": 100 }