{ "BFS": 26.505346, "A*": 22.348963, "F-Hat": 23.722450, "Risk": 23.496172, "Lookahead": 100 }