{ "BFS": 23.017799, "A*": 23.782475, "F-Hat": 29.419712, "Risk": 24.375303, "Lookahead": 1000 }