{ "BFS": 24.269640, "A*": 23.150547, "F-Hat": 26.487403, "Risk": 23.914503, "Lookahead": 100 }