{ "BFS": 25.434702, "A*": 22.531063, "F-Hat": 25.460767, "Risk": 25.536988, "Lookahead": 100 }