{ "BFS": 22.894278, "A*": 21.352710, "F-Hat": 26.233248, "Risk": 23.753244, "Lookahead": 1000 }