{ "BFS": 27.128980, "A*": 26.119182, "F-Hat": 28.143061, "Risk": 26.946558, "Lookahead": 10 }