{ "BFS": 26.514657, "A*": 22.071690, "F-Hat": 22.406017, "Risk": 21.313556, "Confidence": 43.965936, "LSS-LRTA*": 36.959233, "Lookahead": 100 }