{ "BFS": 23.516732, "A*": 23.922793, "F-Hat": 27.346168, "Risk": 22.852153, "Lookahead": 100 }