{ "BFS": 22.686999, "A*": 21.744652, "F-Hat": 26.110176, "Risk": 24.510610, "Lookahead": 1000 }