{ "BFS": 21.187066, "A*": 21.776499, "F-Hat": 21.187066, "Risk": 20.991803, "Lookahead": 1000 }