{ "BFS": 26.595542, "A*": 21.742891, "F-Hat": 26.845725, "Risk": 23.728568, "Lookahead": 100 }