{ "BFS": 25.451940, "A*": 25.962212, "F-Hat": 25.819926, "Risk": 24.896116, "Lookahead": 10 }