{ "BFS": 28.452078, "A*": 24.827920, "F-Hat": 26.208156, "Risk": 24.415555, "Lookahead": 10 }