{ "BFS": 21.679700, "A*": 20.888825, "F-Hat": 27.078181, "Risk": 24.700561, "Lookahead": 1000 }