{ "BFS": 23.064611, "A*": 45.281894, "F-Hat": 43.159474, "Risk": 42.030570, "Lookahead": 100 }