{ "BFS": 22.654735, "A*": 22.669641, "F-Hat": 22.477923, "Risk": 22.809040, "Lookahead": 1000 }