{ "BFS": 22.861039, "A*": 22.217128, "F-Hat": 29.184270, "Risk": 24.492502, "Lookahead": 100 }