{ "BFS": 23.034753, "A*": 21.395855, "F-Hat": 27.370304, "Risk": 23.966483, "Lookahead": 1000 }