{ "BFS": 23.715147, "A*": 22.708290, "F-Hat": 27.745886, "Risk": 25.158150, "Lookahead": 1000 }