{ "BFS": 22.507807, "A*": 19.543292, "F-Hat": 23.797840, "Risk": 23.991875, "Lookahead": 1000 }