{ "BFS": 27.730930, "A*": 25.015766, "F-Hat": 26.412508, "Risk": 26.503117, "Lookahead": 10 }