{ "BFS": 23.443925, "A*": 23.604570, "F-Hat": 27.437325, "Risk": 26.775228, "Lookahead": 100 }