{ "BFS": 25.368429, "A*": 23.063766, "F-Hat": 24.074116, "Risk": 22.238039, "Lookahead": 100 }