{ "BFS": 25.155786, "A*": 24.274900, "F-Hat": 24.105682, "Risk": 24.474615, "Confidence": 40.358996, "LSS-LRTA*": 34.684254, "Lookahead": 10 }