{ "BFS": 22.999962, "A*": 21.069703, "F-Hat": 26.734529, "Risk": 24.637648, "Lookahead": 1000 }