{ "BFS": 26.229290, "A*": 26.497551, "F-Hat": 25.943761, "Risk": 26.648661, "Lookahead": 10 }