{ "BFS": 24.459556, "A*": 43.650338, "F-Hat": 42.249613, "Risk": 44.368201, "Lookahead": 1000 }