{ "BFS": 22.072194, "A*": 23.561545, "F-Hat": 28.144910, "Risk": 24.415457, "Lookahead": 100 }