{ "BFS": 26.743823, "A*": 26.236702, "F-Hat": 26.787948, "Risk": 25.182144, "Lookahead": 10 }