{ "BFS": 26.996724, "A*": 24.519910, "F-Hat": 26.613696, "Risk": 22.124823, "Lookahead": 10 }