{ "BFS": 25.285675, "A*": 23.429800, "F-Hat": 24.968754, "Risk": 26.543076, "Lookahead": 10 }