{ "BFS": 24.277447, "A*": 23.130195, "F-Hat": 25.821455, "Risk": 22.529612, "Lookahead": 100 }