{ "BFS": 28.739105, "A*": 24.817727, "F-Hat": 27.416413, "Risk": 27.899225, "Lookahead": 10 }