{ "BFS": 23.879845, "A*": 21.862838, "F-Hat": 28.109243, "Risk": 24.734869, "Lookahead": 100 }