{ "BFS": 25.067041, "A*": 22.455995, "F-Hat": 24.552126, "Risk": 24.393710, "Lookahead": 100 }