{ "BFS": 25.078262, "A*": 24.136734, "F-Hat": 25.556069, "Risk": 23.877474, "Lookahead": 10 }