{ "BFS": 24.595738, "A*": 23.400282, "F-Hat": 26.817653, "Risk": 24.468322, "Lookahead": 1000 }