{ "BFS": 22.211084, "A*": 22.208856, "F-Hat": 26.932873, "Risk": 26.932873, "Lookahead": 1000 }