{ "BFS": 22.591873, "A*": 21.365256, "F-Hat": 25.520796, "Risk": 23.699829, "Lookahead": 100 }