{ "BFS": 21.158454, "A*": 21.694048, "F-Hat": 21.279693, "Risk": 20.384758, "Lookahead": 1000 }