{ "BFS": 22.354723, "A*": 22.255488, "F-Hat": 27.783923, "Risk": 23.815777, "Lookahead": 1000 }