{ "BFS": 24.004632, "A*": 22.958075, "F-Hat": 24.816506, "Risk": 22.601158, "Lookahead": 100 }