{ "BFS": 29.504607, "A*": 26.459353, "F-Hat": 28.939000, "Risk": 26.786113, "Lookahead": 10 }