{ "BFS": 21.736079, "A*": 40.411578, "F-Hat": 44.329978, "Risk": 48.520847, "Lookahead": 1000 }