{ "BFS": 22.293054, "A*": 21.723300, "F-Hat": 28.444941, "Risk": 27.666157, "Lookahead": 1000 }