{ "BFS": 27.182952, "A*": 26.220391, "F-Hat": 28.488354, "Risk": 26.110149, "Lookahead": 10 }