{ "BFS": 21.948721, "A*": 22.093149, "F-Hat": 27.128867, "Risk": 23.219501, "Lookahead": 1000 }