{ "BFS": 23.539816, "A*": 23.285434, "F-Hat": 23.858989, "Risk": 24.138413, "Lookahead": 100 }