{ "BFS": 25.338874, "A*": 21.213582, "F-Hat": 21.410747, "Risk": 21.527836, "Lookahead": 1000 }