{ "BFS": 26.567103, "A*": 28.195063, "F-Hat": 26.159100, "Risk": 23.837951, "Lookahead": 10 }