{ "BFS": 23.583090, "A*": 21.703973, "F-Hat": 25.516743, "Risk": 24.178964, "Lookahead": 1000 }