{ "BFS": 22.156832, "A*": 22.744571, "F-Hat": 24.462467, "Risk": 22.014103, "Lookahead": 1000 }