{ "BFS": 21.461887, "A*": 20.786396, "F-Hat": 28.003583, "Risk": 24.689573, "Lookahead": 1000 }