{ "BFS": 27.075810, "A*": 26.761755, "F-Hat": 28.824505, "Risk": 23.863498, "Lookahead": 10 }