{ "BFS": 27.724466, "A*": 23.861415, "F-Hat": 26.362996, "Risk": 23.879160, "Confidence": 40.006777, "LSS-LRTA*": 37.734829, "Lookahead": 10 }