{ "BFS": 24.450885, "A*": 21.473312, "F-Hat": 25.800235, "Risk": 24.210421, "Lookahead": 100 }