{ "BFS": 25.767214, "A*": 23.625712, "F-Hat": 25.117397, "Risk": 24.992046, "Lookahead": 100 }