{ "BFS": 25.731061, "A*": 24.976234, "F-Hat": 26.727555, "Risk": 23.729197, "Lookahead": 10 }