{ "BFS": 27.902880, "A*": 26.310202, "F-Hat": 25.643126, "Risk": 25.056346, "Lookahead": 10 }