{ "BFS": 23.470998, "A*": 21.380735, "F-Hat": 25.120666, "Risk": 24.257889, "Lookahead": 1000 }