{ "BFS": 23.424306, "A*": 47.762121, "F-Hat": 42.081246, "Risk": 42.522186, "Lookahead": 100 }