{ "BFS": 23.632751, "A*": 20.673078, "F-Hat": 21.015969, "Risk": 21.148355, "Lookahead": 100 }