{ "BFS": 25.181837, "A*": 22.754603, "F-Hat": 25.361029, "Risk": 25.361029, "Lookahead": 100 }