{ "BFS": 26.861638, "A*": 26.151276, "F-Hat": 29.385014, "Risk": 26.426139, "Lookahead": 10 }