{ "BFS": 23.046324, "A*": 20.691820, "F-Hat": 26.355456, "Risk": 22.690198, "Lookahead": 100 }