{ "BFS": 24.593699, "A*": 19.741143, "F-Hat": 25.655074, "Risk": 23.520924, "Lookahead": 1000 }