{ "BFS": 26.753473, "A*": 25.138392, "F-Hat": 28.458873, "Risk": 27.752985, "Lookahead": 10 }