{ "BFS": 23.704096, "A*": 22.169065, "F-Hat": 21.963397, "Risk": 24.047553, "Confidence": 38.168783, "LSS-LRTA*": 31.254300, "Lookahead": 100 }