{ "BFS": 23.024999, "A*": 23.713135, "F-Hat": 26.152249, "Risk": 24.755208, "Lookahead": 100 }