{ "BFS": 24.850180, "A*": 22.470985, "F-Hat": 27.364220, "Risk": 24.648323, "Lookahead": 100 }