{ "BFS": 24.538193, "A*": 23.523532, "F-Hat": 24.717025, "Risk": 25.061996, "Lookahead": 100 }