{ "BFS": 23.573303, "A*": 22.750685, "F-Hat": 27.590649, "Risk": 26.767218, "Lookahead": 1000 }