{ "BFS": 30.122159, "A*": 25.998514, "F-Hat": 26.699627, "Risk": 26.573175, "Lookahead": 10 }