{ "BFS": 29.564958, "A*": 28.680597, "F-Hat": 27.706408, "Risk": 25.619077, "Lookahead": 10 }