{ "BFS": 24.716653, "A*": 22.010803, "F-Hat": 23.891019, "Risk": 23.567481, "Lookahead": 100 }