{ "BFS": 26.841481, "A*": 44.587058, "F-Hat": 43.489913, "Risk": 42.003917, "Lookahead": 10 }