{ "BFS": 22.983028, "A*": 24.784755, "F-Hat": 27.599098, "Risk": 26.596386, "LSS-LRTA*": 35.955225, "Lookahead": 10 }