{ "BFS": 26.997180, "A*": 23.606367, "F-Hat": 26.405741, "Risk": 25.321638, "Lookahead": 10 }