{ "BFS": 23.938783, "A*": 21.382436, "F-Hat": 28.285441, "Risk": 22.145047, "Lookahead": 1000 }