{ "BFS": 26.685173, "A*": 25.307576, "F-Hat": 26.318070, "Risk": 27.189398, "Lookahead": 10 }