{ "BFS": 23.457784, "A*": 20.895212, "F-Hat": 26.485162, "Risk": 24.620664, "Lookahead": 1000 }