{ "BFS": 23.918427, "A*": 21.845730, "F-Hat": 26.716958, "Risk": 22.697477, "Lookahead": 100 }