{ "BFS": 24.407324, "A*": 23.660064, "F-Hat": 27.926456, "Risk": 24.208957, "Lookahead": 10 }