{ "BFS": 22.131924, "A*": 22.437352, "F-Hat": 22.440181, "Risk": 21.665123, "Lookahead": 100 }