{ "BFS": 22.710246, "A*": 20.563161, "F-Hat": 25.750410, "Risk": 25.307688, "Lookahead": 1000 }