{ "BFS": 26.865645, "A*": 26.078812, "F-Hat": 27.902078, "Risk": 24.091780, "Lookahead": 10 }