{ "BFS": 23.497386, "A*": 23.699722, "F-Hat": 21.631889, "Risk": 21.723002, "Lookahead": 1000 }