{ "BFS": 25.273897, "A*": 23.359324, "F-Hat": 21.988472, "Risk": 21.736092, "Lookahead": 100 }