{ "BFS": 21.851690, "A*": 21.170445, "F-Hat": 24.615932, "Risk": 23.518885, "Lookahead": 100 }