{ "BFS": 23.180981, "A*": 23.391720, "F-Hat": 25.588488, "Risk": 23.734706, "Lookahead": 100 }