{ "BFS": 23.051267, "A*": 23.258467, "F-Hat": 28.573309, "Risk": 24.852818, "Lookahead": 100 }