{ "BFS": 21.947153, "A*": 20.147809, "F-Hat": 26.952030, "Risk": 23.958925, "Lookahead": 1000 }