{ "BFS": 24.170309, "A*": 23.005888, "F-Hat": 25.388503, "Risk": 24.597438, "Lookahead": 100 }