{ "BFS": 22.515695, "A*": 20.808584, "F-Hat": 25.875662, "Risk": 27.024341, "Lookahead": 1000 }