{ "BFS": 21.849795, "A*": 21.269571, "F-Hat": 24.271545, "Risk": 22.895259, "Lookahead": 1000 }