{ "BFS": 25.856468, "A*": 35.679017, "F-Hat": 41.458737, "Risk": 43.675756, "Lookahead": 10 }