{ "BFS": 25.101214, "A*": 22.327947, "F-Hat": 27.667239, "Risk": 26.936716, "Lookahead": 1000 }