{ "BFS": 23.206089, "A*": 23.090933, "F-Hat": 25.362381, "Risk": 24.798391, "Lookahead": 100 }