{ "BFS": 28.074463, "A*": 26.745172, "F-Hat": 27.336527, "Risk": 30.718670, "Lookahead": 10 }