{ "BFS": 24.633877, "A*": 23.540027, "F-Hat": 25.308039, "Risk": 23.317054, "Lookahead": 100 }