{ "BFS": 24.045592, "A*": 21.761561, "F-Hat": 27.173851, "Risk": 23.621888, "Lookahead": 100 }