{ "BFS": 23.569304, "A*": 29.853125, "F-Hat": 26.002923, "Risk": 22.480680, "Lookahead": 10 }