{ "BFS": 25.079173, "A*": 25.256873, "F-Hat": 28.629922, "Risk": 25.981521, "Lookahead": 10 }