{ "BFS": 23.306749, "A*": 22.907562, "F-Hat": 23.088894, "Risk": 22.509308, "Lookahead": 1000 }