{ "BFS": 25.141790, "A*": 21.231574, "F-Hat": 27.176624, "Risk": 24.223186, "Lookahead": 100 }