{ "BFS": 27.266539, "A*": 24.148805, "F-Hat": 27.906926, "Risk": 27.751522, "Lookahead": 10 }