{ "BFS": 22.837997, "A*": 22.612571, "F-Hat": 24.395993, "Risk": 23.102608, "Lookahead": 100 }