{ "BFS": 25.083863, "A*": 19.594650, "F-Hat": 26.354153, "Risk": 22.449765, "Lookahead": 100 }