{ "BFS": 26.956801, "A*": 26.218125, "F-Hat": 29.976553, "Risk": 27.411718, "Lookahead": 10 }