{ "BFS": 26.981081, "A*": 27.553214, "F-Hat": 27.810590, "Risk": 28.037189, "Lookahead": 10 }