{ "BFS": 23.972728, "A*": 21.395633, "F-Hat": 24.364309, "Risk": 23.899037, "Lookahead": 100 }