{ "BFS": 24.923055, "A*": 23.399810, "F-Hat": 23.574488, "Risk": 22.121699, "Confidence": 42.967156, "LSS-LRTA*": 34.183232, "Lookahead": 100 }