{ "BFS": 25.576620, "A*": 23.347306, "F-Hat": 26.037785, "Risk": 26.186159, "Lookahead": 100 }