{ "BFS": 23.783003, "A*": 23.539994, "F-Hat": 24.666176, "Risk": 23.509625, "Lookahead": 100 }