{ "BFS": 25.540427, "A*": 26.827343, "F-Hat": 28.156885, "Risk": 25.112979, "Confidence": 46.155239, "LSS-LRTA*": 31.815418, "Lookahead": 10 }