{ "BFS": 26.295858, "A*": 26.285893, "F-Hat": 26.545556, "Risk": 26.760989, "Lookahead": 10 }