{ "BFS": 23.707629, "A*": 22.717226, "F-Hat": 23.924496, "Risk": 21.581562, "Lookahead": 1000 }