{ "BFS": 23.232746, "A*": 21.918243, "F-Hat": 27.984231, "Risk": 24.435179, "Lookahead": 1000 }