{ "BFS": 21.600264, "A*": 20.092843, "F-Hat": 20.911748, "Risk": 20.909607, "Lookahead": 1000 }