{ "BFS": 22.840816, "A*": 20.067268, "F-Hat": 25.686880, "Risk": 23.342886, "Lookahead": 1000 }