{ "BFS": 29.950954, "A*": 27.575031, "F-Hat": 27.396964, "Risk": 27.014194, "Lookahead": 10 }