{ "BFS": 24.054058, "A*": 21.374724, "F-Hat": 23.866661, "Risk": 22.936044, "Lookahead": 1000 }