{ "BFS": 21.364175, "A*": 37.589487, "F-Hat": 43.854274, "Risk": 44.737240, "Lookahead": 1000 }