{ "BFS": 23.420605, "A*": 23.844205, "F-Hat": 26.330861, "Risk": 24.201602, "Lookahead": 100 }