{ "BFS": 20.981198, "A*": 21.851176, "F-Hat": 25.564950, "Risk": 23.551642, "Lookahead": 1000 }