{ "BFS": 25.214215, "A*": 24.337477, "F-Hat": 28.825338, "Risk": 24.814496, "Lookahead": 10 }