{ "BFS": 25.358995, "A*": 25.366026, "F-Hat": 25.891875, "Risk": 25.651620, "Lookahead": 10 }