{ "BFS": 25.163718, "A*": 26.304561, "F-Hat": 26.762639, "Risk": 29.028978, "Lookahead": 10 }