{ "BFS": 22.637438, "A*": 21.118072, "F-Hat": 26.213258, "Risk": 23.472330, "Lookahead": 1000 }