{ "BFS": 24.820211, "A*": 27.059320, "F-Hat": 27.766508, "Risk": 26.772235, "Lookahead": 10 }