{ "BFS": 22.533305, "A*": 20.509995, "F-Hat": 24.306629, "Risk": 23.127173, "Lookahead": 100 }