{ "BFS": 27.250545, "A*": 26.490016, "F-Hat": 27.537640, "Risk": 26.764658, "Lookahead": 10 }