{ "BFS": 24.678525, "A*": 20.212661, "F-Hat": 25.691617, "Risk": 24.937725, "Lookahead": 100 }