{ "BFS": 21.560191, "A*": 21.722895, "F-Hat": 25.609519, "Risk": 24.435942, "Lookahead": 1000 }