{ "BFS": 25.780196, "A*": 22.281855, "F-Hat": 26.756794, "Risk": 27.387164, "Lookahead": 100 }