{ "BFS": 20.955716, "A*": 21.423721, "F-Hat": 27.104804, "Risk": 23.854032, "Lookahead": 1000 }