{ "BFS": 21.589066, "A*": 19.959156, "F-Hat": 27.395745, "Risk": 23.939290, "Lookahead": 1000 }