{ "BFS": 23.504588, "A*": 22.780198, "F-Hat": 26.339262, "Risk": 23.863092, "Lookahead": 100 }