{ "BFS": 19.731300, "A*": 21.768219, "F-Hat": 28.019233, "Risk": 24.680708, "Lookahead": 100 }