{ "BFS": 25.475021, "A*": 23.559987, "F-Hat": 26.721305, "Risk": 25.334387, "Lookahead": 100 }