{ "BFS": 24.059183, "A*": 23.025728, "F-Hat": 25.987004, "Risk": 25.224958, "Lookahead": 100 }