{ "BFS": 23.773368, "A*": 22.796156, "F-Hat": 26.310122, "Risk": 22.635600, "Lookahead": 100 }