{ "BFS": 24.958819, "A*": 22.785316, "F-Hat": 26.115084, "Risk": 23.861835, "Lookahead": 100 }