{ "BFS": 23.726684, "A*": 45.990764, "F-Hat": 41.278891, "Risk": 40.421901, "Lookahead": 100 }