{ "BFS": 25.407335, "A*": 23.307675, "F-Hat": 25.925055, "Risk": 25.385405, "Lookahead": 100 }