{ "BFS": 21.929370, "A*": 22.997177, "F-Hat": 24.512705, "Risk": 21.420109, "Lookahead": 100 }