{ "BFS": 22.757353, "A*": 21.414171, "F-Hat": 24.881803, "Risk": 24.881803, "Lookahead": 1000 }