{ "BFS": 27.288194, "A*": 45.381451, "F-Hat": 47.400489, "Risk": 42.173492, "Lookahead": 10 }