{ "BFS": 23.760211, "A*": 20.471685, "F-Hat": 25.983152, "Risk": 24.863213, "Lookahead": 1000 }