{ "BFS": 25.468841, "A*": 26.051812, "F-Hat": 24.683971, "Risk": 25.049831, "Lookahead": 10 }