{ "BFS": 25.549576, "A*": 22.268885, "F-Hat": 28.274652, "Risk": 24.462604, "Lookahead": 100 }