{ "BFS": 24.483632, "A*": 21.398276, "F-Hat": 24.201335, "Risk": 23.108669, "Lookahead": 100 }