{ "BFS": 27.034551, "A*": 26.161244, "F-Hat": 27.515942, "Risk": 23.588100, "Lookahead": 10 }