{ "BFS": 24.337285, "A*": 21.137161, "F-Hat": 24.407509, "Risk": 23.244459, "Lookahead": 1000 }