{ "BFS": 23.726379, "A*": 25.765551, "F-Hat": 24.117654, "Risk": 23.337386, "Lookahead": 10 }