{ "BFS": 23.527483, "A*": 22.444378, "F-Hat": 23.651666, "Risk": 22.920390, "Lookahead": 100 }