{ "BFS": 23.023956, "A*": 21.401356, "F-Hat": 26.820622, "Risk": 24.250279, "Lookahead": 1000 }