{ "BFS": 23.254551, "A*": 23.168559, "F-Hat": 25.173338, "Risk": 20.201124, "Lookahead": 100 }