{ "BFS": 23.946706, "A*": 21.805649, "F-Hat": 22.925485, "Risk": 21.421226, "Lookahead": 1000 }