{ "BFS": 24.282807, "A*": 22.364052, "F-Hat": 26.753475, "Risk": 27.298803, "Lookahead": 1000 }