{ "BFS": 23.331882, "A*": 20.895841, "F-Hat": 28.106839, "Risk": 23.663468, "Lookahead": 100 }