{ "BFS": 21.147942, "A*": 19.808608, "F-Hat": 25.178680, "Risk": 25.603485, "Lookahead": 1000 }