{ "BFS": 23.740281, "A*": 21.470773, "F-Hat": 25.604787, "Risk": 23.532418, "Lookahead": 1000 }