{ "BFS": 23.961540, "A*": 21.457687, "F-Hat": 25.657589, "Risk": 24.104068, "Lookahead": 1000 }