{ "BFS": 26.563979, "A*": 24.705065, "F-Hat": 23.674596, "Risk": 21.327724, "Lookahead": 100 }