{ "BFS": 25.992207, "A*": 22.796249, "F-Hat": 22.115073, "Risk": 21.618606, "LSS-LRTA*": 36.109583, "Lookahead": 100 }