{ "BFS": 26.565167, "A*": 22.636010, "F-Hat": 27.076652, "Risk": 26.466289, "Lookahead": 100 }