{ "BFS": 21.678827, "A*": 20.690205, "F-Hat": 25.287615, "Risk": 23.127584, "Lookahead": 100 }