{ "BFS": 23.801701, "A*": 21.669030, "F-Hat": 26.813942, "Risk": 22.593509, "Lookahead": 1000 }