{ "BFS": 27.237594, "A*": 26.913388, "F-Hat": 26.562428, "Risk": 24.755261, "Lookahead": 10 }