{ "BFS": 23.362833, "A*": 20.654595, "F-Hat": 27.278253, "Risk": 24.186886, "Lookahead": 1000 }