{ "BFS": 24.038243, "A*": 21.118460, "F-Hat": 25.452895, "Risk": 24.911712, "Lookahead": 1000 }