{ "BFS": 23.505331, "A*": 22.543790, "F-Hat": 27.842969, "Risk": 24.589653, "Lookahead": 1000 }