{ "BFS": 22.839958, "A*": 20.109145, "F-Hat": 23.634751, "Risk": 23.394791, "Lookahead": 1000 }