{ "BFS": 25.191939, "A*": 24.767798, "F-Hat": 26.053847, "Risk": 24.484787, "Lookahead": 10 }