{ "BFS": 22.410950, "A*": 20.656191, "F-Hat": 21.887132, "Risk": 22.498105, "LSS-LRTA*": 31.186448, "Lookahead": 1000 }