{ "BFS": 24.460476, "A*": 22.527207, "F-Hat": 28.233925, "Risk": 23.736871, "Lookahead": 1000 }