{ "BFS": 24.179089, "A*": 22.369764, "F-Hat": 23.557025, "Risk": 20.050568, "Lookahead": 1000 }