{ "BFS": 30.486326, "A*": 25.027182, "F-Hat": 25.884005, "Risk": 26.862129, "Lookahead": 10 }