{ "BFS": 27.819467, "A*": 27.891191, "F-Hat": 27.936454, "Risk": 25.824010, "Lookahead": 10 }