{ "BFS": 23.267857, "A*": 23.536943, "F-Hat": 21.246005, "Risk": 23.942784, "Confidence": 46.105939, "LSS-LRTA*": 34.546333, "Lookahead": 100 }