{ "BFS": 22.021084, "A*": 21.314668, "F-Hat": 21.909128, "Risk": 20.840818, "Lookahead": 1000 }