{ "BFS": 25.094010, "A*": 24.608932, "F-Hat": 24.429916, "Risk": 24.991734, "Lookahead": 10 }