{ "BFS": 24.563143, "A*": 24.249354, "F-Hat": 24.423128, "Risk": 26.337504, "Lookahead": 10 }