{ "BFS": 23.625228, "A*": 22.909102, "F-Hat": 28.152527, "Risk": 24.141906, "Lookahead": 1000 }