{ "BFS": 28.578760, "A*": 26.042048, "F-Hat": 27.877487, "Risk": 25.073300, "Lookahead": 10 }