{ "BFS": 22.512240, "A*": 20.779641, "F-Hat": 25.736370, "Risk": 22.734309, "Lookahead": 100 }