{ "BFS": 27.094909, "A*": 23.642446, "F-Hat": 26.510800, "Risk": 24.418177, "Lookahead": 10 }