{ "BFS": 22.222052, "A*": 21.801214, "F-Hat": 22.113632, "Risk": 22.184812, "Lookahead": 1000 }