{ "BFS": 26.842260, "A*": 26.328862, "F-Hat": 27.114992, "Risk": 25.796295, "Lookahead": 10 }