{ "BFS": 25.899151, "A*": 38.664423, "F-Hat": 43.505535, "Risk": 39.904993, "Lookahead": 10 }