{ "BFS": 27.449949, "A*": 23.465078, "F-Hat": 26.241099, "Risk": 26.226306, "Lookahead": 10 }