{ "BFS": 22.208696, "A*": 20.868108, "F-Hat": 26.801015, "Risk": 23.686226, "Lookahead": 1000 }