{ "BFS": 24.698093, "A*": 23.618407, "F-Hat": 26.306312, "Risk": 26.754892, "Lookahead": 100 }