{ "BFS": 26.222997, "A*": 25.031280, "F-Hat": 25.262545, "Risk": 22.824677, "Lookahead": 10 }