{ "BFS": 23.223875, "A*": 21.483140, "F-Hat": 24.952954, "Risk": 21.763733, "Lookahead": 100 }