{ "BFS": 23.288818, "A*": 39.402836, "F-Hat": 37.402353, "Risk": 39.975484, "Lookahead": 1000 }