{ "BFS": 23.390131, "A*": 48.333058, "F-Hat": 45.147126, "Risk": 47.078530, "Lookahead": 1000 }