{ "BFS": 22.476362, "A*": 21.586332, "F-Hat": 27.888580, "Risk": 24.415909, "Lookahead": 1000 }