{ "BFS": 26.477039, "A*": 22.293959, "F-Hat": 25.006854, "Risk": 25.990214, "Lookahead": 100 }