{ "BFS": 22.847885, "A*": 21.392320, "F-Hat": 25.654714, "Risk": 24.770765, "Lookahead": 1000 }