{ "BFS": 24.365924, "A*": 27.075102, "F-Hat": 25.343104, "Risk": 26.192533, "Lookahead": 10 }