{ "BFS": 23.924374, "A*": 21.869016, "F-Hat": 28.669580, "Risk": 24.355728, "Lookahead": 1000 }