{ "BFS": 22.775454, "A*": 21.568482, "F-Hat": 25.332316, "Risk": 21.926775, "Lookahead": 1000 }