{ "BFS": 23.303607, "A*": 21.997095, "F-Hat": 22.510670, "Risk": 21.535558, "Confidence": 51.430303, "LSS-LRTA*": 35.430294, "Lookahead": 1000 }