{ "BFS": 26.082822, "A*": 23.881176, "F-Hat": 27.454694, "Risk": 23.679803, "Lookahead": 100 }