{ "BFS": 25.938569, "A*": 27.785300, "F-Hat": 24.648143, "Risk": 25.626707, "Lookahead": 10 }