{ "BFS": 27.046637, "A*": 25.675388, "F-Hat": 27.410354, "Risk": 24.693092, "Lookahead": 10 }