{ "BFS": 26.430859, "A*": 28.669862, "F-Hat": 28.035826, "Risk": 29.095815, "Lookahead": 10 }