{ "BFS": 23.440140, "A*": 22.211041, "F-Hat": 26.315465, "Risk": 23.796133, "Lookahead": 100 }