{ "BFS": 25.049579, "A*": 22.241505, "F-Hat": 27.851621, "Risk": 24.620105, "Lookahead": 100 }