{ "BFS": 24.256189, "A*": 24.069021, "F-Hat": 26.256624, "Risk": 24.824388, "Lookahead": 100 }