{ "BFS": 21.056015, "A*": 23.990526, "F-Hat": 23.198308, "Risk": 22.090661, "Lookahead": 100 }