{ "BFS": 27.455854, "A*": 28.826360, "F-Hat": 25.805346, "Risk": 23.335526, "Lookahead": 10 }