{ "BFS": 22.641856, "A*": 23.434283, "F-Hat": 27.687667, "Risk": 24.145553, "Lookahead": 100 }