{ "BFS": 25.421079, "A*": 26.756582, "F-Hat": 25.405444, "Risk": 26.255549, "Lookahead": 10 }