{ "BFS": 23.983341, "A*": 20.976403, "F-Hat": 27.694357, "Risk": 25.463789, "Lookahead": 1000 }