{ "BFS": 23.110838, "A*": 21.065098, "F-Hat": 27.478485, "Risk": 23.211141, "Lookahead": 1000 }