{ "BFS": 24.197169, "A*": 23.016095, "F-Hat": 29.419712, "Risk": 25.404597, "Lookahead": 100 }