{ "BFS": 26.169763, "A*": 26.211156, "F-Hat": 25.858797, "Risk": 24.047956, "Lookahead": 10 }