{ "BFS": 29.605828, "A*": 26.212584, "F-Hat": 28.520414, "Risk": 26.491325, "Lookahead": 10 }