{ "BFS": 28.570857, "A*": 25.951767, "F-Hat": 27.371838, "Risk": 24.934146, "Lookahead": 10 }