{ "BFS": 23.003836, "A*": 21.347144, "F-Hat": 28.970277, "Risk": 25.073089, "Lookahead": 1000 }