{ "BFS": 24.812298, "A*": 22.115163, "F-Hat": 21.818601, "Risk": 21.387308, "Lookahead": 100 }