{ "BFS": 24.077842, "A*": 21.997765, "F-Hat": 27.220667, "Risk": 24.194875, "Lookahead": 1000 }