{ "BFS": 27.148670, "A*": 25.346364, "F-Hat": 26.472421, "Risk": 27.024987, "Lookahead": 10 }