{ "BFS": 24.569910, "A*": 23.411536, "F-Hat": 29.276818, "Risk": 26.278805, "Lookahead": 100 }