{ "BFS": 22.983418, "A*": 22.759154, "F-Hat": 26.431187, "Risk": 23.485551, "Lookahead": 100 }