{ "BFS": 23.735788, "A*": 21.702877, "F-Hat": 27.383822, "Risk": 24.990076, "Lookahead": 1000 }