{ "BFS": 28.476826, "A*": 39.379702, "F-Hat": 37.745449, "Risk": 40.247266, "Lookahead": 10 }