{ "BFS": 26.087268, "A*": 22.275372, "F-Hat": 27.112882, "Risk": 24.681524, "Lookahead": 10 }