{ "BFS": 24.517299, "A*": 24.027456, "F-Hat": 24.689766, "Risk": 24.350348, "Lookahead": 100 }