{ "BFS": 25.601295, "A*": 22.041098, "F-Hat": 25.601632, "Risk": 23.514027, "Lookahead": 100 }