{ "BFS": 22.607852, "A*": 19.817256, "F-Hat": 22.417331, "Risk": 21.136834, "Lookahead": 1000 }