{ "BFS": 23.890378, "A*": 23.363826, "F-Hat": 28.190864, "Risk": 26.670012, "Lookahead": 10 }