{ "BFS": 24.150366, "A*": 21.066149, "F-Hat": 26.323423, "Risk": 23.728244, "Lookahead": 100 }