{ "BFS": 21.899738, "A*": 20.783275, "F-Hat": 24.345038, "Risk": 22.689033, "Lookahead": 1000 }