{ "BFS": 27.307628, "A*": 23.643850, "F-Hat": 27.407724, "Risk": 24.300302, "Lookahead": 10 }