{ "BFS": 23.910801, "A*": 21.489123, "F-Hat": 28.089494, "Risk": 24.916664, "Lookahead": 100 }