{ "BFS": 27.984294, "A*": 26.148889, "F-Hat": 26.582845, "Risk": 26.482098, "Lookahead": 10 }