{ "BFS": 22.217398, "A*": 21.475025, "F-Hat": 26.070321, "Risk": 23.898872, "Lookahead": 1000 }