{ "BFS": 28.783422, "A*": 24.676448, "F-Hat": 27.691270, "Risk": 27.732496, "Lookahead": 10 }