{ "BFS": 24.913209, "A*": 23.779530, "F-Hat": 24.476169, "Risk": 24.238414, "Lookahead": 100 }