{ "BFS": 21.964482, "A*": 20.903227, "F-Hat": 26.624562, "Risk": 23.124351, "Lookahead": 1000 }