{ "BFS": 22.579375, "A*": 21.924628, "F-Hat": 21.697895, "Risk": 21.055476, "LSS-LRTA*": 33.473277, "Lookahead": 100 }