{ "BFS": 22.455214, "A*": 21.761090, "F-Hat": 27.801560, "Risk": 24.924596, "Lookahead": 100 }