{ "BFS": 24.574923, "A*": 22.697889, "F-Hat": 25.025146, "Risk": 23.392336, "Lookahead": 100 }