{ "BFS": 23.551499, "A*": 23.725666, "F-Hat": 25.277373, "Risk": 22.893594, "Lookahead": 100 }