{ "BFS": 27.801210, "A*": 23.993132, "F-Hat": 24.115905, "Risk": 22.780094, "Lookahead": 10 }