{ "BFS": 23.776166, "A*": 20.567277, "F-Hat": 26.875899, "Risk": 24.215198, "Lookahead": 100 }