{ "BFS": 23.971561, "A*": 23.114463, "F-Hat": 26.986915, "Risk": 23.825818, "Lookahead": 100 }