{ "BFS": 21.346900, "A*": 20.667687, "F-Hat": 24.429944, "Risk": 23.853488, "Lookahead": 1000 }