{ "BFS": 21.946879, "A*": 23.473061, "F-Hat": 21.911003, "Risk": 22.849394, "Confidence": 41.838343, "LSS-LRTA*": 39.764522, "Lookahead": 100 }