{ "BFS": 27.240916, "A*": 24.792030, "F-Hat": 26.880532, "Risk": 27.556674, "Lookahead": 100 }