{ "BFS": 22.832866, "A*": 20.270443, "F-Hat": 24.988664, "Risk": 23.155837, "Lookahead": 1000 }