{ "BFS": 22.715322, "A*": 23.242045, "F-Hat": 26.371638, "Risk": 23.262090, "Lookahead": 100 }