{ "BFS": 25.258833, "A*": 23.576108, "F-Hat": 23.132991, "Risk": 23.251770, "Lookahead": 10 }