{ "BFS": 23.094533, "A*": 22.994388, "F-Hat": 24.926226, "Risk": 23.330610, "Lookahead": 100 }