{ "BFS": 26.252057, "A*": 23.963180, "F-Hat": 28.720073, "Risk": 23.775635, "Lookahead": 10 }