{ "BFS": 25.409482, "A*": 21.688656, "F-Hat": 27.144261, "Risk": 23.323532, "Lookahead": 100 }