{ "BFS": 24.337839, "A*": 23.151076, "F-Hat": 25.261614, "Risk": 22.714180, "Lookahead": 10 }