{ "BFS": 25.451135, "A*": 31.029016, "F-Hat": 26.563548, "Risk": 25.862495, "Lookahead": 10 }