{ "BFS": 23.926055, "A*": 21.784248, "F-Hat": 21.971691, "Risk": 20.737880, "Confidence": 43.605157, "LSS-LRTA*": 38.060502, "Lookahead": 100 }