{ "BFS": 20.798027, "A*": 20.227365, "F-Hat": 24.513848, "Risk": 23.602609, "Lookahead": 1000 }