{ "BFS": 23.327889, "A*": 20.954929, "F-Hat": 29.101253, "Risk": 25.335814, "Lookahead": 1000 }