{ "BFS": 19.406594, "A*": 20.138247, "F-Hat": 27.171100, "Risk": 24.947869, "Lookahead": 1000 }