{ "BFS": 22.066040, "A*": 20.829319, "F-Hat": 22.028457, "Risk": 21.250348, "Lookahead": 1000 }