{ "BFS": 27.472363, "A*": 24.450749, "F-Hat": 26.583679, "Risk": 26.614553, "Lookahead": 10 }