{ "BFS": 26.218854, "A*": 26.612411, "F-Hat": 24.539298, "Risk": 24.112020, "Lookahead": 10 }