{ "BFS": 26.410402, "A*": 23.700287, "F-Hat": 26.161477, "Risk": 26.161477, "Lookahead": 10 }