{ "BFS": 22.028756, "A*": 21.878839, "F-Hat": 26.274425, "Risk": 23.927159, "Lookahead": 100 }