{ "BFS": 23.178413, "A*": 24.312813, "F-Hat": 21.685594, "Risk": 22.895300, "Confidence": 46.101343, "LSS-LRTA*": 36.381444, "Lookahead": 100 }