{ "BFS": 21.736701, "A*": 21.033800, "F-Hat": 26.383781, "Risk": 21.312495, "Lookahead": 100 }