{ "BFS": 28.183585, "A*": 25.528861, "F-Hat": 30.277122, "Risk": 25.692417, "Lookahead": 10 }