{ "BFS": 23.082841, "A*": 21.552424, "F-Hat": 26.475650, "Risk": 24.744840, "Lookahead": 1000 }