{ "BFS": 28.927481, "A*": 23.345914, "F-Hat": 25.976495, "Risk": 24.736469, "Lookahead": 10 }