{ "BFS": 21.668925, "A*": 21.341774, "F-Hat": 25.873521, "Risk": 23.990371, "Lookahead": 100 }