{ "BFS": 26.398421, "A*": 25.452044, "F-Hat": 27.132759, "Risk": 25.664708, "Lookahead": 10 }