{ "BFS": 22.640922, "A*": 22.568216, "F-Hat": 24.867443, "Risk": 25.022090, "Lookahead": 100 }