{ "BFS": 22.158457, "A*": 22.168041, "F-Hat": 25.763644, "Risk": 25.456913, "Lookahead": 100 }