{ "BFS": 22.226738, "A*": 22.364119, "F-Hat": 24.377523, "Risk": 23.606519, "Lookahead": 100 }