{ "BFS": 23.268093, "A*": 23.770609, "F-Hat": 25.145128, "Risk": 23.662887, "Lookahead": 100 }