{ "BFS": 24.159285, "A*": 21.471048, "F-Hat": 26.439155, "Risk": 24.552289, "Lookahead": 1000 }