{ "BFS": 22.521303, "A*": 22.165152, "F-Hat": 28.301588, "Risk": 25.046142, "Lookahead": 1000 }