{ "BFS": 25.077200, "A*": 26.266084, "F-Hat": 25.835967, "Risk": 26.921973, "Lookahead": 10 }