{ "BFS": 23.880997, "A*": 19.834943, "F-Hat": 23.532584, "Risk": 22.146831, "Lookahead": 1000 }