{ "BFS": 23.141498, "A*": 23.793272, "F-Hat": 25.452895, "Risk": 24.867129, "Lookahead": 100 }