{ "BFS": 26.669352, "A*": 28.960512, "F-Hat": 26.905497, "Risk": 26.064576, "Lookahead": 10 }