{ "BFS": 23.273285, "A*": 24.803483, "F-Hat": 26.172119, "Risk": 24.100852, "Lookahead": 100 }