{ "BFS": 23.305668, "A*": 40.308816, "F-Hat": 44.675179, "Risk": 37.964584, "Lookahead": 100 }