{ "BFS": 23.906552, "A*": 23.048831, "F-Hat": 27.458925, "Risk": 25.351143, "Lookahead": 1000 }