{ "BFS": 23.725841, "A*": 21.079093, "F-Hat": 22.848091, "Risk": 22.524472, "Lookahead": 100 }