{ "BFS": 20.201348, "A*": 19.814257, "F-Hat": 24.953951, "Risk": 24.165119, "Lookahead": 1000 }