{ "BFS": 26.561195, "A*": 24.401986, "F-Hat": 26.848223, "Risk": 27.158421, "Lookahead": 10 }