{ "BFS": 23.586109, "A*": 20.915244, "F-Hat": 25.483113, "Risk": 25.560943, "Lookahead": 1000 }