{ "BFS": 23.087205, "A*": 19.682451, "F-Hat": 24.839540, "Risk": 22.420851, "Lookahead": 1000 }