{ "BFS": 25.734177, "A*": 25.001656, "F-Hat": 28.280592, "Risk": 25.752869, "Confidence": 41.241502, "LSS-LRTA*": 37.617888, "Lookahead": 10 }