{ "BFS": 29.105682, "A*": 25.139451, "F-Hat": 26.798873, "Risk": 23.962758, "Lookahead": 10 }