{ "BFS": 23.616257, "A*": 22.972852, "F-Hat": 26.339262, "Risk": 23.331806, "Lookahead": 100 }