{ "BFS": 25.285290, "A*": 22.348072, "F-Hat": 27.129052, "Risk": 22.909614, "Lookahead": 100 }