{ "BFS": 22.761706, "A*": 24.891362, "F-Hat": 27.892337, "Risk": 24.691635, "Lookahead": 100 }