{ "BFS": 23.313399, "A*": 22.382824, "F-Hat": 26.738974, "Risk": 24.444477, "Lookahead": 1000 }