{ "BFS": 25.259344, "A*": 24.163806, "F-Hat": 22.442428, "Risk": 25.143775, "Lookahead": 10 }