{ "BFS": 25.416071, "A*": 26.354147, "F-Hat": 27.218851, "Risk": 25.647602, "Lookahead": 10 }