{ "BFS": 27.483475, "A*": 23.648973, "F-Hat": 29.461233, "Risk": 25.346732, "Lookahead": 10 }