{ "BFS": 24.117933, "A*": 24.302899, "F-Hat": 29.524831, "Risk": 23.024449, "Lookahead": 10 }