{ "BFS": 25.094391, "A*": 23.351305, "F-Hat": 25.169966, "Risk": 22.284257, "Lookahead": 100 }