{ "BFS": 24.548832, "A*": 23.720834, "F-Hat": 22.675567, "Risk": 25.652688, "Lookahead": 100 }