{ "BFS": 25.709835, "A*": 25.092332, "F-Hat": 25.587367, "Risk": 23.236727, "Lookahead": 10 }