{ "BFS": 20.944965, "A*": 19.653142, "F-Hat": 22.940882, "Risk": 20.539294, "Lookahead": 1000 }