{ "BFS": 24.486772, "A*": 23.580043, "F-Hat": 26.214140, "Risk": 24.132314, "Lookahead": 100 }