{ "BFS": 22.687556, "A*": 22.638993, "F-Hat": 24.276800, "Risk": 23.626060, "Lookahead": 100 }