{ "BFS": 21.332525, "A*": 23.035643, "F-Hat": 21.198677, "Risk": 23.159449, "Lookahead": 100 }