{ "BFS": 22.720241, "A*": 22.738083, "F-Hat": 25.573768, "Risk": 21.947031, "Lookahead": 100 }