{ "BFS": 23.605264, "A*": 23.203932, "F-Hat": 25.964228, "Risk": 25.886290, "Lookahead": 100 }