{ "BFS": 24.049486, "A*": 20.044711, "F-Hat": 27.609057, "Risk": 24.205399, "Lookahead": 1000 }