{ "BFS": 26.634683, "A*": 26.163623, "F-Hat": 25.152762, "Risk": 28.441670, "Lookahead": 10 }