{ "BFS": 30.692431, "A*": 28.162603, "F-Hat": 27.416465, "Risk": 25.240245, "Lookahead": 10 }