{ "BFS": 24.027467, "A*": 21.078457, "F-Hat": 24.369122, "Risk": 21.767755, "Lookahead": 1000 }