{ "BFS": 24.751902, "A*": 24.024908, "F-Hat": 27.837272, "Risk": 25.062679, "Lookahead": 100 }