{ "BFS": 27.317408, "A*": 27.182022, "F-Hat": 26.093891, "Risk": 24.966729, "Lookahead": 10 }