{ "BFS": 22.893067, "A*": 22.083199, "F-Hat": 25.175743, "Risk": 22.175489, "Lookahead": 1000 }