{ "BFS": 23.695797, "A*": 21.723603, "F-Hat": 28.397942, "Risk": 24.812138, "Lookahead": 1000 }