{ "BFS": 22.797016, "A*": 21.764103, "F-Hat": 25.291059, "Risk": 24.835398, "Lookahead": 1000 }