{ "BFS": 23.828725, "A*": 21.275412, "F-Hat": 25.720912, "Risk": 21.653579, "Lookahead": 100 }