{ "BFS": 23.521923, "A*": 26.397875, "F-Hat": 26.408867, "Risk": 26.755996, "Lookahead": 10 }