{ "BFS": 24.211374, "A*": 21.899308, "F-Hat": 26.908521, "Risk": 23.537254, "Lookahead": 1000 }