{ "BFS": 22.602324, "A*": 21.664457, "F-Hat": 21.846202, "Risk": 22.471715, "Lookahead": 100 }