{ "BFS": 26.206804, "A*": 26.342002, "F-Hat": 24.615196, "Risk": 24.476011, "Lookahead": 10 }