{ "BFS": 29.098927, "A*": 27.711249, "F-Hat": 30.930448, "Risk": 27.716567, "Lookahead": 10 }