{ "BFS": 23.632913, "A*": 21.333326, "F-Hat": 24.354521, "Risk": 24.021525, "Lookahead": 1000 }