{ "BFS": 27.608135, "A*": 23.805702, "F-Hat": 28.043618, "Risk": 30.122696, "Lookahead": 10 }