{ "BFS": 22.553987, "A*": 21.676967, "F-Hat": 23.928597, "Risk": 22.403792, "Lookahead": 1000 }