{ "BFS": 22.664452, "A*": 22.681939, "F-Hat": 25.240396, "Risk": 23.783199, "Lookahead": 1000 }