{ "BFS": 27.466741, "A*": 25.279893, "F-Hat": 32.566406, "Risk": 25.198658, "Lookahead": 10 }