{ "BFS": 22.339922, "A*": 20.064556, "F-Hat": 25.617095, "Risk": 21.928454, "Lookahead": 1000 }