{ "BFS": 20.909603, "A*": 20.540755, "F-Hat": 26.892080, "Risk": 24.834400, "Lookahead": 1000 }