{ "BFS": 27.104887, "A*": 26.251228, "F-Hat": 25.631996, "Risk": 24.472790, "Lookahead": 10 }