{ "BFS": 28.766995, "A*": 41.489605, "F-Hat": 45.360494, "Risk": 42.322081, "Lookahead": 10 }