{ "BFS": 26.677301, "A*": 25.521592, "F-Hat": 27.355015, "Risk": 25.619598, "LSS-LRTA*": 35.288947, "Lookahead": 10 }