{ "BFS": 22.720786, "A*": 23.594418, "F-Hat": 26.051677, "Risk": 25.344221, "Lookahead": 10 }