{ "BFS": 24.648651, "A*": 21.569412, "F-Hat": 23.618768, "Risk": 24.010153, "Lookahead": 100 }