{ "BFS": 23.602878, "A*": 20.676219, "F-Hat": 27.423485, "Risk": 24.122261, "Lookahead": 1000 }