{ "BFS": 26.369606, "A*": 23.081969, "F-Hat": 26.836645, "Risk": 25.456290, "Lookahead": 100 }