{ "BFS": 28.738363, "A*": 26.985107, "F-Hat": 27.585682, "Risk": 28.797237, "Lookahead": 10 }