{ "BFS": 27.738526, "A*": 24.031995, "F-Hat": 24.154801, "Risk": 24.699947, "Lookahead": 10 }