{ "BFS": 25.648516, "A*": 27.730006, "F-Hat": 26.744929, "Risk": 28.136338, "Lookahead": 10 }