{ "BFS": 26.776730, "A*": 26.537830, "F-Hat": 26.361751, "Risk": 25.382254, "Confidence": 43.819388, "LSS-LRTA*": 38.232166, "Lookahead": 10 }