{ "BFS": 22.891710, "A*": 20.040036, "F-Hat": 26.199788, "Risk": 23.231089, "Lookahead": 100 }