{ "BFS": 28.124080, "A*": 26.327700, "F-Hat": 28.033038, "Risk": 27.608837, "Lookahead": 10 }