{ "BFS": 23.332088, "A*": 20.414381, "F-Hat": 27.355533, "Risk": 24.394613, "Lookahead": 1000 }