{ "BFS": 25.273230, "A*": 22.763067, "F-Hat": 28.188636, "Risk": 26.256337, "Lookahead": 100 }