{ "BFS": 25.447282, "A*": 23.021185, "F-Hat": 23.462409, "Risk": 22.715082, "Lookahead": 100 }