{ "BFS": 25.938912, "A*": 23.492881, "F-Hat": 26.260601, "Risk": 25.699308, "Lookahead": 100 }