{ "BFS": 25.019002, "A*": 23.499525, "F-Hat": 26.569531, "Risk": 26.569531, "Lookahead": 100 }