{ "BFS": 21.421904, "A*": 21.352988, "F-Hat": 25.364396, "Risk": 22.918127, "Lookahead": 100 }