{ "BFS": 25.946807, "A*": 21.187801, "F-Hat": 27.694261, "Risk": 24.829853, "Lookahead": 100 }