{ "BFS": 22.301371, "A*": 23.005794, "F-Hat": 24.472731, "Risk": 25.936543, "Lookahead": 100 }