{ "BFS": 22.303681, "A*": 22.013213, "F-Hat": 24.468694, "Risk": 24.430240, "Lookahead": 1000 }