{ "BFS": 24.075103, "A*": 22.428647, "F-Hat": 27.116388, "Risk": 23.664778, "Lookahead": 100 }