{ "BFS": 21.653939, "A*": 20.477847, "F-Hat": 26.947728, "Risk": 23.958000, "Lookahead": 1000 }