{ "BFS": 21.870490, "A*": 22.496303, "F-Hat": 26.402568, "Risk": 24.064160, "Lookahead": 1000 }