{ "BFS": 22.349670, "A*": 20.617835, "F-Hat": 24.087801, "Risk": 22.586777, "Lookahead": 1000 }