{ "BFS": 22.836239, "A*": 21.648956, "F-Hat": 27.960543, "Risk": 22.875914, "Lookahead": 1000 }