{ "BFS": 22.073092, "A*": 20.060329, "F-Hat": 27.079978, "Risk": 25.067955, "Lookahead": 1000 }