{ "BFS": 26.410703, "A*": 22.517551, "F-Hat": 26.261791, "Risk": 22.502939, "Lookahead": 100 }