{ "BFS": 24.452808, "A*": 21.393575, "F-Hat": 25.946040, "Risk": 27.269195, "Lookahead": 100 }