{ "BFS": 26.819544, "A*": 22.994469, "F-Hat": 26.767088, "Risk": 28.149634, "Lookahead": 10 }