{ "BFS": 24.728709, "A*": 24.095351, "F-Hat": 27.376557, "Risk": 24.288450, "Lookahead": 10 }