{ "BFS": 26.078818, "A*": 26.142739, "F-Hat": 26.210288, "Risk": 24.451131, "Lookahead": 10 }