{ "BFS": 23.347161, "A*": 22.769349, "F-Hat": 28.042488, "Risk": 23.217565, "Lookahead": 1000 }