{ "BFS": 23.996097, "A*": 21.415439, "F-Hat": 25.729155, "Risk": 24.768766, "Lookahead": 100 }