{ "BFS": 24.173917, "A*": 21.324091, "F-Hat": 24.738244, "Risk": 25.889563, "Lookahead": 100 }