{ "BFS": 28.197481, "A*": 24.737316, "F-Hat": 25.281730, "Risk": 28.343867, "Lookahead": 10 }