{ "BFS": 25.092887, "A*": 22.754253, "F-Hat": 24.944529, "Risk": 25.332651, "Lookahead": 100 }