{ "BFS": 27.566256, "A*": 26.164413, "F-Hat": 28.280834, "Risk": 24.724514, "Lookahead": 10 }