{ "BFS": 22.829274, "A*": 20.340462, "F-Hat": 27.917198, "Risk": 24.597876, "Lookahead": 1000 }