{ "BFS": 25.612338, "A*": 22.168033, "F-Hat": 22.903792, "Risk": 21.768594, "Lookahead": 100 }