{ "BFS": 21.699555, "A*": 21.717937, "F-Hat": 25.283957, "Risk": 23.181458, "Lookahead": 1000 }