{ "BFS": 26.700728, "A*": 27.314500, "F-Hat": 26.902841, "Risk": 24.191756, "Lookahead": 10 }