{ "BFS": 21.873499, "A*": 20.708780, "F-Hat": 25.565761, "Risk": 23.392059, "Lookahead": 1000 }