{ "BFS": 25.829808, "A*": 23.506828, "F-Hat": 28.400962, "Risk": 22.471364, "Lookahead": 10 }