{ "BFS": 23.948195, "A*": 23.117286, "F-Hat": 26.814361, "Risk": 25.409458, "Lookahead": 10 }