{ "BFS": 26.932377, "A*": 25.602718, "F-Hat": 27.694638, "Risk": 24.589090, "Lookahead": 10 }