{ "BFS": 28.877717, "A*": 26.505250, "F-Hat": 26.220979, "Risk": 25.414490, "Lookahead": 10 }