{ "BFS": 25.955410, "A*": 24.625075, "F-Hat": 24.455943, "Risk": 23.373209, "Lookahead": 100 }