{ "BFS": 23.765363, "A*": 21.805649, "F-Hat": 22.677191, "Risk": 21.421226, "Lookahead": 1000 }