{ "BFS": 22.041975, "A*": 23.998941, "F-Hat": 26.955552, "Risk": 24.207994, "Lookahead": 100 }