{ "BFS": 24.393950, "A*": 26.676354, "F-Hat": 27.808363, "Risk": 26.022203, "Lookahead": 10 }