{ "BFS": 28.501934, "A*": 26.057332, "F-Hat": 25.863587, "Risk": 27.054972, "Lookahead": 10 }