{ "BFS": 24.003961, "A*": 21.571142, "F-Hat": 25.545300, "Risk": 23.418687, "Lookahead": 1000 }