{ "BFS": 27.798430, "A*": 25.708167, "F-Hat": 25.503685, "Risk": 25.289244, "Lookahead": 10 }