{ "BFS": 23.374094, "A*": 22.649514, "F-Hat": 28.052273, "Risk": 25.914711, "Lookahead": 1000 }