{ "BFS": 27.353396, "A*": 25.262285, "F-Hat": 27.758389, "Risk": 23.599641, "Lookahead": 10 }