{ "BFS": 24.631214, "A*": 22.649990, "F-Hat": 27.004593, "Risk": 23.209614, "Lookahead": 1000 }