{ "BFS": 29.534655, "A*": 24.217501, "F-Hat": 26.896092, "Risk": 24.077726, "Lookahead": 10 }