{ "BFS": 22.774621, "A*": 21.505365, "F-Hat": 25.104603, "Risk": 23.237370, "Lookahead": 1000 }