{ "BFS": 23.169440, "A*": 21.914670, "F-Hat": 27.266899, "Risk": 25.025683, "Lookahead": 1000 }