{ "BFS": 26.794803, "A*": 26.620502, "F-Hat": 26.776889, "Risk": 25.687293, "Confidence": 42.713860, "LSS-LRTA*": 37.639972, "Lookahead": 10 }