{ "BFS": 22.570890, "A*": 20.021149, "F-Hat": 26.148476, "Risk": 22.447011, "Lookahead": 100 }