{ "BFS": 25.255567, "A*": 25.007612, "F-Hat": 26.726886, "Risk": 23.951408, "Lookahead": 100 }