{ "BFS": 26.402673, "A*": 24.643028, "F-Hat": 28.597272, "Risk": 25.585889, "Lookahead": 10 }