{ "BFS": 20.974936, "A*": 22.992129, "F-Hat": 20.346705, "Risk": 22.513002, "Lookahead": 1000 }