{ "BFS": 29.495292, "A*": 26.486772, "F-Hat": 26.985732, "Risk": 28.978272, "Lookahead": 10 }