{ "BFS": 24.599411, "A*": 23.025361, "F-Hat": 26.456014, "Risk": 27.515077, "Lookahead": 100 }