{ "BFS": 26.444348, "A*": 24.012947, "F-Hat": 27.723974, "Risk": 26.656538, "Lookahead": 10 }