{ "BFS": 28.615635, "A*": 25.928763, "F-Hat": 28.285363, "Risk": 27.567584, "Lookahead": 10 }