{ "BFS": 22.855526, "A*": 22.257394, "F-Hat": 22.084012, "Risk": 21.759625, "Lookahead": 1000 }