{ "BFS": 25.185969, "A*": 22.719716, "F-Hat": 28.531766, "Risk": 24.469208, "Lookahead": 1000 }