{ "BFS": 27.182815, "A*": 27.029973, "F-Hat": 28.597505, "Risk": 23.606340, "Lookahead": 10 }