{ "BFS": 30.578180, "A*": 26.526566, "F-Hat": 28.608197, "Risk": 24.580843, "Lookahead": 10 }