{ "BFS": 22.970693, "A*": 20.224520, "F-Hat": 23.761840, "Risk": 23.276786, "Lookahead": 100 }