{ "BFS": 22.268476, "A*": 21.643977, "F-Hat": 23.155496, "Risk": 21.745541, "Lookahead": 1000 }