{ "BFS": 23.914734, "A*": 42.808378, "F-Hat": 47.718752, "Risk": 41.243840, "Lookahead": 100 }