{ "BFS": 25.635022, "A*": 23.447042, "F-Hat": 26.303956, "Risk": 26.181141, "Lookahead": 100 }