{ "BFS": 20.332874, "A*": 20.318520, "F-Hat": 27.668890, "Risk": 24.714896, "Lookahead": 1000 }