{ "BFS": 24.727075, "A*": 23.064153, "F-Hat": 26.126401, "Risk": 25.354046, "Lookahead": 100 }