{ "BFS": 21.706429, "A*": 22.650399, "F-Hat": 26.517720, "Risk": 24.118608, "Lookahead": 1000 }