{ "BFS": 24.351840, "A*": 22.758779, "F-Hat": 26.259064, "Risk": 23.015167, "Lookahead": 100 }