{ "BFS": 22.229208, "A*": 21.208028, "F-Hat": 26.232959, "Risk": 23.740713, "Lookahead": 1000 }