{ "BFS": 23.046073, "A*": 20.138271, "F-Hat": 28.567805, "Risk": 28.567805, "Lookahead": 1000 }