{ "BFS": 28.339540, "A*": 25.243800, "F-Hat": 26.044862, "Risk": 27.004949, "Lookahead": 10 }