{ "BFS": 27.228705, "A*": 26.242706, "F-Hat": 26.622591, "Risk": 26.622591, "Lookahead": 10 }