{ "BFS": 23.892813, "A*": 21.612991, "F-Hat": 26.176013, "Risk": 26.394530, "Lookahead": 100 }