{ "BFS": 24.217531, "A*": 21.897548, "F-Hat": 25.462029, "Risk": 24.787639, "Lookahead": 1000 }