{ "BFS": 23.634520, "A*": 22.764677, "F-Hat": 20.883786, "Risk": 20.452965, "Confidence": 41.754958, "LSS-LRTA*": 33.973096, "Lookahead": 100 }