{ "BFS": 22.269429, "A*": 19.824647, "F-Hat": 26.593239, "Risk": 23.815589, "Lookahead": 1000 }