{ "BFS": 22.476098, "A*": 21.424468, "F-Hat": 25.727355, "Risk": 24.863081, "Lookahead": 1000 }