{ "BFS": 24.878047, "A*": 21.873755, "F-Hat": 23.763973, "Risk": 22.067258, "Lookahead": 100 }