{ "BFS": 29.684215, "A*": 26.820717, "F-Hat": 28.174803, "Risk": 25.722539, "Lookahead": 10 }