{ "BFS": 22.455097, "A*": 21.167394, "F-Hat": 27.537395, "Risk": 24.280405, "Lookahead": 100 }