{ "BFS": 28.316038, "A*": 24.488720, "F-Hat": 25.456065, "Risk": 25.879243, "Confidence": 41.791964, "LSS-LRTA*": 35.888276, "Lookahead": 10 }