{ "BFS": 23.198563, "A*": 42.768263, "F-Hat": 40.572633, "Risk": 42.598132, "Lookahead": 100 }