{ "BFS": 25.928990, "A*": 23.624543, "F-Hat": 27.026262, "Risk": 28.009680, "Lookahead": 10 }