{ "BFS": 26.565581, "A*": 23.445830, "F-Hat": 25.872413, "Risk": 24.877383, "Lookahead": 10 }