{ "BFS": 23.630454, "A*": 21.268039, "F-Hat": 25.541768, "Risk": 25.541768, "Lookahead": 1000 }