{ "BFS": 22.419830, "A*": 21.138466, "F-Hat": 25.018706, "Risk": 24.619920, "Lookahead": 1000 }