{ "BFS": 22.959126, "A*": 21.315699, "F-Hat": 25.368360, "Risk": 21.881436, "Lookahead": 1000 }