{ "BFS": 24.012452, "A*": 22.914652, "F-Hat": 27.214930, "Risk": 22.910430, "Lookahead": 100 }