{ "BFS": 22.264025, "A*": 22.377878, "F-Hat": 27.914983, "Risk": 24.731434, "Lookahead": 1000 }