{ "BFS": 23.642332, "A*": 22.516816, "F-Hat": 25.264960, "Risk": 25.581485, "Lookahead": 100 }