{ "BFS": 28.183017, "A*": 24.143825, "F-Hat": 27.162894, "Risk": 25.145330, "Lookahead": 10 }