{ "BFS": 26.646658, "A*": 25.286550, "F-Hat": 30.264859, "Risk": 28.624118, "Lookahead": 10 }