{ "BFS": 25.717226, "A*": 26.399262, "F-Hat": 29.449017, "Risk": 25.281640, "Lookahead": 10 }