{ "BFS": 27.887896, "A*": 26.306134, "F-Hat": 26.382995, "Risk": 25.867668, "Lookahead": 10 }