{ "BFS": 26.115341, "A*": 22.713803, "F-Hat": 22.877578, "Risk": 22.836633, "Confidence": 37.696161, "LSS-LRTA*": 36.882683, "Lookahead": 100 }