{ "BFS": 23.972921, "A*": 22.823013, "F-Hat": 28.358085, "Risk": 24.453122, "Lookahead": 100 }