{ "BFS": 22.320658, "A*": 21.724969, "F-Hat": 23.631382, "Risk": 22.874495, "Lookahead": 1000 }