{ "BFS": 24.021502, "A*": 23.619019, "F-Hat": 24.976794, "Risk": 25.958067, "Lookahead": 100 }