{ "BFS": 27.177208, "A*": 28.252869, "F-Hat": 23.740668, "Risk": 25.230017, "Lookahead": 10 }