{ "BFS": 23.585181, "A*": 22.821563, "F-Hat": 27.079881, "Risk": 25.554059, "Lookahead": 100 }