{ "BFS": 24.144055, "A*": 37.217468, "F-Hat": 42.034391, "Risk": 43.795066, "Lookahead": 100 }