{ "BFS": 22.527033, "A*": 35.511420, "F-Hat": 39.832265, "Risk": 41.272875, "Lookahead": 100 }