{ "BFS": 28.941965, "A*": 27.362669, "F-Hat": 27.728050, "Risk": 27.075997, "Lookahead": 10 }