{ "BFS": 22.027166, "A*": 20.301866, "F-Hat": 27.000370, "Risk": 27.345439, "Lookahead": 1000 }