{ "BFS": 26.112597, "A*": 22.168099, "F-Hat": 24.153544, "Risk": 24.861282, "Lookahead": 100 }