{ "BFS": 27.445913, "A*": 43.448802, "F-Hat": 47.396555, "Risk": 38.647950, "Lookahead": 10 }