{ "BFS": 27.578081, "A*": 25.793770, "F-Hat": 27.240263, "Risk": 23.535579, "Lookahead": 10 }