{ "BFS": 24.080328, "A*": 26.767577, "F-Hat": 26.469671, "Risk": 27.525307, "Lookahead": 10 }