{ "BFS": 26.522421, "A*": 24.668469, "F-Hat": 26.400129, "Risk": 23.722038, "Lookahead": 10 }