{ "BFS": 23.552566, "A*": 23.633908, "F-Hat": 26.279503, "Risk": 23.991498, "Lookahead": 100 }