{ "BFS": 25.153846, "A*": 23.579730, "F-Hat": 27.538935, "Risk": 22.551841, "Lookahead": 100 }