{ "BFS": 29.447586, "A*": 24.920737, "F-Hat": 29.420911, "Risk": 28.261546, "Lookahead": 10 }