{ "BFS": 23.722125, "A*": 40.725079, "F-Hat": 44.132334, "Risk": 42.331698, "Lookahead": 100 }