{ "BFS": 22.276975, "A*": 20.993216, "F-Hat": 28.235628, "Risk": 23.990120, "Lookahead": 1000 }