{ "BFS": 23.540260, "A*": 21.253283, "F-Hat": 26.447890, "Risk": 23.128522, "Lookahead": 1000 }