{ "BFS": 24.824545, "A*": 23.470152, "F-Hat": 25.790359, "Risk": 24.655109, "Lookahead": 10 }