{ "BFS": 23.414336, "A*": 21.576729, "F-Hat": 23.766132, "Risk": 23.167140, "Lookahead": 1000 }