{ "BFS": 23.082764, "A*": 21.035840, "F-Hat": 28.376359, "Risk": 24.172684, "Lookahead": 1000 }