{ "BFS": 24.522338, "A*": 23.094404, "F-Hat": 26.394722, "Risk": 24.504516, "Lookahead": 100 }