{ "BFS": 23.228295, "A*": 23.256988, "F-Hat": 25.644168, "Risk": 25.406853, "Lookahead": 1000 }