{ "BFS": 26.728543, "A*": 22.139821, "F-Hat": 26.815136, "Risk": 23.068366, "Lookahead": 100 }