{ "BFS": 22.483441, "A*": 20.857618, "F-Hat": 26.379709, "Risk": 25.401218, "Lookahead": 1000 }