{ "BFS": 27.850382, "A*": 24.655750, "F-Hat": 29.734294, "Risk": 25.386087, "Lookahead": 10 }