{ "BFS": 23.635026, "A*": 21.437625, "F-Hat": 27.336833, "Risk": 27.426295, "Lookahead": 1000 }