{ "BFS": 24.398064, "A*": 28.361850, "F-Hat": 27.019527, "Risk": 25.167400, "Lookahead": 10 }