{ "BFS": 23.586289, "A*": 22.482438, "F-Hat": 22.854490, "Risk": 25.039056, "Confidence": 41.247712, "LSS-LRTA*": 33.609009, "Lookahead": 10 }