{ "BFS": 28.132592, "A*": 25.477817, "F-Hat": 26.882340, "Risk": 25.419390, "Lookahead": 10 }