{ "BFS": 22.931257, "A*": 21.009305, "F-Hat": 26.515509, "Risk": 24.857754, "Lookahead": 1000 }