{ "BFS": 24.946485, "A*": 21.813431, "F-Hat": 25.321972, "Risk": 25.321972, "Lookahead": 1000 }