{ "BFS": 24.201213, "A*": 22.236359, "F-Hat": 25.738602, "Risk": 23.000878, "Lookahead": 100 }