{ "BFS": 26.617769, "A*": 25.170294, "F-Hat": 26.663707, "Risk": 25.789317, "Lookahead": 10 }