{ "BFS": 24.693371, "A*": 24.888205, "F-Hat": 26.285947, "Risk": 24.702150, "Lookahead": 100 }