{ "BFS": 22.644389, "A*": 21.769508, "F-Hat": 26.088026, "Risk": 24.196272, "Lookahead": 1000 }