{ "BFS": 26.221629, "A*": 22.820834, "F-Hat": 25.695229, "Risk": 25.627661, "Lookahead": 100 }