{ "BFS": 29.262038, "A*": 24.364397, "F-Hat": 27.758339, "Risk": 25.330380, "Lookahead": 10 }