{ "BFS": 23.223769, "A*": 22.169601, "F-Hat": 25.951353, "Risk": 23.143810, "Lookahead": 1000 }