{ "BFS": 23.392957, "A*": 21.849039, "F-Hat": 25.068108, "Risk": 22.592968, "Lookahead": 100 }