{ "BFS": 23.350411, "A*": 23.561680, "F-Hat": 27.020498, "Risk": 23.149863, "Lookahead": 100 }