{ "BFS": 24.658473, "A*": 26.356916, "F-Hat": 27.158204, "Risk": 26.441775, "Confidence": 40.140917, "LSS-LRTA*": 38.623455, "Lookahead": 10 }