{ "BFS": 26.985345, "A*": 23.537967, "F-Hat": 28.494719, "Risk": 25.614515, "Lookahead": 10 }