{ "BFS": 28.971857, "A*": 26.218158, "F-Hat": 26.164589, "Risk": 26.895321, "Lookahead": 10 }