{ "BFS": 25.126071, "A*": 22.173403, "F-Hat": 22.943715, "Risk": 22.314458, "Lookahead": 100 }