{ "BFS": 22.775463, "A*": 23.678574, "F-Hat": 24.298004, "Risk": 24.286581, "Lookahead": 100 }