{ "BFS": 24.506697, "A*": 39.783183, "F-Hat": 43.658039, "Risk": 39.633912, "Lookahead": 100 }