{ "BFS": 23.960171, "A*": 22.128787, "F-Hat": 22.510279, "Risk": 21.992900, "Confidence": 45.082058, "LSS-LRTA*": 36.778523, "Lookahead": 100 }