{ "BFS": 23.657840, "A*": 21.328884, "F-Hat": 25.850049, "Risk": 23.081853, "Lookahead": 1000 }