{ "BFS": 24.620939, "A*": 21.638757, "F-Hat": 28.596266, "Risk": 24.914770, "Lookahead": 100 }