{ "BFS": 22.681101, "A*": 22.545996, "F-Hat": 24.472233, "Risk": 24.042641, "Lookahead": 100 }