{ "BFS": 28.082016, "A*": 23.969180, "F-Hat": 27.762702, "Risk": 26.575346, "Lookahead": 10 }