{ "BFS": 26.713085, "A*": 25.999636, "F-Hat": 29.141451, "Risk": 24.678484, "Lookahead": 10 }