{ "BFS": 21.444247, "A*": 21.011095, "F-Hat": 26.738515, "Risk": 26.058428, "Lookahead": 1000 }