{ "BFS": 23.573653, "A*": 20.092737, "F-Hat": 27.129862, "Risk": 20.339437, "Lookahead": 100 }