{ "BFS": 25.808455, "A*": 22.148722, "F-Hat": 26.151579, "Risk": 24.663113, "Lookahead": 100 }