{ "BFS": 23.347471, "A*": 22.529532, "F-Hat": 22.154219, "Risk": 21.633678, "LSS-LRTA*": 36.500616, "Lookahead": 1000 }