{ "BFS": 24.326892, "A*": 23.506322, "F-Hat": 22.511986, "Risk": 22.109183, "Lookahead": 100 }