{ "BFS": 22.916503, "A*": 47.241138, "F-Hat": 47.718930, "Risk": 34.014356, "Lookahead": 1000 }