{ "BFS": 28.119298, "A*": 25.127628, "F-Hat": 24.094875, "Risk": 24.697364, "Lookahead": 10 }