{ "BFS": 22.987702, "A*": 23.376968, "F-Hat": 27.478602, "Risk": 21.835689, "Lookahead": 100 }