{ "BFS": 20.578896, "A*": 20.473612, "F-Hat": 26.925247, "Risk": 24.975168, "Lookahead": 1000 }