{ "BFS": 22.865237, "A*": 20.860521, "F-Hat": 24.310411, "Risk": 23.413619, "Lookahead": 100 }