{ "BFS": 21.549062, "A*": 20.666839, "F-Hat": 21.862395, "Risk": 20.896409, "Confidence": 51.763058, "LSS-LRTA*": 33.743626, "Lookahead": 1000 }