{ "BFS": 24.100385, "A*": 22.443451, "F-Hat": 25.052581, "Risk": 25.172599, "Lookahead": 100 }