{ "BFS": 22.832195, "A*": 36.365199, "F-Hat": 40.895013, "Risk": 38.802712, "Lookahead": 100 }