{ "BFS": 26.757238, "A*": 23.892241, "F-Hat": 26.967016, "Risk": 26.691160, "Lookahead": 10 }