{ "BFS": 25.801151, "A*": 24.846038, "F-Hat": 24.501405, "Risk": 23.922718, "Lookahead": 10 }