{ "BFS": 29.456318, "A*": 26.491766, "F-Hat": 29.683583, "Risk": 23.478654, "Lookahead": 10 }