{ "BFS": 21.882211, "A*": 23.355895, "F-Hat": 27.901600, "Risk": 23.813448, "Lookahead": 100 }