{ "BFS": 26.643365, "A*": 26.375050, "F-Hat": 27.147285, "Risk": 26.676885, "Lookahead": 10 }