{ "BFS": 21.963609, "A*": 20.573361, "F-Hat": 25.815167, "Risk": 22.562708, "Lookahead": 1000 }