{ "BFS": 22.250427, "A*": 41.782164, "F-Hat": 45.656341, "Risk": 42.316603, "Lookahead": 100 }