{ "BFS": 22.317193, "A*": 20.921759, "F-Hat": 21.080002, "Risk": 21.781193, "Lookahead": 1000 }