{ "BFS": 23.967382, "A*": 22.801500, "F-Hat": 27.431794, "Risk": 25.162693, "Lookahead": 1000 }