{ "BFS": 26.104514, "A*": 20.814500, "F-Hat": 27.707480, "Risk": 24.879042, "Lookahead": 100 }