{ "BFS": 25.973708, "A*": 44.357301, "F-Hat": 41.031407, "Risk": 41.927316, "Lookahead": 100 }