{ "BFS": 22.888012, "A*": 22.349225, "F-Hat": 26.198593, "Risk": 22.184136, "Lookahead": 100 }