{ "BFS": 23.529301, "A*": 41.459569, "F-Hat": 42.817874, "Risk": 43.453900, "Lookahead": 1000 }