{ "BFS": 22.497008, "A*": 21.747514, "F-Hat": 27.357879, "Risk": 23.580898, "Lookahead": 1000 }