{ "BFS": 23.140635, "A*": 23.539406, "F-Hat": 26.609642, "Risk": 27.727478, "Lookahead": 100 }