{ "BFS": 27.954417, "A*": 25.486331, "F-Hat": 27.603713, "Risk": 25.138404, "Lookahead": 10 }