{ "BFS": 29.990802, "A*": 27.944399, "F-Hat": 32.850584, "Risk": 29.990802, "Lookahead": 3 }