{ "BFS": 30.244480, "A*": 30.244480, "F-Hat": 26.871034, "Risk": 30.244480, "Lookahead": 3 }