{ "BFS": 27.608998, "A*": 27.608998, "F-Hat": 31.433339, "Risk": 27.608998, "Lookahead": 3 }