{ "BFS": 29.132230, "A*": 29.132230, "F-Hat": 29.609137, "Risk": 29.132230, "Lookahead": 3 }