{ "BFS": 30.153371, "A*": 29.578546, "F-Hat": 27.911449, "Risk": 30.153371, "Lookahead": 3 }