{ "BFS": 30.770829, "A*": 29.069882, "F-Hat": 31.388308, "Risk": 31.231093, "Lookahead": 3 }