{ "BFS": 31.634485, "A*": 31.634485, "F-Hat": 29.182603, "Risk": 31.634485, "Lookahead": 3 }