{ "BFS": 32.584616, "A*": 32.584616, "F-Hat": 28.203461, "Risk": 32.632858, "Lookahead": 3 }