{ "BFS": 32.123961, "A*": 43.806171, "F-Hat": 39.744960, "Risk": 34.386938, "Lookahead": 3 }