{ "BFS": 26.919698, "A*": 26.919698, "F-Hat": 27.855359, "Risk": 26.919698, "Lookahead": 3 }