{ "BFS": 31.905959, "A*": 32.681280, "F-Hat": 28.447966, "Risk": 31.905959, "Lookahead": 3 }