{ "BFS": 29.065301, "A*": 29.065301, "F-Hat": 30.364230, "Risk": 29.065301, "Lookahead": 3 }