{ "BFS": 28.429081, "A*": 28.814591, "F-Hat": 31.060768, "Risk": 28.429081, "Lookahead": 3 }