{ "BFS": 29.238747, "A*": 37.382689, "F-Hat": 36.492637, "Risk": 29.238747, "Lookahead": 3 }