{ "BFS": 31.422620, "A*": 29.895144, "F-Hat": 25.135428, "Risk": 31.422620, "Lookahead": 3 }