{ "BFS": 29.791554, "A*": 29.791554, "F-Hat": 30.096035, "Risk": 30.173140, "Lookahead": 3 }