{ "BFS": 26.761469, "A*": 26.761469, "F-Hat": 28.145222, "Risk": 26.761469, "Lookahead": 3 }