{ "BFS": 27.916702, "A*": 27.916702, "F-Hat": 29.511260, "Risk": 27.916702, "Lookahead": 3 }