{ "BFS": 30.284689, "A*": 30.284689, "F-Hat": 29.342005, "Risk": 30.284689, "Lookahead": 3 }