{ "BFS": 26.796082, "A*": 32.351809, "F-Hat": 28.169680, "Risk": 26.796082, "Lookahead": 3 }