{ "BFS": 34.404142, "A*": 34.404142, "F-Hat": 29.587292, "Risk": 34.404142, "Lookahead": 3 }