{ "BFS": 29.186140, "A*": 39.361978, "F-Hat": 45.337140, "Risk": 31.752000, "Lookahead": 3 }