{ "BFS": 31.078140, "A*": 30.503967, "F-Hat": 31.285999, "Risk": 31.078140, "Lookahead": 3 }