{ "BFS": 33.106523, "A*": 32.567679, "F-Hat": 30.000281, "Risk": 33.106523, "Lookahead": 3 }