{ "BFS": 29.875013, "A*": 29.875013, "F-Hat": 29.999877, "Risk": 29.875013, "Lookahead": 3 }