{ "BFS": 26.691121, "A*": 26.691121, "F-Hat": 27.458312, "Risk": 26.691121, "Lookahead": 3 }