{ "BFS": 28.917088, "A*": 28.917088, "F-Hat": 28.972100, "Risk": 28.917088, "Lookahead": 3 }