{ "BFS": 32.708667, "A*": 31.306542, "F-Hat": 27.127263, "Risk": 32.708667, "Lookahead": 3 }