{ "BFS": 31.561856, "A*": 31.561856, "F-Hat": 29.139766, "Risk": 31.561856, "LSS-LRTA*": 33.368397, "Lookahead": 3 }