{ "BFS": 29.563494, "A*": 31.507852, "F-Hat": 30.433432, "Risk": 29.563494, "Confidence": 32.761075, "LSS-LRTA*": 35.547427, "Lookahead": 3 }