{ "BFS": 28.687221, "A*": 35.359306, "F-Hat": 38.894368, "Risk": 28.687221, "Lookahead": 3 }