{ "BFS": 27.018243, "A*": 27.018243, "F-Hat": 27.348769, "Risk": 27.018243, "Lookahead": 3 }