{ "BFS": 31.868950, "A*": 31.868950, "F-Hat": 31.701918, "Risk": 33.206907, "Lookahead": 3 }