{ "BFS": 29.154122, "A*": 29.154122, "F-Hat": 29.897470, "Risk": 29.154122, "Lookahead": 3 }