{ "BFS": 30.095500, "A*": 32.022807, "F-Hat": 29.319323, "Risk": 30.095500, "Lookahead": 3 }