{ "BFS": 31.366255, "A*": 31.366255, "F-Hat": 27.350455, "Risk": 31.366255, "Lookahead": 3 }