{ "BFS": 28.974965, "A*": 28.974965, "F-Hat": 31.530107, "Risk": 28.974965, "Lookahead": 3 }