{ "BFS": 32.317134, "A*": 31.082881, "F-Hat": 30.009046, "Risk": 32.317134, "LSS-LRTA*": 31.418196, "Lookahead": 3 }