{ "BFS": 31.450575, "A*": 31.450575, "F-Hat": 31.428680, "Risk": 31.450575, "Lookahead": 3 }