{ "BFS": 27.142900, "A*": 29.633209, "F-Hat": 31.179987, "Risk": 27.142900, "Lookahead": 3 }