{ "BFS": 28.514529, "A*": 28.514529, "F-Hat": 31.604137, "Risk": 28.514529, "Lookahead": 3 }