{ "BFS": 28.824580, "A*": 26.680971, "F-Hat": 30.143090, "Risk": 28.824580, "Lookahead": 3 }