{ "BFS": 29.405179, "A*": 29.405179, "F-Hat": 27.155278, "Risk": 29.405179, "Lookahead": 3 }