{ "BFS": 30.457282, "A*": 40.153755, "F-Hat": 41.315449, "Risk": 33.345226, "Lookahead": 3 }