{ "BFS": 29.977686, "A*": 30.580436, "F-Hat": 31.141424, "Risk": 30.332024, "Lookahead": 3 }