{ "BFS": 27.455643, "A*": 27.455643, "F-Hat": 27.594342, "Risk": 27.455643, "Lookahead": 3 }