{ "BFS": 28.374766, "A*": 28.374766, "F-Hat": 30.213119, "Risk": 28.374766, "Lookahead": 3 }