{ "BFS": 26.406385, "A*": 26.406385, "F-Hat": 26.224333, "Risk": 26.406385, "Lookahead": 3 }