{ "BFS": 32.819126, "A*": 32.819126, "F-Hat": 29.511278, "Risk": 32.819126, "Lookahead": 3 }