{ "BFS": 31.203260, "A*": 31.203260, "F-Hat": 28.247843, "Risk": 31.203260, "Lookahead": 3 }