{ "BFS": 29.579335, "A*": 38.695404, "F-Hat": 39.337965, "Risk": 29.579335, "Lookahead": 3 }