{ "BFS": 29.397741, "A*": 29.397741, "F-Hat": 33.602052, "Risk": 29.397741, "Lookahead": 3 }