{ "BFS": 28.471299, "A*": 30.862191, "F-Hat": 32.527984, "Risk": 28.471299, "Lookahead": 3 }