{ "BFS": 27.189969, "A*": 27.189969, "F-Hat": 31.114488, "Risk": 27.248844, "Lookahead": 3 }