{ "BFS": 29.824843, "A*": 31.167803, "F-Hat": 31.904111, "Risk": 30.158073, "Lookahead": 3 }