{ "BFS": 29.708456, "A*": 29.708456, "F-Hat": 31.820241, "Risk": 29.708456, "Lookahead": 3 }