{ "BFS": 27.080583, "A*": 27.080583, "F-Hat": 26.194402, "Risk": 27.080583, "Lookahead": 3 }