{ "BFS": 30.022240, "A*": 30.061651, "F-Hat": 30.857584, "Risk": 30.022240, "Lookahead": 3 }