{ "BFS": 29.676270, "A*": 29.676270, "F-Hat": 32.784568, "Risk": 29.676270, "Lookahead": 3 }