{ "BFS": 29.259345, "A*": 29.259345, "F-Hat": 31.837094, "Risk": 29.259345, "Lookahead": 3 }