{ "BFS": 26.594587, "A*": 26.594587, "F-Hat": 28.688474, "Risk": 26.594587, "Lookahead": 3 }