{ "BFS": 30.768793, "A*": 28.253376, "F-Hat": 31.629525, "Risk": 30.768793, "Lookahead": 3 }