{ "BFS": 26.121646, "A*": 29.639528, "F-Hat": 27.875427, "Risk": 26.121646, "Lookahead": 3 }