{ "BFS": 31.262383, "A*": 42.179802, "F-Hat": 41.084288, "Risk": 30.366126, "Lookahead": 3 }