{ "BFS": 28.253804, "A*": 28.253804, "F-Hat": 30.348278, "Risk": 28.253804, "Lookahead": 3 }