{ "BFS": 32.095642, "A*": 31.971840, "F-Hat": 29.957690, "Risk": 32.095642, "Lookahead": 3 }