{ "BFS": 30.626887, "A*": 30.388868, "F-Hat": 29.950468, "Risk": 30.626887, "Confidence": 34.245858, "LSS-LRTA*": 37.207781, "Lookahead": 3 }