{ "BFS": 31.688647, "A*": 31.446099, "F-Hat": 29.196490, "Risk": 31.688647, "Lookahead": 3 }