{ "BFS": 35.228163, "A*": 32.843216, "F-Hat": 27.773035, "Risk": 35.228163, "Lookahead": 3 }