{ "BFS": 24.872106, "A*": 24.706463, "F-Hat": 25.876312, "Risk": 24.872106, "Lookahead": 3 }