{ "BFS": 29.223836, "A*": 29.223836, "F-Hat": 28.177646, "Risk": 29.223836, "Lookahead": 3 }