{ "BFS": 28.511947, "A*": 31.086899, "F-Hat": 33.762805, "Risk": 28.511947, "Lookahead": 3 }