{ "BFS": 26.656206, "A*": 26.656206, "F-Hat": 28.628237, "Risk": 26.656206, "Lookahead": 3 }