{ "BFS": 32.845491, "A*": 27.898709, "F-Hat": 31.413904, "Risk": 32.845491, "Lookahead": 3 }