{ "BFS": 28.304283, "A*": 28.304283, "F-Hat": 25.604981, "Risk": 28.304283, "Lookahead": 3 }