{ "BFS": 29.425361, "A*": 29.425361, "F-Hat": 31.609201, "Risk": 29.425361, "Confidence": 30.942701, "LSS-LRTA*": 36.195566, "Lookahead": 3 }