{ "BFS": 25.843806, "A*": 37.096990, "F-Hat": 36.361362, "Risk": 25.843806, "Lookahead": 3 }