{ "BFS": 26.988097, "A*": 27.576002, "F-Hat": 26.842484, "Risk": 26.988097, "Lookahead": 3 }