{ "BFS": 29.886268, "A*": 29.886268, "F-Hat": 28.803915, "Risk": 29.886268, "Lookahead": 3 }