{ "BFS": 28.142623, "A*": 28.142623, "F-Hat": 27.844182, "Risk": 28.142623, "Lookahead": 3 }