{ "BFS": 28.313485, "A*": 28.313485, "F-Hat": 27.904147, "Risk": 28.313485, "Lookahead": 3 }