{ "BFS": 32.548548, "A*": 32.548548, "F-Hat": 29.441915, "Risk": 32.548548, "Lookahead": 3 }