{ "BFS": 31.420197, "A*": 28.895555, "F-Hat": 31.773204, "Risk": 31.420197, "Lookahead": 3 }