{ "BFS": 29.539563, "A*": 29.539563, "F-Hat": 28.433756, "Risk": 29.539563, "Lookahead": 3 }