{ "BFS": 30.063655, "A*": 30.063655, "F-Hat": 30.400178, "Risk": 30.063655, "Lookahead": 3 }