{ "BFS": 33.843016, "A*": 30.623587, "F-Hat": 30.646548, "Risk": 33.843016, "Confidence": 30.932910, "LSS-LRTA*": 38.718312, "Lookahead": 3 }