{ "BFS": 27.163033, "A*": 27.163033, "F-Hat": 28.782644, "Risk": 27.163033, "Lookahead": 3 }