{ "BFS": 31.155043, "A*": 30.905828, "F-Hat": 27.595343, "Risk": 31.155043, "Lookahead": 3 }