{ "BFS": 27.956359, "A*": 27.956359, "F-Hat": 26.711521, "Risk": 27.956359, "Lookahead": 3 }