{ "BFS": 29.188870, "A*": 29.802504, "F-Hat": 30.673573, "Risk": 29.188870, "Lookahead": 3 }