{ "BFS": 31.588939, "A*": 33.186010, "F-Hat": 41.292685, "Risk": 31.588939, "Lookahead": 3 }