{ "BFS": 30.240592, "A*": 32.478531, "F-Hat": 32.083754, "Risk": 30.240592, "Lookahead": 3 }