{ "BFS": 30.612918, "A*": 30.612918, "F-Hat": 30.772006, "Risk": 30.612918, "Lookahead": 3 }