{ "BFS": 31.202723, "A*": 31.202723, "F-Hat": 29.578230, "Risk": 31.358396, "Lookahead": 3 }