{ "BFS": 29.194687, "A*": 29.359379, "F-Hat": 29.874109, "Risk": 29.194687, "Lookahead": 3 }