{ "BFS": 29.248083, "A*": 29.248083, "F-Hat": 27.624553, "Risk": 29.248083, "Lookahead": 3 }