{ "BFS": 32.669425, "A*": 28.476966, "F-Hat": 27.528046, "Risk": 32.669425, "Lookahead": 3 }