{ "BFS": 27.838126, "A*": 27.838126, "F-Hat": 30.501020, "Risk": 27.838126, "Lookahead": 3 }