{ "BFS": 29.254910, "A*": 29.649391, "F-Hat": 30.043269, "Risk": 29.254910, "Lookahead": 3 }