{ "BFS": 32.718021, "A*": 32.718021, "F-Hat": 31.317305, "Risk": 32.718021, "Lookahead": 3 }