{ "BFS": 26.307146, "A*": 26.307146, "F-Hat": 28.112151, "Risk": 26.307146, "Lookahead": 3 }