{ "BFS": 30.067711, "A*": 29.318580, "F-Hat": 29.601908, "Risk": 30.067711, "Lookahead": 3 }