{ "BFS": 26.919504, "A*": 26.919504, "F-Hat": 27.920388, "Risk": 26.919504, "Lookahead": 3 }