{ "BFS": 26.310996, "A*": 26.310996, "F-Hat": 27.199570, "Risk": 26.310996, "Lookahead": 3 }