{ "BFS": 32.533261, "A*": 32.533261, "F-Hat": 32.935306, "Risk": 32.533261, "Lookahead": 3 }