{ "BFS": 34.225859, "A*": 34.225859, "F-Hat": 30.426365, "Risk": 34.309520, "Lookahead": 3 }