{ "BFS": 26.861057, "A*": 26.679744, "F-Hat": 24.528607, "Risk": 26.861057, "Lookahead": 3 }