{ "BFS": 30.773073, "A*": 30.773073, "F-Hat": 29.182313, "Risk": 30.773073, "Lookahead": 3 }