{ "BFS": 30.391706, "A*": 30.391706, "F-Hat": 27.613559, "Risk": 30.391706, "Lookahead": 3 }