{ "BFS": 29.521456, "A*": 29.521456, "F-Hat": 31.225936, "Risk": 29.521456, "Lookahead": 3 }