{ "BFS": 30.733724, "A*": 31.207661, "F-Hat": 31.639629, "Risk": 30.733724, "Lookahead": 3 }