{ "BFS": 31.101821, "A*": 31.101821, "F-Hat": 29.984354, "Risk": 31.101821, "Lookahead": 3 }