{ "BFS": 27.659908, "A*": 29.015765, "F-Hat": 31.444406, "Risk": 27.659908, "Lookahead": 3 }