{ "BFS": 32.579274, "A*": 32.579274, "F-Hat": 35.172770, "Risk": 32.579274, "Lookahead": 3 }