{ "BFS": 29.986349, "A*": 28.110331, "F-Hat": 32.301940, "Risk": 29.986349, "Lookahead": 3 }