{ "BFS": 28.941811, "A*": 28.941811, "F-Hat": 30.763654, "Risk": 28.941811, "Lookahead": 3 }