{ "BFS": 27.731846, "A*": 27.731846, "F-Hat": 28.768949, "Risk": 27.731846, "Lookahead": 3 }