{ "BFS": 30.741599, "A*": 27.340109, "F-Hat": 27.495679, "Risk": 30.741599, "Lookahead": 3 }