{ "BFS": 32.055114, "A*": 31.967823, "F-Hat": 33.173209, "Risk": 32.055114, "Lookahead": 3 }