{ "BFS": 27.174787, "A*": 29.694328, "F-Hat": 27.220217, "Risk": 27.174787, "Lookahead": 3 }