{ "BFS": 28.321935, "A*": 31.955923, "F-Hat": 26.524974, "Risk": 28.321935, "Lookahead": 3 }