{ "BFS": 27.545099, "A*": 26.503506, "F-Hat": 28.522146, "Risk": 27.545099, "LSS-LRTA*": 32.653955, "Lookahead": 3 }