{ "BFS": 28.499863, "A*": 31.762903, "F-Hat": 29.940998, "Risk": 28.499863, "LSS-LRTA*": 36.687812, "Lookahead": 3 }