{ "BFS": 31.102761, "A*": 31.102761, "F-Hat": 31.731054, "Risk": 31.102761, "Lookahead": 3 }