{ "BFS": 31.030082, "A*": 31.030082, "F-Hat": 31.555416, "Risk": 31.030082, "Lookahead": 3 }