{ "BFS": 29.421603, "A*": 29.401130, "F-Hat": 31.282057, "Risk": 29.421603, "Lookahead": 3 }