{ "BFS": 31.755214, "A*": 31.755214, "F-Hat": 31.273857, "Risk": 31.755214, "Lookahead": 3 }