{ "BFS": 29.833456, "A*": 36.344502, "F-Hat": 40.272386, "Risk": 30.385028, "Lookahead": 3 }