{ "BFS": 26.717376, "A*": 39.764831, "F-Hat": 38.342877, "Risk": 26.717376, "Lookahead": 3 }