{ "BFS": 27.072460, "A*": 27.072460, "F-Hat": 29.001692, "Risk": 27.072460, "Lookahead": 3 }