{ "BFS": 26.662033, "A*": 30.090081, "F-Hat": 30.594007, "Risk": 26.662033, "Lookahead": 3 }