{ "BFS": 34.031143, "A*": 34.470713, "F-Hat": 30.117909, "Risk": 34.031143, "Lookahead": 3 }