{ "BFS": 29.527790, "A*": 30.440093, "F-Hat": 29.439186, "Risk": 29.527790, "Lookahead": 3 }