{ "BFS": 27.636038, "A*": 27.636038, "F-Hat": 26.571913, "Risk": 27.636038, "Lookahead": 3 }