{ "BFS": 29.202730, "A*": 29.202730, "F-Hat": 30.182921, "Risk": 29.202730, "Lookahead": 3 }