{ "BFS": 28.114986, "A*": 28.198517, "F-Hat": 29.568880, "Risk": 28.114986, "Confidence": 29.671365, "LSS-LRTA*": 37.261992, "Lookahead": 3 }