{ "BFS": 30.218048, "A*": 30.218048, "F-Hat": 27.991484, "Risk": 30.218048, "Lookahead": 3 }