{ "BFS": 32.154220, "A*": 32.154220, "F-Hat": 32.414048, "Risk": 32.154220, "Lookahead": 3 }