{ "BFS": 29.314505, "A*": 29.314505, "F-Hat": 28.889458, "Risk": 29.314505, "Lookahead": 3 }