{ "BFS": 22.682983, "A*": 22.682983, "F-Hat": 26.718340, "Risk": 22.682983, "Lookahead": 3 }