{ "BFS": 32.629746, "A*": 33.329110, "F-Hat": 29.509234, "Risk": 32.629746, "Lookahead": 3 }