{ "BFS": 33.167200, "A*": 40.042642, "F-Hat": 39.268845, "Risk": 33.717926, "Lookahead": 3 }