{ "BFS": 29.334287, "A*": 30.111755, "F-Hat": 30.457149, "Risk": 29.334287, "Lookahead": 3 }