{ "BFS": 29.485015, "A*": 29.485015, "F-Hat": 29.894292, "Risk": 29.485015, "Lookahead": 3 }