{ "BFS": 26.609525, "A*": 26.609525, "F-Hat": 27.701822, "Risk": 26.609525, "Lookahead": 3 }