{ "BFS": 29.295233, "A*": 29.295233, "F-Hat": 28.780952, "Risk": 29.295233, "Lookahead": 3 }