{ "BFS": 28.272595, "A*": 27.739746, "F-Hat": 29.859065, "Risk": 28.272595, "Lookahead": 3 }