{ "BFS": 30.879546, "A*": 29.381035, "F-Hat": 29.806347, "Risk": 30.879546, "Lookahead": 3 }