{ "BFS": 32.061742, "A*": 32.061742, "F-Hat": 28.761908, "Risk": 32.061742, "Lookahead": 3 }