{ "BFS": 26.473225, "A*": 26.298013, "F-Hat": 29.121683, "Risk": 26.473225, "Lookahead": 3 }