{ "BFS": 29.349919, "A*": 30.433675, "F-Hat": 24.818449, "Risk": 29.349919, "Lookahead": 3 }