{ "BFS": 31.202067, "A*": 31.202067, "F-Hat": 30.411984, "Risk": 31.202067, "Lookahead": 3 }