{ "BFS": 28.075879, "A*": 29.978835, "F-Hat": 28.406826, "Risk": 28.075879, "Lookahead": 3 }