{ "BFS": 23.856152, "A*": 24.465556, "F-Hat": 28.506787, "Risk": 23.856152, "Lookahead": 3 }