{ "BFS": 28.852917, "A*": 28.852917, "F-Hat": 31.543845, "Risk": 28.852917, "Lookahead": 3 }