{ "BFS": 29.683935, "A*": 30.622788, "F-Hat": 28.677430, "Risk": 29.683935, "Lookahead": 3 }