{ "BFS": 30.883376, "A*": 30.883376, "F-Hat": 27.009238, "Risk": 30.883376, "Lookahead": 3 }