{ "BFS": 28.683840, "A*": 28.683840, "F-Hat": 30.214628, "Risk": 28.683840, "Lookahead": 3 }