{ "BFS": 32.915820, "A*": 32.915820, "F-Hat": 28.180470, "Risk": 32.915820, "Lookahead": 3 }