{ "BFS": 28.958158, "A*": 28.958158, "F-Hat": 30.253262, "Risk": 28.958158, "Lookahead": 3 }