{ "BFS": 28.548675, "A*": 28.548675, "F-Hat": 29.475410, "Risk": 28.548675, "Lookahead": 3 }