{ "BFS": 31.543048, "A*": 31.543048, "F-Hat": 29.503202, "Risk": 31.543048, "Lookahead": 3 }