{ "BFS": 33.912670, "A*": 33.912670, "F-Hat": 30.782666, "Risk": 33.912670, "Lookahead": 3 }