{ "BFS": 28.580262, "A*": 28.580262, "F-Hat": 31.995672, "Risk": 28.580262, "Lookahead": 3 }