{ "BFS": 27.448736, "A*": 27.448736, "F-Hat": 27.633796, "Risk": 27.448736, "Lookahead": 3 }