{ "BFS": 29.411236, "A*": 31.362459, "F-Hat": 30.925825, "Risk": 29.411236, "Lookahead": 3 }