{ "BFS": 32.137290, "A*": 27.644953, "F-Hat": 29.567197, "Risk": 32.137290, "Lookahead": 3 }