{ "BFS": 28.617548, "A*": 28.907259, "F-Hat": 29.183931, "Risk": 28.617548, "LSS-LRTA*": 42.430434, "Lookahead": 3 }