{ "BFS": 27.039785, "A*": 27.039785, "F-Hat": 30.740765, "Risk": 27.039785, "Lookahead": 3 }