{ "BFS": 26.678578, "A*": 26.678578, "F-Hat": 30.105142, "Risk": 26.678578, "Lookahead": 3 }