{ "BFS": 29.324667, "A*": 34.160764, "F-Hat": 39.866934, "Risk": 29.324667, "Lookahead": 3 }