{ "BFS": 27.898888, "A*": 31.830945, "F-Hat": 29.484772, "Risk": 27.898888, "Lookahead": 3 }