{ "BFS": 31.116330, "A*": 28.650737, "F-Hat": 30.320902, "Risk": 31.116330, "Lookahead": 3 }