{ "BFS": 27.197986, "A*": 32.357262, "F-Hat": 32.446690, "Risk": 27.197986, "Lookahead": 3 }