{ "BFS": 29.145619, "A*": 29.145619, "F-Hat": 29.248847, "Risk": 29.145619, "Lookahead": 3 }