{ "BFS": 28.998498, "A*": 28.998498, "F-Hat": 28.479886, "Risk": 28.998498, "Lookahead": 3 }