{ "BFS": 28.972448, "A*": 30.317913, "F-Hat": 28.569007, "Risk": 28.972448, "Lookahead": 3 }