{ "BFS": 28.171062, "A*": 28.171062, "F-Hat": 29.586483, "Risk": 28.171062, "Lookahead": 3 }