{ "BFS": 28.713146, "A*": 28.713146, "F-Hat": 28.067088, "Risk": 28.713146, "Lookahead": 3 }