{ "BFS": 27.946976, "A*": 27.946976, "F-Hat": 30.079439, "Risk": 27.946976, "Lookahead": 3 }