{ "BFS": 27.013992, "A*": 27.013992, "F-Hat": 32.563185, "Risk": 27.013992, "Lookahead": 3 }