{ "BFS": 29.839409, "A*": 27.599109, "F-Hat": 29.076989, "Risk": 29.839409, "Lookahead": 3 }