{ "BFS": 26.692314, "A*": 27.334857, "F-Hat": 30.598241, "Risk": 26.692314, "Lookahead": 3 }