{ "BFS": 33.276903, "A*": 29.652224, "F-Hat": 28.170223, "Risk": 33.276903, "Lookahead": 3 }