{ "BFS": 26.336879, "A*": 25.955765, "F-Hat": 27.733147, "Risk": 26.336879, "Lookahead": 3 }