{ "BFS": 27.578483, "A*": 27.578483, "F-Hat": 29.359455, "Risk": 27.578483, "Lookahead": 3 }