{ "BFS": 31.113120, "A*": 31.113120, "F-Hat": 30.420349, "Risk": 31.113120, "Lookahead": 3 }