{ "BFS": 32.694941, "A*": 32.694941, "F-Hat": 34.540778, "Risk": 32.694941, "Lookahead": 3 }