{ "BFS": 31.675775, "A*": 29.158062, "F-Hat": 29.215070, "Risk": 31.675775, "Lookahead": 3 }