{ "BFS": 30.994406, "A*": 29.451238, "F-Hat": 28.485865, "Risk": 30.994406, "Lookahead": 3 }