{ "BFS": 29.841561, "A*": 38.328496, "F-Hat": 37.203225, "Risk": 30.146473, "Lookahead": 3 }