{ "BFS": 28.397085, "A*": 28.397085, "F-Hat": 27.228757, "Risk": 28.397085, "Lookahead": 3 }