{ "BFS": 31.836997, "A*": 30.927393, "F-Hat": 32.216866, "Risk": 31.836997, "Lookahead": 3 }