{ "BFS": 30.902176, "A*": 30.902176, "F-Hat": 27.611142, "Risk": 30.902176, "Lookahead": 3 }