{ "BFS": 31.905555, "A*": 29.526458, "F-Hat": 31.763546, "Risk": 31.905555, "Lookahead": 3 }