{ "BFS": 26.708449, "A*": 31.068628, "F-Hat": 30.791308, "Risk": 26.708449, "LSS-LRTA*": 31.687805, "Lookahead": 3 }