{ "BFS": 30.002051, "A*": 29.983051, "F-Hat": 30.001498, "Risk": 30.002051, "Lookahead": 3 }