{ "BFS": 32.253286, "A*": 32.815693, "F-Hat": 30.151834, "Risk": 32.253286, "Lookahead": 3 }