{ "BFS": 27.990958, "A*": 27.046041, "F-Hat": 30.162536, "Risk": 27.990958, "Lookahead": 3 }