{ "BFS": 31.362693, "A*": 31.362693, "F-Hat": 29.475880, "Risk": 31.362693, "Lookahead": 3 }