{ "BFS": 27.957876, "A*": 27.957876, "F-Hat": 28.334384, "Risk": 27.957876, "Lookahead": 3 }