{ "BFS": 30.421794, "A*": 30.421794, "F-Hat": 28.126853, "Risk": 30.421794, "Lookahead": 3 }