{ "BFS": 31.392850, "A*": 31.392850, "F-Hat": 28.574894, "Risk": 31.392850, "Lookahead": 3 }