{ "BFS": 26.994868, "A*": 26.994868, "F-Hat": 30.211526, "Risk": 26.994868, "Lookahead": 3 }