{ "BFS": 31.171900, "A*": 31.171900, "F-Hat": 28.818670, "Risk": 31.171900, "Lookahead": 3 }