{ "BFS": 28.656507, "A*": 28.656507, "F-Hat": 28.088187, "Risk": 28.656507, "Lookahead": 3 }