{ "BFS": 29.194147, "A*": 29.599607, "F-Hat": 33.128881, "Risk": 29.194147, "Lookahead": 3 }