{ "BFS": 30.907895, "A*": 29.243594, "F-Hat": 27.039693, "Risk": 30.907895, "Lookahead": 3 }