{ "BFS": 30.287006, "A*": 28.920121, "F-Hat": 28.034120, "Risk": 30.287006, "Confidence": 35.723902, "LSS-LRTA*": 34.107890, "Lookahead": 3 }