{ "BFS": 24.243041, "A*": 24.243041, "F-Hat": 31.082475, "Risk": 24.243041, "Lookahead": 3 }