{ "BFS": 30.677368, "A*": 30.677368, "F-Hat": 30.903097, "Risk": 30.677368, "Lookahead": 3 }