{ "BFS": 31.206725, "A*": 32.223996, "F-Hat": 31.986672, "Risk": 31.206725, "Lookahead": 3 }