{ "BFS": 27.160319, "A*": 27.160319, "F-Hat": 26.491215, "Risk": 27.160319, "Lookahead": 3 }