{ "BFS": 30.417369, "A*": 34.136758, "F-Hat": 44.153953, "Risk": 30.997032, "Lookahead": 3 }