{ "BFS": 28.033050, "A*": 28.033050, "F-Hat": 26.629278, "Risk": 28.033050, "Lookahead": 3 }