{ "BFS": 30.577455, "A*": 38.195077, "F-Hat": 35.378280, "Risk": 30.577455, "Lookahead": 3 }