{ "BFS": 29.845092, "A*": 28.156646, "F-Hat": 30.153520, "Risk": 29.845092, "Lookahead": 3 }