{ "BFS": 26.787215, "A*": 29.513219, "F-Hat": 27.608587, "Risk": 26.787215, "Lookahead": 3 }