{ "BFS": 29.145143, "A*": 29.145143, "F-Hat": 30.829452, "Risk": 29.145143, "Lookahead": 3 }