{ "BFS": 31.134938, "A*": 31.134938, "F-Hat": 32.728657, "Risk": 31.134938, "Lookahead": 3 }