{ "BFS": 29.764533, "A*": 35.574500, "F-Hat": 36.906140, "Risk": 29.024339, "Lookahead": 3 }