{ "BFS": 30.963535, "A*": 29.952789, "F-Hat": 30.417665, "Risk": 30.963535, "Lookahead": 3 }