{ "BFS": 31.603135, "A*": 31.603135, "F-Hat": 29.563543, "Risk": 31.603135, "Lookahead": 3 }