{ "BFS": 29.832484, "A*": 29.832484, "F-Hat": 28.813859, "Risk": 29.832484, "Lookahead": 3 }