{ "BFS": 27.575853, "A*": 27.575853, "F-Hat": 28.366459, "Risk": 27.575853, "Lookahead": 3 }