{ "BFS": 27.898695, "A*": 27.898695, "F-Hat": 29.280831, "Risk": 27.988122, "Lookahead": 3 }