{ "BFS": 28.644400, "A*": 28.471555, "F-Hat": 30.845988, "Risk": 28.644400, "LSS-LRTA*": 35.192583, "Lookahead": 3 }