{ "BFS": 28.850522, "A*": 28.850522, "F-Hat": 29.022018, "Risk": 28.850522, "Lookahead": 3 }