{ "BFS": 32.045283, "A*": 32.228267, "F-Hat": 28.066272, "Risk": 32.045283, "Lookahead": 3 }