{ "BFS": 28.776741, "A*": 38.662592, "F-Hat": 34.857800, "Risk": 31.875827, "Lookahead": 3 }