{ "BFS": 29.137006, "A*": 29.137006, "F-Hat": 27.196391, "Risk": 29.137006, "Lookahead": 3 }