{ "BFS": 30.154326, "A*": 30.651435, "F-Hat": 29.545487, "Risk": 30.154326, "Lookahead": 3 }