{ "BFS": 29.754102, "A*": 29.754102, "F-Hat": 31.075783, "Risk": 29.754102, "Lookahead": 3 }