{ "BFS": 28.736641, "A*": 31.390170, "F-Hat": 28.306713, "Risk": 28.736641, "Lookahead": 3 }