{ "BFS": 33.694219, "A*": 33.024418, "F-Hat": 32.917184, "Risk": 33.694219, "Lookahead": 3 }