{ "BFS": 27.030077, "A*": 27.030077, "F-Hat": 29.561838, "Risk": 27.030077, "Lookahead": 3 }