{ "BFS": 27.998220, "A*": 27.998220, "F-Hat": 28.154683, "Risk": 27.998220, "Lookahead": 3 }