{ "BFS": 25.542381, "A*": 27.175202, "F-Hat": 27.065603, "Risk": 25.542381, "Lookahead": 3 }