{ "BFS": 28.867025, "A*": 28.867025, "F-Hat": 29.017613, "Risk": 28.867025, "Lookahead": 3 }