{ "BFS": 28.900834, "A*": 28.900834, "F-Hat": 30.118717, "Risk": 28.900834, "Lookahead": 3 }