{ "BFS": 28.054343, "A*": 27.812031, "F-Hat": 28.415971, "Risk": 28.054343, "Lookahead": 3 }