{ "BFS": 29.445424, "A*": 29.608522, "F-Hat": 33.225487, "Risk": 29.445424, "Lookahead": 3 }