{ "BFS": 31.292246, "A*": 29.793805, "F-Hat": 31.808500, "Risk": 31.292246, "Confidence": 34.450147, "LSS-LRTA*": 37.282914, "Lookahead": 3 }