{ "BFS": 30.310014, "A*": 30.310014, "F-Hat": 30.391018, "Risk": 30.310014, "Lookahead": 3 }