{ "BFS": 27.670652, "A*": 28.645982, "F-Hat": 26.354934, "Risk": 27.670652, "Lookahead": 3 }