{ "BFS": 29.673803, "A*": 29.673803, "F-Hat": 28.785941, "Risk": 29.673803, "Confidence": 32.867949, "LSS-LRTA*": 31.408244, "Lookahead": 3 }