{ "BFS": 29.501852, "A*": 29.714786, "F-Hat": 32.376927, "Risk": 29.501852, "Lookahead": 3 }