{ "BFS": 29.663802, "A*": 29.663802, "F-Hat": 32.166131, "Risk": 29.663802, "Lookahead": 3 }