{ "BFS": 26.734916, "A*": 30.072195, "F-Hat": 28.182726, "Risk": 26.734916, "Lookahead": 3 }