{ "BFS": 30.552710, "A*": 30.552710, "F-Hat": 26.510293, "Risk": 30.552710, "Lookahead": 3 }