{ "BFS": 28.361059, "A*": 28.170655, "F-Hat": 28.972682, "Risk": 28.361059, "Lookahead": 3 }