{ "BFS": 25.050121, "A*": 25.876667, "F-Hat": 28.212644, "Risk": 25.050121, "Lookahead": 3 }