{ "BFS": 29.726641, "A*": 29.726641, "F-Hat": 31.172576, "Risk": 29.726641, "Lookahead": 3 }