{ "BFS": 32.232011, "A*": 32.881104, "F-Hat": 31.063388, "Risk": 32.232011, "Lookahead": 3 }