{ "BFS": 29.621072, "A*": 28.608504, "F-Hat": 31.071282, "Risk": 29.621072, "Lookahead": 3 }