{ "BFS": 27.244151, "A*": 27.244151, "F-Hat": 26.749622, "Risk": 27.244151, "Lookahead": 3 }