{ "BFS": 27.709311, "A*": 27.709311, "F-Hat": 31.218328, "Risk": 27.709311, "Lookahead": 3 }