{ "BFS": 29.179353, "A*": 29.179353, "F-Hat": 26.993156, "Risk": 29.179353, "Lookahead": 3 }