{ "BFS": 32.856553, "A*": 29.706926, "F-Hat": 33.554929, "Risk": 32.856553, "Lookahead": 3 }