{ "BFS": 33.341448, "A*": 33.793342, "F-Hat": 27.552517, "Risk": 33.341448, "Lookahead": 3 }