{ "BFS": 29.715371, "A*": 28.504814, "F-Hat": 29.182266, "Risk": 29.715371, "Lookahead": 3 }