{ "BFS": 30.092832, "A*": 30.092832, "F-Hat": 30.348200, "Risk": 30.092832, "Lookahead": 3 }