{ "BFS": 31.327909, "A*": 31.327909, "F-Hat": 31.649255, "Risk": 31.327909, "Lookahead": 3 }