{ "BFS": 30.873260, "A*": 29.172115, "F-Hat": 31.568254, "Risk": 30.873260, "Lookahead": 3 }