{ "BFS": 26.632718, "A*": 26.632718, "F-Hat": 27.470644, "Risk": 26.632718, "Lookahead": 3 }