{ "BFS": 30.118531, "A*": 30.118531, "F-Hat": 30.230825, "Risk": 30.907858, "Lookahead": 3 }