{ "BFS": 31.864955, "A*": 31.864955, "F-Hat": 32.330469, "Risk": 31.864955, "Lookahead": 3 }