{ "BFS": 25.107455, "A*": 25.107455, "F-Hat": 30.370310, "Risk": 25.107455, "Lookahead": 3 }