{ "BFS": 30.076196, "A*": 30.076196, "F-Hat": 32.252105, "Risk": 30.076196, "Lookahead": 3 }