{ "BFS": 29.206939, "A*": 29.206939, "F-Hat": 30.938896, "Risk": 29.206939, "Lookahead": 3 }