{ "BFS": 26.293185, "A*": 39.598492, "F-Hat": 38.458559, "Risk": 26.293185, "Lookahead": 3 }