{ "BFS": 31.911601, "A*": 31.911601, "F-Hat": 31.257997, "Risk": 31.911601, "Lookahead": 3 }