{ "BFS": 31.440850, "A*": 31.440850, "F-Hat": 29.817345, "Risk": 31.440850, "Lookahead": 3 }