{ "BFS": 29.498809, "A*": 28.802762, "F-Hat": 27.925775, "Risk": 29.498809, "Lookahead": 3 }