{ "BFS": 31.795493, "A*": 31.283168, "F-Hat": 31.383192, "Risk": 31.795493, "Lookahead": 3 }