{ "BFS": 29.817983, "A*": 29.817983, "F-Hat": 28.463961, "Risk": 29.817983, "Lookahead": 3 }