{ "BFS": 28.776749, "A*": 28.776749, "F-Hat": 27.889802, "Risk": 28.776749, "Lookahead": 3 }