{ "BFS": 26.416784, "A*": 26.416784, "F-Hat": 27.673609, "Risk": 26.416784, "Lookahead": 3 }