{ "BFS": 27.293224, "A*": 27.293224, "F-Hat": 31.086650, "Risk": 27.293224, "Lookahead": 3 }