{ "BFS": 29.405872, "A*": 29.405872, "F-Hat": 29.163176, "Risk": 29.405872, "Lookahead": 3 }