{ "BFS": 31.459419, "A*": 32.367433, "F-Hat": 37.024441, "Risk": 31.459419, "Lookahead": 3 }