{ "BFS": 28.696967, "A*": 28.696967, "F-Hat": 29.092389, "Risk": 28.696967, "Lookahead": 3 }