{ "BFS": 31.256772, "A*": 30.202991, "F-Hat": 28.166078, "Risk": 31.256772, "Lookahead": 3 }