{ "BFS": 27.329090, "A*": 27.329090, "F-Hat": 29.719988, "Risk": 27.329090, "Lookahead": 3 }