{ "BFS": 27.228080, "A*": 30.335982, "F-Hat": 27.242284, "Risk": 27.228080, "Lookahead": 3 }