{ "BFS": 31.225653, "A*": 30.188435, "F-Hat": 30.112710, "Risk": 31.225653, "Lookahead": 3 }