{ "BFS": 28.823462, "A*": 28.823462, "F-Hat": 30.653897, "Risk": 28.823462, "Lookahead": 3 }