{ "BFS": 29.346271, "A*": 29.368618, "F-Hat": 27.890204, "Risk": 29.346271, "Lookahead": 3 }