{ "BFS": 29.256927, "A*": 28.122169, "F-Hat": 28.376541, "Risk": 29.256927, "Lookahead": 3 }