{ "BFS": 30.422990, "A*": 34.437155, "F-Hat": 36.752441, "Risk": 30.422990, "Lookahead": 3 }