{ "BFS": 29.579308, "A*": 29.579308, "F-Hat": 27.944641, "Risk": 29.579308, "Lookahead": 3 }