{ "BFS": 28.233556, "A*": 26.838181, "F-Hat": 30.596104, "Risk": 28.233556, "Lookahead": 3 }