{ "BFS": 26.213134, "A*": 26.213134, "F-Hat": 32.541130, "Risk": 26.213134, "Confidence": 34.383104, "LSS-LRTA*": 37.135783, "Lookahead": 3 }