{ "BFS": 25.957288, "A*": 24.566514, "F-Hat": 30.435355, "Risk": 25.957288, "Lookahead": 3 }