{ "BFS": 27.485908, "A*": 27.485908, "F-Hat": 30.140390, "Risk": 27.485908, "Lookahead": 3 }