{ "BFS": 30.532494, "A*": 30.532494, "F-Hat": 31.321505, "Risk": 30.532494, "Lookahead": 3 }