{ "BFS": 30.162062, "A*": 30.162062, "F-Hat": 28.779288, "Risk": 30.162062, "Lookahead": 3 }