{ "BFS": 24.517741, "A*": 24.517741, "F-Hat": 31.359595, "Risk": 24.517741, "Lookahead": 3 }