{ "BFS": 32.205620, "A*": 29.692297, "F-Hat": 30.463165, "Risk": 32.205620, "Lookahead": 3 }