{ "BFS": 29.403787, "A*": 29.403787, "F-Hat": 31.396876, "Risk": 29.403787, "Lookahead": 3 }