{ "BFS": 28.831086, "A*": 29.889031, "F-Hat": 27.001427, "Risk": 29.105637, "Lookahead": 3 }