{ "BFS": 27.656078, "A*": 27.656078, "F-Hat": 29.886093, "Risk": 27.656078, "Lookahead": 3 }