{ "BFS": 32.592823, "A*": 29.943871, "F-Hat": 31.821999, "Risk": 32.592823, "Lookahead": 3 }