{ "BFS": 31.285929, "A*": 31.206881, "F-Hat": 32.045234, "Risk": 31.285929, "Lookahead": 3 }