{ "BFS": 27.044405, "A*": 27.044405, "F-Hat": 30.684599, "Risk": 27.044405, "Lookahead": 3 }