{ "BFS": 29.694127, "A*": 29.694127, "F-Hat": 29.877957, "Risk": 29.998121, "Lookahead": 3 }