{ "BFS": 29.143541, "A*": 29.143541, "F-Hat": 25.756368, "Risk": 29.143541, "Lookahead": 3 }