{ "BFS": 25.806782, "A*": 30.083224, "F-Hat": 33.072549, "Risk": 25.806782, "Lookahead": 3 }