{ "BFS": 26.859013, "A*": 29.630394, "F-Hat": 30.933636, "Risk": 26.859013, "Lookahead": 3 }