{ "BFS": 30.162049, "A*": 33.299192, "F-Hat": 34.015739, "Risk": 30.162049, "Lookahead": 3 }