{ "BFS": 29.199234, "A*": 29.199234, "F-Hat": 29.076706, "Risk": 29.486921, "Lookahead": 3 }