{ "BFS": 31.434445, "A*": 31.434445, "F-Hat": 29.257605, "Risk": 31.434445, "Confidence": 34.270511, "LSS-LRTA*": 41.972029, "Lookahead": 3 }