{ "BFS": 28.343557, "A*": 28.343557, "F-Hat": 29.781753, "Risk": 28.343557, "Lookahead": 3 }