{ "BFS": 27.954293, "A*": 27.954293, "F-Hat": 27.521526, "Risk": 27.954293, "Lookahead": 3 }