{ "BFS": 28.407470, "A*": 28.407470, "F-Hat": 28.244001, "Risk": 28.407470, "Lookahead": 3 }