{ "BFS": 32.117777, "A*": 32.117777, "F-Hat": 28.785943, "Risk": 32.117777, "Lookahead": 3 }