{ "BFS": 27.892818, "A*": 27.892818, "F-Hat": 28.653580, "Risk": 27.892818, "Lookahead": 3 }