{ "BFS": 26.631412, "A*": 26.631412, "F-Hat": 28.656980, "Risk": 26.631412, "Lookahead": 3 }