{ "BFS": 28.595303, "A*": 28.595303, "F-Hat": 30.292230, "Risk": 28.595303, "Lookahead": 3 }