{ "BFS": 26.464662, "A*": 26.464662, "F-Hat": 29.768117, "Risk": 26.464662, "Lookahead": 3 }