{ "BFS": 28.284347, "A*": 29.347511, "F-Hat": 31.489816, "Risk": 28.284347, "Lookahead": 3 }