{ "BFS": 28.947459, "A*": 28.947459, "F-Hat": 30.571721, "Risk": 28.947459, "Lookahead": 3 }