{ "BFS": 29.503124, "A*": 29.503124, "F-Hat": 30.593168, "Risk": 29.503124, "Lookahead": 3 }