{ "BFS": 29.994633, "A*": 28.320274, "F-Hat": 32.274263, "Risk": 29.994633, "Lookahead": 3 }