{ "BFS": 29.816653, "A*": 28.783154, "F-Hat": 26.046679, "Risk": 29.816653, "Lookahead": 3 }