{ "BFS": 27.022722, "A*": 27.022722, "F-Hat": 29.455624, "Risk": 27.022722, "Lookahead": 3 }