{ "BFS": 27.659908, "A*": 29.813213, "F-Hat": 32.819886, "Risk": 27.832824, "Lookahead": 3 }