{ "BFS": 28.119597, "A*": 28.119597, "F-Hat": 28.476419, "Risk": 28.119597, "Lookahead": 3 }