{ "BFS": 33.061287, "A*": 26.789978, "F-Hat": 28.833181, "Risk": 33.061287, "Lookahead": 3 }