{ "BFS": 29.183198, "A*": 29.183198, "F-Hat": 27.138387, "Risk": 29.183198, "Lookahead": 3 }