{ "BFS": 28.961141, "A*": 28.961141, "F-Hat": 29.320355, "Risk": 28.961141, "Lookahead": 3 }