{ "BFS": 28.812489, "A*": 28.812489, "F-Hat": 31.073298, "Risk": 28.812489, "Lookahead": 3 }