{ "BFS": 28.903369, "A*": 26.759595, "F-Hat": 27.624194, "Risk": 28.903369, "Lookahead": 3 }