{ "BFS": 26.874960, "A*": 29.971184, "F-Hat": 29.463697, "Risk": 26.874960, "Lookahead": 3 }