{ "BFS": 26.499349, "A*": 26.499349, "F-Hat": 31.964288, "Risk": 26.499349, "Lookahead": 3 }