{ "BFS": 27.009619, "A*": 27.009619, "F-Hat": 28.286561, "Risk": 27.009619, "Lookahead": 3 }