{ "BFS": 31.432928, "A*": 30.989577, "F-Hat": 34.754081, "Risk": 28.418625, "Lookahead": 3 }