{ "BFS": 27.780154, "A*": 27.780154, "F-Hat": 27.348956, "Risk": 28.721117, "Lookahead": 3 }