{ "BFS": 32.980736, "A*": 32.980736, "F-Hat": 32.513389, "Risk": 32.980736, "Lookahead": 3 }