{ "BFS": 31.378072, "A*": 28.813501, "F-Hat": 30.063062, "Risk": 31.378072, "Lookahead": 3 }