{ "BFS": 29.173677, "A*": 29.173677, "F-Hat": 32.710398, "Risk": 29.173677, "Lookahead": 3 }