{ "BFS": 30.885033, "A*": 30.973685, "F-Hat": 29.436902, "Risk": 30.885033, "Lookahead": 3 }