{ "BFS": 31.291330, "A*": 32.511892, "F-Hat": 28.562775, "Risk": 31.291330, "Lookahead": 3 }