{ "BFS": 27.391964, "A*": 29.343519, "F-Hat": 28.431554, "Risk": 27.391964, "Lookahead": 3 }