{ "BFS": 28.962935, "A*": 28.962935, "F-Hat": 30.615216, "Risk": 28.962935, "Lookahead": 3 }