{ "BFS": 33.707183, "A*": 26.553550, "F-Hat": 33.127583, "Risk": 33.707183, "Lookahead": 3 }