{ "BFS": 27.930024, "A*": 29.359453, "F-Hat": 26.807846, "Risk": 27.930024, "Lookahead": 3 }