{ "BFS": 28.685968, "A*": 28.685968, "F-Hat": 28.867639, "Risk": 28.685968, "Lookahead": 3 }