{ "BFS": 33.177810, "A*": 31.905606, "F-Hat": 31.049641, "Risk": 33.177810, "LSS-LRTA*": 36.370793, "Lookahead": 3 }