{ "BFS": 32.467521, "A*": 32.467521, "F-Hat": 29.842050, "Risk": 32.467521, "Lookahead": 3 }