{ "BFS": 30.325307, "A*": 30.325307, "F-Hat": 27.103241, "Risk": 30.325307, "Lookahead": 3 }