{ "BFS": 31.607689, "A*": 31.607689, "F-Hat": 29.816516, "Risk": 31.607689, "Lookahead": 3 }