{ "BFS": 28.106035, "A*": 28.106035, "F-Hat": 26.275556, "Risk": 28.106035, "LSS-LRTA*": 40.155908, "Lookahead": 3 }