{ "BFS": 26.098108, "A*": 26.098108, "F-Hat": 30.762308, "Risk": 26.098108, "Lookahead": 3 }