{ "BFS": 29.385459, "A*": 29.385459, "F-Hat": 31.214008, "Risk": 29.385459, "Lookahead": 3 }