{ "BFS": 27.838522, "A*": 27.838522, "F-Hat": 31.576714, "Risk": 27.838522, "Lookahead": 3 }