{ "BFS": 33.441927, "A*": 32.013973, "F-Hat": 29.619043, "Risk": 33.441927, "Lookahead": 3 }