{ "BFS": 29.311955, "A*": 29.311955, "F-Hat": 29.009580, "Risk": 29.311955, "Lookahead": 3 }