{ "BFS": 31.205494, "A*": 31.205494, "F-Hat": 29.208927, "Risk": 31.205494, "Lookahead": 3 }