{ "BFS": 26.757018, "A*": 26.757018, "F-Hat": 30.415883, "Risk": 26.757018, "Lookahead": 3 }