{ "BFS": 28.911014, "A*": 36.014850, "F-Hat": 40.045507, "Risk": 28.911014, "Lookahead": 3 }