{ "BFS": 26.892469, "A*": 26.892469, "F-Hat": 29.297879, "Risk": 26.892469, "Lookahead": 3 }