{ "BFS": 29.953165, "A*": 37.973478, "F-Hat": 42.202122, "Risk": 27.894239, "Lookahead": 3 }