{ "BFS": 29.977400, "A*": 31.089580, "F-Hat": 31.502029, "Risk": 29.977400, "Lookahead": 3 }