{ "BFS": 28.887769, "A*": 28.887769, "F-Hat": 29.309423, "Risk": 28.887769, "Lookahead": 3 }