{ "BFS": 25.352755, "A*": 25.352755, "F-Hat": 31.790796, "Risk": 25.352755, "Lookahead": 3 }