{ "BFS": 29.478457, "A*": 28.929391, "F-Hat": 29.177043, "Risk": 29.478457, "Lookahead": 3 }