{ "BFS": 30.188752, "A*": 30.188752, "F-Hat": 29.469395, "Risk": 30.188752, "Lookahead": 3 }