{ "BFS": 30.498196, "A*": 30.340048, "F-Hat": 32.155280, "Risk": 29.234388, "Lookahead": 3 }