{ "BFS": 30.339984, "A*": 30.339984, "F-Hat": 30.742155, "Risk": 30.339984, "Lookahead": 3 }