{ "BFS": 30.678832, "A*": 29.619100, "F-Hat": 30.090434, "Risk": 30.678832, "Confidence": 32.240578, "LSS-LRTA*": 34.524068, "Lookahead": 3 }