{ "BFS": 28.571425, "A*": 28.571425, "F-Hat": 26.227349, "Risk": 28.571425, "Lookahead": 3 }