{ "BFS": 27.826290, "A*": 27.826290, "F-Hat": 28.725658, "Risk": 27.826290, "Lookahead": 3 }