{ "BFS": 29.188870, "A*": 29.802504, "F-Hat": 32.526828, "Risk": 29.188870, "Lookahead": 3 }