{ "BFS": 29.029954, "A*": 29.029954, "F-Hat": 29.898738, "Risk": 29.029954, "Lookahead": 3 }