{ "BFS": 28.253691, "A*": 26.374898, "F-Hat": 28.280055, "Risk": 28.253691, "Lookahead": 3 }