{ "BFS": 27.763131, "A*": 37.857454, "F-Hat": 39.084949, "Risk": 27.763131, "Lookahead": 3 }