{ "BFS": 28.118628, "A*": 28.118628, "F-Hat": 27.425730, "Risk": 28.469172, "Lookahead": 3 }