{ "BFS": 30.954767, "A*": 31.614160, "F-Hat": 32.507610, "Risk": 30.954767, "Lookahead": 3 }