{ "BFS": 27.044351, "A*": 27.684113, "F-Hat": 29.305520, "Risk": 27.044351, "Lookahead": 3 }