{ "BFS": 32.400584, "A*": 31.055067, "F-Hat": 28.518003, "Risk": 32.400584, "LSS-LRTA*": 40.374797, "Lookahead": 3 }