{ "BFS": 27.846191, "A*": 30.024341, "F-Hat": 29.781103, "Risk": 27.846191, "Lookahead": 3 }