{ "BFS": 27.968918, "A*": 27.968918, "F-Hat": 32.710058, "Risk": 27.968918, "Lookahead": 3 }