{ "BFS": 31.064510, "A*": 31.064510, "F-Hat": 27.543748, "Risk": 31.064510, "Lookahead": 3 }