{ "BFS": 25.956239, "A*": 25.830524, "F-Hat": 32.110539, "Risk": 25.956239, "Lookahead": 3 }