{ "BFS": 28.729270, "A*": 29.492136, "F-Hat": 28.189904, "Risk": 28.729270, "Lookahead": 3 }