{ "BFS": 27.629042, "A*": 27.629042, "F-Hat": 28.485470, "Risk": 27.629042, "Lookahead": 3 }