{ "BFS": 29.678615, "A*": 29.678615, "F-Hat": 31.530129, "Risk": 29.678615, "LSS-LRTA*": 41.360619, "Lookahead": 3 }