{ "BFS": 28.890756, "A*": 25.727565, "F-Hat": 31.718897, "Risk": 28.890756, "Lookahead": 3 }