{ "BFS": 27.920227, "A*": 27.920227, "F-Hat": 29.575205, "Risk": 27.920227, "Lookahead": 3 }