{ "BFS": 29.739092, "A*": 29.739092, "F-Hat": 30.736494, "Risk": 29.739092, "Lookahead": 3 }