{ "BFS": 31.810443, "A*": 31.264084, "F-Hat": 35.992633, "Risk": 31.810443, "Lookahead": 3 }