{ "BFS": 28.102646, "A*": 30.200401, "F-Hat": 26.617880, "Risk": 28.102646, "Lookahead": 3 }