{ "BFS": 31.342604, "A*": 31.342604, "F-Hat": 25.681104, "Risk": 31.342604, "Lookahead": 3 }