{ "BFS": 27.703417, "A*": 27.703417, "F-Hat": 27.717638, "Risk": 27.703417, "Lookahead": 3 }