{ "BFS": 30.063284, "A*": 30.063284, "F-Hat": 31.385752, "Risk": 30.063284, "Lookahead": 3 }