{ "BFS": 25.755204, "A*": 25.755204, "F-Hat": 27.585639, "Risk": 25.755204, "Lookahead": 3 }