{ "BFS": 32.637191, "A*": 32.637191, "F-Hat": 29.977938, "Risk": 32.637191, "Lookahead": 3 }