{ "BFS": 32.128708, "A*": 31.433050, "F-Hat": 31.209931, "Risk": 32.128708, "Lookahead": 3 }