{ "BFS": 30.137721, "A*": 30.137721, "F-Hat": 31.201079, "Risk": 30.137721, "Lookahead": 3 }