{ "BFS": 28.785105, "A*": 28.785105, "F-Hat": 30.142906, "Risk": 28.785105, "Lookahead": 3 }