{ "BFS": 28.751829, "A*": 28.751829, "F-Hat": 25.674096, "Risk": 28.751829, "Lookahead": 3 }