{ "BFS": 29.773053, "A*": 26.517461, "F-Hat": 27.720178, "Risk": 29.773053, "Lookahead": 3 }