{ "BFS": 29.553680, "A*": 30.837566, "F-Hat": 33.064557, "Risk": 29.553680, "Lookahead": 3 }