{ "BFS": 28.559365, "A*": 28.559365, "F-Hat": 28.824439, "Risk": 28.559365, "Lookahead": 3 }