{ "BFS": 27.774828, "A*": 27.774828, "F-Hat": 28.538950, "Risk": 27.774828, "Lookahead": 3 }