{ "BFS": 25.635083, "A*": 25.635083, "F-Hat": 28.710415, "Risk": 25.635083, "Lookahead": 3 }