{ "BFS": 30.045584, "A*": 29.839481, "F-Hat": 27.912742, "Risk": 30.045584, "Lookahead": 3 }