{ "BFS": 30.284933, "A*": 29.563965, "F-Hat": 29.905656, "Risk": 30.284933, "Lookahead": 3 }