{ "BFS": 27.611390, "A*": 27.382178, "F-Hat": 32.710038, "Risk": 27.611390, "Lookahead": 3 }