{ "BFS": 29.249899, "A*": 29.249899, "F-Hat": 27.300810, "Risk": 29.249899, "Lookahead": 3 }