{ "BFS": 28.577737, "A*": 28.577737, "F-Hat": 31.993741, "Risk": 28.577737, "Lookahead": 3 }