{ "BFS": 30.952974, "A*": 27.695327, "F-Hat": 33.133605, "Risk": 30.952974, "Lookahead": 3 }