{ "BFS": 27.108979, "A*": 27.108979, "F-Hat": 28.212207, "Risk": 27.108979, "Lookahead": 3 }