{ "BFS": 31.202099, "A*": 31.202099, "F-Hat": 28.266687, "Risk": 31.202099, "Lookahead": 3 }