{ "BFS": 28.816232, "A*": 29.169949, "F-Hat": 28.846826, "Risk": 28.816232, "Lookahead": 3 }