{ "BFS": 29.114753, "A*": 29.114753, "F-Hat": 30.092756, "Risk": 29.114753, "Lookahead": 3 }