{ "BFS": 28.452803, "A*": 32.111158, "F-Hat": 30.362640, "Risk": 28.452803, "Lookahead": 3 }