{ "BFS": 29.947105, "A*": 27.525744, "F-Hat": 30.182483, "Risk": 29.947105, "Lookahead": 3 }