{ "BFS": 30.143717, "A*": 29.181633, "F-Hat": 28.568564, "Risk": 30.143717, "Lookahead": 3 }