{ "BFS": 28.399184, "A*": 33.629133, "F-Hat": 39.206986, "Risk": 28.399184, "Lookahead": 3 }