{ "BFS": 30.071758, "A*": 28.172938, "F-Hat": 26.399082, "Risk": 30.071758, "Lookahead": 3 }