{ "BFS": 31.840553, "A*": 31.840553, "F-Hat": 30.026049, "Risk": 31.840553, "Lookahead": 3 }