{ "BFS": 30.342182, "A*": 30.739830, "F-Hat": 28.312276, "Risk": 30.342182, "Lookahead": 3 }