{ "BFS": 32.609536, "A*": 32.954051, "F-Hat": 28.925173, "Risk": 32.609536, "Lookahead": 3 }