{ "BFS": 28.467716, "A*": 27.634860, "F-Hat": 31.076254, "Risk": 28.467716, "Lookahead": 3 }