{ "BFS": 29.327781, "A*": 30.274560, "F-Hat": 26.361080, "Risk": 29.327781, "Lookahead": 3 }