{ "BFS": 27.214771, "A*": 27.214771, "F-Hat": 28.368371, "Risk": 27.214771, "Lookahead": 3 }