{ "BFS": 31.405008, "A*": 39.435077, "F-Hat": 30.388824, "Risk": 32.246314, "Lookahead": 3 }