{ "BFS": 31.416170, "A*": 31.464748, "F-Hat": 32.988545, "Risk": 31.416170, "Lookahead": 3 }