{ "BFS": 25.879517, "A*": 25.879517, "F-Hat": 26.778666, "Risk": 26.568629, "Lookahead": 3 }