{ "BFS": 29.088033, "A*": 29.212565, "F-Hat": 28.013417, "Risk": 29.088033, "Lookahead": 3 }