{ "BFS": 31.838099, "A*": 31.838099, "F-Hat": 28.651664, "Risk": 31.838099, "LSS-LRTA*": 37.928449, "Lookahead": 3 }