{ "BFS": 26.742285, "A*": 26.742285, "F-Hat": 28.145701, "Risk": 26.742285, "Lookahead": 3 }