{ "BFS": 28.772585, "A*": 28.772585, "F-Hat": 32.172866, "Risk": 28.772585, "Lookahead": 3 }