{ "BFS": 30.125731, "A*": 31.618015, "F-Hat": 31.159366, "Risk": 30.125731, "Lookahead": 3 }