{ "BFS": 27.752066, "A*": 27.752066, "F-Hat": 29.426596, "Risk": 27.752066, "Lookahead": 3 }