{ "BFS": 32.049597, "A*": 32.049597, "F-Hat": 30.669151, "Risk": 32.049597, "Lookahead": 3 }