{ "BFS": 28.819562, "A*": 28.819562, "F-Hat": 27.828236, "Risk": 28.819562, "Lookahead": 3 }