{ "BFS": 29.671848, "A*": 29.671848, "F-Hat": 27.820672, "Risk": 29.671848, "Lookahead": 3 }