{ "BFS": 30.574924, "A*": 29.830401, "F-Hat": 28.848841, "Risk": 30.574924, "Lookahead": 3 }