{ "BFS": 30.071071, "A*": 30.071071, "F-Hat": 31.480277, "Risk": 30.071071, "Lookahead": 3 }