{ "BFS": 29.148944, "A*": 27.913658, "F-Hat": 31.203840, "Risk": 29.148944, "Confidence": 26.328180, "LSS-LRTA*": 35.877920, "Lookahead": 3 }