{ "BFS": 29.212560, "A*": 29.212560, "F-Hat": 33.842455, "Risk": 29.212560, "Lookahead": 3 }