{ "BFS": 28.293809, "A*": 30.662728, "F-Hat": 31.088715, "Risk": 28.293809, "Lookahead": 3 }