{ "BFS": 29.139255, "A*": 29.139255, "F-Hat": 25.481323, "Risk": 29.139255, "Lookahead": 3 }