{ "BFS": 29.725639, "A*": 29.725639, "F-Hat": 25.999047, "Risk": 29.725639, "Lookahead": 3 }