{ "BFS": 24.985414, "A*": 32.141640, "F-Hat": 31.774151, "Risk": 32.934384, "Lookahead": 3 }