{ "BFS": 29.035885, "A*": 29.035885, "F-Hat": 30.727063, "Risk": 29.035885, "Lookahead": 3 }