{ "BFS": 30.036965, "A*": 37.049609, "F-Hat": 37.219611, "Risk": 30.036965, "Lookahead": 3 }