{ "BFS": 29.513271, "A*": 29.513271, "F-Hat": 28.763416, "Risk": 29.513271, "Lookahead": 3 }