{ "BFS": 28.356651, "A*": 35.047946, "F-Hat": 40.566384, "Risk": 28.356651, "Lookahead": 3 }