{ "BFS": 31.913127, "A*": 36.093278, "F-Hat": 38.850123, "Risk": 30.808942, "Lookahead": 3 }