{ "BFS": 28.965210, "A*": 30.976014, "F-Hat": 32.655012, "Risk": 28.965210, "Lookahead": 3 }