{ "BFS": 31.614967, "A*": 43.421640, "F-Hat": 46.422786, "Risk": 30.257146, "Lookahead": 3 }