{ "BFS": 28.927491, "A*": 30.976241, "F-Hat": 29.626190, "Risk": 28.927491, "Lookahead": 3 }