{ "BFS": 27.911795, "A*": 30.929285, "F-Hat": 24.096515, "Risk": 27.911795, "Lookahead": 3 }