{ "BFS": 29.351174, "A*": 29.351174, "F-Hat": 27.925719, "Risk": 29.351174, "Lookahead": 3 }