{ "BFS": 29.798563, "A*": 29.274112, "F-Hat": 29.943687, "Risk": 29.798563, "Lookahead": 3 }