{ "BFS": 34.470099, "A*": 34.470099, "F-Hat": 27.152408, "Risk": 34.470099, "Lookahead": 3 }