{ "BFS": 31.451390, "A*": 34.710019, "F-Hat": 38.894473, "Risk": 31.451390, "Lookahead": 3 }