{ "BFS": 27.972053, "A*": 26.493421, "F-Hat": 26.615063, "Risk": 27.972053, "Lookahead": 3 }