{ "BFS": 27.776411, "A*": 27.776411, "F-Hat": 29.243150, "Risk": 27.776411, "Lookahead": 3 }