{ "BFS": 29.911306, "A*": 27.634758, "F-Hat": 31.837244, "Risk": 29.911306, "Lookahead": 3 }