{ "BFS": 27.083803, "A*": 25.850411, "F-Hat": 31.135115, "Risk": 27.083803, "Lookahead": 3 }