{ "BFS": 31.563116, "A*": 31.563116, "F-Hat": 31.934169, "Risk": 31.563116, "Lookahead": 3 }