{ "BFS": 29.070349, "A*": 29.070349, "F-Hat": 30.326424, "Risk": 29.070349, "Lookahead": 3 }