{ "BFS": 28.434190, "A*": 28.434190, "F-Hat": 30.586801, "Risk": 28.434190, "Lookahead": 3 }