{ "BFS": 31.762826, "A*": 31.762826, "F-Hat": 25.437130, "Risk": 31.762826, "Lookahead": 3 }