{ "BFS": 29.826622, "A*": 29.826622, "F-Hat": 29.510629, "Risk": 29.826622, "Lookahead": 3 }