{ "BFS": 27.405568, "A*": 38.428561, "F-Hat": 40.902126, "Risk": 27.405568, "Lookahead": 3 }