{ "BFS": 28.468889, "A*": 29.424461, "F-Hat": 28.213736, "Risk": 28.468889, "Lookahead": 3 }