{ "BFS": 30.818718, "A*": 30.287873, "F-Hat": 26.380673, "Risk": 30.818718, "Lookahead": 3 }