{ "BFS": 32.875938, "A*": 27.702865, "F-Hat": 31.148271, "Risk": 32.875938, "Lookahead": 3 }