{ "BFS": 30.977392, "A*": 31.577999, "F-Hat": 25.918043, "Risk": 30.977392, "Lookahead": 3 }