{ "BFS": 29.550880, "A*": 28.869383, "F-Hat": 29.976645, "Risk": 29.550880, "Lookahead": 3 }