{ "BFS": 29.571330, "A*": 29.571330, "F-Hat": 27.965467, "Risk": 29.571330, "Lookahead": 3 }