{ "BFS": 28.652587, "A*": 28.652587, "F-Hat": 32.697071, "Risk": 28.652587, "LSS-LRTA*": 38.582516, "Lookahead": 3 }