{ "BFS": 31.009677, "A*": 31.009677, "F-Hat": 27.688046, "Risk": 31.009677, "Lookahead": 3 }