{ "BFS": 29.108979, "A*": 29.108979, "F-Hat": 29.480176, "Risk": 29.108979, "Lookahead": 3 }