{ "BFS": 29.251580, "A*": 29.251580, "F-Hat": 30.756036, "Risk": 29.251580, "Lookahead": 3 }