{ "BFS": 30.416734, "A*": 27.549069, "F-Hat": 28.551732, "Risk": 30.416734, "Lookahead": 3 }