{ "BFS": 27.480287, "A*": 27.480287, "F-Hat": 34.541324, "Risk": 27.480287, "Lookahead": 3 }