{ "BFS": 26.907096, "A*": 26.907096, "F-Hat": 28.513151, "Risk": 26.907096, "Lookahead": 3 }