{ "BFS": 30.201801, "A*": 28.796314, "F-Hat": 30.338051, "Risk": 30.201801, "Lookahead": 3 }