{ "BFS": 27.523748, "A*": 27.523748, "F-Hat": 29.625377, "Risk": 27.523748, "Lookahead": 3 }