{ "BFS": 28.316503, "A*": 27.421871, "F-Hat": 29.701166, "Risk": 28.316503, "Lookahead": 3 }