{ "BFS": 32.673323, "A*": 32.673323, "F-Hat": 28.622718, "Risk": 32.673323, "Lookahead": 3 }