{ "BFS": 27.362647, "A*": 27.362647, "F-Hat": 26.619525, "Risk": 27.362647, "Lookahead": 3 }