{ "BFS": 30.128944, "A*": 30.128944, "F-Hat": 30.923975, "Risk": 30.128944, "Lookahead": 3 }