{ "BFS": 26.078670, "A*": 26.687179, "F-Hat": 26.061793, "Risk": 26.078670, "Lookahead": 3 }