{ "BFS": 29.489068, "A*": 29.958084, "F-Hat": 30.349321, "Risk": 29.489068, "Confidence": 31.755419, "LSS-LRTA*": 39.278686, "Lookahead": 3 }