{ "BFS": 31.029663, "A*": 32.093903, "F-Hat": 27.676227, "Risk": 31.029663, "Lookahead": 3 }