{ "BFS": 29.742882, "A*": 29.742882, "F-Hat": 31.612654, "Risk": 29.742882, "Lookahead": 3 }