{ "BFS": 28.185682, "A*": 26.061177, "F-Hat": 27.408684, "Risk": 28.185682, "Confidence": 31.650376, "LSS-LRTA*": 42.171036, "Lookahead": 3 }