{ "BFS": 29.152928, "A*": 29.152928, "F-Hat": 27.160055, "Risk": 29.152928, "Lookahead": 3 }