{ "BFS": 27.165172, "A*": 27.145508, "F-Hat": 28.254514, "Risk": 27.165172, "Lookahead": 3 }