{ "BFS": 31.561856, "A*": 31.561856, "F-Hat": 31.838778, "Risk": 31.561856, "Lookahead": 3 }