{ "BFS": 29.508967, "A*": 31.961701, "F-Hat": 27.619162, "Risk": 29.508967, "Lookahead": 3 }