{ "BFS": 29.927406, "A*": 29.927406, "F-Hat": 30.112269, "Risk": 29.927406, "Lookahead": 3 }