{ "BFS": 28.853027, "A*": 28.853027, "F-Hat": 28.147233, "Risk": 28.853027, "Lookahead": 3 }