{ "BFS": 30.124922, "A*": 30.546614, "F-Hat": 26.060135, "Risk": 30.124922, "Lookahead": 3 }