{ "BFS": 28.143143, "A*": 31.341098, "F-Hat": 26.970671, "Risk": 28.143143, "Lookahead": 3 }