{ "BFS": 29.999674, "A*": 29.530503, "F-Hat": 27.274285, "Risk": 29.999674, "Lookahead": 3 }