{ "BFS": 32.191678, "A*": 30.740829, "F-Hat": 30.471227, "Risk": 32.191678, "Lookahead": 3 }