{ "BFS": 31.487142, "A*": 28.795040, "F-Hat": 29.713615, "Risk": 31.487142, "Lookahead": 3 }