{ "BFS": 30.808565, "A*": 30.808565, "F-Hat": 28.955127, "Risk": 30.808565, "Lookahead": 3 }