{ "BFS": 24.155154, "A*": 24.155154, "F-Hat": 27.712085, "Risk": 24.155154, "Lookahead": 3 }