{ "BFS": 27.792231, "A*": 27.065553, "F-Hat": 28.177336, "Risk": 27.792231, "Lookahead": 3 }