{ "BFS": 30.833584, "A*": 30.833584, "F-Hat": 29.797538, "Risk": 30.833584, "Lookahead": 3 }