{ "BFS": 26.301753, "A*": 26.301753, "F-Hat": 27.828397, "Risk": 26.455110, "Lookahead": 3 }