{ "BFS": 30.339121, "A*": 30.339121, "F-Hat": 32.720037, "Risk": 30.339121, "Lookahead": 3 }