{ "BFS": 29.461815, "A*": 30.170659, "F-Hat": 29.218226, "Risk": 29.461815, "Lookahead": 3 }