{ "BFS": 29.402489, "A*": 29.402489, "F-Hat": 29.682042, "Risk": 29.402489, "Lookahead": 3 }