{ "BFS": 31.077691, "A*": 28.880351, "F-Hat": 27.794284, "Risk": 31.077691, "Lookahead": 3 }