{ "BFS": 29.468911, "A*": 29.468911, "F-Hat": 30.368244, "Risk": 30.065996, "Lookahead": 3 }