{ "BFS": 29.700625, "A*": 29.700625, "F-Hat": 29.262645, "Risk": 29.700625, "Lookahead": 3 }