{ "BFS": 29.240388, "A*": 33.399522, "F-Hat": 35.983094, "Risk": 29.240388, "Lookahead": 3 }