{ "BFS": 26.888034, "A*": 37.464386, "F-Hat": 36.995955, "Risk": 29.321806, "Lookahead": 3 }