{ "BFS": 27.988336, "A*": 35.487712, "F-Hat": 41.056475, "Risk": 26.101671, "Lookahead": 3 }