{ "BFS": 27.957274, "A*": 27.957274, "F-Hat": 28.644469, "Risk": 27.957274, "Lookahead": 3 }