{ "BFS": 28.226223, "A*": 28.226223, "F-Hat": 29.418415, "Risk": 28.226223, "Lookahead": 3 }