{ "BFS": 31.295088, "A*": 29.690170, "F-Hat": 26.365562, "Risk": 31.295088, "Lookahead": 3 }