{ "BFS": 28.564228, "A*": 28.564228, "F-Hat": 30.092450, "Risk": 28.564228, "Lookahead": 3 }