{ "BFS": 30.769356, "A*": 30.769356, "F-Hat": 28.867724, "Risk": 30.769356, "Lookahead": 3 }