{ "BFS": 27.979247, "A*": 26.176066, "F-Hat": 32.366091, "Risk": 27.979247, "Lookahead": 3 }