{ "BFS": 28.637081, "A*": 28.637081, "F-Hat": 29.413043, "Risk": 28.637081, "Lookahead": 3 }