{ "BFS": 28.937444, "A*": 28.937444, "F-Hat": 34.071843, "Risk": 28.937444, "Lookahead": 3 }