{ "BFS": 31.890015, "A*": 31.890015, "F-Hat": 29.163126, "Risk": 31.890015, "Lookahead": 3 }