{ "BFS": 27.450706, "A*": 27.450706, "F-Hat": 31.170532, "Risk": 27.450706, "Lookahead": 3 }