{ "BFS": 28.595878, "A*": 28.595878, "F-Hat": 34.160345, "Risk": 28.595878, "Lookahead": 3 }