{ "BFS": 26.914873, "A*": 26.914873, "F-Hat": 32.453082, "Risk": 26.914873, "Lookahead": 3 }