{ "BFS": 25.219267, "A*": 25.219267, "F-Hat": 33.001053, "Risk": 25.219267, "Lookahead": 3 }