{ "BFS": 31.528748, "A*": 31.528748, "F-Hat": 29.338742, "Risk": 32.094688, "Lookahead": 3 }