{ "BFS": 32.329359, "A*": 32.329359, "F-Hat": 30.620052, "Risk": 32.329359, "Lookahead": 3 }