{ "BFS": 27.358367, "A*": 27.505857, "F-Hat": 31.071784, "Risk": 27.358367, "Lookahead": 3 }