{ "BFS": 30.539421, "A*": 30.674677, "F-Hat": 30.431918, "Risk": 30.539421, "Lookahead": 3 }