{ "BFS": 25.293328, "A*": 27.975281, "F-Hat": 28.596411, "Risk": 25.293328, "Lookahead": 3 }