{ "BFS": 27.982284, "A*": 27.982284, "F-Hat": 31.036205, "Risk": 27.982284, "Lookahead": 3 }