{ "BFS": 31.018086, "A*": 28.764622, "F-Hat": 28.839004, "Risk": 31.018086, "Lookahead": 3 }