{ "BFS": 30.193918, "A*": 30.193918, "F-Hat": 32.834842, "Risk": 30.193918, "Lookahead": 3 }