{ "BFS": 31.785181, "A*": 31.785181, "F-Hat": 27.512998, "Risk": 31.785181, "Lookahead": 3 }