{ "BFS": 30.118263, "A*": 30.118263, "F-Hat": 27.041982, "Risk": 30.118263, "Lookahead": 3 }