{ "BFS": 33.055728, "A*": 33.055728, "F-Hat": 28.744488, "Risk": 33.055728, "Lookahead": 3 }