{ "BFS": 32.245241, "A*": 32.245241, "F-Hat": 28.660046, "Risk": 32.245241, "Lookahead": 3 }