{ "BFS": 33.979304, "A*": 28.984479, "F-Hat": 31.522588, "Risk": 33.979304, "Lookahead": 3 }