{ "BFS": 28.130822, "A*": 30.680852, "F-Hat": 30.619160, "Risk": 28.130822, "Lookahead": 3 }