{ "BFS": 30.956034, "A*": 30.160043, "F-Hat": 30.180981, "Risk": 30.956034, "Lookahead": 3 }