{ "BFS": 29.127759, "A*": 29.127759, "F-Hat": 31.733760, "Risk": 29.127759, "Lookahead": 3 }