{ "BFS": 28.389342, "A*": 28.389342, "F-Hat": 25.384813, "Risk": 28.389342, "Lookahead": 3 }