{ "BFS": 30.941118, "A*": 30.886582, "F-Hat": 30.191055, "Risk": 30.941118, "Lookahead": 3 }