{ "BFS": 28.674015, "A*": 28.674015, "F-Hat": 30.562196, "Risk": 28.674015, "Lookahead": 3 }