{ "BFS": 30.539229, "A*": 31.229540, "F-Hat": 27.979463, "Risk": 30.539229, "Lookahead": 3 }