{ "BFS": 25.929169, "A*": 28.271592, "F-Hat": 27.713239, "Risk": 25.929169, "Lookahead": 3 }