{ "BFS": 32.672056, "A*": 32.672056, "F-Hat": 31.877548, "Risk": 32.672056, "Lookahead": 3 }