{ "BFS": 31.644948, "A*": 32.277623, "F-Hat": 28.851437, "Risk": 31.644948, "Lookahead": 3 }