{ "BFS": 29.888066, "A*": 29.888066, "F-Hat": 30.724196, "Risk": 29.888066, "Lookahead": 3 }