{ "BFS": 28.679321, "A*": 28.679321, "F-Hat": 26.854051, "Risk": 28.679321, "Lookahead": 3 }