{ "BFS": 28.727839, "A*": 28.387246, "F-Hat": 27.568029, "Risk": 28.727839, "Lookahead": 3 }