{ "BFS": 29.132506, "A*": 28.373178, "F-Hat": 29.546917, "Risk": 29.132506, "Lookahead": 3 }