{ "BFS": 27.654335, "A*": 28.689929, "F-Hat": 28.308422, "Risk": 27.654335, "Lookahead": 3 }