{ "BFS": 27.167139, "A*": 27.167139, "F-Hat": 27.254438, "Risk": 27.167139, "Lookahead": 3 }