{ "BFS": 26.191088, "A*": 27.474924, "F-Hat": 29.579761, "Risk": 26.191088, "Lookahead": 3 }