{ "BFS": 31.641031, "A*": 31.662044, "F-Hat": 29.843433, "Risk": 31.641031, "Lookahead": 3 }