{ "BFS": 29.111842, "A*": 33.589534, "F-Hat": 28.054545, "Risk": 29.111842, "Lookahead": 3 }