{ "BFS": 27.476161, "A*": 27.476161, "F-Hat": 28.267705, "Risk": 27.476161, "Lookahead": 3 }