{ "BFS": 26.597071, "A*": 26.597071, "F-Hat": 30.809207, "Risk": 26.597071, "Lookahead": 3 }