{ "BFS": 28.233463, "A*": 31.247374, "F-Hat": 30.425316, "Risk": 28.533628, "Lookahead": 3 }