{ "BFS": 28.181399, "A*": 30.452909, "F-Hat": 28.705112, "Risk": 28.181399, "Lookahead": 3 }