{ "BFS": 28.421250, "A*": 28.421250, "F-Hat": 26.751235, "Risk": 28.421250, "Lookahead": 3 }