{ "BFS": 27.668117, "A*": 27.668117, "F-Hat": 31.398986, "Risk": 27.668117, "Lookahead": 3 }