{ "BFS": 28.154144, "A*": 29.217757, "F-Hat": 29.980807, "Risk": 28.154144, "Lookahead": 3 }