{ "BFS": 31.667468, "A*": 31.667468, "F-Hat": 29.916572, "Risk": 31.667468, "Lookahead": 3 }