{ "BFS": 29.311873, "A*": 27.841907, "F-Hat": 27.271837, "Risk": 29.311873, "Lookahead": 3 }