{ "BFS": 27.254627, "A*": 30.377927, "F-Hat": 26.546890, "Risk": 27.254627, "Lookahead": 3 }