{ "BFS": 33.436866, "A*": 31.356327, "F-Hat": 26.475983, "Risk": 33.436866, "Lookahead": 3 }