{ "BFS": 28.436588, "A*": 40.761565, "F-Hat": 37.948508, "Risk": 30.819562, "Lookahead": 3 }