{ "BFS": 29.452118, "A*": 29.452118, "F-Hat": 26.697937, "Risk": 29.452118, "Lookahead": 3 }