{ "BFS": 31.268227, "A*": 31.268227, "F-Hat": 28.693280, "Risk": 31.268227, "Lookahead": 3 }