{ "BFS": 31.405008, "A*": 34.997806, "F-Hat": 30.999412, "Risk": 31.405008, "Lookahead": 3 }