{ "BFS": 29.965258, "A*": 31.974876, "F-Hat": 27.995343, "Risk": 29.965258, "Lookahead": 3 }