{ "BFS": 28.521478, "A*": 28.521478, "F-Hat": 29.563046, "Risk": 28.521478, "Lookahead": 3 }