{ "BFS": 31.956372, "A*": 31.956372, "F-Hat": 27.399409, "Risk": 31.956372, "Lookahead": 3 }