{ "BFS": 28.577386, "A*": 30.384576, "F-Hat": 30.518757, "Risk": 28.577386, "Lookahead": 3 }