{ "BFS": 28.867761, "A*": 28.867761, "F-Hat": 29.831473, "Risk": 28.867761, "Lookahead": 3 }