{ "BFS": 29.046800, "A*": 29.046800, "F-Hat": 30.314206, "Risk": 29.046800, "Lookahead": 3 }