{ "BFS": 29.540095, "A*": 28.511467, "F-Hat": 31.763402, "Risk": 29.540095, "Lookahead": 3 }