{ "BFS": 31.959653, "A*": 31.959653, "F-Hat": 29.338568, "Risk": 31.959653, "Lookahead": 3 }