{ "BFS": 25.341221, "A*": 28.220442, "F-Hat": 31.799100, "Risk": 25.341221, "Lookahead": 3 }