{ "BFS": 29.241646, "A*": 30.036796, "F-Hat": 27.465167, "Risk": 29.241646, "Lookahead": 3 }