{ "BFS": 29.490925, "A*": 29.490925, "F-Hat": 28.929360, "Risk": 29.490925, "Lookahead": 3 }