{ "BFS": 29.561082, "A*": 27.237355, "F-Hat": 29.359996, "Risk": 29.561082, "Lookahead": 3 }