{ "BFS": 27.828261, "A*": 29.960253, "F-Hat": 29.103122, "Risk": 27.828261, "Lookahead": 3 }