{ "BFS": 30.639298, "A*": 30.134632, "F-Hat": 27.607255, "Risk": 30.639298, "Lookahead": 3 }