{ "BFS": 28.470343, "A*": 28.470343, "F-Hat": 30.201258, "Risk": 28.470343, "Lookahead": 3 }