{ "BFS": 31.757531, "A*": 31.757531, "F-Hat": 29.509582, "Risk": 31.757531, "Lookahead": 3 }