{ "BFS": 31.335434, "A*": 31.526517, "F-Hat": 27.098199, "Risk": 31.335434, "Lookahead": 3 }