{ "BFS": 31.066903, "A*": 31.066903, "F-Hat": 31.402248, "Risk": 31.066903, "Lookahead": 3 }