{ "BFS": 26.106326, "A*": 27.402225, "F-Hat": 28.569298, "Risk": 26.106326, "Lookahead": 3 }