{ "BFS": 32.338860, "A*": 32.338860, "F-Hat": 30.670462, "Risk": 32.338860, "Lookahead": 3 }