{ "BFS": 28.748408, "A*": 28.748408, "F-Hat": 32.045173, "Risk": 28.748408, "Confidence": 32.584083, "LSS-LRTA*": 36.133810, "Lookahead": 3 }