{ "BFS": 26.965865, "A*": 27.917422, "F-Hat": 30.966302, "Risk": 26.965865, "LSS-LRTA*": 38.391167, "Lookahead": 3 }