{ "BFS": 27.772486, "A*": 23.789497, "F-Hat": 27.454728, "Risk": 27.772486, "Lookahead": 3 }