{ "BFS": 32.632057, "A*": 32.632057, "F-Hat": 28.636600, "Risk": 32.632057, "Lookahead": 3 }