{ "BFS": 26.599367, "A*": 26.599367, "F-Hat": 30.688956, "Risk": 26.868543, "Lookahead": 3 }