{ "BFS": 32.398620, "A*": 32.123164, "F-Hat": 27.227831, "Risk": 32.398620, "Lookahead": 3 }