{ "BFS": 29.443074, "A*": 32.229233, "F-Hat": 29.320197, "Risk": 29.443074, "Lookahead": 3 }