{ "BFS": 29.592580, "A*": 29.592580, "F-Hat": 30.555138, "Risk": 29.592580, "LSS-LRTA*": 36.861478, "Lookahead": 3 }