{ "BFS": 30.593525, "A*": 31.619945, "F-Hat": 33.061234, "Risk": 30.593525, "Lookahead": 3 }