{ "BFS": 28.439056, "A*": 30.186530, "F-Hat": 30.520522, "Risk": 28.439056, "Lookahead": 3 }