{ "BFS": 26.709138, "A*": 29.070078, "F-Hat": 30.795764, "Risk": 26.709138, "Lookahead": 3 }