{ "BFS": 29.062010, "A*": 31.283094, "F-Hat": 33.876550, "Risk": 29.062010, "Lookahead": 3 }