{ "BFS": 30.622651, "A*": 37.205259, "F-Hat": 34.131064, "Risk": 30.768413, "Lookahead": 3 }