{ "BFS": 30.084426, "A*": 30.084426, "F-Hat": 28.321999, "Risk": 30.084426, "Lookahead": 3 }