{ "BFS": 30.585597, "A*": 30.585597, "F-Hat": 34.265921, "Risk": 30.585597, "Lookahead": 3 }