{ "BFS": 31.759322, "A*": 28.689072, "F-Hat": 27.690725, "Risk": 31.759322, "Lookahead": 3 }