{ "BFS": 27.734587, "A*": 35.333433, "F-Hat": 40.667511, "Risk": 25.980431, "Lookahead": 3 }