{ "BFS": 27.264798, "A*": 27.264798, "F-Hat": 26.568092, "Risk": 27.264798, "Lookahead": 3 }