{ "BFS": 29.914467, "A*": 29.914467, "F-Hat": 28.436974, "Risk": 29.914467, "Lookahead": 3 }