{ "BFS": 27.778225, "A*": 27.778225, "F-Hat": 29.433251, "Risk": 27.778225, "Lookahead": 3 }