{ "BFS": 27.185616, "A*": 27.185616, "F-Hat": 29.359679, "Risk": 27.185616, "Lookahead": 3 }