{ "BFS": 32.783716, "A*": 32.783716, "F-Hat": 34.209049, "Risk": 32.783716, "Lookahead": 3 }