{ "BFS": 33.632018, "A*": 33.491739, "F-Hat": 30.279612, "Risk": 33.632018, "Lookahead": 3 }