{ "BFS": 29.975365, "A*": 29.975365, "F-Hat": 26.909806, "Risk": 29.975365, "Lookahead": 3 }