{ "BFS": 31.743603, "A*": 38.960417, "F-Hat": 36.401570, "Risk": 30.568384, "Lookahead": 3 }