{ "BFS": 28.294907, "A*": 28.294907, "F-Hat": 29.276977, "Risk": 28.294907, "Lookahead": 3 }