{ "BFS": 31.377678, "A*": 31.377678, "F-Hat": 29.467783, "Risk": 31.377678, "Lookahead": 3 }