{ "BFS": 28.676213, "A*": 28.620634, "F-Hat": 30.033783, "Risk": 28.676213, "Lookahead": 3 }