{ "BFS": 27.700652, "A*": 27.700652, "F-Hat": 31.024182, "Risk": 28.038499, "Lookahead": 3 }