{ "BFS": 28.284535, "A*": 28.284535, "F-Hat": 27.598839, "Risk": 28.284535, "Lookahead": 3 }