{ "BFS": 27.394044, "A*": 26.129151, "F-Hat": 30.985524, "Risk": 27.394044, "Lookahead": 3 }