{ "BFS": 29.749058, "A*": 29.749058, "F-Hat": 30.680912, "Risk": 30.282637, "Lookahead": 3 }