{ "BFS": 28.350688, "A*": 28.350688, "F-Hat": 30.900750, "Risk": 28.350688, "Lookahead": 3 }