{ "BFS": 29.195018, "A*": 28.318098, "F-Hat": 29.045758, "Risk": 29.195018, "Lookahead": 3 }