{ "BFS": 29.734183, "A*": 33.673180, "F-Hat": 30.182989, "Risk": 29.734183, "Lookahead": 3 }