{ "BFS": 31.595783, "A*": 31.595783, "F-Hat": 28.557743, "Risk": 31.595783, "Lookahead": 3 }