{ "BFS": 27.218709, "A*": 27.218709, "F-Hat": 28.517501, "Risk": 27.218709, "Lookahead": 3 }