{ "BFS": 32.156828, "A*": 31.560785, "F-Hat": 28.760359, "Risk": 32.156828, "Lookahead": 3 }