{ "BFS": 30.383892, "A*": 31.144133, "F-Hat": 29.411907, "Risk": 30.383892, "Lookahead": 3 }