{ "BFS": 26.378699, "A*": 26.378699, "F-Hat": 28.185703, "Risk": 26.378699, "Lookahead": 3 }