{ "BFS": 28.027624, "A*": 28.027624, "F-Hat": 32.937896, "Risk": 28.277591, "Lookahead": 3 }