{ "BFS": 26.205394, "A*": 26.205394, "F-Hat": 32.611314, "Risk": 26.205394, "Lookahead": 3 }