{ "BFS": 29.173993, "A*": 29.173993, "F-Hat": 25.015547, "Risk": 29.173993, "Lookahead": 3 }