{ "BFS": 31.379650, "A*": 31.379650, "F-Hat": 29.073875, "Risk": 31.379650, "Lookahead": 3 }