{ "BFS": 30.273784, "A*": 32.734706, "F-Hat": 29.014569, "Risk": 30.273784, "LSS-LRTA*": 39.336798, "Lookahead": 3 }