{ "BFS": 27.316362, "A*": 27.316362, "F-Hat": 30.207314, "Risk": 27.316362, "Lookahead": 3 }