{ "BFS": 32.701235, "A*": 32.294126, "F-Hat": 31.516573, "Risk": 32.701235, "Lookahead": 3 }