{ "BFS": 32.081737, "A*": 32.081737, "F-Hat": 26.885452, "Risk": 32.081737, "Lookahead": 3 }