{ "BFS": 28.481836, "A*": 28.481836, "F-Hat": 31.562481, "Risk": 28.481836, "Lookahead": 3 }