{ "BFS": 31.638119, "A*": 31.638119, "F-Hat": 32.660370, "Risk": 31.638119, "Lookahead": 3 }