{ "BFS": 26.795017, "A*": 26.795017, "F-Hat": 26.571328, "Risk": 26.795017, "Lookahead": 3 }