{ "BFS": 27.681597, "A*": 27.681597, "F-Hat": 26.562948, "Risk": 27.681597, "Lookahead": 3 }