{ "BFS": 29.742556, "A*": 30.068282, "F-Hat": 31.764784, "Risk": 29.742556, "Lookahead": 3 }