{ "BFS": 26.819156, "A*": 26.819156, "F-Hat": 28.911261, "Risk": 26.819156, "LSS-LRTA*": 37.872334, "Lookahead": 3 }