{ "BFS": 27.356880, "A*": 29.512897, "F-Hat": 27.707230, "Risk": 27.356880, "Lookahead": 3 }