{ "BFS": 28.573483, "A*": 29.089653, "F-Hat": 32.678233, "Risk": 28.573483, "Lookahead": 3 }