{ "BFS": 28.281140, "A*": 28.281140, "F-Hat": 28.982469, "Risk": 28.281140, "Lookahead": 3 }