{ "BFS": 31.520349, "A*": 31.167576, "F-Hat": 32.266397, "Risk": 31.520349, "Lookahead": 3 }