{ "BFS": 27.875879, "A*": 28.956216, "F-Hat": 30.722635, "Risk": 27.875879, "Lookahead": 3 }