{ "BFS": 31.183211, "A*": 31.183211, "F-Hat": 30.592559, "Risk": 31.183211, "Lookahead": 3 }