{ "BFS": 27.960365, "A*": 27.960365, "F-Hat": 29.821745, "Risk": 27.960365, "Lookahead": 3 }