{ "BFS": 27.382869, "A*": 27.382869, "F-Hat": 29.742387, "Risk": 27.382869, "Lookahead": 3 }