{ "BFS": 27.390765, "A*": 27.390765, "F-Hat": 28.674001, "Risk": 27.390765, "Lookahead": 3 }