{ "BFS": 26.458422, "A*": 28.113079, "F-Hat": 30.884145, "Risk": 26.458422, "Lookahead": 3 }