{ "BFS": 29.030585, "A*": 29.456893, "F-Hat": 30.550584, "Risk": 29.030585, "Lookahead": 3 }