{ "BFS": 29.549282, "A*": 29.549282, "F-Hat": 29.897672, "Risk": 29.549282, "Lookahead": 3 }