{ "BFS": 27.247457, "A*": 30.051552, "F-Hat": 26.694883, "Risk": 27.247457, "Lookahead": 3 }