{ "BFS": 29.493698, "A*": 29.348030, "F-Hat": 32.952842, "Risk": 29.493698, "Lookahead": 3 }