{ "BFS": 28.975614, "A*": 27.974855, "F-Hat": 27.020777, "Risk": 28.975614, "Lookahead": 3 }