{ "BFS": 30.916492, "A*": 30.916492, "F-Hat": 30.947727, "Risk": 30.916492, "Lookahead": 3 }