{ "BFS": 28.787929, "A*": 24.832321, "F-Hat": 28.851380, "Risk": 28.787929, "Lookahead": 3 }