{ "BFS": 28.271948, "A*": 28.853079, "F-Hat": 28.437307, "Risk": 28.271948, "Lookahead": 3 }