{ "BFS": 32.149067, "A*": 32.149067, "F-Hat": 30.376796, "Risk": 32.149067, "Lookahead": 3 }