{ "BFS": 27.664165, "A*": 27.664165, "F-Hat": 30.956669, "Risk": 27.664165, "Lookahead": 3 }