{ "BFS": 29.169601, "A*": 29.169601, "F-Hat": 27.177522, "Risk": 29.169601, "Lookahead": 3 }