{ "BFS": 30.544563, "A*": 30.544563, "F-Hat": 28.895403, "Risk": 30.544563, "Lookahead": 3 }