{ "BFS": 26.981715, "A*": 26.981715, "F-Hat": 28.083072, "Risk": 26.981715, "Lookahead": 3 }