{ "BFS": 31.176217, "A*": 31.176217, "F-Hat": 28.981931, "Risk": 31.176217, "Lookahead": 3 }