{ "BFS": 30.592085, "A*": 28.222318, "F-Hat": 28.675712, "Risk": 30.592085, "Lookahead": 3 }