{ "BFS": 32.031976, "A*": 32.031976, "F-Hat": 31.699295, "Risk": 32.031976, "Lookahead": 3 }