{ "BFS": 28.956127, "A*": 32.680472, "F-Hat": 35.736872, "Risk": 28.956127, "Lookahead": 3 }