{ "BFS": 30.624335, "A*": 28.768518, "F-Hat": 29.687464, "Risk": 30.624335, "Lookahead": 3 }