{ "BFS": 27.335873, "A*": 27.335873, "F-Hat": 28.759139, "Risk": 27.335873, "Lookahead": 3 }