{ "BFS": 29.493058, "A*": 29.493058, "F-Hat": 25.218947, "Risk": 29.493058, "Lookahead": 3 }