{ "BFS": 27.743882, "A*": 30.440439, "F-Hat": 31.497322, "Risk": 27.849095, "Lookahead": 3 }