{ "BFS": 30.552822, "A*": 32.208200, "F-Hat": 30.387490, "Risk": 30.552822, "Lookahead": 3 }