{ "BFS": 29.609845, "A*": 29.609845, "F-Hat": 31.073423, "Risk": 29.609845, "Lookahead": 3 }