{ "BFS": 29.249281, "A*": 29.249281, "F-Hat": 30.729061, "Risk": 29.249281, "Lookahead": 3 }