{ "BFS": 29.113927, "A*": 29.113927, "F-Hat": 33.071291, "Risk": 29.113927, "Lookahead": 3 }