{ "BFS": 27.361367, "A*": 27.361367, "F-Hat": 31.656457, "Risk": 27.361367, "Lookahead": 3 }