{ "BFS": 25.526307, "A*": 25.526307, "F-Hat": 30.926987, "Risk": 25.526307, "Lookahead": 3 }