{ "BFS": 28.188526, "A*": 27.150805, "F-Hat": 26.733739, "Risk": 28.592348, "Lookahead": 3 }