{ "BFS": 26.060804, "A*": 26.060804, "F-Hat": 28.655014, "Risk": 26.060804, "Lookahead": 3 }