{ "BFS": 28.331668, "A*": 28.331668, "F-Hat": 28.999916, "Risk": 28.331668, "Confidence": 30.440845, "LSS-LRTA*": 37.804381, "Lookahead": 3 }