{ "BFS": 28.224374, "A*": 28.224374, "F-Hat": 28.195529, "Risk": 28.866806, "Lookahead": 3 }