{ "BFS": 27.065710, "A*": 27.065710, "F-Hat": 28.881447, "Risk": 27.065710, "Lookahead": 3 }