{ "BFS": 30.515575, "A*": 30.515575, "F-Hat": 29.141273, "Risk": 30.515575, "Lookahead": 3 }