{ "BFS": 27.227350, "A*": 27.227350, "F-Hat": 30.587199, "Risk": 27.227350, "Lookahead": 3 }