{ "BFS": 30.126749, "A*": 30.126749, "F-Hat": 30.100780, "Risk": 30.126749, "Lookahead": 3 }