{ "BFS": 28.303521, "A*": 28.303521, "F-Hat": 26.452226, "Risk": 28.303521, "Lookahead": 3 }