{ "BFS": 30.098210, "A*": 30.220491, "F-Hat": 29.401064, "Risk": 30.098210, "Lookahead": 3 }