{ "BFS": 30.055207, "A*": 28.934282, "F-Hat": 28.767279, "Risk": 30.055207, "Lookahead": 3 }