{ "BFS": 27.866662, "A*": 27.866662, "F-Hat": 27.180754, "Risk": 27.866662, "Lookahead": 3 }