{ "BFS": 31.500084, "A*": 31.500084, "F-Hat": 27.357797, "Risk": 31.500084, "Lookahead": 3 }