{ "BFS": 30.236863, "A*": 30.236863, "F-Hat": 24.502261, "Risk": 30.236863, "Lookahead": 3 }