{ "BFS": 25.684904, "A*": 25.684904, "F-Hat": 29.168564, "Risk": 25.684904, "Lookahead": 3 }