{ "BFS": 27.156633, "A*": 27.156633, "F-Hat": 27.291689, "Risk": 27.156633, "Lookahead": 3 }