{ "BFS": 30.480541, "A*": 30.457298, "F-Hat": 31.722610, "Risk": 30.480541, "Lookahead": 3 }