{ "BFS": 26.088247, "A*": 26.088247, "F-Hat": 32.326985, "Risk": 26.088247, "Lookahead": 3 }