{ "BFS": 28.196328, "A*": 27.999814, "F-Hat": 27.075487, "Risk": 28.196328, "Lookahead": 3 }