{ "BFS": 28.612289, "A*": 28.612289, "F-Hat": 30.710042, "Risk": 29.211817, "Lookahead": 3 }