{ "BFS": 30.842573, "A*": 31.613540, "F-Hat": 32.335425, "Risk": 30.842573, "Lookahead": 3 }