{ "BFS": 26.520630, "A*": 26.520630, "F-Hat": 30.013474, "Risk": 26.520630, "Lookahead": 3 }