{ "BFS": 32.461927, "A*": 32.461927, "F-Hat": 29.756523, "Risk": 32.461927, "Lookahead": 3 }