{ "BFS": 27.624600, "A*": 31.145881, "F-Hat": 27.529355, "Risk": 27.624600, "Lookahead": 3 }