{ "BFS": 30.883754, "A*": 30.883754, "F-Hat": 27.917693, "Risk": 30.883754, "Lookahead": 3 }