{ "BFS": 26.024131, "A*": 26.024131, "F-Hat": 31.113710, "Risk": 26.024131, "Lookahead": 3 }