{ "BFS": 34.065445, "A*": 32.728374, "F-Hat": 30.485601, "Risk": 34.065445, "Lookahead": 3 }