{ "BFS": 30.522585, "A*": 30.522585, "F-Hat": 33.349644, "Risk": 30.522585, "Lookahead": 3 }