{ "BFS": 31.968835, "A*": 32.856087, "F-Hat": 31.539387, "Risk": 31.968835, "Lookahead": 3 }