{ "BFS": 29.594927, "A*": 29.660783, "F-Hat": 29.725770, "Risk": 29.594927, "Lookahead": 3 }