{ "BFS": 25.201849, "A*": 25.201849, "F-Hat": 30.188446, "Risk": 25.201849, "Lookahead": 3 }