{ "BFS": 28.835488, "A*": 28.835488, "F-Hat": 30.783556, "Risk": 28.835488, "Lookahead": 3 }