{ "BFS": 32.962390, "A*": 32.962390, "F-Hat": 33.090509, "Risk": 32.962390, "Lookahead": 3 }