{ "BFS": 29.322052, "A*": 29.322052, "F-Hat": 30.389740, "Risk": 29.322052, "Lookahead": 3 }