{ "BFS": 26.447828, "A*": 26.447828, "F-Hat": 29.899800, "Risk": 27.130614, "Lookahead": 3 }