{ "BFS": 27.057276, "A*": 30.311715, "F-Hat": 29.829816, "Risk": 27.057276, "Lookahead": 3 }