{ "BFS": 28.324595, "A*": 28.324595, "F-Hat": 29.228648, "Risk": 28.324595, "Lookahead": 3 }