{ "BFS": 30.739001, "A*": 30.907495, "F-Hat": 26.793160, "Risk": 30.739001, "Lookahead": 3 }