{ "BFS": 29.978844, "A*": 26.495904, "F-Hat": 28.005864, "Risk": 29.978844, "Confidence": 31.740539, "LSS-LRTA*": 34.866876, "Lookahead": 3 }