{ "BFS": 30.985822, "A*": 30.985822, "F-Hat": 29.327172, "Risk": 31.538043, "Lookahead": 3 }