{ "BFS": 30.377024, "A*": 41.157751, "F-Hat": 38.711772, "Risk": 30.586043, "Lookahead": 3 }