{ "BFS": 31.795333, "A*": 31.795333, "F-Hat": 30.638626, "Risk": 31.795333, "Lookahead": 3 }