{ "BFS": 29.138438, "A*": 29.138438, "F-Hat": 31.082427, "Risk": 29.138438, "Lookahead": 3 }