{ "BFS": 29.191219, "A*": 28.371191, "F-Hat": 28.924510, "Risk": 29.191219, "Lookahead": 3 }