{ "BFS": 28.648063, "A*": 28.648063, "F-Hat": 27.221485, "Risk": 28.648063, "Lookahead": 3 }