{ "BFS": 27.692215, "A*": 27.692215, "F-Hat": 28.379810, "Risk": 27.692215, "Lookahead": 3 }