{ "BFS": 27.533345, "A*": 27.533345, "F-Hat": 27.517601, "Risk": 27.533345, "Lookahead": 3 }