{ "BFS": 33.220696, "A*": 33.220696, "F-Hat": 29.564435, "Risk": 33.220696, "Lookahead": 3 }