{ "BFS": 33.068435, "A*": 31.399754, "F-Hat": 30.342288, "Risk": 33.068435, "Lookahead": 3 }