{ "BFS": 28.219768, "A*": 28.219768, "F-Hat": 28.481841, "Risk": 28.219768, "Lookahead": 3 }