{ "BFS": 30.017345, "A*": 28.527393, "F-Hat": 30.393039, "Risk": 30.017345, "Lookahead": 3 }