{ "BFS": 30.111265, "A*": 30.111265, "F-Hat": 29.887009, "Risk": 30.111265, "Lookahead": 3 }