{ "BFS": 30.360666, "A*": 30.360666, "F-Hat": 29.873865, "Risk": 30.360666, "Lookahead": 3 }