{ "BFS": 30.780682, "A*": 30.751280, "F-Hat": 29.009363, "Risk": 30.780682, "Lookahead": 3 }