{ "BFS": 29.803198, "A*": 29.803198, "F-Hat": 28.698003, "Risk": 29.803198, "Lookahead": 3 }