{ "BFS": 30.155180, "A*": 32.293466, "F-Hat": 33.353618, "Risk": 30.155180, "Lookahead": 3 }