{ "BFS": 26.598916, "A*": 27.078326, "F-Hat": 29.060297, "Risk": 26.598916, "Lookahead": 3 }