{ "BFS": 26.810855, "A*": 26.810855, "F-Hat": 28.159703, "Risk": 26.810855, "Lookahead": 3 }