{ "BFS": 28.775800, "A*": 33.933739, "F-Hat": 37.133041, "Risk": 28.775800, "Lookahead": 3 }