{ "BFS": 27.993650, "A*": 27.253676, "F-Hat": 28.309283, "Risk": 28.487684, "Lookahead": 3 }