{ "BFS": 26.566449, "A*": 26.566449, "F-Hat": 30.250339, "Risk": 26.566449, "Lookahead": 3 }