{ "BFS": 33.631268, "A*": 33.915347, "F-Hat": 30.159045, "Risk": 34.552314, "Lookahead": 3 }