{ "BFS": 26.888034, "A*": 27.994107, "F-Hat": 31.573833, "Risk": 26.950243, "Lookahead": 3 }