{ "BFS": 31.451318, "A*": 30.360506, "F-Hat": 29.811618, "Risk": 31.451318, "Lookahead": 3 }