{ "BFS": 29.091309, "A*": 28.575458, "F-Hat": 28.280392, "Risk": 29.091309, "Lookahead": 3 }