{ "BFS": 30.083255, "A*": 27.418923, "F-Hat": 29.344789, "Risk": 30.083255, "Lookahead": 3 }