{ "BFS": 30.275110, "A*": 31.940439, "F-Hat": 30.826732, "Risk": 30.275110, "Lookahead": 3 }