{ "BFS": 28.557982, "A*": 30.936510, "F-Hat": 30.843937, "Risk": 28.557982, "Lookahead": 3 }