{ "BFS": 26.490212, "A*": 26.490212, "F-Hat": 29.027441, "Risk": 26.490212, "Lookahead": 3 }