{ "BFS": 27.818049, "A*": 29.026014, "F-Hat": 28.666345, "Risk": 27.818049, "Lookahead": 3 }