{ "BFS": 31.790827, "A*": 29.270321, "F-Hat": 29.102672, "Risk": 31.791983, "Lookahead": 3 }