{ "BFS": 27.133248, "A*": 24.682492, "F-Hat": 29.345455, "Risk": 27.133248, "Lookahead": 3 }