{ "BFS": 26.909719, "A*": 26.670673, "F-Hat": 28.366407, "Risk": 26.909719, "Lookahead": 3 }