{ "BFS": 28.348915, "A*": 30.170569, "F-Hat": 31.278471, "Risk": 28.348915, "Lookahead": 3 }