{ "BFS": 29.405322, "A*": 28.913726, "F-Hat": 30.517315, "Risk": 29.405322, "Lookahead": 3 }