{ "BFS": 29.984526, "A*": 29.984526, "F-Hat": 29.142558, "Risk": 30.390188, "Lookahead": 3 }