{ "BFS": 29.479656, "A*": 29.479656, "F-Hat": 26.965367, "Risk": 29.479656, "Lookahead": 3 }