{ "BFS": 28.902171, "A*": 28.902171, "F-Hat": 26.637858, "Risk": 28.902171, "Lookahead": 3 }