{ "BFS": 30.518322, "A*": 29.608455, "F-Hat": 29.815337, "Risk": 30.518322, "Lookahead": 3 }