{ "BFS": 30.247658, "A*": 30.247658, "F-Hat": 29.156886, "Risk": 30.247658, "Lookahead": 3 }