{ "BFS": 28.032884, "A*": 28.032884, "F-Hat": 29.334462, "Risk": 28.032884, "Lookahead": 3 }