{ "BFS": 28.936787, "A*": 31.049728, "F-Hat": 26.307941, "Risk": 28.936787, "Lookahead": 3 }