{ "BFS": 25.976393, "A*": 25.976393, "F-Hat": 25.861548, "Risk": 25.976393, "Lookahead": 3 }