{ "BFS": 30.418621, "A*": 27.961258, "F-Hat": 29.943397, "Risk": 30.418621, "Lookahead": 3 }