{ "BFS": 29.543403, "A*": 30.342651, "F-Hat": 26.886798, "Risk": 29.543403, "Lookahead": 3 }