{ "BFS": 27.708016, "A*": 31.096637, "F-Hat": 26.508345, "Risk": 27.708016, "Lookahead": 3 }