{ "BFS": 28.682186, "A*": 28.682186, "F-Hat": 27.798393, "Risk": 28.682186, "Lookahead": 3 }