{ "BFS": 29.840189, "A*": 29.840189, "F-Hat": 31.243739, "Risk": 29.840189, "Lookahead": 3 }