{ "BFS": 27.953056, "A*": 27.953056, "F-Hat": 27.952356, "Risk": 27.953056, "Lookahead": 3 }