{ "BFS": 28.108969, "A*": 28.108969, "F-Hat": 31.396245, "Risk": 28.108969, "Confidence": 33.195758, "LSS-LRTA*": 34.596801, "Lookahead": 3 }