{ "BFS": 32.257900, "A*": 32.257900, "F-Hat": 32.818539, "Risk": 32.257900, "Lookahead": 3 }