{ "BFS": 28.682635, "A*": 29.848837, "F-Hat": 28.734282, "Risk": 28.682635, "Lookahead": 3 }