{ "BFS": 24.932273, "A*": 28.037124, "F-Hat": 31.763592, "Risk": 24.932273, "Lookahead": 3 }