{ "BFS": 31.507276, "A*": 31.507276, "F-Hat": 26.684799, "Risk": 31.507276, "Lookahead": 3 }