{ "BFS": 29.087231, "A*": 27.941914, "F-Hat": 30.057182, "Risk": 29.087231, "Confidence": 32.702229, "LSS-LRTA*": 35.971708, "Lookahead": 3 }