{ "BFS": 29.433836, "A*": 29.433836, "F-Hat": 32.489435, "Risk": 29.433836, "Lookahead": 3 }