{ "BFS": 28.349753, "A*": 30.352768, "F-Hat": 30.230986, "Risk": 28.349753, "Lookahead": 3 }