{ "BFS": 31.913127, "A*": 31.913127, "F-Hat": 29.245996, "Risk": 31.913127, "Confidence": 37.229651, "LSS-LRTA*": 39.629865, "Lookahead": 3 }