{ "BFS": 31.121316, "A*": 31.121316, "F-Hat": 27.630243, "Risk": 31.121316, "Lookahead": 3 }