{ "BFS": 30.005452, "A*": 28.874660, "F-Hat": 29.618238, "Risk": 30.005452, "Lookahead": 3 }