{ "BFS": 26.341529, "A*": 28.016974, "F-Hat": 28.317766, "Risk": 26.341529, "Confidence": 32.086572, "LSS-LRTA*": 38.269369, "Lookahead": 3 }