{ "BFS": 30.419931, "A*": 30.419931, "F-Hat": 26.391219, "Risk": 30.419931, "Lookahead": 3 }