{ "BFS": 30.941370, "A*": 30.941370, "F-Hat": 28.059935, "Risk": 30.941370, "Lookahead": 3 }