{ "BFS": 30.082183, "A*": 30.082183, "F-Hat": 29.746685, "Risk": 30.082183, "Lookahead": 3 }