{ "BFS": 25.188662, "A*": 25.926717, "F-Hat": 27.487247, "Risk": 25.188662, "Lookahead": 3 }