{ "BFS": 32.748556, "A*": 31.744914, "F-Hat": 26.806743, "Risk": 32.748556, "Lookahead": 3 }