{ "BFS": 30.622746, "A*": 40.314490, "F-Hat": 39.683141, "Risk": 38.384660, "Lookahead": 3 }