{ "BFS": 30.035677, "A*": 30.035677, "F-Hat": 30.085516, "Risk": 30.035677, "Lookahead": 3 }