{ "BFS": 29.516979, "A*": 29.516979, "F-Hat": 29.498532, "Risk": 29.516979, "Lookahead": 3 }