{ "BFS": 26.903630, "A*": 26.903630, "F-Hat": 31.194413, "Risk": 26.903630, "Lookahead": 3 }