{ "BFS": 29.961539, "A*": 26.194800, "F-Hat": 29.171405, "Risk": 30.243869, "Lookahead": 3 }