{ "BFS": 30.549340, "A*": 30.549340, "F-Hat": 31.295218, "Risk": 30.549340, "Lookahead": 3 }