{ "BFS": 31.766061, "A*": 31.766061, "F-Hat": 27.856056, "Risk": 31.766061, "Confidence": 33.050380, "LSS-LRTA*": 31.695002, "Lookahead": 3 }