{ "BFS": 31.444874, "A*": 31.444874, "F-Hat": 32.802770, "Risk": 31.444874, "Lookahead": 3 }