{ "BFS": 27.053017, "A*": 28.693003, "F-Hat": 28.348433, "Risk": 27.053017, "Lookahead": 3 }