{ "BFS": 29.679916, "A*": 29.679916, "F-Hat": 29.789603, "Risk": 29.679916, "Lookahead": 3 }