{ "BFS": 27.565005, "A*": 27.565005, "F-Hat": 28.049690, "Risk": 27.565005, "Lookahead": 3 }