{ "BFS": 33.198576, "A*": 30.691451, "F-Hat": 31.605428, "Risk": 33.198576, "Lookahead": 3 }