{ "BFS": 26.044001, "A*": 25.027412, "F-Hat": 29.676659, "Risk": 26.044001, "Lookahead": 3 }