{ "BFS": 31.813638, "A*": 31.813638, "F-Hat": 31.475301, "Risk": 31.813638, "Lookahead": 3 }