{ "BFS": 29.289927, "A*": 28.887091, "F-Hat": 29.785308, "Risk": 29.289927, "Confidence": 31.199485, "LSS-LRTA*": 35.805198, "Lookahead": 3 }