{ "BFS": 27.057079, "A*": 30.712632, "F-Hat": 31.823201, "Risk": 27.057079, "Lookahead": 3 }