{ "BFS": 32.282006, "A*": 38.040322, "F-Hat": 37.452970, "Risk": 32.282006, "Lookahead": 3 }