{ "BFS": 28.034160, "A*": 28.034160, "F-Hat": 30.703646, "Risk": 28.655135, "Lookahead": 3 }