{ "BFS": 30.026249, "A*": 28.507994, "F-Hat": 29.567741, "Risk": 30.026249, "Lookahead": 3 }