{ "BFS": 31.622739, "A*": 31.894588, "F-Hat": 27.130426, "Risk": 31.622739, "Lookahead": 3 }