{ "BFS": 29.795163, "A*": 29.795163, "F-Hat": 30.950095, "Risk": 29.795163, "Lookahead": 3 }