{ "BFS": 29.920601, "A*": 32.183895, "F-Hat": 29.632232, "Risk": 29.920601, "Lookahead": 3 }