{ "BFS": 30.006733, "A*": 30.006733, "F-Hat": 32.349975, "Risk": 30.006733, "Lookahead": 3 }