{ "BFS": 29.870609, "A*": 30.324758, "F-Hat": 29.075749, "Risk": 30.095014, "Lookahead": 3 }