{ "BFS": 29.251914, "A*": 29.251914, "F-Hat": 31.143570, "Risk": 30.046798, "Lookahead": 3 }