{ "BFS": 27.951667, "A*": 27.951667, "F-Hat": 31.895480, "Risk": 27.951667, "Lookahead": 3 }