{ "BFS": 27.953913, "A*": 28.377414, "F-Hat": 27.177895, "Risk": 27.953913, "Lookahead": 3 }