{ "BFS": 30.757563, "A*": 30.736170, "F-Hat": 30.316235, "Risk": 30.757563, "Lookahead": 3 }