{ "BFS": 32.065883, "A*": 32.065883, "F-Hat": 27.953485, "Risk": 32.065883, "Lookahead": 3 }