{ "BFS": 30.559721, "A*": 30.559721, "F-Hat": 30.541497, "Risk": 30.559721, "Lookahead": 3 }