{ "BFS": 30.562669, "A*": 30.001830, "F-Hat": 28.920601, "Risk": 30.562669, "Lookahead": 3 }