{ "BFS": 32.419097, "A*": 40.190535, "F-Hat": 40.545634, "Risk": 32.419097, "Lookahead": 3 }