{ "BFS": 31.845895, "A*": 30.473154, "F-Hat": 30.380648, "Risk": 31.845895, "Lookahead": 3 }