{ "BFS": 28.273388, "A*": 28.273388, "F-Hat": 27.007697, "Risk": 28.273388, "Lookahead": 3 }