{ "BFS": 27.587120, "A*": 27.587120, "F-Hat": 29.913527, "Risk": 27.587120, "Lookahead": 3 }