{ "BFS": 29.265439, "A*": 29.265439, "F-Hat": 29.652861, "Risk": 29.265439, "Lookahead": 3 }