{ "BFS": 25.996984, "A*": 25.996984, "F-Hat": 26.719193, "Risk": 27.166217, "Lookahead": 3 }