{ "BFS": 29.343919, "A*": 29.343919, "F-Hat": 31.126069, "Risk": 29.343919, "Lookahead": 3 }