{ "BFS": 29.940745, "A*": 32.398545, "F-Hat": 30.289216, "Risk": 29.940745, "Lookahead": 3 }