{ "BFS": 34.074851, "A*": 36.233266, "F-Hat": 29.918477, "Risk": 34.074851, "Lookahead": 3 }