{ "BFS": 30.922016, "A*": 30.922016, "F-Hat": 25.371645, "Risk": 30.922016, "Lookahead": 3 }