{ "BFS": 29.710912, "A*": 29.710912, "F-Hat": 30.125858, "Risk": 29.710912, "Lookahead": 3 }