{ "BFS": 32.424294, "A*": 32.424294, "F-Hat": 30.266913, "Risk": 32.424294, "Lookahead": 3 }