{ "BFS": 30.052200, "A*": 31.640802, "F-Hat": 28.658242, "Risk": 30.052200, "Confidence": 32.042244, "LSS-LRTA*": 40.735267, "Lookahead": 3 }