{ "BFS": 27.987532, "A*": 28.150383, "F-Hat": 28.382683, "Risk": 27.987532, "Lookahead": 3 }