{ "BFS": 30.292143, "A*": 31.235730, "F-Hat": 29.392395, "Risk": 30.292143, "Lookahead": 3 }