{ "BFS": 30.560321, "A*": 30.560321, "F-Hat": 24.123403, "Risk": 30.560321, "Lookahead": 3 }