{ "BFS": 30.914254, "A*": 30.914254, "F-Hat": 28.354900, "Risk": 30.914254, "Lookahead": 3 }