{ "BFS": 28.555247, "A*": 28.555247, "F-Hat": 28.726034, "Risk": 29.336607, "Lookahead": 3 }