{ "BFS": 30.970389, "A*": 27.633978, "F-Hat": 30.568116, "Risk": 30.970389, "Lookahead": 3 }