{ "BFS": 28.453460, "A*": 33.609684, "F-Hat": 31.830674, "Risk": 28.453460, "Lookahead": 3 }