{ "BFS": 28.864223, "A*": 28.864223, "F-Hat": 29.221797, "Risk": 28.864223, "Lookahead": 3 }