{ "BFS": 30.371510, "A*": 30.371510, "F-Hat": 31.248406, "Risk": 30.371510, "Lookahead": 3 }