{ "BFS": 30.747272, "A*": 30.747272, "F-Hat": 29.815120, "Risk": 30.747272, "Lookahead": 3 }