{ "BFS": 28.810573, "A*": 28.215840, "F-Hat": 27.654977, "Risk": 28.810573, "Lookahead": 3 }