{ "BFS": 27.035052, "A*": 27.035052, "F-Hat": 30.148485, "Risk": 27.256902, "Lookahead": 3 }