{ "BFS": 29.889805, "A*": 29.889805, "F-Hat": 29.636276, "Risk": 29.889805, "Lookahead": 3 }