{ "BFS": 28.055883, "A*": 28.055883, "F-Hat": 32.990869, "Risk": 28.055883, "Lookahead": 3 }