{ "BFS": 24.773067, "A*": 27.758564, "F-Hat": 27.543935, "Risk": 24.773067, "Lookahead": 3 }