{ "BFS": 31.927763, "A*": 31.927763, "F-Hat": 30.353602, "Risk": 31.927763, "Lookahead": 3 }