{ "BFS": 29.714602, "A*": 29.714602, "F-Hat": 29.311015, "Risk": 29.714602, "Lookahead": 3 }