{ "BFS": 29.375548, "A*": 29.375548, "F-Hat": 28.442194, "Risk": 29.375548, "Lookahead": 3 }