{ "BFS": 26.960904, "A*": 26.318951, "F-Hat": 26.104799, "Risk": 26.960904, "Lookahead": 3 }