{ "BFS": 29.978844, "A*": 31.305081, "F-Hat": 29.932099, "Risk": 29.978844, "Lookahead": 3 }