{ "BFS": 28.022477, "A*": 28.022477, "F-Hat": 28.056865, "Risk": 28.022477, "Lookahead": 3 }