{ "BFS": 30.222012, "A*": 29.594939, "F-Hat": 30.012026, "Risk": 30.222012, "Lookahead": 3 }