{ "BFS": 30.004093, "A*": 31.659397, "F-Hat": 28.591983, "Risk": 30.004093, "Lookahead": 3 }