{ "BFS": 30.980814, "A*": 27.510130, "F-Hat": 29.801215, "Risk": 30.980814, "Lookahead": 3 }