{ "BFS": 29.531829, "A*": 29.531829, "F-Hat": 31.006133, "Risk": 29.531829, "Lookahead": 3 }