{ "BFS": 30.481368, "A*": 30.481368, "F-Hat": 25.101627, "Risk": 30.481368, "Lookahead": 3 }