{ "BFS": 29.976089, "A*": 28.781127, "F-Hat": 32.324658, "Risk": 29.976089, "Lookahead": 3 }