{ "BFS": 28.709916, "A*": 28.709916, "F-Hat": 28.277623, "Risk": 28.709916, "Lookahead": 3 }