{ "BFS": 30.319935, "A*": 27.440298, "F-Hat": 27.834373, "Risk": 30.319935, "Lookahead": 3 }