{ "BFS": 33.296434, "A*": 29.828681, "F-Hat": 26.498262, "Risk": 33.296434, "Lookahead": 3 }