{ "BFS": 29.996384, "A*": 29.996384, "F-Hat": 31.374565, "Risk": 29.996384, "Lookahead": 3 }