{ "BFS": 29.726459, "A*": 28.980427, "F-Hat": 30.003214, "Risk": 29.726459, "Lookahead": 3 }