{ "BFS": 28.572737, "A*": 30.252187, "F-Hat": 29.652338, "Risk": 28.572737, "Lookahead": 3 }