{ "BFS": 29.599350, "A*": 29.599350, "F-Hat": 27.615965, "Risk": 29.599350, "Lookahead": 3 }