{ "BFS": 31.496002, "A*": 33.669297, "F-Hat": 24.340854, "Risk": 31.496002, "Lookahead": 3 }