{ "BFS": 30.123188, "A*": 30.123188, "F-Hat": 32.349304, "Risk": 30.123188, "Lookahead": 3 }