{ "BFS": 30.315102, "A*": 30.315102, "F-Hat": 26.301611, "Risk": 30.315102, "Lookahead": 3 }