{ "BFS": 29.698763, "A*": 29.698763, "F-Hat": 27.961339, "Risk": 29.698763, "Lookahead": 3 }