{ "BFS": 33.348721, "A*": 33.348721, "F-Hat": 27.537845, "Risk": 33.348721, "Lookahead": 3 }