{ "BFS": 25.653977, "A*": 25.653977, "F-Hat": 27.978878, "Risk": 25.653977, "Lookahead": 3 }