{ "BFS": 27.261127, "A*": 31.079518, "F-Hat": 31.571858, "Risk": 27.261127, "Confidence": 30.140171, "LSS-LRTA*": 35.502097, "Lookahead": 3 }