{ "BFS": 26.286499, "A*": 26.286499, "F-Hat": 29.477526, "Risk": 26.286499, "Lookahead": 3 }