{ "BFS": 29.261736, "A*": 29.261736, "F-Hat": 27.792847, "Risk": 29.261736, "Lookahead": 3 }