{ "BFS": 29.701408, "A*": 30.324672, "F-Hat": 29.931818, "Risk": 29.701408, "Confidence": 32.530112, "LSS-LRTA*": 37.735830, "Lookahead": 3 }