{ "BFS": 31.473343, "A*": 31.473343, "F-Hat": 31.334624, "Risk": 31.473343, "Lookahead": 3 }