{ "BFS": 24.796013, "A*": 24.796013, "F-Hat": 27.270190, "Risk": 24.796013, "Lookahead": 3 }