{ "BFS": 27.236403, "A*": 27.236403, "F-Hat": 27.785738, "Risk": 27.236403, "Lookahead": 3 }