{ "BFS": 28.614996, "A*": 28.614996, "F-Hat": 28.471533, "Risk": 29.364996, "Lookahead": 3 }