{ "BFS": 26.982796, "A*": 26.982796, "F-Hat": 27.726414, "Risk": 26.982796, "Lookahead": 3 }