{ "BFS": 29.117798, "A*": 27.550516, "F-Hat": 29.300536, "Risk": 29.117798, "Lookahead": 3 }