{ "BFS": 31.076810, "A*": 31.076810, "F-Hat": 26.958613, "Risk": 31.076810, "Lookahead": 3 }