{ "BFS": 30.291353, "A*": 29.342173, "F-Hat": 30.474491, "Risk": 30.291353, "Lookahead": 3 }