{ "BFS": 29.230872, "A*": 29.230872, "F-Hat": 33.434206, "Risk": 29.230872, "Lookahead": 3 }