{ "BFS": 28.767698, "A*": 31.974943, "F-Hat": 27.528122, "Risk": 29.713109, "Lookahead": 3 }