{ "BFS": 28.638804, "A*": 28.944201, "F-Hat": 31.719083, "Risk": 28.638804, "Lookahead": 3 }