{ "BFS": 28.883708, "A*": 29.971516, "F-Hat": 31.620046, "Risk": 28.883708, "Lookahead": 3 }