{ "BFS": 32.560419, "A*": 29.189273, "F-Hat": 35.512816, "Risk": 31.615717, "Lookahead": 3 }