{ "BFS": 27.715988, "A*": 27.715988, "F-Hat": 30.216690, "Risk": 27.715988, "Lookahead": 3 }