{ "BFS": 27.878190, "A*": 30.762392, "F-Hat": 32.981124, "Risk": 27.878190, "Lookahead": 3 }