{ "BFS": 30.695271, "A*": 31.404662, "F-Hat": 28.705466, "Risk": 28.203011, "Lookahead": 3 }