{ "BFS": 29.705850, "A*": 29.705850, "F-Hat": 26.712742, "Risk": 29.705850, "Lookahead": 3 }