{ "BFS": 30.496371, "A*": 30.079707, "F-Hat": 29.147739, "Risk": 30.496371, "Lookahead": 3 }