{ "BFS": 26.993022, "A*": 26.993022, "F-Hat": 27.971408, "Risk": 26.993022, "Lookahead": 3 }