{ "BFS": 30.267932, "A*": 29.531503, "F-Hat": 28.866561, "Risk": 30.267932, "Lookahead": 3 }