{ "BFS": 27.004028, "A*": 29.942179, "F-Hat": 25.602857, "Risk": 27.004028, "Confidence": 33.698123, "LSS-LRTA*": 39.764808, "Lookahead": 3 }