{ "BFS": 29.579042, "A*": 29.579042, "F-Hat": 28.212895, "Risk": 29.698870, "Lookahead": 3 }