{ "BFS": 30.882238, "A*": 30.508186, "F-Hat": 27.427783, "Risk": 30.882238, "Lookahead": 3 }