{ "BFS": 30.542047, "A*": 30.542047, "F-Hat": 31.285246, "Risk": 31.095052, "Lookahead": 3 }