{ "BFS": 32.438691, "A*": 32.438691, "F-Hat": 34.266356, "Risk": 32.438691, "Lookahead": 3 }