{ "BFS": 29.098224, "A*": 29.098224, "F-Hat": 31.410306, "Risk": 29.098224, "Lookahead": 3 }