{ "BFS": 28.082677, "A*": 28.082677, "F-Hat": 29.111659, "Risk": 28.082677, "Lookahead": 3 }