{ "BFS": 30.076196, "A*": 30.076196, "F-Hat": 30.270804, "Risk": 30.557432, "Lookahead": 3 }