{ "BFS": 28.766243, "A*": 28.766243, "F-Hat": 30.728547, "Risk": 28.766243, "Lookahead": 3 }