{ "BFS": 23.842224, "A*": 24.976385, "F-Hat": 28.161359, "Risk": 23.842224, "Lookahead": 3 }