{ "BFS": 28.641000, "A*": 28.641000, "F-Hat": 32.059770, "Risk": 28.641000, "Lookahead": 3 }