{ "BFS": 28.965537, "A*": 28.965537, "F-Hat": 29.975802, "Risk": 28.965537, "Confidence": 32.719825, "LSS-LRTA*": 40.099544, "Lookahead": 3 }