{ "BFS": 27.653238, "A*": 27.661154, "F-Hat": 28.012755, "Risk": 27.653238, "Lookahead": 3 }