{ "BFS": 29.667258, "A*": 29.667258, "F-Hat": 29.598531, "Risk": 29.667258, "Lookahead": 3 }