{ "BFS": 32.106255, "A*": 32.106255, "F-Hat": 28.117772, "Risk": 32.106255, "Lookahead": 3 }