{ "BFS": 26.496586, "A*": 31.081865, "F-Hat": 38.621469, "Risk": 26.496586, "Lookahead": 3 }