{ "BFS": 33.344140, "A*": 33.557827, "F-Hat": 29.089831, "Risk": 33.344140, "Lookahead": 3 }