{ "BFS": 28.149832, "A*": 28.149832, "F-Hat": 33.072263, "Risk": 28.149832, "Lookahead": 3 }