{ "BFS": 29.242240, "A*": 30.244424, "F-Hat": 28.558339, "Risk": 29.242240, "Lookahead": 3 }