{ "BFS": 29.461221, "A*": 29.461221, "F-Hat": 30.195767, "Risk": 29.461221, "Lookahead": 3 }