{ "BFS": 32.903963, "A*": 24.882281, "F-Hat": 26.742669, "Risk": 32.903963, "Lookahead": 3 }