{ "BFS": 32.560419, "A*": 31.041209, "F-Hat": 31.487615, "Risk": 33.300135, "Lookahead": 3 }