{ "BFS": 28.108483, "A*": 28.108483, "F-Hat": 29.620330, "Risk": 28.108483, "Lookahead": 3 }