{ "BFS": 31.432928, "A*": 39.104284, "F-Hat": 39.357816, "Risk": 28.418625, "Lookahead": 3 }