{ "BFS": 29.218511, "A*": 30.185526, "F-Hat": 29.410776, "Risk": 29.218511, "Lookahead": 3 }