{ "BFS": 30.531362, "A*": 29.960733, "F-Hat": 26.723858, "Risk": 30.531362, "Lookahead": 3 }