{ "BFS": 27.368300, "A*": 27.368300, "F-Hat": 29.719065, "Risk": 27.368300, "Lookahead": 3 }