{ "BFS": 29.027311, "A*": 29.212476, "F-Hat": 28.597059, "Risk": 29.027311, "Lookahead": 3 }