{ "BFS": 30.606792, "A*": 30.606792, "F-Hat": 29.718326, "Risk": 30.606792, "Lookahead": 3 }