{ "BFS": 27.647844, "A*": 27.647844, "F-Hat": 30.486843, "Risk": 27.647844, "Lookahead": 3 }