{ "BFS": 33.164401, "A*": 33.164401, "F-Hat": 29.256986, "Risk": 33.164401, "Lookahead": 3 }