{ "BFS": 32.178687, "A*": 32.178687, "F-Hat": 28.455733, "Risk": 32.178687, "Lookahead": 3 }