{ "BFS": 29.591676, "A*": 29.591676, "F-Hat": 29.411275, "Risk": 29.591676, "Lookahead": 3 }