{ "BFS": 28.397061, "A*": 28.397061, "F-Hat": 29.765751, "Risk": 28.397061, "Lookahead": 3 }