{ "BFS": 29.791007, "A*": 30.884237, "F-Hat": 29.348132, "Risk": 29.791007, "Lookahead": 3 }