{ "BFS": 29.214913, "A*": 29.967106, "F-Hat": 25.248091, "Risk": 29.214913, "Lookahead": 3 }