{ "BFS": 30.081178, "A*": 24.282414, "F-Hat": 26.649097, "Risk": 31.066467, "Lookahead": 3 }