{ "BFS": 28.369677, "A*": 28.836701, "F-Hat": 25.303223, "Risk": 28.369677, "Lookahead": 3 }