{ "BFS": 31.849882, "A*": 28.342650, "F-Hat": 30.824512, "Risk": 31.849882, "Lookahead": 3 }