{ "BFS": 27.174990, "A*": 27.174990, "F-Hat": 27.900021, "Risk": 27.174990, "Lookahead": 3 }