{ "BFS": 26.800908, "A*": 29.041011, "F-Hat": 29.900598, "Risk": 26.800908, "Lookahead": 3 }