{ "BFS": 35.005603, "A*": 30.239932, "F-Hat": 35.724103, "Risk": 28.022887, "Lookahead": 3 }