{ "BFS": 28.794482, "A*": 28.794482, "F-Hat": 29.178164, "Risk": 28.794482, "Lookahead": 3 }