{ "BFS": 30.389768, "A*": 27.798216, "F-Hat": 30.043887, "Risk": 30.389768, "Lookahead": 3 }