{ "BFS": 28.421978, "A*": 28.421978, "F-Hat": 30.662350, "Risk": 28.421978, "Lookahead": 3 }