{ "BFS": 25.768788, "A*": 26.686353, "F-Hat": 32.276083, "Risk": 25.768788, "Lookahead": 3 }