{ "BFS": 33.051527, "A*": 32.586202, "F-Hat": 31.457834, "Risk": 33.051527, "Lookahead": 3 }