{ "BFS": 30.395445, "A*": 30.395445, "F-Hat": 29.840053, "Risk": 30.395445, "Lookahead": 3 }