{ "BFS": 29.893014, "A*": 29.893014, "F-Hat": 32.801038, "Risk": 29.893014, "Lookahead": 3 }