{ "BFS": 28.360509, "A*": 28.360509, "F-Hat": 31.903356, "Risk": 28.360509, "Lookahead": 3 }