{ "BFS": 32.355910, "A*": 32.355910, "F-Hat": 29.498653, "Risk": 32.355910, "Lookahead": 3 }