{ "BFS": 27.725234, "A*": 27.725234, "F-Hat": 28.391028, "Risk": 27.725234, "Lookahead": 3 }