{ "BFS": 31.492979, "A*": 31.033697, "F-Hat": 29.408316, "Risk": 31.492979, "Lookahead": 3 }