{ "BFS": 27.961851, "A*": 27.961851, "F-Hat": 26.548162, "Risk": 27.961851, "Lookahead": 3 }