{ "BFS": 30.882532, "A*": 30.760997, "F-Hat": 33.471035, "Risk": 30.882532, "Lookahead": 3 }