{ "BFS": 32.061594, "A*": 32.061594, "F-Hat": 30.077139, "Risk": 32.061594, "Lookahead": 3 }