{ "BFS": 29.507803, "A*": 32.510354, "F-Hat": 33.944618, "Risk": 29.507803, "Lookahead": 3 }