{ "BFS": 33.142546, "A*": 33.142546, "F-Hat": 27.662203, "Risk": 33.142546, "Lookahead": 3 }