{ "BFS": 31.940052, "A*": 31.940052, "F-Hat": 30.408659, "Risk": 31.940052, "Lookahead": 3 }