{ "BFS": 26.070441, "A*": 36.795616, "F-Hat": 41.466482, "Risk": 30.551059, "Lookahead": 3 }