{ "BFS": 30.403890, "A*": 28.015981, "F-Hat": 31.369451, "Risk": 30.403890, "Lookahead": 3 }