{ "BFS": 25.342841, "A*": 36.494568, "F-Hat": 40.333020, "Risk": 31.212185, "Lookahead": 3 }