{ "BFS": 29.650451, "A*": 29.599192, "F-Hat": 28.813846, "Risk": 29.650451, "Lookahead": 3 }