{ "BFS": 27.588215, "A*": 27.588215, "F-Hat": 29.518744, "Risk": 27.588215, "Lookahead": 3 }