{ "BFS": 28.592813, "A*": 28.592813, "F-Hat": 27.857510, "Risk": 28.592813, "Lookahead": 3 }