{ "BFS": 28.778420, "A*": 28.778420, "F-Hat": 30.024036, "Risk": 28.778420, "Lookahead": 3 }