{ "BFS": 30.499653, "A*": 30.499653, "F-Hat": 30.459917, "Risk": 30.499653, "Lookahead": 3 }