{ "BFS": 30.606269, "A*": 31.612446, "F-Hat": 27.333455, "Risk": 30.606269, "Lookahead": 3 }