{ "BFS": 30.868034, "A*": 29.174303, "F-Hat": 28.068176, "Risk": 32.370638, "Lookahead": 3 }