{ "BFS": 28.492458, "A*": 28.492458, "F-Hat": 32.362010, "Risk": 28.492458, "Lookahead": 3 }