{ "BFS": 25.906022, "A*": 25.906022, "F-Hat": 28.436867, "Risk": 25.906022, "Lookahead": 3 }