{ "BFS": 29.832484, "A*": 29.832484, "F-Hat": 28.813859, "Risk": 29.832484, "Confidence": 28.063354, "LSS-LRTA*": 34.126554, "Lookahead": 3 }