{ "BFS": 29.640376, "A*": 30.580890, "F-Hat": 28.955513, "Risk": 29.640376, "Lookahead": 3 }