{ "BFS": 32.481102, "A*": 28.962041, "F-Hat": 30.818612, "Risk": 32.481102, "Lookahead": 3 }