{ "BFS": 28.025234, "A*": 29.524912, "F-Hat": 28.780130, "Risk": 28.025234, "Lookahead": 3 }