{ "BFS": 27.801086, "A*": 27.801086, "F-Hat": 26.857166, "Risk": 27.801086, "Lookahead": 3 }