{ "BFS": 29.656421, "A*": 27.783901, "F-Hat": 29.790235, "Risk": 29.656421, "Lookahead": 3 }