{ "BFS": 33.693410, "A*": 32.466098, "F-Hat": 30.863084, "Risk": 33.693410, "Lookahead": 3 }