{ "BFS": 27.629915, "A*": 27.629915, "F-Hat": 27.118222, "Risk": 27.629915, "Lookahead": 3 }