{ "BFS": 32.116420, "A*": 29.024464, "F-Hat": 28.660133, "Risk": 32.116420, "Lookahead": 3 }