{ "BFS": 28.291614, "A*": 28.291614, "F-Hat": 27.299265, "Risk": 28.291614, "Lookahead": 3 }