{ "BFS": 26.266808, "A*": 26.266808, "F-Hat": 34.688013, "Risk": 26.266808, "Lookahead": 3 }