{ "BFS": 26.446311, "A*": 26.446311, "F-Hat": 26.025891, "Risk": 26.446311, "Lookahead": 3 }