{ "BFS": 30.859166, "A*": 28.260222, "F-Hat": 27.209048, "Risk": 30.859166, "Lookahead": 3 }