{ "BFS": 31.475608, "A*": 30.706287, "F-Hat": 27.842961, "Risk": 31.475608, "Lookahead": 3 }