{ "BFS": 28.352997, "A*": 28.352997, "F-Hat": 28.057720, "Risk": 28.352997, "Lookahead": 3 }