{ "BFS": 29.653239, "A*": 30.947253, "F-Hat": 30.456764, "Risk": 29.653239, "Lookahead": 3 }