{ "BFS": 28.912493, "A*": 26.443853, "F-Hat": 28.613252, "Risk": 28.912493, "Lookahead": 3 }