{ "BFS": 35.111961, "A*": 36.237682, "F-Hat": 29.024423, "Risk": 35.111961, "Lookahead": 3 }