{ "BFS": 27.280541, "A*": 28.112069, "F-Hat": 28.729691, "Risk": 27.280541, "Lookahead": 3 }