{ "BFS": 32.173176, "A*": 32.173176, "F-Hat": 31.174766, "Risk": 32.173176, "Lookahead": 3 }