{ "BFS": 29.809446, "A*": 29.955507, "F-Hat": 32.677636, "Risk": 29.809446, "Lookahead": 3 }