{ "BFS": 29.491210, "A*": 30.316329, "F-Hat": 26.061782, "Risk": 30.083627, "Lookahead": 3 }