{ "BFS": 33.904906, "A*": 32.429637, "F-Hat": 32.802411, "Risk": 33.904906, "Lookahead": 3 }