{ "BFS": 28.688875, "A*": 29.899124, "F-Hat": 28.043961, "Risk": 28.688875, "Lookahead": 3 }