{ "BFS": 29.561714, "A*": 29.561714, "F-Hat": 28.727768, "Risk": 29.561714, "Lookahead": 3 }