{ "BFS": 28.568184, "A*": 28.568184, "F-Hat": 34.178565, "Risk": 28.568184, "Lookahead": 3 }