{ "BFS": 27.709311, "A*": 27.358318, "F-Hat": 29.026531, "Risk": 27.709311, "Lookahead": 3 }