{ "BFS": 28.465682, "A*": 28.465682, "F-Hat": 28.115789, "Risk": 28.465682, "Lookahead": 3 }