{ "BFS": 31.152149, "A*": 31.035759, "F-Hat": 28.823274, "Risk": 31.152149, "Lookahead": 3 }