{ "BFS": 30.963908, "A*": 30.963908, "F-Hat": 28.280375, "Risk": 30.963908, "Lookahead": 3 }