{ "BFS": 26.450526, "A*": 26.450526, "F-Hat": 30.948280, "Risk": 26.450526, "Lookahead": 3 }