{ "BFS": 29.020756, "A*": 29.062726, "F-Hat": 30.707854, "Risk": 29.020756, "Lookahead": 3 }