{ "BFS": 30.815051, "A*": 30.815051, "F-Hat": 30.541138, "Risk": 30.815051, "Lookahead": 3 }