{ "BFS": 27.232451, "A*": 26.854138, "F-Hat": 28.265710, "Risk": 27.232451, "Lookahead": 3 }