{ "BFS": 28.674952, "A*": 30.598893, "F-Hat": 27.585367, "Risk": 28.674952, "Lookahead": 3 }