{ "BFS": 29.077206, "A*": 29.041184, "F-Hat": 27.746772, "Risk": 29.077206, "Lookahead": 3 }