{ "BFS": 31.736253, "A*": 32.468052, "F-Hat": 29.234353, "Risk": 31.736253, "Lookahead": 3 }