{ "BFS": 28.669332, "A*": 30.738221, "F-Hat": 28.271291, "Risk": 28.669332, "Lookahead": 3 }