{ "BFS": 30.741598, "A*": 25.895869, "F-Hat": 29.945064, "Risk": 30.741598, "Lookahead": 3 }