{ "BFS": 31.913539, "A*": 33.346048, "F-Hat": 29.493516, "Risk": 31.913539, "Confidence": 30.251026, "LSS-LRTA*": 36.063730, "Lookahead": 3 }