{ "BFS": 33.626710, "A*": 31.885541, "F-Hat": 28.984456, "Risk": 33.722464, "Lookahead": 3 }