{ "BFS": 29.504004, "A*": 29.504004, "F-Hat": 28.762175, "Risk": 29.504004, "Lookahead": 3 }