{ "BFS": 28.681534, "A*": 28.681534, "F-Hat": 29.089170, "Risk": 28.681534, "Lookahead": 3 }