{ "BFS": 29.635982, "A*": 41.599046, "F-Hat": 33.872595, "Risk": 29.635982, "Lookahead": 3 }