{ "BFS": 24.862865, "A*": 24.862865, "F-Hat": 29.028865, "Risk": 24.862865, "Lookahead": 3 }