{ "BFS": 27.668680, "A*": 27.668680, "F-Hat": 26.485089, "Risk": 27.668680, "Lookahead": 3 }