{ "BFS": 25.755207, "A*": 25.755207, "F-Hat": 28.764761, "Risk": 25.755207, "Lookahead": 3 }