{ "BFS": 29.090853, "A*": 29.090853, "F-Hat": 31.258687, "Risk": 29.090853, "Lookahead": 3 }