{ "BFS": 29.729273, "A*": 36.354013, "F-Hat": 38.977801, "Risk": 29.729273, "Lookahead": 3 }