{ "BFS": 27.918123, "A*": 29.422871, "F-Hat": 31.147545, "Risk": 27.918123, "Lookahead": 3 }