{ "BFS": 29.386447, "A*": 29.386447, "F-Hat": 29.540050, "Risk": 29.386447, "Lookahead": 3 }