{ "BFS": 28.315196, "A*": 28.315196, "F-Hat": 29.324718, "Risk": 28.315196, "Lookahead": 3 }