{ "BFS": 27.754574, "A*": 30.472918, "F-Hat": 31.371610, "Risk": 27.903645, "Lookahead": 3 }