{ "BFS": 28.332235, "A*": 28.332235, "F-Hat": 30.363666, "Risk": 28.332235, "Lookahead": 3 }