{ "BFS": 32.309528, "A*": 32.309528, "F-Hat": 29.697809, "Risk": 32.309528, "Lookahead": 3 }