{ "BFS": 28.962300, "A*": 28.962300, "F-Hat": 30.299333, "Risk": 28.962300, "Lookahead": 3 }