{ "BFS": 31.164422, "A*": 30.776420, "F-Hat": 30.811169, "Risk": 31.164422, "Lookahead": 3 }