{ "BFS": 28.868681, "A*": 28.868681, "F-Hat": 27.872817, "Risk": 28.868681, "Lookahead": 3 }