{ "BFS": 31.461073, "A*": 31.461073, "F-Hat": 25.424493, "Risk": 31.461073, "Lookahead": 3 }