{ "BFS": 33.500004, "A*": 30.481660, "F-Hat": 33.265883, "Risk": 33.500004, "LSS-LRTA*": 35.823676, "Lookahead": 3 }