{ "BFS": 31.221348, "A*": 31.221348, "F-Hat": 29.642015, "Risk": 31.221348, "Lookahead": 3 }