{ "BFS": 27.208884, "A*": 27.208884, "F-Hat": 29.422308, "Risk": 27.208884, "Lookahead": 3 }