{ "BFS": 31.434445, "A*": 41.685730, "F-Hat": 40.066517, "Risk": 30.223864, "Lookahead": 3 }