{ "BFS": 28.610685, "A*": 28.610685, "F-Hat": 30.810147, "Risk": 28.610685, "Lookahead": 3 }