{ "BFS": 27.766463, "A*": 29.789655, "F-Hat": 27.280621, "Risk": 27.766463, "Lookahead": 3 }