{ "BFS": 28.308271, "A*": 28.358796, "F-Hat": 30.145985, "Risk": 28.308271, "Lookahead": 3 }