{ "BFS": 28.717540, "A*": 28.717540, "F-Hat": 29.182166, "Risk": 28.717540, "Lookahead": 3 }