{ "BFS": 32.572301, "A*": 30.435816, "F-Hat": 29.984140, "Risk": 32.572301, "Lookahead": 3 }