{ "BFS": 27.148893, "A*": 26.845281, "F-Hat": 30.556302, "Risk": 27.148893, "LSS-LRTA*": 39.010496, "Lookahead": 3 }