{ "BFS": 27.167370, "A*": 28.093726, "F-Hat": 29.448671, "Risk": 27.167370, "Lookahead": 3 }