{ "BFS": 31.865322, "A*": 31.865322, "F-Hat": 31.236696, "Risk": 31.865322, "Lookahead": 3 }