{ "BFS": 34.054479, "A*": 32.583649, "F-Hat": 28.354930, "Risk": 34.054479, "Lookahead": 3 }