{ "BFS": 28.741030, "A*": 28.741030, "F-Hat": 29.499086, "Risk": 28.741030, "Lookahead": 3 }