{ "BFS": 29.495503, "A*": 36.244549, "F-Hat": 40.694597, "Risk": 31.981487, "Lookahead": 3 }