{ "BFS": 33.528508, "A*": 31.773638, "F-Hat": 30.993557, "Risk": 33.528508, "Lookahead": 3 }