{ "BFS": 32.947288, "A*": 30.502627, "F-Hat": 32.652509, "Risk": 32.947288, "Lookahead": 3 }