{ "BFS": 31.536373, "A*": 31.536373, "F-Hat": 26.353038, "Risk": 31.536373, "Lookahead": 3 }