{ "BFS": 27.400500, "A*": 27.400500, "F-Hat": 27.537002, "Risk": 27.400500, "Lookahead": 3 }