{ "BFS": 28.691156, "A*": 28.691156, "F-Hat": 31.693900, "Risk": 28.691156, "Lookahead": 3 }