{ "BFS": 26.934237, "A*": 26.934237, "F-Hat": 29.828291, "Risk": 26.934237, "Lookahead": 3 }