{ "BFS": 30.168745, "A*": 30.168745, "F-Hat": 27.212380, "Risk": 30.168745, "Lookahead": 3 }