{ "BFS": 27.969784, "A*": 27.969784, "F-Hat": 30.034561, "Risk": 27.969784, "Lookahead": 3 }