{ "BFS": 30.422237, "A*": 27.431143, "F-Hat": 28.869551, "Risk": 30.422237, "Lookahead": 3 }