{ "BFS": 29.351847, "A*": 27.427358, "F-Hat": 29.062024, "Risk": 29.351847, "Lookahead": 3 }