{ "BFS": 27.367692, "A*": 27.367692, "F-Hat": 31.892940, "Risk": 27.367692, "Lookahead": 3 }