{ "BFS": 27.531845, "A*": 27.531845, "F-Hat": 31.007506, "Risk": 27.531845, "Lookahead": 3 }