{ "BFS": 27.974974, "A*": 27.974974, "F-Hat": 32.279890, "Risk": 27.974974, "Lookahead": 3 }