{ "BFS": 30.948558, "A*": 30.948558, "F-Hat": 29.388759, "Risk": 30.948558, "Lookahead": 3 }