{ "BFS": 30.962354, "A*": 31.076577, "F-Hat": 29.204624, "Risk": 30.962354, "Lookahead": 3 }