{ "BFS": 29.390094, "A*": 30.026634, "F-Hat": 27.841355, "Risk": 29.390094, "Lookahead": 3 }