{ "BFS": 28.884762, "A*": 29.731010, "F-Hat": 32.843399, "Risk": 28.884762, "Lookahead": 3 }