{ "BFS": 26.605917, "A*": 26.605917, "F-Hat": 28.364806, "Risk": 26.605917, "Lookahead": 3 }