{ "BFS": 28.265696, "A*": 28.265696, "F-Hat": 28.450075, "Risk": 28.265696, "Lookahead": 3 }