{ "BFS": 29.377896, "A*": 29.377896, "F-Hat": 32.092678, "Risk": 29.377896, "Lookahead": 3 }