{ "BFS": 27.747116, "A*": 27.747116, "F-Hat": 27.202493, "Risk": 28.275229, "Lookahead": 3 }