{ "BFS": 30.862258, "A*": 31.084410, "F-Hat": 27.656595, "Risk": 30.862258, "Lookahead": 3 }