{ "BFS": 27.878826, "A*": 27.878826, "F-Hat": 27.950759, "Risk": 27.878826, "Lookahead": 3 }