{ "BFS": 28.956760, "A*": 28.736876, "F-Hat": 26.556794, "Risk": 28.956760, "Lookahead": 3 }