{ "BFS": 30.342787, "A*": 30.342787, "F-Hat": 28.114194, "Risk": 30.342787, "Lookahead": 3 }