{ "BFS": 31.005841, "A*": 31.222087, "F-Hat": 29.287141, "Risk": 31.005841, "Lookahead": 3 }