{ "BFS": 28.521965, "A*": 28.521965, "F-Hat": 27.984039, "Risk": 28.521965, "Lookahead": 3 }