{ "BFS": 26.934141, "A*": 26.934141, "F-Hat": 28.219224, "Risk": 26.934141, "Lookahead": 3 }