{ "BFS": 24.794237, "A*": 34.386779, "F-Hat": 39.823944, "Risk": 30.068775, "Lookahead": 3 }