{ "BFS": 29.703185, "A*": 33.873907, "F-Hat": 31.521658, "Risk": 29.703185, "Lookahead": 3 }