{ "BFS": 29.335130, "A*": 29.335130, "F-Hat": 28.794209, "Risk": 29.335130, "Lookahead": 3 }