{ "BFS": 29.170390, "A*": 29.170390, "F-Hat": 27.271754, "Risk": 29.170390, "Lookahead": 3 }