{ "BFS": 28.747407, "A*": 28.747407, "F-Hat": 29.124309, "Risk": 28.747407, "Lookahead": 3 }