{ "BFS": 25.814388, "A*": 25.814388, "F-Hat": 29.376371, "Risk": 25.814388, "Lookahead": 3 }