{ "BFS": 25.857949, "A*": 25.857949, "F-Hat": 27.231271, "Risk": 25.857949, "Lookahead": 3 }