{ "BFS": 27.865174, "A*": 31.116163, "F-Hat": 26.770286, "Risk": 27.865174, "Confidence": 31.040082, "LSS-LRTA*": 38.823714, "Lookahead": 3 }