{ "BFS": 24.758599, "A*": 29.189590, "F-Hat": 29.120966, "Risk": 24.758599, "Lookahead": 3 }