{ "BFS": 29.563938, "A*": 29.346066, "F-Hat": 27.626668, "Risk": 29.563938, "Lookahead": 3 }