{ "BFS": 28.219639, "A*": 28.718963, "F-Hat": 27.194383, "Risk": 28.219639, "Lookahead": 3 }