{ "BFS": 31.201053, "A*": 37.255652, "F-Hat": 36.377634, "Risk": 31.201053, "Lookahead": 3 }