{ "BFS": 30.670440, "A*": 30.670440, "F-Hat": 30.173439, "Risk": 30.670440, "Lookahead": 3 }