{ "BFS": 30.409556, "A*": 30.409556, "F-Hat": 27.454305, "Risk": 30.409556, "Lookahead": 3 }