{ "BFS": 28.797390, "A*": 28.959736, "F-Hat": 27.027487, "Risk": 28.797390, "Lookahead": 3 }