{ "BFS": 32.401204, "A*": 32.401204, "F-Hat": 32.039293, "Risk": 32.401204, "Lookahead": 3 }