{ "BFS": 31.348521, "A*": 31.348521, "F-Hat": 31.679334, "Risk": 31.348521, "Lookahead": 3 }