{ "BFS": 29.262534, "A*": 29.582901, "F-Hat": 29.091381, "Risk": 29.262534, "Lookahead": 3 }