{ "BFS": 29.259994, "A*": 35.809032, "F-Hat": 34.916831, "Risk": 29.259994, "Lookahead": 3 }