{ "BFS": 29.254095, "A*": 29.254095, "F-Hat": 30.628045, "Risk": 29.254095, "Confidence": 32.732692, "LSS-LRTA*": 38.273359, "Lookahead": 3 }