{ "BFS": 29.729086, "A*": 29.803622, "F-Hat": 33.901827, "Risk": 29.729086, "Lookahead": 3 }