{ "BFS": 32.522981, "A*": 29.098548, "F-Hat": 30.755987, "Risk": 32.522981, "Lookahead": 3 }