{ "BFS": 26.300349, "A*": 26.300349, "F-Hat": 28.578938, "Risk": 26.556515, "Lookahead": 3 }