{ "BFS": 27.004028, "A*": 29.942179, "F-Hat": 25.602857, "Risk": 27.004028, "Lookahead": 3 }