{ "BFS": 28.255321, "A*": 28.255321, "F-Hat": 27.849682, "Risk": 28.255321, "Lookahead": 3 }