{ "BFS": 31.644948, "A*": 30.796018, "F-Hat": 30.397030, "Risk": 31.644948, "Lookahead": 3 }