{ "BFS": 30.984385, "A*": 27.441534, "F-Hat": 25.401735, "Risk": 30.984385, "Lookahead": 3 }