{ "BFS": 23.504276, "A*": 41.900318, "F-Hat": 40.385329, "Risk": 23.504276, "Lookahead": 3 }