{ "BFS": 27.914923, "A*": 27.039541, "F-Hat": 26.656791, "Risk": 27.914923, "Lookahead": 3 }