{ "BFS": 30.339156, "A*": 28.559387, "F-Hat": 29.568837, "Risk": 30.339156, "Lookahead": 3 }