{ "BFS": 29.178694, "A*": 29.549375, "F-Hat": 31.989350, "Risk": 29.513587, "Lookahead": 3 }