{ "BFS": 32.059089, "A*": 32.260168, "F-Hat": 30.654960, "Risk": 32.059089, "Lookahead": 3 }