{ "BFS": 30.408525, "A*": 30.408525, "F-Hat": 30.580749, "Risk": 30.408525, "Lookahead": 3 }