{ "BFS": 27.770738, "A*": 27.770738, "F-Hat": 30.165046, "Risk": 27.770738, "Lookahead": 3 }