{ "BFS": 30.011281, "A*": 30.152001, "F-Hat": 27.131304, "Risk": 30.011281, "Lookahead": 3 }