{ "BFS": 27.045880, "A*": 29.068781, "F-Hat": 25.186646, "Risk": 27.045880, "Lookahead": 3 }