{ "BFS": 30.331928, "A*": 29.199718, "F-Hat": 28.778579, "Risk": 30.331928, "Lookahead": 3 }