{ "BFS": 30.858361, "A*": 30.858361, "F-Hat": 26.433906, "Risk": 30.858361, "Lookahead": 3 }