{ "BFS": 28.613705, "A*": 28.019184, "F-Hat": 28.822528, "Risk": 28.613705, "Lookahead": 3 }