{ "BFS": 28.687348, "A*": 28.687348, "F-Hat": 28.814601, "Risk": 28.687348, "Lookahead": 3 }