{ "BFS": 31.357341, "A*": 29.042497, "F-Hat": 27.430543, "Risk": 31.357341, "Lookahead": 3 }