{ "BFS": 29.543343, "A*": 29.543343, "F-Hat": 28.128962, "Risk": 29.543343, "Lookahead": 3 }