{ "BFS": 30.741616, "A*": 30.741616, "F-Hat": 29.463504, "Risk": 30.741616, "Lookahead": 3 }