{ "BFS": 31.634485, "A*": 31.052703, "F-Hat": 29.523018, "Risk": 31.634485, "Confidence": 28.612960, "LSS-LRTA*": 35.487869, "Lookahead": 3 }