{ "BFS": 30.005059, "A*": 32.076850, "F-Hat": 27.904175, "Risk": 30.005059, "Lookahead": 3 }