{ "BFS": 30.020814, "A*": 30.020814, "F-Hat": 27.853253, "Risk": 30.020814, "Lookahead": 3 }