{ "BFS": 29.953165, "A*": 29.953165, "F-Hat": 27.797670, "Risk": 29.953165, "Confidence": 34.841198, "LSS-LRTA*": 37.912206, "Lookahead": 3 }