{ "BFS": 30.553472, "A*": 30.553472, "F-Hat": 27.277707, "Risk": 30.553472, "Lookahead": 3 }