{ "BFS": 26.854375, "A*": 26.854375, "F-Hat": 34.786050, "Risk": 26.854375, "Lookahead": 3 }