{ "BFS": 28.911542, "A*": 28.911542, "F-Hat": 30.098978, "Risk": 28.911542, "Lookahead": 3 }