{ "BFS": 31.093108, "A*": 31.093108, "F-Hat": 26.948696, "Risk": 31.093108, "Lookahead": 3 }