{ "BFS": 27.695415, "A*": 27.695415, "F-Hat": 28.787708, "Risk": 27.695415, "Lookahead": 3 }