{ "BFS": 26.638130, "A*": 26.638130, "F-Hat": 29.361130, "Risk": 26.638130, "Lookahead": 3 }