{ "BFS": 32.045430, "A*": 33.007730, "F-Hat": 28.670857, "Risk": 32.045430, "Lookahead": 3 }