{ "BFS": 26.518011, "A*": 26.518011, "F-Hat": 28.334014, "Risk": 26.518011, "Lookahead": 3 }