{ "BFS": 28.728685, "A*": 28.728685, "F-Hat": 27.339575, "Risk": 28.728685, "Lookahead": 3 }