{ "BFS": 26.167207, "A*": 26.748311, "F-Hat": 31.476569, "Risk": 26.167207, "Lookahead": 3 }