{ "BFS": 29.158000, "A*": 29.158000, "F-Hat": 31.433827, "Risk": 29.158000, "Lookahead": 3 }