{ "BFS": 29.640077, "A*": 30.710962, "F-Hat": 30.247088, "Risk": 29.640077, "Lookahead": 3 }