{ "BFS": 27.834616, "A*": 27.834616, "F-Hat": 33.131404, "Risk": 27.834616, "Lookahead": 3 }