{ "BFS": 27.770548, "A*": 27.770548, "F-Hat": 33.140951, "Risk": 27.770548, "Lookahead": 3 }