{ "BFS": 28.207553, "A*": 27.875027, "F-Hat": 31.125819, "Risk": 28.207553, "Lookahead": 3 }