{ "BFS": 26.089857, "A*": 26.089857, "F-Hat": 31.802162, "Risk": 26.089857, "Lookahead": 3 }