{ "BFS": 29.961346, "A*": 29.961346, "F-Hat": 29.178043, "Risk": 29.961346, "Lookahead": 3 }