{ "BFS": 29.761820, "A*": 27.684225, "F-Hat": 29.950931, "Risk": 29.761820, "Lookahead": 3 }