{ "BFS": 28.775844, "A*": 34.112639, "F-Hat": 39.456939, "Risk": 33.038820, "Lookahead": 3 }