{ "BFS": 25.953754, "A*": 25.953754, "F-Hat": 29.204643, "Risk": 25.953754, "LSS-LRTA*": 36.891008, "Lookahead": 3 }