{ "BFS": 28.920250, "A*": 28.920250, "F-Hat": 31.518343, "Risk": 28.920250, "Lookahead": 3 }