{ "BFS": 30.203335, "A*": 27.540449, "F-Hat": 29.304497, "Risk": 30.203335, "Lookahead": 3 }