{ "BFS": 30.500738, "A*": 30.500738, "F-Hat": 30.849037, "Risk": 30.500738, "Lookahead": 3 }