{ "BFS": 28.286104, "A*": 39.658860, "F-Hat": 40.116215, "Risk": 29.442727, "Lookahead": 3 }