{ "BFS": 29.604397, "A*": 27.430488, "F-Hat": 26.539766, "Risk": 30.389483, "Lookahead": 3 }