{ "BFS": 28.302498, "A*": 30.912856, "F-Hat": 29.659705, "Risk": 28.302498, "Lookahead": 3 }