{ "BFS": 26.451277, "A*": 26.451277, "F-Hat": 26.453334, "Risk": 26.451277, "Lookahead": 3 }