{ "BFS": 31.198016, "A*": 31.198016, "F-Hat": 26.262467, "Risk": 31.198016, "Lookahead": 3 }