{ "BFS": 28.899280, "A*": 28.899280, "F-Hat": 30.368513, "Risk": 28.899280, "Lookahead": 3 }