{ "BFS": 28.697963, "A*": 28.697963, "F-Hat": 28.854140, "Risk": 28.697963, "Lookahead": 3 }