{ "BFS": 31.609615, "A*": 31.609615, "F-Hat": 31.671065, "Risk": 31.609615, "Lookahead": 3 }