{ "BFS": 29.811475, "A*": 29.811475, "F-Hat": 30.368596, "Risk": 29.811475, "Lookahead": 3 }