{ "BFS": 30.342231, "A*": 32.595698, "F-Hat": 29.112123, "Risk": 30.342231, "Lookahead": 3 }