{ "BFS": 30.962630, "A*": 30.962630, "F-Hat": 33.834719, "Risk": 30.962630, "Lookahead": 3 }