{ "BFS": 29.837817, "A*": 29.864294, "F-Hat": 28.192953, "Risk": 29.837817, "Lookahead": 3 }