{ "BFS": 27.807112, "A*": 27.375716, "F-Hat": 28.832018, "Risk": 27.807112, "Lookahead": 3 }