{ "BFS": 28.775800, "A*": 32.298443, "F-Hat": 23.440975, "Risk": 28.775800, "Lookahead": 3 }