{ "BFS": 25.494876, "A*": 26.878501, "F-Hat": 30.248300, "Risk": 25.494876, "Lookahead": 3 }