{ "BFS": 30.430136, "A*": 33.204285, "F-Hat": 30.895045, "Risk": 30.430136, "Lookahead": 3 }