{ "BFS": 27.608974, "A*": 27.608974, "F-Hat": 28.203807, "Risk": 27.608974, "Lookahead": 3 }