{ "BFS": 28.748408, "A*": 28.748408, "F-Hat": 33.773282, "Risk": 28.748408, "Lookahead": 3 }