{ "BFS": 26.911492, "A*": 26.911492, "F-Hat": 28.522087, "Risk": 26.911492, "Lookahead": 3 }