{ "BFS": 29.282392, "A*": 29.282392, "F-Hat": 31.149980, "Risk": 29.282392, "Lookahead": 3 }