{ "BFS": 26.546009, "A*": 26.546009, "F-Hat": 27.887875, "Risk": 26.546009, "Lookahead": 3 }