{ "BFS": 30.252165, "A*": 30.252165, "F-Hat": 32.797975, "Risk": 30.252165, "Lookahead": 3 }