{ "BFS": 23.946682, "A*": 23.596220, "F-Hat": 23.951577, "Risk": 24.081986, "Lookahead": 30 }