{ "BFS": 25.441443, "A*": 24.109591, "F-Hat": 28.559617, "Risk": 23.806739, "Lookahead": 30 }