{ "BFS": 23.446638, "A*": 23.438922, "F-Hat": 26.100832, "Risk": 25.946493, "Lookahead": 30 }