{ "BFS": 24.078381, "A*": 41.341298, "F-Hat": 49.542342, "Risk": 38.805252, "Lookahead": 30 }