{ "BFS": 25.442356, "A*": 26.013540, "F-Hat": 25.642570, "Risk": 23.709541, "Lookahead": 30 }