{ "BFS": 24.007693, "A*": 40.439380, "F-Hat": 40.423501, "Risk": 44.047318, "Lookahead": 300 }