{ "BFS": 23.700428, "A*": 22.400942, "F-Hat": 24.404177, "Risk": 24.560981, "Lookahead": 30 }