{ "BFS": 24.002249, "A*": 22.928495, "F-Hat": 27.022419, "Risk": 22.741380, "Lookahead": 30 }