{ "BFS": 25.861587, "A*": 25.171723, "F-Hat": 26.101732, "Risk": 24.846535, "Lookahead": 30 }