{ "BFS": 25.891728, "A*": 43.620942, "F-Hat": 48.459739, "Risk": 45.903425, "Lookahead": 30 }