{ "BFS": 27.840026, "A*": 23.589241, "F-Hat": 27.755275, "Risk": 26.253668, "Lookahead": 30 }