{ "BFS": 25.833740, "A*": 22.946668, "F-Hat": 25.541085, "Risk": 24.350446, "Lookahead": 30 }