{ "BFS": 24.050184, "A*": 23.077397, "F-Hat": 26.913697, "Risk": 25.221018, "Lookahead": 30 }