{ "BFS": 22.096046, "A*": 21.779359, "F-Hat": 21.824599, "Risk": 22.599348, "Confidence": 46.384435, "LSS-LRTA*": 34.120378, "Lookahead": 300 }