{ "BFS": 23.803598, "A*": 22.941228, "F-Hat": 26.252037, "Risk": 23.632832, "Lookahead": 30 }