{ "BFS": 24.895348, "A*": 23.705366, "F-Hat": 28.204761, "Risk": 25.891049, "Lookahead": 30 }