{ "BFS": 24.638755, "A*": 24.808799, "F-Hat": 26.536190, "Risk": 25.718245, "Lookahead": 30 }