{ "BFS": 23.767263, "A*": 22.117620, "F-Hat": 24.064473, "Risk": 22.549997, "Lookahead": 30 }