{ "BFS": 26.578485, "A*": 24.882136, "F-Hat": 25.184184, "Risk": 25.975897, "Lookahead": 30 }