{ "BFS": 24.194161, "A*": 24.632493, "F-Hat": 24.405166, "Risk": 22.063901, "Lookahead": 30 }