{ "BFS": 23.732973, "A*": 24.572104, "F-Hat": 23.293744, "Risk": 23.316228, "Confidence": 45.283194, "LSS-LRTA*": 31.093487, "Lookahead": 300 }