{ "BFS": 27.012348, "A*": 25.595638, "F-Hat": 29.035568, "Risk": 25.263066, "Lookahead": 30 }