{ "BFS": 24.530457, "A*": 22.081699, "F-Hat": 21.835229, "Risk": 21.931848, "Confidence": 49.027085, "LSS-LRTA*": 30.448125, "Lookahead": 300 }