{ "BFS": 24.509968, "A*": 23.042233, "F-Hat": 26.473410, "Risk": 24.414298, "Lookahead": 30 }