{ "BFS": 25.401190, "A*": 26.222394, "F-Hat": 26.346313, "Risk": 24.346577, "Lookahead": 30 }