{ "BFS": 24.248020, "A*": 23.339599, "F-Hat": 28.429826, "Risk": 25.044178, "Lookahead": 30 }