{ "BFS": 24.740332, "A*": 24.630358, "F-Hat": 26.736863, "Risk": 23.825531, "Lookahead": 30 }