{ "BFS": 25.147846, "A*": 23.576554, "F-Hat": 22.102150, "Risk": 24.100818, "Lookahead": 30 }