{ "BFS": 22.373575, "A*": 37.142858, "F-Hat": 44.334462, "Risk": 39.756517, "Lookahead": 300 }