{ "BFS": 23.300628, "A*": 23.736263, "F-Hat": 28.186240, "Risk": 23.929454, "Lookahead": 30 }