{ "BFS": 25.390582, "A*": 23.864410, "F-Hat": 26.215575, "Risk": 24.259911, "Lookahead": 30 }