{ "BFS": 25.143857, "A*": 23.374653, "F-Hat": 24.898842, "Risk": 24.084833, "Lookahead": 30 }