{ "BFS": 24.103442, "A*": 24.734167, "F-Hat": 24.147852, "Risk": 22.034198, "Lookahead": 30 }