{ "BFS": 23.688571, "A*": 20.917769, "F-Hat": 20.907722, "Risk": 22.778491, "Lookahead": 300 }