{ "BFS": 23.390965, "A*": 35.943126, "F-Hat": 35.943126, "Risk": 64.020422, "Lookahead": 300 }