{ "BFS": 25.734486, "A*": 42.949204, "F-Hat": 45.402436, "Risk": 38.340941, "Lookahead": 30 }