{ "BFS": 24.262666, "A*": 43.866522, "F-Hat": 40.285277, "Risk": 44.758448, "Lookahead": 300 }