{ "BFS": 22.237025, "A*": 36.953223, "F-Hat": 42.893195, "Risk": 39.203591, "Lookahead": 300 }