{ "BFS": 25.536644, "A*": 23.053225, "F-Hat": 27.286268, "Risk": 23.838104, "Lookahead": 30 }