{ "BFS": 25.314633, "A*": 25.048430, "F-Hat": 27.770413, "Risk": 23.315263, "Lookahead": 30 }