{ "BFS": 24.061701, "A*": 21.641702, "F-Hat": 22.508701, "Risk": 20.328065, "Lookahead": 300 }