{ "BFS": 24.429754, "A*": 41.636004, "F-Hat": 46.239265, "Risk": 37.017087, "Lookahead": 30 }