{ "BFS": 22.982160, "A*": 21.886390, "F-Hat": 24.802177, "Risk": 22.625382, "Lookahead": 30 }