{ "BFS": 22.416868, "A*": 22.607887, "F-Hat": 21.864086, "Risk": 21.442911, "Confidence": 52.227366, "LSS-LRTA*": 33.655961, "Lookahead": 300 }