{ "BFS": 26.599146, "A*": 24.137438, "F-Hat": 22.826885, "Risk": 21.511980, "Confidence": 44.361715, "LSS-LRTA*": 38.209039, "Lookahead": 30 }