{ "BFS": 23.732118, "A*": 24.334016, "F-Hat": 27.004900, "Risk": 22.460245, "Lookahead": 30 }