{ "BFS": 24.801383, "A*": 23.401592, "F-Hat": 24.546067, "Risk": 24.671507, "Lookahead": 30 }