{ "BFS": 29.070452, "A*": 23.770443, "F-Hat": 26.522365, "Risk": 25.309821, "Lookahead": 30 }