{ "BFS": 25.364393, "A*": 23.915400, "F-Hat": 25.561944, "Risk": 24.226258, "Lookahead": 30 }