{ "BFS": 24.387644, "A*": 42.874129, "F-Hat": 35.617757, "Risk": 41.091823, "Lookahead": 30 }