{ "BFS": 27.289266, "A*": 22.649291, "F-Hat": 27.175018, "Risk": 24.999046, "Lookahead": 30 }