{ "BFS": 26.520985, "A*": 24.052603, "F-Hat": 27.547016, "Risk": 26.196629, "Lookahead": 30 }