{ "BFS": 24.068651, "A*": 23.502006, "F-Hat": 27.661817, "Risk": 22.012879, "Lookahead": 30 }