{ "BFS": 24.544158, "A*": 36.320398, "F-Hat": 36.320398, "Risk": 68.624466, "Lookahead": 300 }