{ "BFS": 23.190065, "A*": 23.003329, "F-Hat": 21.955406, "Risk": 23.763216, "Lookahead": 300 }