{ "BFS": 26.499256, "A*": 26.125250, "F-Hat": 27.077111, "Risk": 23.718692, "Lookahead": 30 }