{ "BFS": 22.509966, "A*": 25.498354, "F-Hat": 25.317830, "Risk": 25.542485, "Lookahead": 30 }