{ "BFS": 22.812975, "A*": 23.146589, "F-Hat": 25.626936, "Risk": 26.641256, "Lookahead": 30 }