{ "BFS": 26.686058, "A*": 23.750559, "F-Hat": 25.363132, "Risk": 26.144640, "Lookahead": 30 }