{ "BFS": 25.925148, "A*": 25.354517, "F-Hat": 23.573604, "Risk": 24.001769, "Confidence": 47.000465, "LSS-LRTA*": 39.868823, "Lookahead": 30 }