{ "BFS": 25.951723, "A*": 24.433529, "F-Hat": 28.277139, "Risk": 25.227553, "Lookahead": 30 }