{ "BFS": 24.241565, "A*": 42.466647, "F-Hat": 40.015003, "Risk": 46.102813, "Lookahead": 300 }