{ "BFS": 24.814882, "A*": 23.853787, "F-Hat": 23.494792, "Risk": 22.500802, "Lookahead": 30 }