{ "BFS": 23.771002, "A*": 23.558699, "F-Hat": 24.338314, "Risk": 26.059969, "Lookahead": 30 }