{ "BFS": 26.028963, "A*": 25.356665, "F-Hat": 25.980091, "Risk": 23.559334, "Lookahead": 30 }