{ "BFS": 27.295729, "A*": 24.091296, "F-Hat": 22.980257, "Risk": 25.631040, "Lookahead": 30 }