{ "BFS": 26.272534, "A*": 24.405363, "F-Hat": 26.739114, "Risk": 22.299946, "Lookahead": 30 }