{ "BFS": 25.325586, "A*": 23.410502, "F-Hat": 23.814117, "Risk": 21.693211, "Confidence": 43.707723, "LSS-LRTA*": 35.763039, "Lookahead": 30 }