{ "BFS": 25.145026, "A*": 23.803701, "F-Hat": 24.954647, "Risk": 22.718656, "Lookahead": 30 }