{ "BFS": 22.525690, "A*": 21.988174, "F-Hat": 23.702158, "Risk": 22.535405, "Lookahead": 30 }