{ "BFS": 24.558891, "A*": 23.318603, "F-Hat": 24.275391, "Risk": 23.156546, "Lookahead": 30 }