{ "BFS": 22.821263, "A*": 44.022464, "F-Hat": 44.088807, "Risk": 45.188722, "Lookahead": 300 }