{ "BFS": 25.712316, "A*": 20.570575, "F-Hat": 24.203407, "Risk": 23.387960, "Lookahead": 30 }