{ "BFS": 26.640476, "A*": 23.190315, "F-Hat": 28.781651, "Risk": 24.437965, "Lookahead": 30 }