{ "BFS": 26.140227, "A*": 21.378182, "F-Hat": 22.730623, "Risk": 23.635545, "Lookahead": 30 }