{ "BFS": 23.476261, "A*": 24.944649, "F-Hat": 27.128400, "Risk": 26.459361, "Lookahead": 30 }