{ "BFS": 25.193146, "A*": 24.956508, "F-Hat": 27.971646, "Risk": 23.666076, "Lookahead": 30 }