{ "BFS": 25.483830, "A*": 23.265087, "F-Hat": 26.006769, "Risk": 25.525217, "Lookahead": 30 }