{ "BFS": 24.725734, "A*": 24.296679, "F-Hat": 26.923263, "Risk": 26.345781, "Lookahead": 30 }