{ "BFS": 23.703716, "A*": 42.071803, "F-Hat": 46.262638, "Risk": 47.019993, "Lookahead": 300 }