{ "BFS": 25.176879, "A*": 22.917254, "F-Hat": 25.122571, "Risk": 25.083858, "Lookahead": 30 }