{ "BFS": 22.729336, "A*": 21.776190, "F-Hat": 23.207339, "Risk": 21.017321, "Lookahead": 300 }