{ "BFS": 27.662223, "A*": 24.604762, "F-Hat": 22.958757, "Risk": 22.983552, "Confidence": 43.228362, "LSS-LRTA*": 34.804350, "Lookahead": 30 }