{ "BFS": 24.733342, "A*": 22.107347, "F-Hat": 24.809257, "Risk": 21.612228, "Lookahead": 30 }