{ "BFS": 25.044479, "A*": 48.785764, "F-Hat": 40.111111, "Risk": 45.787153, "Lookahead": 300 }