{ "BFS": 27.917482, "A*": 22.776776, "F-Hat": 26.358099, "Risk": 23.763042, "Lookahead": 30 }