{ "BFS": 25.551397, "A*": 43.753223, "F-Hat": 45.496061, "Risk": 48.057608, "Lookahead": 300 }