{ "BFS": 24.637396, "A*": 21.686844, "F-Hat": 26.434753, "Risk": 23.266440, "Lookahead": 30 }