{ "BFS": 26.897638, "A*": 22.840541, "F-Hat": 28.537790, "Risk": 25.011009, "Lookahead": 30 }