{ "BFS": 26.338480, "A*": 26.935268, "F-Hat": 27.315048, "Risk": 25.817652, "Lookahead": 30 }