{ "BFS": 22.658866, "A*": 22.169599, "F-Hat": 25.251912, "Risk": 25.587278, "Lookahead": 30 }