{ "BFS": 26.017260, "A*": 23.778622, "F-Hat": 24.567843, "Risk": 25.238315, "Lookahead": 30 }