{ "BFS": 25.644554, "A*": 22.794225, "F-Hat": 27.609053, "Risk": 21.389898, "Lookahead": 30 }