{ "BFS": 24.348346, "A*": 22.132081, "F-Hat": 23.423974, "Risk": 24.321302, "Lookahead": 30 }