{ "BFS": 26.374189, "A*": 41.577262, "F-Hat": 45.831817, "Risk": 40.280837, "Lookahead": 30 }