{ "BFS": 22.845344, "A*": 23.622030, "F-Hat": 24.429565, "Risk": 24.528376, "Lookahead": 30 }