{ "BFS": 24.785525, "A*": 40.334025, "F-Hat": 43.888537, "Risk": 38.751490, "Lookahead": 30 }