{ "BFS": 23.226079, "A*": 22.051268, "F-Hat": 21.619885, "Risk": 22.928611, "Lookahead": 300 }