{ "BFS": 28.101118, "A*": 23.553381, "F-Hat": 27.751934, "Risk": 24.179842, "Lookahead": 30 }