{ "BFS": 24.321634, "A*": 19.415346, "F-Hat": 27.609870, "Risk": 23.981935, "Lookahead": 30 }