{ "BFS": 23.695769, "A*": 23.363034, "F-Hat": 24.627412, "Risk": 23.178585, "Lookahead": 300 }