{ "BFS": 27.456957, "A*": 26.190940, "F-Hat": 27.819422, "Risk": 26.139278, "Lookahead": 30 }