{ "BFS": 26.136772, "A*": 22.142092, "F-Hat": 26.701858, "Risk": 22.188365, "Lookahead": 30 }