{ "BFS": 23.716341, "A*": 23.557799, "F-Hat": 28.173179, "Risk": 23.746320, "Lookahead": 30 }