{ "BFS": 23.241702, "A*": 41.778679, "F-Hat": 48.050614, "Risk": 39.788227, "Lookahead": 300 }