{ "BFS": 25.968679, "A*": 23.798462, "F-Hat": 27.898738, "Risk": 24.043071, "Lookahead": 30 }