{ "BFS": 26.205327, "A*": 21.857154, "F-Hat": 25.666817, "Risk": 22.417434, "Lookahead": 30 }