{ "BFS": 22.371755, "A*": 25.226929, "F-Hat": 26.213437, "Risk": 25.738940, "Lookahead": 30 }