{ "BFS": 22.607034, "A*": 22.283411, "F-Hat": 22.720879, "Risk": 21.434403, "Confidence": 43.502344, "LSS-LRTA*": 35.440778, "Lookahead": 300 }