{ "BFS": 26.393205, "A*": 24.572886, "F-Hat": 23.746425, "Risk": 24.068913, "Lookahead": 30 }