{ "BFS": 26.172013, "A*": 22.885415, "F-Hat": 23.119257, "Risk": 22.507742, "Lookahead": 30 }