{ "BFS": 24.846703, "A*": 21.515560, "F-Hat": 22.368895, "Risk": 21.336199, "Confidence": 49.150059, "LSS-LRTA*": 38.508550, "Lookahead": 300 }