{ "BFS": 23.985217, "A*": 45.801793, "F-Hat": 43.984164, "Risk": 41.434239, "Lookahead": 300 }