{ "BFS": 25.189315, "A*": 22.135930, "F-Hat": 26.196912, "Risk": 26.633809, "Lookahead": 30 }