{ "BFS": 24.607833, "A*": 24.142426, "F-Hat": 27.196527, "Risk": 24.613607, "Lookahead": 30 }