{ "BFS": 26.119544, "A*": 25.059284, "F-Hat": 23.776010, "Risk": 23.287335, "Lookahead": 30 }