{ "BFS": 23.414906, "A*": 22.085485, "F-Hat": 22.139200, "Risk": 21.072815, "Lookahead": 300 }