{ "BFS": 27.116691, "A*": 45.717759, "F-Hat": 42.836957, "Risk": 43.220167, "Lookahead": 30 }