{ "BFS": 25.382197, "A*": 23.941118, "F-Hat": 27.850976, "Risk": 24.373373, "Lookahead": 30 }