{ "BFS": 26.687627, "A*": 22.251921, "F-Hat": 23.749202, "Risk": 25.496304, "Lookahead": 30 }