{ "BFS": 26.062964, "A*": 23.110074, "F-Hat": 23.056380, "Risk": 22.060146, "Confidence": 44.046561, "LSS-LRTA*": 35.540920, "Lookahead": 30 }