{ "BFS": 26.746126, "A*": 22.012430, "F-Hat": 27.101209, "Risk": 26.424178, "Lookahead": 30 }