{ "BFS": 25.021149, "A*": 23.479588, "F-Hat": 29.036745, "Risk": 23.180165, "Lookahead": 30 }