{ "BFS": 21.639296, "A*": 21.286806, "F-Hat": 27.908908, "Risk": 26.555097, "Lookahead": 30 }