{ "BFS": 21.241116, "A*": 22.220269, "F-Hat": 24.410493, "Risk": 24.017494, "Lookahead": 30 }