{ "BFS": 25.772914, "A*": 23.228415, "F-Hat": 26.405759, "Risk": 24.314754, "Lookahead": 30 }