{ "BFS": 24.518592, "A*": 22.538355, "F-Hat": 24.148620, "Risk": 22.135080, "Lookahead": 30 }