{ "BFS": 26.804391, "A*": 22.005333, "F-Hat": 26.466162, "Risk": 23.491351, "Lookahead": 30 }