{ "BFS": 25.309964, "A*": 24.669009, "F-Hat": 26.785800, "Risk": 23.660252, "Lookahead": 30 }