{ "BFS": 23.150228, "A*": 24.457921, "F-Hat": 27.303986, "Risk": 22.912133, "Lookahead": 30 }