{ "BFS": 24.163438, "A*": 24.184964, "F-Hat": 27.199565, "Risk": 23.475873, "Lookahead": 30 }