{ "BFS": 29.501362, "A*": 22.977435, "F-Hat": 24.753254, "Risk": 25.733366, "Lookahead": 30 }