{ "BFS": 24.649963, "A*": 24.571055, "F-Hat": 25.942566, "Risk": 26.015657, "Lookahead": 30 }