{ "BFS": 25.769194, "A*": 23.438619, "F-Hat": 23.657620, "Risk": 24.253479, "Lookahead": 30 }