{ "BFS": 23.021347, "A*": 25.371256, "F-Hat": 27.620312, "Risk": 24.326438, "Lookahead": 30 }