{ "BFS": 24.660641, "A*": 24.206157, "F-Hat": 23.521702, "Risk": 24.668753, "Lookahead": 30 }