{ "BFS": 26.224650, "A*": 22.877122, "F-Hat": 27.050190, "Risk": 24.812679, "Lookahead": 30 }