{ "BFS": 24.999428, "A*": 24.868976, "F-Hat": 25.364585, "Risk": 23.312869, "Lookahead": 30 }