{ "BFS": 25.510473, "A*": 24.014308, "F-Hat": 27.160288, "Risk": 24.946926, "Lookahead": 30 }