{ "BFS": 22.665507, "A*": 22.162778, "F-Hat": 22.299112, "Risk": 22.474448, "Lookahead": 300 }