{ "BFS": 24.367240, "A*": 22.562677, "F-Hat": 25.074671, "Risk": 24.836789, "Lookahead": 30 }