{ "BFS": 23.569368, "A*": 21.464455, "F-Hat": 21.949179, "Risk": 23.367128, "LSS-LRTA*": 34.392867, "Lookahead": 300 }