{ "BFS": 23.956266, "A*": 38.064426, "F-Hat": 39.245494, "Risk": 45.418568, "Lookahead": 30 }