{ "BFS": 26.431906, "A*": 25.234206, "F-Hat": 27.477817, "Risk": 23.469066, "Lookahead": 30 }