{ "BFS": 25.660355, "A*": 45.455700, "F-Hat": 43.140676, "Risk": 41.951704, "Lookahead": 30 }