{ "BFS": 23.244869, "A*": 24.927030, "F-Hat": 27.143773, "Risk": 24.989898, "Lookahead": 30 }