{ "BFS": 25.706700, "A*": 23.502742, "F-Hat": 25.511558, "Risk": 24.470630, "Lookahead": 30 }