{ "BFS": 26.346681, "A*": 22.463478, "F-Hat": 27.739380, "Risk": 23.254109, "Lookahead": 30 }