{ "BFS": 27.185056, "A*": 25.248081, "F-Hat": 25.967137, "Risk": 24.870241, "Lookahead": 30 }