{ "BFS": 22.762005, "A*": 23.745037, "F-Hat": 25.131103, "Risk": 24.143445, "Lookahead": 30 }