{ "BFS": 25.464694, "A*": 22.482232, "F-Hat": 25.838213, "Risk": 24.833826, "Lookahead": 30 }