{ "BFS": 24.042750, "A*": 23.895769, "F-Hat": 25.185170, "Risk": 24.414016, "Lookahead": 30 }