{ "BFS": 22.568521, "A*": 22.085893, "F-Hat": 21.792815, "Risk": 21.014759, "Lookahead": 300 }