{ "BFS": 21.756715, "A*": 42.361758, "F-Hat": 46.487604, "Risk": 36.189855, "Lookahead": 300 }