{ "BFS": 26.191170, "A*": 22.392853, "F-Hat": 25.940455, "Risk": 23.142307, "Lookahead": 30 }