{ "BFS": 25.283830, "A*": 24.711599, "F-Hat": 25.731884, "Risk": 23.057161, "Lookahead": 30 }