{ "BFS": 22.494149, "A*": 39.979951, "F-Hat": 40.456669, "Risk": 44.090987, "Lookahead": 300 }