{ "BFS": 27.278464, "A*": 23.257718, "F-Hat": 27.554492, "Risk": 22.923519, "Lookahead": 30 }