{ "BFS": 21.935040, "A*": 23.036700, "F-Hat": 22.051329, "Risk": 22.119439, "Lookahead": 300 }