{ "BFS": 24.414893, "A*": 24.214417, "F-Hat": 27.518317, "Risk": 23.595865, "Lookahead": 30 }