{ "BFS": 24.340613, "A*": 22.381793, "F-Hat": 26.150659, "Risk": 22.495322, "Lookahead": 300 }