{ "BFS": 26.130193, "A*": 23.448106, "F-Hat": 24.987968, "Risk": 22.133116, "Lookahead": 30 }