{ "BFS": 24.063406, "A*": 24.517076, "F-Hat": 22.222561, "Risk": 21.508002, "Confidence": 48.354338, "LSS-LRTA*": 35.888581, "Lookahead": 30 }