{ "BFS": 24.831171, "A*": 22.997201, "F-Hat": 27.111682, "Risk": 22.492943, "Lookahead": 30 }