{ "BFS": 25.221665, "A*": 23.642076, "F-Hat": 25.125367, "Risk": 23.845868, "Lookahead": 30 }