{ "BFS": 24.288974, "A*": 24.118420, "F-Hat": 26.350729, "Risk": 24.547442, "Lookahead": 30 }