{ "BFS": 25.983964, "A*": 22.497451, "F-Hat": 22.858352, "Risk": 22.279922, "Lookahead": 30 }