{ "BFS": 25.672000, "A*": 21.803035, "F-Hat": 26.007024, "Risk": 24.481748, "Lookahead": 30 }