{ "BFS": 21.732652, "A*": 32.106010, "F-Hat": 32.106010, "Risk": 50.943180, "Lookahead": 300 }