{ "BFS": 24.321948, "A*": 25.876668, "F-Hat": 25.683786, "Risk": 23.884259, "Lookahead": 30 }