{ "BFS": 26.530261, "A*": 24.065741, "F-Hat": 21.818211, "Risk": 24.401185, "Lookahead": 30 }