{ "BFS": 23.661415, "A*": 26.672257, "F-Hat": 26.519251, "Risk": 24.768557, "Lookahead": 30 }