{ "BFS": 25.415311, "A*": 23.757555, "F-Hat": 26.480161, "Risk": 24.196059, "Lookahead": 30 }