{ "BFS": 27.249176, "A*": 24.361530, "F-Hat": 27.987108, "Risk": 25.041993, "Lookahead": 30 }