{ "BFS": 24.774175, "A*": 23.369828, "F-Hat": 24.365286, "Risk": 19.441955, "Lookahead": 30 }