{ "BFS": 23.863929, "A*": 21.679108, "F-Hat": 26.176505, "Risk": 22.857523, "Lookahead": 30 }