{ "BFS": 23.372798, "A*": 22.171182, "F-Hat": 25.875216, "Risk": 23.979176, "Lookahead": 30 }