{ "BFS": 24.776987, "A*": 23.211727, "F-Hat": 26.422121, "Risk": 22.918080, "Lookahead": 30 }