{ "BFS": 26.630488, "A*": 24.737130, "F-Hat": 27.965606, "Risk": 24.144499, "Lookahead": 30 }