{ "BFS": 22.607739, "A*": 21.244014, "F-Hat": 21.839251, "Risk": 21.319810, "Confidence": 45.049989, "LSS-LRTA*": 30.663656, "Lookahead": 300 }