{ "BFS": 24.272860, "A*": 23.737019, "F-Hat": 26.463793, "Risk": 22.674551, "Lookahead": 30 }