{ "BFS": 27.536613, "A*": 25.646806, "F-Hat": 25.202632, "Risk": 24.440023, "Lookahead": 30 }