{ "BFS": 23.568386, "A*": 23.983530, "F-Hat": 26.043930, "Risk": 23.686676, "Lookahead": 30 }