{ "BFS": 25.350638, "A*": 22.802893, "F-Hat": 22.584439, "Risk": 23.916621, "Lookahead": 30 }