{ "BFS": 26.350697, "A*": 24.144626, "F-Hat": 24.041480, "Risk": 24.941345, "Confidence": 44.088550, "LSS-LRTA*": 38.408800, "Lookahead": 30 }