{ "BFS": 27.472855, "A*": 22.421821, "F-Hat": 27.092582, "Risk": 25.521937, "Lookahead": 30 }