{ "BFS": 24.460890, "A*": 23.564693, "F-Hat": 26.916108, "Risk": 25.562160, "Lookahead": 30 }