{ "BFS": 24.014706, "A*": 21.680673, "F-Hat": 24.898489, "Risk": 23.658860, "Lookahead": 30 }