{ "BFS": 23.938661, "A*": 23.650848, "F-Hat": 24.934436, "Risk": 24.598793, "Lookahead": 30 }