{ "BFS": 25.744565, "A*": 23.478885, "F-Hat": 25.251339, "Risk": 25.138821, "Lookahead": 30 }