{ "BFS": 25.040355, "A*": 23.157457, "F-Hat": 26.403755, "Risk": 26.268388, "Lookahead": 30 }