{ "BFS": 23.843604, "A*": 24.455154, "F-Hat": 29.085953, "Risk": 23.545719, "Lookahead": 30 }