{ "BFS": 24.415475, "A*": 23.921162, "F-Hat": 25.423954, "Risk": 25.220521, "Lookahead": 30 }