{ "BFS": 24.952307, "A*": 25.508019, "F-Hat": 26.368322, "Risk": 24.984148, "Lookahead": 30 }