{ "BFS": 26.752102, "A*": 24.392991, "F-Hat": 25.324360, "Risk": 23.872408, "Lookahead": 30 }