{ "BFS": 28.325843, "A*": 20.653201, "F-Hat": 27.059754, "Risk": 24.536458, "Lookahead": 30 }