{ "BFS": 24.495614, "A*": 22.411722, "F-Hat": 23.419243, "Risk": 22.137548, "Lookahead": 30 }