{ "BFS": 26.818890, "A*": 23.202604, "F-Hat": 26.427599, "Risk": 24.879897, "Lookahead": 30 }