{ "BFS": 26.600793, "A*": 23.662578, "F-Hat": 25.662749, "Risk": 24.926250, "Lookahead": 30 }