{ "BFS": 23.724961, "A*": 41.065490, "F-Hat": 39.904999, "Risk": 43.211937, "Lookahead": 30 }