{ "BFS": 24.814952, "A*": 22.536369, "F-Hat": 24.785626, "Risk": 24.636781, "Lookahead": 30 }