{ "BFS": 24.063425, "A*": 23.771817, "F-Hat": 24.153322, "Risk": 28.523785, "Lookahead": 30 }