{ "BFS": 26.241126, "A*": 23.357383, "F-Hat": 26.316963, "Risk": 25.231443, "Lookahead": 30 }