{ "BFS": 23.698876, "A*": 47.086899, "F-Hat": 44.870153, "Risk": 39.951106, "Lookahead": 300 }