{ "BFS": 26.255349, "A*": 25.708348, "F-Hat": 26.969882, "Risk": 25.514020, "Lookahead": 30 }