{ "BFS": 25.143637, "A*": 22.791471, "F-Hat": 24.621782, "Risk": 23.431965, "Lookahead": 30 }