{ "BFS": 22.165859, "A*": 40.981286, "F-Hat": 43.643514, "Risk": 42.098882, "Lookahead": 300 }