{ "BFS": 24.133420, "A*": 24.478001, "F-Hat": 27.298721, "Risk": 25.355304, "Lookahead": 30 }