{ "BFS": 22.425185, "A*": 22.707443, "F-Hat": 21.872276, "Risk": 21.916709, "Lookahead": 300 }