{ "BFS": 24.998422, "A*": 23.693837, "F-Hat": 25.110858, "Risk": 25.016466, "Lookahead": 30 }