{ "BFS": 23.136711, "A*": 38.432969, "F-Hat": 40.423979, "Risk": 33.959626, "Lookahead": 30 }