{ "BFS": 24.975462, "A*": 24.368580, "F-Hat": 27.282615, "Risk": 25.357832, "Lookahead": 30 }