{ "BFS": 24.876275, "A*": 24.665003, "F-Hat": 22.829670, "Risk": 23.657633, "Lookahead": 30 }