{ "BFS": 23.524980, "A*": 26.539178, "F-Hat": 26.101591, "Risk": 25.987724, "Lookahead": 30 }