{ "BFS": 26.601508, "A*": 23.758644, "F-Hat": 28.089757, "Risk": 22.713164, "Lookahead": 30 }