{ "BFS": 26.444375, "A*": 23.758355, "F-Hat": 22.621257, "Risk": 23.638672, "Lookahead": 30 }