{ "BFS": 26.787672, "A*": 23.041031, "F-Hat": 25.114113, "Risk": 23.731117, "Lookahead": 30 }