{ "BFS": 25.097183, "A*": 23.896009, "F-Hat": 26.901387, "Risk": 25.666935, "Lookahead": 30 }