{ "BFS": 25.694716, "A*": 23.627014, "F-Hat": 26.627444, "Risk": 24.309197, "Lookahead": 30 }