{ "BFS": 24.443069, "A*": 23.454873, "F-Hat": 24.881270, "Risk": 22.264577, "Lookahead": 30 }