{ "BFS": 25.530477, "A*": 21.274678, "F-Hat": 22.506178, "Risk": 21.857714, "Lookahead": 300 }