{ "BFS": 25.095867, "A*": 24.302857, "F-Hat": 26.157638, "Risk": 23.808908, "Lookahead": 30 }