{ "BFS": 21.682257, "A*": 22.112409, "F-Hat": 20.729686, "Risk": 20.089304, "LSS-LRTA*": 36.280202, "Lookahead": 300 }