{ "BFS": 26.820484, "A*": 24.114761, "F-Hat": 25.843701, "Risk": 23.444413, "Lookahead": 30 }