{ "BFS": 25.936680, "A*": 23.994524, "F-Hat": 25.426473, "Risk": 24.932882, "Lookahead": 30 }