{ "BFS": 24.758567, "A*": 22.573397, "F-Hat": 23.217427, "Risk": 24.138750, "LSS-LRTA*": 35.197166, "Lookahead": 30 }