{ "BFS": 27.351339, "A*": 22.565444, "F-Hat": 25.916021, "Risk": 20.751796, "Lookahead": 30 }