{ "BFS": 25.047213, "A*": 22.605325, "F-Hat": 25.267369, "Risk": 24.863243, "Lookahead": 30 }