{ "BFS": 25.194138, "A*": 24.154760, "F-Hat": 22.957709, "Risk": 23.185410, "Lookahead": 30 }