{ "BFS": 25.579766, "A*": 23.521576, "F-Hat": 27.042530, "Risk": 23.588574, "Lookahead": 30 }