{ "BFS": 25.758182, "A*": 25.649410, "F-Hat": 26.188541, "Risk": 26.393644, "Lookahead": 30 }