{ "BFS": 23.004754, "A*": 22.604662, "F-Hat": 28.747564, "Risk": 24.309721, "Lookahead": 30 }