{ "BFS": 22.113242, "A*": 21.190235, "F-Hat": 21.517934, "Risk": 21.792818, "Lookahead": 300 }