{ "BFS": 25.299966, "A*": 23.866680, "F-Hat": 26.099239, "Risk": 25.334075, "Lookahead": 30 }