{ "BFS": 24.714949, "A*": 45.177656, "F-Hat": 43.197127, "Risk": 41.812524, "Lookahead": 300 }