{ "BFS": 24.907412, "A*": 24.578715, "F-Hat": 25.301958, "Risk": 23.467109, "Lookahead": 30 }