{ "BFS": 24.298035, "A*": 25.303074, "F-Hat": 22.427121, "Risk": 24.917474, "LSS-LRTA*": 33.198405, "Lookahead": 30 }