{ "BFS": 27.117880, "A*": 23.934880, "F-Hat": 27.967842, "Risk": 22.748320, "Lookahead": 30 }