{ "BFS": 26.578589, "A*": 25.892582, "F-Hat": 25.829448, "Risk": 24.114834, "Lookahead": 30 }