{ "BFS": 23.723348, "A*": 23.867036, "F-Hat": 27.431225, "Risk": 22.411989, "Lookahead": 30 }