{ "BFS": 23.716071, "A*": 31.592068, "F-Hat": 31.592068, "Risk": 60.472768, "Lookahead": 300 }