{ "BFS": 22.995817, "A*": 22.433674, "F-Hat": 22.205458, "Risk": 20.766875, "Lookahead": 300 }