{ "BFS": 23.684152, "A*": 24.735020, "F-Hat": 26.558171, "Risk": 25.857136, "Lookahead": 30 }