{ "BFS": 26.948910, "A*": 27.097920, "F-Hat": 26.218258, "Risk": 25.704321, "Lookahead": 30 }