{ "BFS": 24.803198, "A*": 23.156462, "F-Hat": 24.862497, "Risk": 24.260202, "Lookahead": 30 }