{ "BFS": 23.569368, "A*": 21.464455, "F-Hat": 22.159623, "Risk": 20.300464, "Lookahead": 300 }