{ "BFS": 23.184363, "A*": 22.997897, "F-Hat": 26.724315, "Risk": 25.432700, "Lookahead": 30 }