{ "BFS": 23.482027, "A*": 23.792461, "F-Hat": 27.319040, "Risk": 23.764421, "Lookahead": 30 }