{ "BFS": 27.107083, "A*": 24.886278, "F-Hat": 26.401641, "Risk": 20.698504, "Lookahead": 30 }