{ "BFS": 23.856690, "A*": 22.085893, "F-Hat": 24.545846, "Risk": 20.507317, "Lookahead": 300 }