{ "BFS": 25.419728, "A*": 20.272256, "F-Hat": 21.584816, "Risk": 24.230290, "LSS-LRTA*": 35.720886, "Lookahead": 30 }