{ "BFS": 25.659493, "A*": 22.541896, "F-Hat": 28.241681, "Risk": 23.717165, "Lookahead": 30 }