{ "BFS": 27.070612, "A*": 21.805468, "F-Hat": 26.148141, "Risk": 24.096225, "Lookahead": 30 }