{ "BFS": 22.452731, "A*": 22.108787, "F-Hat": 24.501917, "Risk": 22.819695, "Lookahead": 30 }