{ "BFS": 25.884825, "A*": 24.579828, "F-Hat": 26.719359, "Risk": 23.813908, "Lookahead": 30 }