{ "BFS": 28.180725, "A*": 23.508888, "F-Hat": 26.914577, "Risk": 25.050297, "Lookahead": 30 }