{ "BFS": 24.183047, "A*": 24.388801, "F-Hat": 26.992090, "Risk": 25.191092, "Lookahead": 30 }