{ "BFS": 25.754887, "A*": 23.987296, "F-Hat": 23.778666, "Risk": 22.284963, "Lookahead": 30 }