{ "BFS": 19.582454, "A*": 36.927969, "F-Hat": 39.498983, "Risk": 42.002119, "Lookahead": 300 }