{ "BFS": 25.227073, "A*": 22.132081, "F-Hat": 23.047499, "Risk": 22.587099, "LSS-LRTA*": 37.817902, "Lookahead": 30 }