{ "BFS": 22.766208, "A*": 24.704361, "F-Hat": 27.046569, "Risk": 25.701723, "Lookahead": 30 }