{ "BFS": 23.606562, "A*": 21.659689, "F-Hat": 22.991567, "Risk": 22.727770, "Lookahead": 300 }