{ "BFS": 24.588894, "A*": 44.004457, "F-Hat": 44.877092, "Risk": 40.730811, "Lookahead": 300 }