{ "BFS": 25.844809, "A*": 23.291825, "F-Hat": 25.794392, "Risk": 24.096619, "Lookahead": 30 }