{ "BFS": 25.853794, "A*": 23.318583, "F-Hat": 24.667036, "Risk": 22.852029, "Lookahead": 30 }