{ "BFS": 27.179666, "A*": 22.601734, "F-Hat": 25.010269, "Risk": 24.067434, "Lookahead": 30 }