{ "BFS": 24.758897, "A*": 21.813009, "F-Hat": 25.287283, "Risk": 23.939528, "Lookahead": 30 }