{ "BFS": 25.596502, "A*": 23.549604, "F-Hat": 26.374856, "Risk": 26.840945, "Lookahead": 30 }