{ "BFS": 25.538231, "A*": 23.420130, "F-Hat": 25.861180, "Risk": 23.865566, "Lookahead": 30 }