{ "BFS": 26.256982, "A*": 23.586804, "F-Hat": 22.014409, "Risk": 22.610686, "Lookahead": 30 }