{ "BFS": 25.710520, "A*": 23.740930, "F-Hat": 26.147325, "Risk": 24.218766, "Lookahead": 30 }