{ "BFS": 25.827945, "A*": 23.612593, "F-Hat": 24.772360, "Risk": 23.051855, "Lookahead": 30 }