{ "BFS": 22.728103, "A*": 23.615573, "F-Hat": 21.374759, "Risk": 23.085993, "Lookahead": 300 }