{ "BFS": 24.002398, "A*": 22.854944, "F-Hat": 27.526832, "Risk": 23.391951, "Lookahead": 30 }