{ "BFS": 27.133584, "A*": 24.728095, "F-Hat": 25.959738, "Risk": 26.238708, "Lookahead": 30 }