{ "BFS": 24.446098, "A*": 25.648278, "F-Hat": 25.848232, "Risk": 23.509260, "Lookahead": 30 }