{ "BFS": 24.007662, "A*": 23.993989, "F-Hat": 27.995841, "Risk": 25.422084, "Lookahead": 30 }