{ "BFS": 22.822056, "A*": 22.263642, "F-Hat": 21.455147, "Risk": 20.831434, "LSS-LRTA*": 36.691774, "Lookahead": 300 }