{ "BFS": 22.835398, "A*": 21.682402, "F-Hat": 22.467392, "Risk": 22.114342, "Lookahead": 300 }