{ "BFS": 25.913806, "A*": 22.844511, "F-Hat": 28.970769, "Risk": 24.472558, "Lookahead": 30 }