{ "BFS": 25.148140, "A*": 26.228363, "F-Hat": 25.685825, "Risk": 24.931457, "Lookahead": 30 }