{ "BFS": 26.046891, "A*": 25.066517, "F-Hat": 28.167716, "Risk": 24.463549, "Lookahead": 30 }