{ "BFS": 25.273867, "A*": 21.814730, "F-Hat": 25.404532, "Risk": 21.181263, "Lookahead": 30 }