{ "BFS": 22.097410, "A*": 22.134122, "F-Hat": 24.011638, "Risk": 23.356586, "Lookahead": 30 }