{ "BFS": 25.708961, "A*": 21.797453, "F-Hat": 22.499418, "Risk": 21.934135, "Confidence": 47.752087, "LSS-LRTA*": 37.866477, "Lookahead": 300 }