{ "BFS": 23.400510, "A*": 45.246921, "F-Hat": 41.475509, "Risk": 43.457576, "Lookahead": 300 }