{ "BFS": 25.225580, "A*": 24.250169, "F-Hat": 25.698807, "Risk": 26.272908, "Lookahead": 30 }