{ "BFS": 24.864697, "A*": 25.340864, "F-Hat": 25.842030, "Risk": 24.236240, "Lookahead": 30 }