{ "BFS": 23.740103, "A*": 24.496792, "F-Hat": 23.156697, "Risk": 20.861576, "Lookahead": 30 }