{ "BFS": 24.488106, "A*": 24.645030, "F-Hat": 27.300228, "Risk": 22.211369, "Lookahead": 30 }