{ "BFS": 26.883129, "A*": 23.025786, "F-Hat": 23.084138, "Risk": 22.083018, "Lookahead": 30 }