{ "BFS": 25.306971, "A*": 24.888337, "F-Hat": 25.858426, "Risk": 23.761250, "Lookahead": 30 }