{ "BFS": 23.894294, "A*": 41.460764, "F-Hat": 41.179178, "Risk": 41.490570, "Lookahead": 30 }