{ "BFS": 26.684994, "A*": 23.766571, "F-Hat": 26.027789, "Risk": 22.190033, "Lookahead": 30 }