{ "BFS": 26.772155, "A*": 22.736700, "F-Hat": 26.767378, "Risk": 26.055008, "Lookahead": 30 }