{ "BFS": 23.256829, "A*": 35.972217, "F-Hat": 35.972217, "Risk": 63.999609, "Lookahead": 300 }