{ "BFS": 24.709804, "A*": 22.339776, "F-Hat": 26.618918, "Risk": 25.134664, "Lookahead": 30 }