{ "BFS": 23.536306, "A*": 45.998502, "F-Hat": 43.239014, "Risk": 41.674532, "Lookahead": 300 }