{ "BFS": 21.045180, "A*": 20.790467, "F-Hat": 27.837419, "Risk": 23.734668, "Lookahead": 30 }