{ "BFS": 26.276331, "A*": 23.336846, "F-Hat": 26.232846, "Risk": 24.251491, "Lookahead": 30 }