{ "BFS": 25.423444, "A*": 24.695116, "F-Hat": 25.575951, "Risk": 22.458965, "Lookahead": 30 }