{ "BFS": 23.405163, "A*": 20.229479, "F-Hat": 23.676178, "Risk": 20.522118, "Lookahead": 300 }