{ "BFS": 27.601992, "A*": 25.639866, "F-Hat": 26.062301, "Risk": 25.582767, "Lookahead": 30 }