{ "BFS": 23.883769, "A*": 40.582432, "F-Hat": 43.131796, "Risk": 41.435746, "Lookahead": 300 }