{ "BFS": 23.429298, "A*": 21.439455, "F-Hat": 21.486900, "Risk": 21.527135, "LSS-LRTA*": 33.535289, "Lookahead": 300 }