{ "BFS": 27.356457, "A*": 25.166696, "F-Hat": 26.954811, "Risk": 24.452348, "Lookahead": 30 }