{ "BFS": 25.771336, "A*": 41.889736, "F-Hat": 39.868813, "Risk": 42.226224, "Lookahead": 30 }