{ "BFS": 24.109872, "A*": 25.718060, "F-Hat": 27.823483, "Risk": 24.206721, "Lookahead": 30 }