{ "BFS": 26.090025, "A*": 21.339845, "F-Hat": 27.898790, "Risk": 23.419436, "Lookahead": 30 }