{ "BFS": 25.999399, "A*": 21.647106, "F-Hat": 20.748432, "Risk": 23.427344, "Confidence": 40.170683, "LSS-LRTA*": 37.934525, "Lookahead": 300 }