{ "BFS": 25.135554, "A*": 24.157335, "F-Hat": 23.083214, "Risk": 23.555512, "LSS-LRTA*": 38.490794, "Lookahead": 30 }