{ "BFS": 25.973059, "A*": 22.276299, "F-Hat": 28.946480, "Risk": 24.994164, "Lookahead": 30 }