{ "BFS": 23.440451, "A*": 21.452916, "F-Hat": 22.482228, "Risk": 20.472617, "Confidence": 49.831690, "LSS-LRTA*": 33.707249, "Lookahead": 300 }