{ "BFS": 23.644855, "A*": 24.469144, "F-Hat": 24.075821, "Risk": 24.103255, "Lookahead": 30 }