{ "BFS": 25.480845, "A*": 38.947299, "F-Hat": 44.457514, "Risk": 40.673946, "Lookahead": 30 }