{ "BFS": 24.717087, "A*": 22.193477, "F-Hat": 24.470491, "Risk": 24.535126, "Lookahead": 30 }