{ "BFS": 28.209204, "A*": 24.188737, "F-Hat": 26.115865, "Risk": 24.956759, "Lookahead": 30 }