{ "BFS": 26.245524, "A*": 23.464618, "F-Hat": 26.241752, "Risk": 24.547997, "Lookahead": 30 }