{ "BFS": 25.427054, "A*": 23.639985, "F-Hat": 26.513405, "Risk": 24.907225, "Lookahead": 30 }