{ "BFS": 25.787968, "A*": 22.602375, "F-Hat": 25.452397, "Risk": 24.938886, "Lookahead": 30 }