{ "BFS": 26.471842, "A*": 23.731175, "F-Hat": 21.815737, "Risk": 23.292337, "Confidence": 45.683142, "LSS-LRTA*": 30.829416, "Lookahead": 30 }