{ "BFS": 25.147131, "A*": 24.734480, "F-Hat": 27.514993, "Risk": 23.801114, "Lookahead": 30 }