{ "BFS": 23.258159, "A*": 21.847497, "F-Hat": 22.374643, "Risk": 20.502100, "Lookahead": 30 }