{ "BFS": 24.302086, "A*": 20.839453, "F-Hat": 25.475353, "Risk": 22.100539, "Lookahead": 30 }