{ "BFS": 22.476720, "A*": 23.172812, "F-Hat": 25.660193, "Risk": 23.726978, "Lookahead": 30 }