{ "BFS": 22.115546, "A*": 25.630259, "F-Hat": 26.115901, "Risk": 22.575899, "Lookahead": 30 }