{ "BFS": 25.346973, "A*": 23.534776, "F-Hat": 26.242040, "Risk": 24.339199, "Lookahead": 30 }