{ "BFS": 23.398464, "A*": 24.585709, "F-Hat": 26.718536, "Risk": 25.887034, "Lookahead": 30 }