{ "BFS": 25.470437, "A*": 23.708301, "F-Hat": 26.257626, "Risk": 25.799173, "Lookahead": 30 }