{ "BFS": 23.725621, "A*": 24.774475, "F-Hat": 22.801415, "Risk": 22.105778, "Confidence": 38.843924, "LSS-LRTA*": 38.343755, "Lookahead": 30 }