{ "BFS": 24.842538, "A*": 25.377176, "F-Hat": 26.536966, "Risk": 24.629421, "Lookahead": 30 }