{ "BFS": 23.720185, "A*": 24.214677, "F-Hat": 27.106688, "Risk": 24.468393, "Lookahead": 30 }