{ "BFS": 24.810233, "A*": 23.150203, "F-Hat": 24.789643, "Risk": 24.512408, "Lookahead": 30 }