{ "BFS": 23.623506, "A*": 22.059568, "F-Hat": 25.682316, "Risk": 22.603904, "Lookahead": 30 }