{ "BFS": 22.888979, "A*": 23.849759, "F-Hat": 25.930547, "Risk": 22.522443, "Lookahead": 30 }