{ "BFS": 23.855912, "A*": 23.617246, "F-Hat": 28.450792, "Risk": 22.036612, "Lookahead": 30 }