{ "BFS": 25.756043, "A*": 24.961691, "F-Hat": 27.205272, "Risk": 24.619777, "Lookahead": 30 }