{ "BFS": 26.585753, "A*": 21.668363, "F-Hat": 28.206134, "Risk": 25.691318, "Lookahead": 30 }