{ "BFS": 26.009364, "A*": 23.174804, "F-Hat": 26.878400, "Risk": 22.206849, "Lookahead": 30 }