{ "BFS": 26.529922, "A*": 20.552997, "F-Hat": 20.769962, "Risk": 21.792468, "Confidence": 50.453254, "LSS-LRTA*": 30.401056, "Lookahead": 300 }