{ "BFS": 26.541242, "A*": 24.575780, "F-Hat": 26.380430, "Risk": 25.602155, "Lookahead": 30 }