{ "BFS": 20.282350, "A*": 22.529272, "F-Hat": 26.425703, "Risk": 22.872690, "Lookahead": 30 }