{ "BFS": 22.768631, "A*": 36.826447, "F-Hat": 34.960625, "Risk": 40.890927, "Lookahead": 300 }