{ "BFS": 24.473228, "A*": 23.662776, "F-Hat": 24.640310, "Risk": 22.463696, "Lookahead": 30 }