{ "BFS": 24.983697, "A*": 23.750155, "F-Hat": 22.116441, "Risk": 22.307634, "LSS-LRTA*": 36.305307, "Lookahead": 30 }