{ "BFS": 23.054826, "A*": 24.776412, "F-Hat": 26.493754, "Risk": 24.755147, "Lookahead": 30 }