{ "BFS": 22.190280, "A*": 21.393390, "F-Hat": 20.850152, "Risk": 21.108888, "LSS-LRTA*": 35.889728, "Lookahead": 300 }