{ "BFS": 26.263618, "A*": 24.133924, "F-Hat": 27.254399, "Risk": 24.931947, "Lookahead": 30 }