{ "BFS": 25.499546, "A*": 23.137493, "F-Hat": 26.034224, "Risk": 24.945612, "Lookahead": 30 }