{ "BFS": 23.092718, "A*": 26.767558, "F-Hat": 25.199201, "Risk": 24.043635, "Lookahead": 30 }