{ "BFS": 26.653004, "A*": 23.246073, "F-Hat": 25.073871, "Risk": 24.907212, "Lookahead": 30 }