{ "BFS": 23.910146, "A*": 21.761385, "F-Hat": 22.360335, "Risk": 23.123769, "Lookahead": 30 }