{ "BFS": 22.320540, "A*": 23.277869, "F-Hat": 25.047481, "Risk": 24.334857, "Lookahead": 30 }