{ "BFS": 24.478971, "A*": 23.376036, "F-Hat": 26.992128, "Risk": 23.445746, "Lookahead": 30 }