{ "BFS": 24.413475, "A*": 24.279751, "F-Hat": 28.596134, "Risk": 23.461951, "Lookahead": 30 }