{ "BFS": 21.870800, "A*": 23.107079, "F-Hat": 22.482668, "Risk": 22.371099, "Lookahead": 30 }