{ "BFS": 26.066326, "A*": 24.472123, "F-Hat": 25.931955, "Risk": 24.227461, "Lookahead": 30 }