{ "BFS": 23.821902, "A*": 20.748292, "F-Hat": 26.696734, "Risk": 22.613960, "Lookahead": 30 }