{ "BFS": 25.643133, "A*": 22.990507, "F-Hat": 24.765941, "Risk": 23.759125, "Lookahead": 30 }