{ "BFS": 25.678288, "A*": 25.310769, "F-Hat": 27.870168, "Risk": 23.766066, "Lookahead": 30 }