{ "BFS": 25.769194, "A*": 23.438619, "F-Hat": 24.488227, "Risk": 24.400173, "LSS-LRTA*": 37.588336, "Lookahead": 30 }