{ "BFS": 26.197587, "A*": 23.547418, "F-Hat": 22.259872, "Risk": 22.537143, "Lookahead": 30 }