{ "BFS": 23.822488, "A*": 23.870606, "F-Hat": 24.669026, "Risk": 25.050760, "Lookahead": 30 }