{ "BFS": 24.059227, "A*": 23.884104, "F-Hat": 25.073046, "Risk": 23.880618, "Lookahead": 30 }