{ "BFS": 21.523794, "A*": 40.153945, "F-Hat": 42.378493, "Risk": 42.025358, "Lookahead": 300 }