{ "BFS": 23.347789, "A*": 45.784685, "F-Hat": 46.870625, "Risk": 43.170721, "Lookahead": 30 }