{ "BFS": 26.536439, "A*": 23.139052, "F-Hat": 25.138734, "Risk": 22.890089, "Confidence": 42.621481, "LSS-LRTA*": 40.754808, "Lookahead": 30 }