{ "BFS": 15.837962, "A*": 25.060660, "F-Hat": 24.656886, "Risk": 23.795377, "Lookahead": 30 }