{ "BFS": 24.839523, "A*": 24.109985, "F-Hat": 27.720925, "Risk": 22.383628, "Lookahead": 30 }