{ "BFS": 23.677075, "A*": 47.931528, "F-Hat": 42.995352, "Risk": 51.853547, "Lookahead": 300 }