{ "BFS": 25.633349, "A*": 24.881151, "F-Hat": 25.174266, "Risk": 22.933867, "Lookahead": 30 }