{ "BFS": 26.780878, "A*": 22.844411, "F-Hat": 27.834502, "Risk": 24.307491, "Lookahead": 30 }