{ "BFS": 26.681612, "A*": 23.279339, "F-Hat": 26.959574, "Risk": 24.217378, "Lookahead": 30 }