{ "BFS": 24.884011, "A*": 24.042988, "F-Hat": 27.414918, "Risk": 23.566163, "Lookahead": 30 }