{ "BFS": 27.848845, "A*": 22.805885, "F-Hat": 27.217504, "Risk": 25.416419, "Lookahead": 30 }