{ "BFS": 24.953260, "A*": 24.310243, "F-Hat": 25.589998, "Risk": 24.600782, "Lookahead": 30 }