{ "BFS": 27.335548, "A*": 23.502357, "F-Hat": 25.393454, "Risk": 23.147605, "Lookahead": 30 }