{ "BFS": 23.773279, "A*": 24.681132, "F-Hat": 24.607462, "Risk": 24.161495, "Lookahead": 30 }