{ "BFS": 25.070767, "A*": 23.016059, "F-Hat": 27.512214, "Risk": 24.078782, "Lookahead": 30 }