{ "BFS": 25.090012, "A*": 23.099636, "F-Hat": 23.733264, "Risk": 25.770213, "Lookahead": 30 }