{ "BFS": 24.304904, "A*": 24.201243, "F-Hat": 24.367534, "Risk": 25.219873, "Lookahead": 30 }