{ "BFS": 26.442264, "A*": 24.094198, "F-Hat": 26.628729, "Risk": 23.571110, "Lookahead": 30 }