{ "BFS": 23.866251, "A*": 24.386484, "F-Hat": 26.290163, "Risk": 21.870083, "Lookahead": 30 }