{ "BFS": 24.566226, "A*": 24.244041, "F-Hat": 25.838431, "Risk": 26.146166, "Lookahead": 30 }