{ "BFS": 26.204329, "A*": 23.586290, "F-Hat": 26.812063, "Risk": 24.077504, "Lookahead": 30 }