{ "BFS": 26.191733, "A*": 26.200041, "F-Hat": 24.520678, "Risk": 23.016453, "LSS-LRTA*": 40.237153, "Lookahead": 30 }