{ "BFS": 23.297444, "A*": 33.080433, "F-Hat": 33.080433, "Risk": 66.764633, "Lookahead": 300 }