{ "BFS": 26.768974, "A*": 24.608922, "F-Hat": 25.040324, "Risk": 24.606507, "Lookahead": 30 }