{ "BFS": 25.609864, "A*": 23.637090, "F-Hat": 27.280812, "Risk": 23.964470, "Lookahead": 30 }