{ "BFS": 23.443737, "A*": 23.379816, "F-Hat": 25.257251, "Risk": 24.155317, "Lookahead": 30 }