{ "BFS": 25.971610, "A*": 22.673179, "F-Hat": 26.457347, "Risk": 25.740845, "Lookahead": 30 }