{ "BFS": 25.226431, "A*": 24.801832, "F-Hat": 21.851942, "Risk": 19.698708, "Lookahead": 30 }