{ "BFS": 22.547801, "A*": 24.311727, "F-Hat": 27.133671, "Risk": 24.141575, "Lookahead": 30 }