{ "BFS": 24.298035, "A*": 24.475447, "F-Hat": 22.427121, "Risk": 23.716021, "Lookahead": 30 }