{ "BFS": 22.579127, "A*": 23.735805, "F-Hat": 24.570983, "Risk": 24.640416, "Lookahead": 30 }