{ "BFS": 26.030486, "A*": 25.475043, "F-Hat": 28.081159, "Risk": 23.294273, "Lookahead": 30 }