{ "BFS": 25.040649, "A*": 21.493696, "F-Hat": 27.800261, "Risk": 25.673624, "Lookahead": 30 }