{ "BFS": 26.993218, "A*": 23.484430, "F-Hat": 23.849618, "Risk": 23.146858, "Confidence": 45.870006, "LSS-LRTA*": 41.747192, "Lookahead": 30 }