{ "BFS": 27.893492, "A*": 25.440280, "F-Hat": 27.519810, "Risk": 23.770938, "Lookahead": 30 }