{ "BFS": 23.898170, "A*": 23.920153, "F-Hat": 24.100771, "Risk": 24.907197, "LSS-LRTA*": 39.176684, "Lookahead": 30 }