{ "BFS": 25.646851, "A*": 24.277926, "F-Hat": 27.960543, "Risk": 20.935635, "Lookahead": 30 }