{ "BFS": 27.492458, "A*": 26.691235, "F-Hat": 26.665963, "Risk": 23.548945, "Lookahead": 30 }