{ "BFS": 23.615716, "A*": 21.217621, "F-Hat": 21.599245, "Risk": 21.899146, "LSS-LRTA*": 31.945434, "Lookahead": 300 }