{ "BFS": 24.244585, "A*": 23.687079, "F-Hat": 28.568276, "Risk": 24.480589, "Lookahead": 30 }