{ "BFS": 26.109021, "A*": 24.108830, "F-Hat": 27.012601, "Risk": 24.210835, "Lookahead": 30 }