{ "BFS": 26.088111, "A*": 24.099254, "F-Hat": 24.093880, "Risk": 22.632513, "Confidence": 40.379821, "LSS-LRTA*": 33.321654, "Lookahead": 30 }