{ "BFS": 24.668540, "A*": 40.582432, "F-Hat": 45.077990, "Risk": 42.315627, "Lookahead": 300 }