{ "BFS": 24.689568, "A*": 23.420258, "F-Hat": 23.726644, "Risk": 25.493803, "Lookahead": 30 }