{ "BFS": 24.151139, "A*": 25.708988, "F-Hat": 28.020023, "Risk": 25.282503, "Lookahead": 30 }