{ "BFS": 26.337331, "A*": 22.777306, "F-Hat": 24.100999, "Risk": 23.844090, "Confidence": 42.110472, "LSS-LRTA*": 32.932516, "Lookahead": 30 }