{ "BFS": 23.255020, "A*": 24.705908, "F-Hat": 27.474024, "Risk": 23.378093, "Lookahead": 30 }