{ "BFS": 26.590317, "A*": 24.261142, "F-Hat": 27.184516, "Risk": 25.567296, "Lookahead": 30 }