{ "BFS": 27.312092, "A*": 25.861477, "F-Hat": 24.536005, "Risk": 22.894276, "Lookahead": 30 }