{ "BFS": 26.064748, "A*": 23.932646, "F-Hat": 24.259209, "Risk": 24.183977, "Lookahead": 30 }