{ "BFS": 23.688072, "A*": 46.659144, "F-Hat": 43.546392, "Risk": 43.255394, "Lookahead": 30 }