{ "BFS": 27.130194, "A*": 23.525145, "F-Hat": 25.842790, "Risk": 25.702029, "Lookahead": 30 }