{ "BFS": 24.891955, "A*": 23.501135, "F-Hat": 24.574842, "Risk": 24.907801, "Lookahead": 30 }