{ "BFS": 25.450316, "A*": 22.872627, "F-Hat": 23.059453, "Risk": 21.973518, "Lookahead": 30 }