{ "BFS": 23.255534, "A*": 26.023344, "F-Hat": 26.296929, "Risk": 23.745435, "Lookahead": 30 }