{ "BFS": 22.950794, "A*": 25.437699, "F-Hat": 24.412247, "Risk": 24.070945, "Lookahead": 30 }