{ "BFS": 23.425081, "A*": 39.791275, "F-Hat": 43.850114, "Risk": 44.815455, "Lookahead": 300 }