{ "BFS": 26.806405, "A*": 25.533287, "F-Hat": 25.909285, "Risk": 24.238856, "Lookahead": 30 }