{ "BFS": 24.902886, "A*": 23.495429, "F-Hat": 25.478071, "Risk": 24.640491, "Lookahead": 30 }