{ "BFS": 27.152354, "A*": 25.577200, "F-Hat": 26.895618, "Risk": 24.368877, "Lookahead": 30 }