{ "BFS": 23.822025, "A*": 21.673957, "F-Hat": 20.750382, "Risk": 22.808383, "LSS-LRTA*": 31.321985, "Lookahead": 300 }