{ "BFS": 24.731150, "A*": 23.284859, "F-Hat": 25.082379, "Risk": 24.046689, "Lookahead": 30 }