{ "BFS": 21.143034, "A*": 21.586946, "F-Hat": 26.969332, "Risk": 24.664121, "Lookahead": 30 }