{ "BFS": 25.925220, "A*": 42.497663, "F-Hat": 46.703448, "Risk": 39.853645, "Lookahead": 30 }