{ "BFS": 23.284481, "A*": 24.068910, "F-Hat": 27.345612, "Risk": 23.755354, "Lookahead": 30 }