{ "BFS": 24.075834, "A*": 26.258308, "F-Hat": 24.849968, "Risk": 24.247843, "Lookahead": 30 }