{ "BFS": 26.378715, "A*": 22.919722, "F-Hat": 27.022147, "Risk": 26.084323, "Lookahead": 30 }