{ "BFS": 26.750094, "A*": 24.279145, "F-Hat": 24.941900, "Risk": 23.416244, "Lookahead": 30 }