{ "BFS": 22.304981, "A*": 21.098584, "F-Hat": 23.217790, "Risk": 22.566395, "Lookahead": 300 }