{ "BFS": 25.459778, "A*": 21.108532, "F-Hat": 22.842001, "Risk": 22.015892, "Lookahead": 300 }