{ "BFS": 24.533270, "A*": 20.827957, "F-Hat": 26.898598, "Risk": 22.264204, "Lookahead": 30 }