{ "BFS": 26.533234, "A*": 24.899834, "F-Hat": 27.982011, "Risk": 23.890507, "Lookahead": 30 }