{ "BFS": 25.373167, "A*": 25.575456, "F-Hat": 24.135602, "Risk": 24.849264, "Lookahead": 30 }