{ "BFS": 25.192183, "A*": 24.981761, "F-Hat": 27.445119, "Risk": 26.292343, "Lookahead": 30 }