{ "BFS": 23.894294, "A*": 22.840758, "F-Hat": 24.912051, "Risk": 27.508159, "Lookahead": 30 }