{ "BFS": 26.542709, "A*": 24.970644, "F-Hat": 25.312049, "Risk": 24.758313, "Lookahead": 30 }