{ "BFS": 23.742800, "A*": 24.178271, "F-Hat": 26.765890, "Risk": 26.092968, "Lookahead": 30 }