{ "BFS": 25.369015, "A*": 21.005085, "F-Hat": 23.921804, "Risk": 21.409394, "Lookahead": 300 }