{ "BFS": 26.213412, "A*": 45.281329, "F-Hat": 44.987280, "Risk": 38.721681, "Lookahead": 30 }