{ "BFS": 21.956635, "A*": 23.013917, "F-Hat": 22.562718, "Risk": 21.989606, "Lookahead": 30 }