{ "BFS": 27.441320, "A*": 37.562348, "F-Hat": 45.540270, "Risk": 46.334033, "Lookahead": 30 }