{ "BFS": 25.721806, "A*": 24.371708, "F-Hat": 26.688139, "Risk": 24.318047, "Lookahead": 30 }