{ "BFS": 24.814236, "A*": 23.151912, "F-Hat": 24.051784, "Risk": 24.498814, "Confidence": 41.559286, "LSS-LRTA*": 35.280728, "Lookahead": 30 }