{ "BFS": 24.595878, "A*": 25.160143, "F-Hat": 28.604164, "Risk": 25.121545, "Lookahead": 30 }