{ "BFS": 26.759411, "A*": 24.016036, "F-Hat": 25.685166, "Risk": 25.100019, "Lookahead": 30 }