{ "BFS": 24.839217, "A*": 23.727794, "F-Hat": 26.702498, "Risk": 25.627758, "Lookahead": 30 }