{ "BFS": 24.407052, "A*": 22.998112, "F-Hat": 26.690142, "Risk": 22.956552, "Lookahead": 30 }