{ "BFS": 24.961671, "A*": 22.279384, "F-Hat": 24.068374, "Risk": 21.342274, "Lookahead": 30 }