{ "BFS": 24.300469, "A*": 21.632577, "F-Hat": 26.601016, "Risk": 23.403404, "Lookahead": 30 }