{ "BFS": 24.417745, "A*": 23.012661, "F-Hat": 26.725421, "Risk": 24.784940, "Lookahead": 30 }