{ "BFS": 24.522372, "A*": 24.915040, "F-Hat": 26.349954, "Risk": 26.374120, "Lookahead": 30 }