{ "BFS": 23.629932, "A*": 22.901887, "F-Hat": 23.432315, "Risk": 21.015960, "Lookahead": 30 }