{ "BFS": 24.043965, "A*": 21.483562, "F-Hat": 23.087676, "Risk": 22.662997, "Confidence": 50.512302, "LSS-LRTA*": 33.435639, "Lookahead": 300 }