{ "BFS": 24.143640, "A*": 24.815683, "F-Hat": 27.437895, "Risk": 21.439369, "Lookahead": 30 }