{ "BFS": 25.251173, "A*": 24.199528, "F-Hat": 29.550897, "Risk": 24.223636, "Lookahead": 30 }