{ "BFS": 23.694849, "A*": 23.181656, "F-Hat": 27.914137, "Risk": 21.520990, "Lookahead": 300 }