{ "BFS": 23.838491, "A*": 22.272060, "F-Hat": 22.021877, "Risk": 20.901288, "Confidence": 53.102029, "LSS-LRTA*": 33.215083, "Lookahead": 300 }