{ "BFS": 28.348362, "A*": 41.498448, "F-Hat": 42.644176, "Risk": 39.412596, "Lookahead": 30 }