{ "BFS": 23.115517, "A*": 46.412203, "F-Hat": 39.599885, "Risk": 44.049305, "Lookahead": 300 }