{ "BFS": 23.053215, "A*": 22.046756, "F-Hat": 24.540794, "Risk": 21.989700, "Lookahead": 30 }