{ "BFS": 26.223332, "A*": 24.450926, "F-Hat": 27.166979, "Risk": 24.908151, "Lookahead": 30 }