{ "BFS": 25.019781, "A*": 23.229731, "F-Hat": 22.581704, "Risk": 22.843389, "Confidence": 40.757405, "LSS-LRTA*": 41.318201, "Lookahead": 300 }