{ "BFS": 22.359097, "A*": 22.033602, "F-Hat": 21.316882, "Risk": 18.416460, "Lookahead": 300 }