{ "BFS": 23.608782, "A*": 19.860039, "F-Hat": 24.492074, "Risk": 23.155698, "Lookahead": 30 }