{ "BFS": 23.363532, "A*": 24.557309, "F-Hat": 23.349352, "Risk": 22.730374, "LSS-LRTA*": 37.993125, "Lookahead": 30 }