{ "BFS": 25.775171, "A*": 22.732549, "F-Hat": 26.206375, "Risk": 25.778850, "Lookahead": 30 }