{ "BFS": 22.098114, "A*": 22.429895, "F-Hat": 21.986996, "Risk": 21.275742, "Lookahead": 300 }