{ "BFS": 25.158904, "A*": 24.602077, "F-Hat": 23.025658, "Risk": 23.451468, "Lookahead": 30 }