{ "BFS": 23.886280, "A*": 23.533973, "F-Hat": 26.307349, "Risk": 23.529336, "Lookahead": 30 }