{ "BFS": 24.929133, "A*": 23.967158, "F-Hat": 26.716157, "Risk": 25.009178, "Lookahead": 30 }