{ "BFS": 26.611700, "A*": 24.266592, "F-Hat": 23.775380, "Risk": 24.816075, "Confidence": 44.227422, "LSS-LRTA*": 35.581391, "Lookahead": 30 }