{ "BFS": 24.360076, "A*": 22.495713, "F-Hat": 24.345038, "Risk": 23.084469, "Lookahead": 30 }