{ "BFS": 23.390137, "A*": 25.448129, "F-Hat": 27.445021, "Risk": 23.679905, "Lookahead": 30 }