{ "BFS": 23.054011, "A*": 22.958227, "F-Hat": 25.981913, "Risk": 23.006588, "Lookahead": 30 }