{ "BFS": 24.925525, "A*": 25.052933, "F-Hat": 24.976797, "Risk": 22.323406, "Lookahead": 30 }