{ "BFS": 26.440821, "A*": 22.078575, "F-Hat": 25.367558, "Risk": 24.133179, "Lookahead": 30 }