{ "BFS": 25.063688, "A*": 23.185162, "F-Hat": 26.757057, "Risk": 21.667999, "Lookahead": 30 }