{ "BFS": 27.496403, "A*": 24.531244, "F-Hat": 26.804983, "Risk": 23.784596, "Lookahead": 30 }