{ "BFS": 30.800232, "A*": 22.358744, "F-Hat": 22.876394, "Risk": 22.986846, "Lookahead": 30 }