{ "BFS": 26.855366, "A*": 21.893245, "F-Hat": 28.774514, "Risk": 24.109253, "Lookahead": 30 }