{ "BFS": 24.805869, "A*": 23.531417, "F-Hat": 25.372664, "Risk": 24.042862, "Lookahead": 30 }