{ "BFS": 22.137865, "A*": 23.264131, "F-Hat": 26.604862, "Risk": 24.193200, "Lookahead": 30 }