{ "BFS": 25.145285, "A*": 22.782179, "F-Hat": 24.847383, "Risk": 25.238707, "Lookahead": 30 }