{ "BFS": 25.831152, "A*": 23.035608, "F-Hat": 24.539712, "Risk": 23.436211, "Lookahead": 30 }