{ "BFS": 23.960736, "A*": 21.705963, "F-Hat": 22.677191, "Risk": 24.086878, "Confidence": 48.434549, "LSS-LRTA*": 32.890653, "Lookahead": 300 }