{ "BFS": 24.088459, "A*": 22.027941, "F-Hat": 21.592228, "Risk": 20.590343, "Confidence": 37.740885, "LSS-LRTA*": 35.641236, "Lookahead": 300 }