{ "BFS": 23.186804, "A*": 48.464859, "F-Hat": 43.041353, "Risk": 41.127509, "Lookahead": 30 }