{ "BFS": 25.698463, "A*": 23.550884, "F-Hat": 25.486242, "Risk": 21.536425, "Confidence": 41.790548, "LSS-LRTA*": 39.453008, "Lookahead": 30 }