{ "BFS": 23.518693, "A*": 37.571308, "F-Hat": 45.606938, "Risk": 42.402565, "Lookahead": 300 }