{ "BFS": 26.409667, "A*": 24.553526, "F-Hat": 27.251873, "Risk": 26.364206, "Lookahead": 30 }