{ "BFS": 27.499231, "A*": 24.017895, "F-Hat": 27.473566, "Risk": 25.126336, "Lookahead": 30 }