{ "BFS": 23.197094, "A*": 21.887983, "F-Hat": 26.078715, "Risk": 24.533112, "Lookahead": 30 }