{ "BFS": 21.347478, "A*": 22.666904, "F-Hat": 20.993596, "Risk": 22.501130, "Lookahead": 300 }