{ "BFS": 25.738071, "A*": 21.853854, "F-Hat": 25.251359, "Risk": 23.460326, "Lookahead": 30 }