{ "BFS": 23.482550, "A*": 23.283867, "F-Hat": 27.663555, "Risk": 24.175514, "Lookahead": 30 }