{ "BFS": 23.634088, "A*": 21.450245, "F-Hat": 22.763924, "Risk": 21.783057, "Lookahead": 300 }