{ "BFS": 24.634903, "A*": 22.603007, "F-Hat": 26.371920, "Risk": 25.342929, "Lookahead": 30 }