{ "BFS": 25.428036, "A*": 21.367291, "F-Hat": 26.886484, "Risk": 23.516860, "Lookahead": 30 }