{ "BFS": 25.235453, "A*": 25.578842, "F-Hat": 27.197853, "Risk": 24.343353, "Lookahead": 30 }