{ "BFS": 22.923314, "A*": 24.067493, "F-Hat": 25.485287, "Risk": 23.907859, "Lookahead": 30 }