{ "BFS": 23.828321, "A*": 46.197784, "F-Hat": 47.741695, "Risk": 46.585169, "Lookahead": 30 }