{ "BFS": 27.503053, "A*": 25.474361, "F-Hat": 28.125823, "Risk": 23.516019, "Lookahead": 30 }