{ "BFS": 24.414367, "A*": 21.529296, "F-Hat": 28.425730, "Risk": 25.161178, "Lookahead": 30 }