{ "BFS": 26.887450, "A*": 25.654339, "F-Hat": 27.788712, "Risk": 24.933156, "Lookahead": 30 }