{ "BFS": 26.861495, "A*": 23.580157, "F-Hat": 26.712352, "Risk": 25.084480, "Lookahead": 30 }