{ "BFS": 27.617486, "A*": 23.215313, "F-Hat": 24.552874, "Risk": 25.036491, "Lookahead": 30 }