{ "BFS": 25.966220, "A*": 24.964379, "F-Hat": 27.853045, "Risk": 24.822212, "Lookahead": 30 }