{ "BFS": 22.536754, "A*": 21.159941, "F-Hat": 20.928434, "Risk": 21.786838, "LSS-LRTA*": 30.221054, "Lookahead": 300 }