{ "BFS": 24.335333, "A*": 24.025771, "F-Hat": 25.543778, "Risk": 24.460049, "Lookahead": 30 }