{ "BFS": 25.541035, "A*": 24.429350, "F-Hat": 24.944008, "Risk": 24.641357, "Lookahead": 30 }