{ "BFS": 23.033463, "A*": 23.475186, "F-Hat": 26.861933, "Risk": 23.673947, "Lookahead": 30 }