{ "BFS": 24.794875, "A*": 38.626153, "F-Hat": 42.274359, "Risk": 40.029359, "Lookahead": 30 }