{ "BFS": 25.983964, "A*": 22.497451, "F-Hat": 22.858352, "Risk": 22.279922, "Confidence": 39.520569, "LSS-LRTA*": 37.242388, "Lookahead": 30 }