{ "BFS": 23.352671, "A*": 25.543183, "F-Hat": 26.685684, "Risk": 25.297637, "Lookahead": 30 }