{ "BFS": 26.172380, "A*": 41.673385, "F-Hat": 40.053234, "Risk": 40.072257, "Lookahead": 30 }