{ "BFS": 22.768631, "A*": 22.085485, "F-Hat": 22.139200, "Risk": 21.072815, "Confidence": 45.154952, "LSS-LRTA*": 31.647235, "Lookahead": 300 }