{ "BFS": 23.793047, "A*": 24.050770, "F-Hat": 24.973847, "Risk": 26.235019, "Lookahead": 30 }