{ "BFS": 25.297866, "A*": 24.724245, "F-Hat": 26.799680, "Risk": 23.136469, "Lookahead": 30 }