{ "BFS": 26.263977, "A*": 26.086575, "F-Hat": 23.901527, "Risk": 22.465440, "Confidence": 44.234603, "LSS-LRTA*": 35.584601, "Lookahead": 30 }