{ "BFS": 25.924048, "A*": 24.487760, "F-Hat": 25.875662, "Risk": 23.889221, "Lookahead": 30 }