{ "BFS": 25.864370, "A*": 22.479805, "F-Hat": 28.475176, "Risk": 25.636604, "Lookahead": 30 }