{ "BFS": 24.984831, "A*": 23.889001, "F-Hat": 25.488003, "Risk": 22.729815, "Lookahead": 30 }