{ "BFS": 24.662469, "A*": 24.948944, "F-Hat": 27.816466, "Risk": 23.902084, "Lookahead": 30 }