{ "BFS": 26.806778, "A*": 25.223514, "F-Hat": 24.612246, "Risk": 24.548314, "Lookahead": 30 }