{ "BFS": 26.212090, "A*": 22.539981, "F-Hat": 26.224874, "Risk": 25.110700, "Lookahead": 30 }