{ "BFS": 25.599683, "A*": 24.885663, "F-Hat": 26.691837, "Risk": 24.605187, "Lookahead": 30 }