{ "BFS": 22.802845, "A*": 21.186115, "F-Hat": 25.033746, "Risk": 24.148884, "Lookahead": 30 }