{ "BFS": 25.505775, "A*": 19.475374, "F-Hat": 26.167157, "Risk": 24.171896, "Lookahead": 30 }