{ "BFS": 26.974138, "A*": 24.339131, "F-Hat": 27.009277, "Risk": 22.789538, "Lookahead": 30 }