{ "BFS": 27.852141, "A*": 24.916631, "F-Hat": 25.264960, "Risk": 24.618786, "Lookahead": 30 }