{ "BFS": 22.470523, "A*": 23.047648, "F-Hat": 24.700518, "Risk": 24.630304, "Lookahead": 30 }