{ "BFS": 27.125634, "A*": 27.480193, "F-Hat": 29.783356, "Risk": 25.916304, "Lookahead": 30 }