{ "BFS": 27.192563, "A*": 23.616948, "F-Hat": 24.286841, "Risk": 24.373270, "Lookahead": 30 }