{ "BFS": 22.655340, "A*": 40.671520, "F-Hat": 42.927395, "Risk": 43.036887, "Lookahead": 300 }