{ "BFS": 23.504864, "A*": 24.238607, "F-Hat": 27.727980, "Risk": 22.435520, "Lookahead": 30 }