{ "BFS": 21.784211, "A*": 37.930761, "F-Hat": 37.930761, "Risk": 34.621596, "Lookahead": 300 }