{ "BFS": 27.435016, "A*": 24.252200, "F-Hat": 23.633446, "Risk": 21.704613, "Lookahead": 30 }