{ "BFS": 25.781465, "A*": 23.644535, "F-Hat": 26.230288, "Risk": 22.625925, "Lookahead": 30 }