{ "BFS": 24.492762, "A*": 23.861671, "F-Hat": 27.005087, "Risk": 23.768916, "Lookahead": 30 }