{ "BFS": 25.375814, "A*": 22.381802, "F-Hat": 26.853632, "Risk": 23.718445, "Lookahead": 30 }