{ "BFS": 24.592828, "A*": 25.864695, "F-Hat": 26.726447, "Risk": 24.702378, "Lookahead": 30 }