{ "BFS": 25.388439, "A*": 25.282501, "F-Hat": 23.600828, "Risk": 22.877640, "Lookahead": 30 }