{ "BFS": 22.117138, "A*": 22.724151, "F-Hat": 23.622527, "Risk": 21.437753, "Lookahead": 300 }