{ "BFS": 25.753708, "A*": 23.287162, "F-Hat": 25.612600, "Risk": 24.126888, "Lookahead": 30 }