{ "BFS": 23.474846, "A*": 24.429843, "F-Hat": 25.686860, "Risk": 24.026071, "Lookahead": 30 }