{ "BFS": 27.230772, "A*": 24.111131, "F-Hat": 26.252181, "Risk": 24.228885, "Lookahead": 30 }