{ "BFS": 22.050170, "A*": 21.660965, "F-Hat": 21.889933, "Risk": 20.518797, "Confidence": 38.029644, "LSS-LRTA*": 37.244091, "Lookahead": 30 }