{ "BFS": 25.601687, "A*": 24.282317, "F-Hat": 26.246368, "Risk": 21.650764, "Lookahead": 30 }