{ "BFS": 25.240501, "A*": 24.096700, "F-Hat": 26.154501, "Risk": 24.188979, "Lookahead": 30 }