{ "BFS": 24.964730, "A*": 24.206083, "F-Hat": 23.783113, "Risk": 23.256163, "Lookahead": 30 }