{ "BFS": 24.065021, "A*": 23.138607, "F-Hat": 22.233501, "Risk": 22.354266, "Lookahead": 300 }