{ "BFS": 22.270896, "A*": 23.227542, "F-Hat": 25.865241, "Risk": 24.018016, "Lookahead": 30 }