{ "BFS": 25.693230, "A*": 39.545814, "F-Hat": 40.240564, "Risk": 40.104765, "Lookahead": 30 }