{ "BFS": 25.244598, "A*": 39.099485, "F-Hat": 48.599770, "Risk": 45.082476, "Lookahead": 30 }