{ "BFS": 22.138481, "A*": 22.432792, "F-Hat": 21.747872, "Risk": 22.378219, "Confidence": 41.264694, "LSS-LRTA*": 35.622087, "Lookahead": 300 }