{ "BFS": 22.633196, "A*": 23.077891, "F-Hat": 21.844016, "Risk": 20.980175, "Confidence": 51.698791, "LSS-LRTA*": 35.479155, "Lookahead": 300 }