{ "BFS": 24.930046, "A*": 21.873006, "F-Hat": 23.388269, "Risk": 24.524569, "Lookahead": 30 }