{ "BFS": 26.699056, "A*": 24.634937, "F-Hat": 26.363574, "Risk": 25.361784, "Lookahead": 30 }