{ "BFS": 25.693725, "A*": 22.795154, "F-Hat": 26.557491, "Risk": 24.247048, "Lookahead": 30 }