{ "BFS": 26.124816, "A*": 24.131940, "F-Hat": 24.066656, "Risk": 22.572663, "Confidence": 39.666310, "LSS-LRTA*": 36.099503, "Lookahead": 30 }