{ "BFS": 21.289479, "A*": 44.770076, "F-Hat": 46.858378, "Risk": 47.393699, "Lookahead": 300 }