{ "BFS": 25.048229, "A*": 24.732934, "F-Hat": 26.013944, "Risk": 24.477410, "Lookahead": 30 }