{ "BFS": 20.758236, "A*": 21.829153, "F-Hat": 23.471956, "Risk": 23.132842, "Lookahead": 30 }