{ "BFS": 28.929912, "A*": 25.712257, "F-Hat": 27.541775, "Risk": 24.006455, "Lookahead": 30 }