{ "BFS": 22.185290, "A*": 20.996611, "F-Hat": 25.807309, "Risk": 23.714283, "Lookahead": 30 }