{ "BFS": 24.817922, "A*": 22.649597, "F-Hat": 25.802446, "Risk": 23.905397, "Lookahead": 30 }