{ "BFS": 24.377568, "A*": 22.915889, "F-Hat": 27.004593, "Risk": 24.333170, "Lookahead": 30 }