{ "BFS": 25.059242, "A*": 24.995548, "F-Hat": 26.308056, "Risk": 24.855152, "Lookahead": 30 }