{ "BFS": 25.850839, "A*": 22.086860, "F-Hat": 27.617547, "Risk": 23.533268, "Lookahead": 30 }