{ "BFS": 24.439118, "A*": 25.186434, "F-Hat": 25.168721, "Risk": 24.115963, "Lookahead": 30 }