{ "BFS": 24.263446, "A*": 24.805097, "F-Hat": 25.750575, "Risk": 23.666849, "Lookahead": 30 }