{ "BFS": 25.046992, "A*": 21.984727, "F-Hat": 22.399959, "Risk": 21.874064, "Lookahead": 300 }