{ "BFS": 23.021250, "A*": 22.223904, "F-Hat": 21.604372, "Risk": 20.197193, "Lookahead": 300 }