{ "BFS": 24.729742, "A*": 23.404927, "F-Hat": 23.035502, "Risk": 24.315924, "Lookahead": 30 }