{ "BFS": 23.875115, "A*": 22.889004, "F-Hat": 22.576651, "Risk": 23.309699, "LSS-LRTA*": 35.205758, "Lookahead": 300 }