{ "BFS": 27.376439, "A*": 23.759519, "F-Hat": 25.190715, "Risk": 23.671576, "Lookahead": 30 }