{ "BFS": 23.186371, "A*": 25.052813, "F-Hat": 24.146546, "Risk": 22.106559, "Lookahead": 30 }