{ "BFS": 24.273162, "A*": 24.081631, "F-Hat": 25.295312, "Risk": 24.758320, "Lookahead": 30 }