{ "BFS": 25.352903, "A*": 24.642728, "F-Hat": 26.707052, "Risk": 23.069460, "Lookahead": 30 }