{ "BFS": 24.372424, "A*": 44.485011, "F-Hat": 44.699916, "Risk": 38.914530, "Lookahead": 30 }