{ "BFS": 24.824325, "A*": 24.389770, "F-Hat": 23.225971, "Risk": 24.267157, "Lookahead": 30 }