{ "BFS": 24.804487, "A*": 24.587059, "F-Hat": 26.784239, "Risk": 23.545086, "Lookahead": 30 }