{ "BFS": 26.144199, "A*": 23.181606, "F-Hat": 27.772294, "Risk": 25.119202, "Lookahead": 30 }