{ "BFS": 25.349181, "A*": 23.190692, "F-Hat": 23.035276, "Risk": 24.032149, "Confidence": 47.021413, "LSS-LRTA*": 38.270830, "Lookahead": 30 }