{ "BFS": 25.073267, "A*": 23.664500, "F-Hat": 25.423456, "Risk": 22.655963, "Lookahead": 30 }