{ "BFS": 23.882339, "A*": 22.766557, "F-Hat": 28.177485, "Risk": 22.291118, "Lookahead": 30 }