{ "BFS": 20.823588, "A*": 40.407544, "F-Hat": 45.987304, "Risk": 49.590202, "Lookahead": 300 }