{ "BFS": 28.160785, "A*": 42.884132, "F-Hat": 39.689968, "Risk": 39.335732, "Lookahead": 30 }