{ "BFS": 25.502760, "A*": 22.148639, "F-Hat": 26.417597, "Risk": 26.371526, "Lookahead": 30 }