{ "BFS": 26.380241, "A*": 44.189242, "F-Hat": 43.418756, "Risk": 41.946861, "Lookahead": 30 }