{ "BFS": 26.548256, "A*": 26.941312, "F-Hat": 27.202166, "Risk": 24.903446, "Lookahead": 30 }