{ "BFS": 27.648323, "A*": 24.855764, "F-Hat": 28.373627, "Risk": 24.937021, "Lookahead": 30 }