{ "BFS": 25.736508, "A*": 21.672691, "F-Hat": 26.599836, "Risk": 25.494658, "Lookahead": 30 }