{ "BFS": 25.082957, "A*": 24.764933, "F-Hat": 26.765822, "Risk": 25.837616, "Lookahead": 30 }