{ "BFS": 25.410410, "A*": 24.506594, "F-Hat": 25.922761, "Risk": 25.184304, "Lookahead": 30 }