{ "BFS": 27.588554, "A*": 24.963458, "F-Hat": 25.768121, "Risk": 25.615409, "Lookahead": 30 }