{ "BFS": 25.681248, "A*": 24.104729, "F-Hat": 28.170341, "Risk": 25.428371, "Lookahead": 30 }