{ "BFS": 24.934678, "A*": 22.760073, "F-Hat": 26.112721, "Risk": 21.736867, "Lookahead": 30 }