{ "BFS": 26.586840, "A*": 24.948876, "F-Hat": 26.565756, "Risk": 21.293426, "Lookahead": 30 }