{ "BFS": 25.633857, "A*": 25.468534, "F-Hat": 25.847921, "Risk": 24.725008, "Lookahead": 30 }