{ "BFS": 25.085592, "A*": 24.379763, "F-Hat": 26.869425, "Risk": 23.144002, "Lookahead": 30 }