{ "BFS": 21.124832, "A*": 47.420708, "F-Hat": 41.587225, "Risk": 43.748402, "Lookahead": 300 }