{ "BFS": 24.523132, "A*": 23.948244, "F-Hat": 25.819593, "Risk": 26.153685, "Lookahead": 30 }