{ "BFS": 24.470066, "A*": 21.109799, "F-Hat": 26.077221, "Risk": 24.299563, "Lookahead": 30 }