{ "BFS": 24.910888, "A*": 23.455848, "F-Hat": 25.399558, "Risk": 25.114342, "Lookahead": 30 }