{ "BFS": 24.560198, "A*": 22.344148, "F-Hat": 23.905591, "Risk": 22.315774, "Lookahead": 30 }