{ "BFS": 26.411644, "A*": 24.921851, "F-Hat": 24.077740, "Risk": 21.975742, "Lookahead": 30 }