{ "BFS": 21.585898, "A*": 22.095568, "F-Hat": 19.322068, "Risk": 21.641257, "Lookahead": 300 }