{ "BFS": 25.823581, "A*": 24.409903, "F-Hat": 25.352899, "Risk": 26.828469, "Lookahead": 30 }