{ "BFS": 24.729426, "A*": 40.786208, "F-Hat": 44.214480, "Risk": 44.720519, "Lookahead": 300 }