{ "BFS": 22.615834, "A*": 25.485849, "F-Hat": 25.091740, "Risk": 22.812313, "Lookahead": 30 }