{ "BFS": 24.831806, "A*": 22.490979, "F-Hat": 27.626735, "Risk": 22.490979, "Lookahead": 30 }