{ "BFS": 26.526001, "A*": 21.346754, "F-Hat": 25.718581, "Risk": 22.760387, "Lookahead": 30 }