{ "BFS": 22.610851, "A*": 22.974339, "F-Hat": 24.220846, "Risk": 24.125803, "Lookahead": 30 }