{ "BFS": 25.589849, "A*": 22.911197, "F-Hat": 25.235779, "Risk": 26.299879, "Lookahead": 30 }