{ "BFS": 22.945939, "A*": 20.374220, "F-Hat": 21.049400, "Risk": 21.895502, "Confidence": 41.603450, "LSS-LRTA*": 33.772905, "Lookahead": 300 }