{ "BFS": 26.382716, "A*": 21.814377, "F-Hat": 30.735467, "Risk": 23.059075, "Lookahead": 30 }