{ "BFS": 22.149219, "A*": 24.073226, "F-Hat": 25.335832, "Risk": 24.304223, "Lookahead": 30 }