{ "BFS": 22.195549, "A*": 22.336474, "F-Hat": 25.302662, "Risk": 23.007980, "Lookahead": 30 }