{ "BFS": 21.344941, "A*": 21.424987, "F-Hat": 24.140257, "Risk": 22.988905, "Lookahead": 30 }