{ "BFS": 23.478964, "A*": 24.805135, "F-Hat": 25.259218, "Risk": 24.354402, "Lookahead": 30 }