{ "BFS": 21.926788, "A*": 21.974761, "F-Hat": 21.584176, "Risk": 21.885799, "LSS-LRTA*": 33.887907, "Lookahead": 300 }