{ "BFS": 27.883669, "A*": 24.584126, "F-Hat": 26.697946, "Risk": 23.516205, "Lookahead": 30 }