{ "BFS": 22.300871, "A*": 20.300204, "F-Hat": 20.436942, "Risk": 19.626347, "Confidence": 47.967828, "LSS-LRTA*": 38.613149, "Lookahead": 300 }