{ "BFS": 26.444434, "A*": 26.781853, "F-Hat": 25.040157, "Risk": 24.427664, "Lookahead": 30 }