{ "BFS": 22.804494, "A*": 24.136169, "F-Hat": 27.746507, "Risk": 25.189787, "Lookahead": 30 }