{ "BFS": 25.430188, "A*": 22.082574, "F-Hat": 24.375544, "Risk": 24.054090, "Lookahead": 30 }