{ "BFS": 23.783116, "A*": 22.540859, "F-Hat": 25.982959, "Risk": 23.221775, "Lookahead": 30 }