{ "BFS": 25.793277, "A*": 47.387770, "F-Hat": 44.591402, "Risk": 38.974613, "Lookahead": 30 }