{ "BFS": 24.319747, "A*": 22.293905, "F-Hat": 22.904373, "Risk": 22.075200, "Confidence": 51.324584, "LSS-LRTA*": 36.599769, "Lookahead": 300 }