{ "BFS": 27.857927, "A*": 24.999983, "F-Hat": 25.000193, "Risk": 23.931084, "Lookahead": 30 }