{ "BFS": 22.646378, "A*": 24.337567, "F-Hat": 28.647240, "Risk": 24.595613, "Lookahead": 30 }