{ "BFS": 25.364392, "A*": 22.505186, "F-Hat": 26.465739, "Risk": 23.535149, "Lookahead": 30 }