{ "BFS": 26.426237, "A*": 22.828205, "F-Hat": 26.477972, "Risk": 24.417046, "Lookahead": 30 }