{ "BFS": 23.277696, "A*": 37.087204, "F-Hat": 40.901795, "Risk": 41.921748, "Lookahead": 30 }