{ "BFS": 25.673354, "A*": 23.013773, "F-Hat": 25.342796, "Risk": 23.551963, "Lookahead": 30 }