{ "BFS": 28.043882, "A*": 23.177325, "F-Hat": 26.895070, "Risk": 25.524014, "Lookahead": 30 }