{ "BFS": 24.089984, "A*": 24.530485, "F-Hat": 27.249650, "Risk": 23.046023, "Lookahead": 30 }