{ "BFS": 26.728664, "A*": 25.190198, "F-Hat": 26.524167, "Risk": 24.264556, "Lookahead": 30 }