{ "BFS": 25.831794, "A*": 25.071064, "F-Hat": 25.704083, "Risk": 23.968584, "Lookahead": 30 }