{ "BFS": 25.531142, "A*": 24.144523, "F-Hat": 25.427778, "Risk": 24.260925, "Lookahead": 30 }