{ "BFS": 26.043060, "A*": 42.507927, "F-Hat": 43.462283, "Risk": 46.521829, "Lookahead": 30 }