{ "BFS": 24.021166, "A*": 25.689763, "F-Hat": 24.538244, "Risk": 25.480320, "Lookahead": 30 }