{ "BFS": 24.185793, "A*": 25.055841, "F-Hat": 26.348729, "Risk": 25.444616, "Lookahead": 30 }