{ "BFS": 24.381599, "A*": 24.630297, "F-Hat": 27.811619, "Risk": 25.542756, "Lookahead": 30 }