{ "BFS": 25.159773, "A*": 20.438104, "F-Hat": 28.020525, "Risk": 25.001303, "Lookahead": 30 }