{ "BFS": 24.016957, "A*": 23.839121, "F-Hat": 24.593112, "Risk": 25.615906, "Lookahead": 30 }