{ "BFS": 23.906522, "A*": 24.464229, "F-Hat": 23.983856, "Risk": 22.993095, "Confidence": 45.462378, "LSS-LRTA*": 33.705436, "Lookahead": 30 }