{ "BFS": 24.354226, "A*": 21.270553, "F-Hat": 25.251128, "Risk": 22.093018, "Lookahead": 30 }