{ "BFS": 22.765897, "A*": 23.221450, "F-Hat": 26.222053, "Risk": 21.842629, "Lookahead": 30 }