{ "BFS": 25.622919, "A*": 25.470983, "F-Hat": 27.908136, "Risk": 25.062502, "Lookahead": 30 }