{ "BFS": 23.911493, "A*": 21.969874, "F-Hat": 25.071037, "Risk": 22.769071, "Lookahead": 30 }