{ "BFS": 24.997595, "A*": 21.691699, "F-Hat": 22.007685, "Risk": 23.488580, "Lookahead": 30 }