{ "BFS": 23.943536, "A*": 23.246857, "F-Hat": 26.026347, "Risk": 24.551702, "Lookahead": 30 }