{ "BFS": 25.585451, "A*": 24.791563, "F-Hat": 26.128406, "Risk": 23.134671, "Lookahead": 30 }