{ "BFS": 25.013061, "A*": 22.341057, "F-Hat": 27.878824, "Risk": 23.056817, "Lookahead": 30 }