{ "BFS": 25.709124, "A*": 22.968770, "F-Hat": 28.478157, "Risk": 23.556794, "Lookahead": 30 }