{ "BFS": 26.595046, "A*": 23.035179, "F-Hat": 26.701992, "Risk": 24.860525, "Lookahead": 30 }