{ "BFS": 24.453261, "A*": 21.420654, "F-Hat": 25.067768, "Risk": 24.995474, "Lookahead": 30 }