{ "BFS": 25.420861, "A*": 24.900738, "F-Hat": 25.183319, "Risk": 23.138378, "Lookahead": 30 }