{ "BFS": 25.838761, "A*": 24.454996, "F-Hat": 26.723580, "Risk": 24.093222, "Lookahead": 30 }