{ "BFS": 26.715763, "A*": 22.424255, "F-Hat": 24.943476, "Risk": 21.429405, "Lookahead": 30 }