{ "BFS": 24.941459, "A*": 24.783833, "F-Hat": 24.404424, "Risk": 25.946159, "Lookahead": 30 }