{ "BFS": 24.550411, "A*": 23.175790, "F-Hat": 22.840048, "Risk": 21.688200, "Confidence": 46.986482, "LSS-LRTA*": 36.158014, "Lookahead": 30 }