{ "BFS": 24.151662, "A*": 24.548236, "F-Hat": 27.759225, "Risk": 24.590371, "Lookahead": 30 }