{ "BFS": 24.755373, "A*": 23.991287, "F-Hat": 26.766912, "Risk": 24.542741, "Lookahead": 30 }