{ "BFS": 25.917182, "A*": 23.439932, "F-Hat": 23.967897, "Risk": 22.943418, "Lookahead": 30 }