{ "BFS": 26.475382, "A*": 24.656550, "F-Hat": 28.804694, "Risk": 24.218469, "Lookahead": 30 }