{ "BFS": 23.982644, "A*": 22.775275, "F-Hat": 24.462002, "Risk": 24.969794, "Lookahead": 30 }