{ "BFS": 25.659493, "A*": 21.010502, "F-Hat": 22.664579, "Risk": 20.737261, "LSS-LRTA*": 38.080929, "Lookahead": 30 }