{ "BFS": 26.031005, "A*": 21.791373, "F-Hat": 22.889134, "Risk": 23.277620, "Lookahead": 30 }