{ "BFS": 24.211481, "A*": 23.785474, "F-Hat": 28.037736, "Risk": 22.597782, "Lookahead": 30 }