{ "BFS": 22.631320, "A*": 23.480745, "F-Hat": 22.865754, "Risk": 21.971339, "Lookahead": 300 }