{ "BFS": 24.807892, "A*": 23.495546, "F-Hat": 25.328349, "Risk": 25.307981, "Lookahead": 30 }