{ "BFS": 23.243199, "A*": 23.816208, "F-Hat": 23.032506, "Risk": 22.787117, "LSS-LRTA*": 32.596279, "Lookahead": 30 }