{ "BFS": 24.882961, "A*": 24.245704, "F-Hat": 28.061802, "Risk": 22.056831, "Lookahead": 30 }