{ "BFS": 26.186915, "A*": 22.459664, "F-Hat": 26.291755, "Risk": 25.510482, "Lookahead": 30 }