{ "BFS": 22.786809, "A*": 40.591832, "F-Hat": 46.790666, "Risk": 43.128617, "Lookahead": 30 }