{ "BFS": 25.112383, "A*": 25.116139, "F-Hat": 23.765027, "Risk": 22.566497, "Lookahead": 30 }