{ "BFS": 26.179498, "A*": 24.007523, "F-Hat": 25.318507, "Risk": 25.349040, "Lookahead": 30 }