{ "BFS": 24.208896, "A*": 22.594760, "F-Hat": 22.279594, "Risk": 20.186242, "Confidence": 44.236424, "LSS-LRTA*": 41.912813, "Lookahead": 300 }