{ "BFS": 24.937212, "A*": 24.160268, "F-Hat": 24.419233, "Risk": 23.257719, "Lookahead": 30 }