{ "BFS": 23.889031, "A*": 23.492520, "F-Hat": 25.031406, "Risk": 25.323155, "Lookahead": 30 }