{ "BFS": 24.816083, "A*": 25.326249, "F-Hat": 25.060244, "Risk": 22.778080, "Lookahead": 30 }