{ "BFS": 24.738851, "A*": 23.065327, "F-Hat": 26.875639, "Risk": 23.971053, "Lookahead": 30 }