{ "BFS": 22.014572, "A*": 26.161026, "F-Hat": 27.968891, "Risk": 27.569396, "Lookahead": 30 }