{ "BFS": 24.347856, "A*": 22.608370, "F-Hat": 23.582266, "Risk": 21.822650, "Lookahead": 300 }