{ "BFS": 24.760047, "A*": 38.696010, "F-Hat": 45.060088, "Risk": 38.812960, "Lookahead": 30 }