{ "BFS": 25.502885, "A*": 21.486382, "F-Hat": 25.767225, "Risk": 24.707165, "Lookahead": 30 }