{ "BFS": 24.795650, "A*": 22.156880, "F-Hat": 27.875902, "Risk": 23.304122, "Lookahead": 30 }