{ "BFS": 24.994643, "A*": 24.010245, "F-Hat": 26.261913, "Risk": 24.427144, "Lookahead": 30 }