{ "BFS": 23.892154, "A*": 22.806307, "F-Hat": 21.689445, "Risk": 22.658847, "Lookahead": 300 }