{ "BFS": 25.162467, "A*": 22.270924, "F-Hat": 23.065915, "Risk": 21.296651, "Lookahead": 300 }