{ "BFS": 24.465225, "A*": 23.911392, "F-Hat": 25.662728, "Risk": 23.665846, "Lookahead": 30 }