{ "BFS": 26.008512, "A*": 24.550168, "F-Hat": 26.595244, "Risk": 24.571821, "Lookahead": 30 }