{ "BFS": 23.616003, "A*": 24.418900, "F-Hat": 26.688946, "Risk": 25.058849, "Lookahead": 30 }