{ "BFS": 22.661424, "A*": 23.480244, "F-Hat": 24.097780, "Risk": 22.797030, "LSS-LRTA*": 37.790407, "Lookahead": 30 }