{ "BFS": 24.607519, "A*": 23.534683, "F-Hat": 26.639011, "Risk": 23.614841, "Lookahead": 30 }