{ "BFS": 25.585977, "A*": 22.990861, "F-Hat": 26.991654, "Risk": 24.080573, "Lookahead": 30 }