{ "BFS": 22.950015, "A*": 24.853966, "F-Hat": 26.990592, "Risk": 24.098660, "Lookahead": 30 }