{ "BFS": 26.357726, "A*": 22.953797, "F-Hat": 26.247558, "Risk": 24.008855, "Lookahead": 30 }