{ "BFS": 24.500935, "A*": 25.320875, "F-Hat": 25.096866, "Risk": 25.826411, "Lookahead": 30 }