{ "BFS": 24.747929, "A*": 23.537657, "F-Hat": 24.487763, "Risk": 22.985157, "Lookahead": 30 }