{ "BFS": 25.474436, "A*": 22.045407, "F-Hat": 26.882577, "Risk": 23.192772, "Lookahead": 30 }