{ "BFS": 22.622863, "A*": 23.055301, "F-Hat": 24.896275, "Risk": 22.319158, "Lookahead": 30 }