{ "BFS": 24.379754, "A*": 24.623414, "F-Hat": 27.621965, "Risk": 23.283333, "Lookahead": 30 }