{ "BFS": 25.733217, "A*": 24.546095, "F-Hat": 27.613560, "Risk": 25.302900, "Lookahead": 30 }