{ "BFS": 21.569813, "A*": 23.205265, "F-Hat": 25.824426, "Risk": 23.906662, "Lookahead": 30 }