{ "BFS": 26.771381, "A*": 23.158235, "F-Hat": 28.070888, "Risk": 25.747578, "Lookahead": 30 }