{ "BFS": 23.318920, "A*": 25.135797, "F-Hat": 25.951052, "Risk": 25.542238, "Lookahead": 30 }