{ "BFS": 24.440036, "A*": 23.942835, "F-Hat": 26.408140, "Risk": 21.679874, "Lookahead": 30 }