{ "BFS": 24.861531, "A*": 21.957569, "F-Hat": 25.074469, "Risk": 22.591693, "Lookahead": 30 }