{ "BFS": 23.698519, "A*": 41.648749, "F-Hat": 41.231125, "Risk": 46.033403, "Lookahead": 300 }