{ "BFS": 24.205531, "A*": 22.178648, "F-Hat": 22.896715, "Risk": 24.111179, "Lookahead": 30 }