{ "BFS": 22.816564, "A*": 21.969179, "F-Hat": 25.436398, "Risk": 21.969695, "Lookahead": 300 }