{ "BFS": 24.537817, "A*": 21.353414, "F-Hat": 22.010681, "Risk": 20.859523, "Lookahead": 300 }