{ "BFS": 25.968869, "A*": 23.686516, "F-Hat": 26.291790, "Risk": 22.857577, "Lookahead": 30 }