{ "BFS": 26.074613, "A*": 26.162418, "F-Hat": 28.279830, "Risk": 24.407370, "Lookahead": 30 }