{ "BFS": 25.463130, "A*": 24.068344, "F-Hat": 27.547688, "Risk": 22.676705, "Lookahead": 30 }