{ "BFS": 27.421356, "A*": 25.580632, "F-Hat": 27.423485, "Risk": 22.184079, "Lookahead": 30 }