{ "BFS": 23.195463, "A*": 24.117714, "F-Hat": 26.913595, "Risk": 22.764627, "Lookahead": 30 }