{ "BFS": 23.935350, "A*": 22.505626, "F-Hat": 23.561597, "Risk": 23.733076, "Confidence": 46.785032, "LSS-LRTA*": 39.078808, "Lookahead": 30 }