{ "BFS": 23.465321, "A*": 24.534390, "F-Hat": 25.920962, "Risk": 22.068968, "Lookahead": 30 }