{ "BFS": 26.126840, "A*": 23.601602, "F-Hat": 26.775659, "Risk": 23.436268, "Lookahead": 30 }