{ "BFS": 25.201854, "A*": 24.000930, "F-Hat": 25.409095, "Risk": 25.125995, "Lookahead": 30 }