{ "BFS": 24.072654, "A*": 23.890503, "F-Hat": 25.270267, "Risk": 21.905878, "Lookahead": 30 }