{ "BFS": 24.148014, "A*": 23.898800, "F-Hat": 23.272072, "Risk": 22.967658, "Lookahead": 30 }