{ "BFS": 24.599282, "A*": 23.355437, "F-Hat": 24.386319, "Risk": 25.390326, "Lookahead": 30 }