{ "BFS": 22.124235, "A*": 42.209820, "F-Hat": 39.768068, "Risk": 37.691592, "Lookahead": 300 }