{ "BFS": 25.276313, "A*": 23.156500, "F-Hat": 24.288811, "Risk": 22.045695, "Confidence": 48.173793, "LSS-LRTA*": 36.302674, "Lookahead": 30 }