{ "BFS": 23.826003, "A*": 24.248845, "F-Hat": 23.751607, "Risk": 20.890036, "Lookahead": 30 }