{ "BFS": 25.836481, "A*": 22.618079, "F-Hat": 23.525749, "Risk": 23.256405, "Confidence": 40.608762, "LSS-LRTA*": 35.866525, "Lookahead": 30 }