{ "BFS": 25.788009, "A*": 27.108831, "F-Hat": 26.192979, "Risk": 22.946042, "Lookahead": 30 }