{ "BFS": 24.555968, "A*": 22.845192, "F-Hat": 27.705947, "Risk": 22.211653, "Lookahead": 30 }