{ "BFS": 26.090239, "A*": 23.556385, "F-Hat": 28.404009, "Risk": 25.438224, "Lookahead": 30 }