{ "BFS": 25.978328, "A*": 24.445943, "F-Hat": 26.547739, "Risk": 24.313419, "Lookahead": 30 }