{ "BFS": 24.114042, "A*": 45.299915, "F-Hat": 44.214469, "Risk": 44.637319, "Lookahead": 30 }