{ "BFS": 25.282662, "A*": 26.669766, "F-Hat": 24.842263, "Risk": 24.196190, "Lookahead": 30 }