{ "BFS": 23.438291, "A*": 40.814738, "F-Hat": 41.738072, "Risk": 42.993314, "Lookahead": 300 }