{ "BFS": 25.841139, "A*": 23.014412, "F-Hat": 25.894872, "Risk": 23.464137, "Lookahead": 30 }