{ "BFS": 25.879387, "A*": 23.809540, "F-Hat": 27.834989, "Risk": 26.855976, "Lookahead": 30 }