{ "BFS": 25.810376, "A*": 22.316082, "F-Hat": 24.088251, "Risk": 23.689672, "Lookahead": 30 }