{ "BFS": 24.115770, "A*": 24.552874, "F-Hat": 25.542577, "Risk": 24.954754, "Confidence": 40.731429, "LSS-LRTA*": 37.954152, "Lookahead": 30 }