{ "BFS": 23.370110, "A*": 23.429533, "F-Hat": 24.730815, "Risk": 24.451015, "Lookahead": 30 }