{ "BFS": 24.198789, "A*": 24.015771, "F-Hat": 24.897747, "Risk": 23.428611, "Lookahead": 30 }