{ "BFS": 26.410464, "A*": 24.330670, "F-Hat": 27.712070, "Risk": 26.226302, "Lookahead": 30 }