{ "BFS": 27.567338, "A*": 25.756259, "F-Hat": 27.940055, "Risk": 26.079900, "Lookahead": 30 }