{ "BFS": 24.006078, "A*": 27.026835, "F-Hat": 26.181931, "Risk": 24.462020, "Lookahead": 30 }