{ "BFS": 26.715894, "A*": 24.186496, "F-Hat": 28.021275, "Risk": 24.469376, "Lookahead": 30 }