{ "BFS": 23.390852, "A*": 37.247689, "F-Hat": 45.798906, "Risk": 44.147887, "Lookahead": 30 }