{ "BFS": 23.429298, "A*": 21.439455, "F-Hat": 22.182470, "Risk": 23.424847, "Lookahead": 300 }