{ "BFS": 26.362470, "A*": 22.462619, "F-Hat": 26.930777, "Risk": 25.055962, "Lookahead": 30 }