{ "BFS": 22.812946, "A*": 24.951675, "F-Hat": 23.355488, "Risk": 22.515488, "Lookahead": 30 }