{ "BFS": 25.092123, "A*": 26.673327, "F-Hat": 28.973915, "Risk": 24.310208, "Lookahead": 30 }