{ "BFS": 25.819108, "A*": 22.499499, "F-Hat": 26.249853, "Risk": 23.365473, "Lookahead": 30 }