{ "BFS": 25.323067, "A*": 22.007909, "F-Hat": 23.664514, "Risk": 22.713272, "Lookahead": 30 }