{ "BFS": 21.669354, "A*": 21.444981, "F-Hat": 27.793313, "Risk": 19.887547, "Lookahead": 30 }