{ "BFS": 27.146302, "A*": 22.570015, "F-Hat": 24.814922, "Risk": 23.963409, "Lookahead": 30 }