{ "BFS": 23.630681, "A*": 24.767553, "F-Hat": 25.078037, "Risk": 21.994966, "Lookahead": 30 }