{ "BFS": 22.906439, "A*": 24.631469, "F-Hat": 25.565877, "Risk": 24.014286, "Lookahead": 30 }