{ "BFS": 27.065422, "A*": 23.594961, "F-Hat": 25.983499, "Risk": 23.074409, "Lookahead": 30 }