{ "BFS": 25.628591, "A*": 23.258387, "F-Hat": 26.028006, "Risk": 25.425659, "Lookahead": 30 }