{ "BFS": 25.222883, "A*": 23.496773, "F-Hat": 25.005722, "Risk": 26.041458, "Lookahead": 30 }