{ "BFS": 24.003803, "A*": 23.227049, "F-Hat": 26.576344, "Risk": 23.806386, "Lookahead": 30 }