{ "BFS": 23.063068, "A*": 27.324650, "F-Hat": 26.375079, "Risk": 22.555030, "Lookahead": 30 }