{ "BFS": 23.693311, "A*": 23.262729, "F-Hat": 27.290717, "Risk": 23.380956, "Lookahead": 30 }