{ "BFS": 24.454297, "A*": 22.516625, "F-Hat": 27.028573, "Risk": 24.341431, "Lookahead": 30 }