{ "BFS": 25.799096, "A*": 26.754054, "F-Hat": 27.871468, "Risk": 23.912197, "Lookahead": 30 }