{ "BFS": 28.805378, "A*": 24.999471, "F-Hat": 26.727133, "Risk": 24.046983, "Lookahead": 30 }