{ "BFS": 23.307087, "A*": 23.804496, "F-Hat": 25.247271, "Risk": 23.514920, "Lookahead": 30 }