{ "BFS": 21.864954, "A*": 39.024691, "F-Hat": 45.141049, "Risk": 45.375196, "Lookahead": 300 }