{ "BFS": 24.250122, "A*": 23.442956, "F-Hat": 23.775927, "Risk": 23.527633, "Lookahead": 30 }