{ "BFS": 27.016518, "A*": 35.481111, "F-Hat": 45.274796, "Risk": 39.587586, "Lookahead": 30 }