{ "BFS": 22.188758, "A*": 38.943300, "F-Hat": 43.831332, "Risk": 40.195538, "Lookahead": 300 }