{ "BFS": 25.865537, "A*": 26.194904, "F-Hat": 24.407034, "Risk": 22.795052, "Confidence": 39.648777, "LSS-LRTA*": 42.007095, "Lookahead": 30 }