{ "BFS": 24.440133, "A*": 23.976950, "F-Hat": 24.340209, "Risk": 23.021545, "Lookahead": 30 }