{ "BFS": 24.872014, "A*": 26.443613, "F-Hat": 24.583947, "Risk": 24.233851, "Lookahead": 30 }