{ "BFS": 26.147101, "A*": 26.195557, "F-Hat": 27.365122, "Risk": 23.885080, "Lookahead": 30 }