{ "BFS": 25.386492, "A*": 24.556235, "F-Hat": 26.469484, "Risk": 24.547744, "Lookahead": 30 }