{ "BFS": 26.203284, "A*": 25.214099, "F-Hat": 29.100755, "Risk": 24.904239, "Lookahead": 30 }