{ "BFS": 28.470679, "A*": 22.227977, "F-Hat": 24.039212, "Risk": 23.149526, "Lookahead": 30 }