{ "BFS": 25.361613, "A*": 24.943253, "F-Hat": 26.458739, "Risk": 26.349327, "Lookahead": 30 }