{ "BFS": 24.210478, "A*": 22.546255, "F-Hat": 26.967101, "Risk": 23.605150, "Lookahead": 30 }