{ "BFS": 23.109247, "A*": 24.158649, "F-Hat": 26.992536, "Risk": 23.922871, "Lookahead": 30 }