{ "BFS": 25.475155, "A*": 22.307295, "F-Hat": 26.072028, "Risk": 24.088279, "Lookahead": 30 }