{ "BFS": 25.430181, "A*": 23.240982, "F-Hat": 25.319372, "Risk": 21.766249, "Lookahead": 30 }