{ "BFS": 24.447029, "A*": 25.170833, "F-Hat": 24.963003, "Risk": 22.587906, "Lookahead": 30 }