{ "BFS": 35.025621, "A*": 23.977853, "F-Hat": 27.161500, "Risk": 16.660809, "Lookahead": 30 }