{ "BFS": 26.602669, "A*": 24.490298, "F-Hat": 27.967923, "Risk": 26.084033, "Lookahead": 30 }