{ "BFS": 24.581845, "A*": 24.119747, "F-Hat": 22.620648, "Risk": 22.853742, "Lookahead": 300 }