{ "BFS": 23.518756, "A*": 22.793466, "F-Hat": 24.744399, "Risk": 23.679554, "Lookahead": 30 }