{ "BFS": 24.228611, "A*": 23.771410, "F-Hat": 23.641399, "Risk": 22.570562, "Lookahead": 30 }