{ "BFS": 24.434675, "A*": 23.003377, "F-Hat": 22.930242, "Risk": 24.017241, "Confidence": 43.510926, "LSS-LRTA*": 39.747992, "Lookahead": 30 }