{ "BFS": 22.869621, "A*": 42.165228, "F-Hat": 41.203605, "Risk": 40.516703, "Lookahead": 300 }