{ "BFS": 24.341769, "A*": 24.606669, "F-Hat": 25.550468, "Risk": 26.549930, "Lookahead": 30 }