{ "BFS": 23.583650, "A*": 24.017385, "F-Hat": 26.164507, "Risk": 23.564808, "Lookahead": 30 }