{ "BFS": 25.174834, "A*": 27.143051, "F-Hat": 24.784361, "Risk": 23.227565, "LSS-LRTA*": 38.677146, "Lookahead": 30 }