{ "BFS": 26.648374, "A*": 24.306277, "F-Hat": 25.241846, "Risk": 24.769233, "Lookahead": 30 }