{ "BFS": 25.095666, "A*": 24.415574, "F-Hat": 26.909256, "Risk": 24.295858, "Lookahead": 30 }