{ "BFS": 27.152224, "A*": 22.997119, "F-Hat": 22.938263, "Risk": 22.361971, "LSS-LRTA*": 32.528457, "Lookahead": 30 }