{ "BFS": 25.369892, "A*": 24.474148, "F-Hat": 25.236098, "Risk": 22.929795, "Lookahead": 30 }