{ "BFS": 27.006533, "A*": 24.726364, "F-Hat": 27.275672, "Risk": 24.371286, "Lookahead": 30 }