{ "BFS": 23.404498, "A*": 41.450429, "F-Hat": 41.077626, "Risk": 42.654841, "Lookahead": 300 }