{ "BFS": 23.974513, "A*": 25.604684, "F-Hat": 25.712209, "Risk": 25.989317, "Lookahead": 30 }