{ "BFS": 24.360310, "A*": 23.972164, "F-Hat": 25.500207, "Risk": 24.358731, "Lookahead": 30 }