{ "BFS": 26.621475, "A*": 24.450943, "F-Hat": 27.232014, "Risk": 23.508226, "Lookahead": 30 }