{ "BFS": 25.965312, "A*": 25.378316, "F-Hat": 26.279239, "Risk": 26.471430, "Lookahead": 30 }