{ "BFS": 24.662211, "A*": 24.187354, "F-Hat": 26.318280, "Risk": 23.307442, "Lookahead": 30 }