{ "BFS": 25.811647, "A*": 41.086478, "F-Hat": 41.536972, "Risk": 45.860955, "Lookahead": 30 }