{ "BFS": 28.801768, "A*": 23.437723, "F-Hat": 25.358800, "Risk": 25.500748, "Lookahead": 30 }