{ "BFS": 25.085330, "A*": 23.275321, "F-Hat": 25.439297, "Risk": 23.362464, "Lookahead": 30 }