{ "BFS": 26.413277, "A*": 25.250352, "F-Hat": 25.503335, "Risk": 23.285957, "Lookahead": 30 }