{ "BFS": 26.389254, "A*": 23.301139, "F-Hat": 23.384711, "Risk": 23.446302, "Lookahead": 30 }