{ "BFS": 26.236545, "A*": 21.984814, "F-Hat": 28.024354, "Risk": 26.160805, "Lookahead": 30 }