{ "BFS": 23.096651, "A*": 22.639453, "F-Hat": 24.714320, "Risk": 26.241159, "Lookahead": 30 }