{ "BFS": 25.296327, "A*": 25.017009, "F-Hat": 23.963244, "Risk": 24.925373, "Confidence": 40.519939, "LSS-LRTA*": 34.302110, "Lookahead": 30 }