{ "BFS": 27.544760, "A*": 23.738724, "F-Hat": 25.429581, "Risk": 24.196200, "Lookahead": 30 }