{ "BFS": 24.422745, "A*": 22.443809, "F-Hat": 21.970042, "Risk": 22.066883, "Confidence": 49.265056, "LSS-LRTA*": 34.753139, "Lookahead": 300 }