{ "BFS": 24.848918, "A*": 43.324408, "F-Hat": 41.959837, "Risk": 45.071387, "Lookahead": 30 }