{ "BFS": 27.747591, "A*": 25.809246, "F-Hat": 27.252963, "Risk": 24.864038, "Lookahead": 30 }