{ "BFS": 26.162817, "A*": 22.432245, "F-Hat": 25.309320, "Risk": 23.112235, "Lookahead": 30 }