{ "BFS": 24.544257, "A*": 38.326345, "F-Hat": 41.673482, "Risk": 42.940802, "Lookahead": 30 }