{ "BFS": 23.812266, "A*": 21.573428, "F-Hat": 22.771376, "Risk": 22.574386, "Lookahead": 300 }