{ "BFS": 22.923680, "A*": 37.761768, "F-Hat": 44.857148, "Risk": 42.606943, "Lookahead": 300 }