{ "BFS": 26.310126, "A*": 24.941913, "F-Hat": 26.247493, "Risk": 22.791205, "Lookahead": 30 }