{ "BFS": 23.670047, "A*": 22.314701, "F-Hat": 21.765789, "Risk": 21.397678, "Confidence": 47.528983, "LSS-LRTA*": 33.875937, "Lookahead": 300 }