{ "BFS": 25.751568, "A*": 22.164002, "F-Hat": 24.421356, "Risk": 26.112701, "Lookahead": 30 }