{ "BFS": 24.863723, "A*": 24.558641, "F-Hat": 25.208407, "Risk": 22.707638, "Lookahead": 30 }