{ "BFS": 25.695687, "A*": 23.107310, "F-Hat": 23.698320, "Risk": 24.429733, "Confidence": 36.817225, "LSS-LRTA*": 34.265426, "Lookahead": 30 }