{ "BFS": 25.994997, "A*": 23.947400, "F-Hat": 26.899522, "Risk": 25.666650, "Lookahead": 30 }