{ "BFS": 25.781456, "A*": 25.499974, "F-Hat": 26.530462, "Risk": 24.568730, "Lookahead": 30 }