{ "BFS": 22.782028, "A*": 23.771799, "F-Hat": 23.334379, "Risk": 23.274876, "Confidence": 42.665974, "LSS-LRTA*": 37.844865, "Lookahead": 30 }