{ "BFS": 25.016129, "A*": 23.924330, "F-Hat": 25.195623, "Risk": 24.908223, "Lookahead": 30 }