{ "BFS": 23.752400, "A*": 22.336111, "F-Hat": 26.969467, "Risk": 23.057402, "Lookahead": 30 }