{ "BFS": 23.236786, "A*": 22.441827, "F-Hat": 22.088918, "Risk": 21.103665, "Lookahead": 300 }