{ "BFS": 26.941595, "A*": 25.657715, "F-Hat": 28.816741, "Risk": 20.590628, "Lookahead": 30 }