{ "BFS": 24.466439, "A*": 40.628772, "F-Hat": 44.876953, "Risk": 42.766967, "Lookahead": 30 }