{ "BFS": 25.604331, "A*": 22.935147, "F-Hat": 24.735997, "Risk": 24.659082, "Lookahead": 30 }