{ "BFS": 24.218936, "A*": 23.412324, "F-Hat": 26.127775, "Risk": 22.464107, "Lookahead": 30 }