{ "BFS": 27.465796, "A*": 23.545839, "F-Hat": 26.428322, "Risk": 23.862098, "Lookahead": 30 }