{ "BFS": 24.209676, "A*": 23.698768, "F-Hat": 26.823777, "Risk": 20.683660, "Lookahead": 30 }