{ "BFS": 23.433036, "A*": 23.346267, "F-Hat": 23.781594, "Risk": 23.293911, "Lookahead": 30 }