{ "BFS": 25.289890, "A*": 24.079823, "F-Hat": 26.253490, "Risk": 23.008001, "Lookahead": 30 }