{ "BFS": 26.069746, "A*": 23.990978, "F-Hat": 25.971310, "Risk": 24.829040, "Lookahead": 30 }