{ "BFS": 24.411474, "A*": 35.315707, "F-Hat": 48.657349, "Risk": 36.132425, "Lookahead": 30 }