{ "BFS": 24.991468, "A*": 47.981414, "F-Hat": 42.791013, "Risk": 43.153803, "Lookahead": 30 }