{ "BFS": 25.377795, "A*": 25.712278, "F-Hat": 25.252048, "Risk": 25.435798, "Lookahead": 30 }