{ "BFS": 26.389238, "A*": 25.559665, "F-Hat": 27.268426, "Risk": 26.589501, "Lookahead": 30 }