{ "BFS": 24.704000, "A*": 21.909114, "F-Hat": 26.672636, "Risk": 23.560217, "Lookahead": 30 }