{ "BFS": 24.452031, "A*": 23.539323, "F-Hat": 27.229367, "Risk": 26.184410, "Lookahead": 30 }