{ "BFS": 25.624730, "A*": 23.285482, "F-Hat": 28.318048, "Risk": 24.871773, "Lookahead": 30 }