{ "BFS": 23.411460, "A*": 40.376891, "F-Hat": 41.982703, "Risk": 39.309382, "Lookahead": 300 }