{ "BFS": 24.716253, "A*": 23.360543, "F-Hat": 23.533531, "Risk": 24.509686, "Lookahead": 30 }