{ "BFS": 25.239105, "A*": 23.709339, "F-Hat": 25.988858, "Risk": 23.636512, "Lookahead": 30 }