{ "BFS": 26.712701, "A*": 25.488089, "F-Hat": 25.441827, "Risk": 25.134906, "Lookahead": 30 }