{ "BFS": 22.909050, "A*": 23.215909, "F-Hat": 23.655804, "Risk": 23.422813, "Lookahead": 300 }