{ "BFS": 21.368215, "A*": 43.377898, "F-Hat": 50.657791, "Risk": 43.781024, "Lookahead": 300 }