{ "BFS": 23.823334, "A*": 24.359222, "F-Hat": 23.239286, "Risk": 23.268902, "LSS-LRTA*": 36.331462, "Lookahead": 30 }