{ "BFS": 25.182607, "A*": 22.734974, "F-Hat": 26.462259, "Risk": 24.828521, "Lookahead": 30 }