{ "BFS": 24.468005, "A*": 21.710102, "F-Hat": 25.115522, "Risk": 24.802150, "Lookahead": 30 }