{ "BFS": 27.235186, "A*": 24.471892, "F-Hat": 25.189407, "Risk": 23.019607, "Lookahead": 30 }