{ "BFS": 22.268008, "A*": 39.326329, "F-Hat": 46.389442, "Risk": 43.722667, "Lookahead": 300 }