{ "BFS": 23.318360, "A*": 44.492375, "F-Hat": 44.481686, "Risk": 41.265597, "Lookahead": 30 }