{ "BFS": 23.635747, "A*": 24.162537, "F-Hat": 26.231164, "Risk": 25.724247, "Lookahead": 30 }