{ "BFS": 22.820004, "A*": 45.427152, "F-Hat": 45.414205, "Risk": 38.518760, "Lookahead": 300 }