{ "BFS": 24.469220, "A*": 24.100536, "F-Hat": 24.520077, "Risk": 23.794278, "Lookahead": 30 }