{ "BFS": 25.081579, "A*": 23.445038, "F-Hat": 26.067426, "Risk": 22.354666, "Lookahead": 30 }