{ "BFS": 25.480426, "A*": 23.739111, "F-Hat": 25.729854, "Risk": 23.192527, "Lookahead": 30 }