{ "BFS": 22.420921, "A*": 22.850871, "F-Hat": 26.393317, "Risk": 23.556521, "Lookahead": 30 }