{ "BFS": 26.825294, "A*": 21.944061, "F-Hat": 24.680477, "Risk": 23.632620, "Lookahead": 30 }