{ "BFS": 23.164040, "A*": 21.709355, "F-Hat": 25.854461, "Risk": 23.814713, "Lookahead": 30 }