{ "BFS": 27.097427, "A*": 25.687848, "F-Hat": 28.223431, "Risk": 24.445927, "Lookahead": 30 }