{ "BFS": 24.800619, "A*": 22.558750, "F-Hat": 23.019454, "Risk": 25.037172, "Lookahead": 30 }