{ "BFS": 24.832610, "A*": 23.878638, "F-Hat": 27.905340, "Risk": 25.449058, "Lookahead": 30 }