{ "BFS": 24.031552, "A*": 23.610355, "F-Hat": 25.453936, "Risk": 24.664809, "Lookahead": 30 }