{ "BFS": 22.553802, "A*": 23.779224, "F-Hat": 27.820697, "Risk": 22.070249, "Lookahead": 30 }