{ "BFS": 25.270438, "A*": 24.498938, "F-Hat": 25.225061, "Risk": 23.983115, "Lookahead": 30 }