{ "BFS": 26.118681, "A*": 24.856444, "F-Hat": 26.375128, "Risk": 22.485448, "Lookahead": 30 }