{ "BFS": 23.034080, "A*": 23.198552, "F-Hat": 25.590464, "Risk": 23.634010, "Lookahead": 30 }