{ "BFS": 24.536869, "A*": 25.062360, "F-Hat": 26.051565, "Risk": 26.673919, "Lookahead": 30 }