{ "BFS": 24.141160, "A*": 24.537495, "F-Hat": 26.291156, "Risk": 23.043634, "Lookahead": 30 }