{ "BFS": 24.741547, "A*": 35.109385, "F-Hat": 35.109385, "Risk": 50.670552, "Lookahead": 300 }