{ "BFS": 24.812953, "A*": 23.348603, "F-Hat": 27.144271, "Risk": 23.485949, "Lookahead": 30 }