{ "BFS": 25.846724, "A*": 24.245459, "F-Hat": 29.116294, "Risk": 22.999353, "Lookahead": 30 }