{ "BFS": 25.926841, "A*": 24.091530, "F-Hat": 25.661953, "Risk": 26.604753, "Lookahead": 30 }