{ "BFS": 24.899144, "A*": 21.759581, "F-Hat": 23.802732, "Risk": 22.884213, "Lookahead": 30 }