{ "BFS": 23.989070, "A*": 21.742934, "F-Hat": 25.993725, "Risk": 22.445875, "Lookahead": 30 }