{ "BFS": 25.887058, "A*": 22.786437, "F-Hat": 26.131924, "Risk": 23.359045, "Lookahead": 30 }