{ "BFS": 21.171623, "A*": 39.950262, "F-Hat": 44.811299, "Risk": 38.755060, "Lookahead": 300 }