{ "BFS": 24.330281, "A*": 23.922996, "F-Hat": 27.446267, "Risk": 23.863802, "Lookahead": 30 }