{ "BFS": 21.856434, "A*": 20.651174, "F-Hat": 21.442691, "Risk": 20.670618, "Confidence": 42.145395, "LSS-LRTA*": 36.571761, "Lookahead": 300 }