{ "BFS": 26.952785, "A*": 22.864331, "F-Hat": 26.164741, "Risk": 23.618902, "Lookahead": 30 }