{ "BFS": 26.160787, "A*": 25.341252, "F-Hat": 23.822374, "Risk": 22.886556, "LSS-LRTA*": 39.410491, "Lookahead": 30 }