{ "BFS": 26.560312, "A*": 24.637818, "F-Hat": 25.769340, "Risk": 22.225616, "Lookahead": 30 }