{ "BFS": 23.894294, "A*": 22.840758, "F-Hat": 25.149152, "Risk": 24.475218, "Confidence": 50.978746, "LSS-LRTA*": 35.710754, "Lookahead": 30 }