{ "BFS": 22.749009, "A*": 41.931734, "F-Hat": 47.761604, "Risk": 43.634021, "Lookahead": 30 }