{ "BFS": 23.798016, "A*": 24.040583, "F-Hat": 26.252172, "Risk": 22.827268, "Lookahead": 30 }