{ "BFS": 24.522954, "A*": 25.657334, "F-Hat": 26.332049, "Risk": 24.700354, "Lookahead": 30 }