{ "BFS": 25.258413, "A*": 24.817467, "F-Hat": 25.287387, "Risk": 23.677598, "Lookahead": 30 }