{ "BFS": 25.409645, "A*": 23.464873, "F-Hat": 27.716823, "Risk": 23.658642, "Lookahead": 30 }