{ "BFS": 25.750504, "A*": 22.202446, "F-Hat": 24.786617, "Risk": 24.018547, "Lookahead": 30 }