{ "BFS": 24.741053, "A*": 24.245704, "F-Hat": 22.429958, "Risk": 20.223691, "Confidence": 43.408156, "LSS-LRTA*": 32.806555, "Lookahead": 30 }