{ "BFS": 22.837358, "A*": 24.966195, "F-Hat": 28.231565, "Risk": 21.691144, "Lookahead": 30 }