{ "BFS": 24.431877, "A*": 23.248448, "F-Hat": 27.390874, "Risk": 23.417043, "Lookahead": 30 }