{ "BFS": 24.685769, "A*": 41.577499, "F-Hat": 47.196159, "Risk": 42.233489, "Lookahead": 300 }