{ "BFS": 26.692067, "A*": 23.829926, "F-Hat": 28.438148, "Risk": 25.145021, "Lookahead": 30 }