{ "BFS": 26.258927, "A*": 24.468274, "F-Hat": 25.684148, "Risk": 25.218771, "Lookahead": 30 }