{ "BFS": 24.808115, "A*": 25.047113, "F-Hat": 23.751101, "Risk": 24.747489, "Lookahead": 30 }