{ "BFS": 24.821950, "A*": 24.778326, "F-Hat": 27.554360, "Risk": 23.626806, "Lookahead": 30 }