{ "BFS": 23.017448, "A*": 22.849736, "F-Hat": 21.584039, "Risk": 20.269464, "Confidence": 55.345633, "LSS-LRTA*": 32.204600, "Lookahead": 300 }