{ "BFS": 26.683803, "A*": 23.098692, "F-Hat": 23.055028, "Risk": 25.657039, "Lookahead": 30 }