{ "BFS": 22.544979, "A*": 23.933304, "F-Hat": 23.918188, "Risk": 24.145207, "Lookahead": 30 }