{ "BFS": 28.933544, "A*": 24.606800, "F-Hat": 26.433305, "Risk": 26.365936, "Lookahead": 30 }