{ "BFS": 24.283321, "A*": 21.545885, "F-Hat": 22.497307, "Risk": 21.004463, "Lookahead": 300 }