{ "BFS": 26.161027, "A*": 25.006164, "F-Hat": 25.809101, "Risk": 23.784999, "Lookahead": 30 }