{ "BFS": 24.526830, "A*": 24.935838, "F-Hat": 27.411738, "Risk": 24.580345, "Lookahead": 30 }