{ "BFS": 26.406764, "A*": 24.403684, "F-Hat": 26.652243, "Risk": 25.855083, "Lookahead": 30 }