{ "BFS": 24.836658, "A*": 24.980988, "F-Hat": 26.127441, "Risk": 24.284960, "Lookahead": 30 }