{ "BFS": 24.729742, "A*": 39.835191, "F-Hat": 46.149781, "Risk": 42.668587, "Lookahead": 30 }