{ "BFS": 25.228219, "A*": 23.786605, "F-Hat": 25.540751, "Risk": 22.280386, "LSS-LRTA*": 35.689186, "Lookahead": 30 }