{ "BFS": 23.867903, "A*": 22.803191, "F-Hat": 25.160300, "Risk": 24.053551, "Lookahead": 30 }