{ "BFS": 26.533235, "A*": 26.432069, "F-Hat": 27.501229, "Risk": 24.678551, "Lookahead": 30 }