{ "BFS": 20.799151, "A*": 22.934346, "F-Hat": 27.573199, "Risk": 22.644598, "Lookahead": 30 }