{ "BFS": 25.579490, "A*": 23.363465, "F-Hat": 26.359514, "Risk": 22.839664, "Lookahead": 30 }