{ "BFS": 24.508517, "A*": 21.914472, "F-Hat": 26.029501, "Risk": 23.264257, "Lookahead": 30 }