{ "BFS": 20.125457, "A*": 22.642434, "F-Hat": 26.754937, "Risk": 22.963737, "Lookahead": 30 }