{ "BFS": 24.860874, "A*": 22.534685, "F-Hat": 26.898240, "Risk": 24.328532, "Lookahead": 30 }