{ "BFS": 22.716555, "A*": 22.662226, "F-Hat": 26.092042, "Risk": 23.606290, "Lookahead": 30 }