{ "BFS": 24.532730, "A*": 40.291760, "F-Hat": 47.151452, "Risk": 41.055718, "Lookahead": 300 }