{ "BFS": 26.756176, "A*": 21.491221, "F-Hat": 22.219633, "Risk": 22.381410, "Confidence": 41.948080, "LSS-LRTA*": 35.004579, "Lookahead": 30 }