{ "BFS": 25.665332, "A*": 24.587211, "F-Hat": 24.318831, "Risk": 22.990241, "Lookahead": 30 }