{ "BFS": 23.401145, "A*": 22.561915, "F-Hat": 25.108033, "Risk": 22.443705, "Lookahead": 30 }