{ "BFS": 25.108962, "A*": 22.582787, "F-Hat": 22.664039, "Risk": 22.651632, "Lookahead": 30 }