{ "BFS": 25.934831, "A*": 24.695786, "F-Hat": 26.749768, "Risk": 24.965721, "Lookahead": 30 }