{ "BFS": 25.949237, "A*": 27.064683, "F-Hat": 25.332406, "Risk": 23.817824, "Lookahead": 30 }