{ "BFS": 27.003598, "A*": 26.026403, "F-Hat": 26.596897, "Risk": 25.912498, "Lookahead": 30 }