{ "BFS": 25.547277, "A*": 24.637493, "F-Hat": 25.117922, "Risk": 23.076686, "Lookahead": 30 }