{ "BFS": 21.972141, "A*": 21.076643, "F-Hat": 21.224706, "Risk": 21.643363, "Lookahead": 300 }