{ "BFS": 23.088437, "A*": 21.736990, "F-Hat": 28.914493, "Risk": 25.230504, "Lookahead": 30 }