{ "BFS": 24.757622, "A*": 45.362576, "F-Hat": 40.611752, "Risk": 44.915998, "Lookahead": 30 }