{ "BFS": 26.695415, "A*": 41.975193, "F-Hat": 46.936449, "Risk": 38.690204, "Lookahead": 30 }