{ "BFS": 22.125928, "A*": 21.013334, "F-Hat": 23.198623, "Risk": 20.495714, "Lookahead": 300 }