{ "BFS": 25.544135, "A*": 23.667015, "F-Hat": 26.503952, "Risk": 25.899546, "Lookahead": 30 }