{ "BFS": 24.833262, "A*": 22.377263, "F-Hat": 28.431327, "Risk": 23.558847, "Lookahead": 30 }