{ "BFS": 25.125302, "A*": 23.766906, "F-Hat": 26.948780, "Risk": 24.653670, "Lookahead": 30 }