{ "BFS": 25.589047, "A*": 23.515419, "F-Hat": 25.462418, "Risk": 24.694151, "Lookahead": 30 }