{ "BFS": 25.875962, "A*": 24.542494, "F-Hat": 28.013726, "Risk": 25.511877, "Lookahead": 30 }