{ "BFS": 22.646055, "A*": 24.233504, "F-Hat": 26.384957, "Risk": 24.789937, "Lookahead": 30 }