{ "BFS": 24.821304, "A*": 23.273775, "F-Hat": 27.128803, "Risk": 24.047319, "Lookahead": 30 }