{ "BFS": 24.987981, "A*": 24.959062, "F-Hat": 28.278586, "Risk": 26.358161, "Lookahead": 30 }