{ "BFS": 23.505635, "A*": 23.464744, "F-Hat": 26.021475, "Risk": 23.105729, "Lookahead": 30 }