{ "BFS": 24.485190, "A*": 39.644618, "F-Hat": 39.644618, "Risk": 52.544351, "Lookahead": 300 }