{ "BFS": 25.001045, "A*": 23.912520, "F-Hat": 23.093003, "Risk": 24.662324, "Lookahead": 30 }