{ "BFS": 26.685162, "A*": 24.611110, "F-Hat": 27.320806, "Risk": 24.229389, "Lookahead": 30 }