{ "BFS": 27.028158, "A*": 24.553894, "F-Hat": 28.303705, "Risk": 26.788199, "Lookahead": 30 }