{ "BFS": 23.295211, "A*": 24.812952, "F-Hat": 25.649812, "Risk": 23.665982, "Lookahead": 30 }