{ "BFS": 24.347755, "A*": 21.325661, "F-Hat": 23.893832, "Risk": 20.287032, "Lookahead": 300 }