{ "BFS": 23.247647, "A*": 23.087287, "F-Hat": 26.082083, "Risk": 22.775766, "Lookahead": 30 }