{ "BFS": 23.553894, "A*": 22.180864, "F-Hat": 27.266672, "Risk": 24.422135, "Lookahead": 30 }