{ "BFS": 27.540434, "A*": 25.019806, "F-Hat": 28.591410, "Risk": 24.892018, "Lookahead": 30 }