{ "BFS": 23.795167, "A*": 22.519782, "F-Hat": 26.777410, "Risk": 22.611055, "Lookahead": 30 }