{ "BFS": 25.780532, "A*": 24.064800, "F-Hat": 27.825660, "Risk": 23.217227, "Lookahead": 30 }