{ "BFS": 22.883360, "A*": 20.111629, "F-Hat": 23.572055, "Risk": 24.416287, "Lookahead": 30 }