{ "BFS": 25.183497, "A*": 22.907550, "F-Hat": 25.104911, "Risk": 24.479197, "Lookahead": 30 }