{ "BFS": 21.640295, "A*": 22.177872, "F-Hat": 23.064203, "Risk": 22.977106, "Lookahead": 30 }