{ "BFS": 21.705933, "A*": 36.388683, "F-Hat": 36.388683, "Risk": 45.468772, "Lookahead": 300 }