{ "BFS": 27.968987, "A*": 24.972087, "F-Hat": 25.854067, "Risk": 24.297750, "Lookahead": 30 }