{ "BFS": 22.536419, "A*": 24.236950, "F-Hat": 21.847850, "Risk": 22.658293, "Confidence": 41.321596, "LSS-LRTA*": 38.309792, "Lookahead": 30 }