{ "BFS": 25.358504, "A*": 25.266683, "F-Hat": 25.178569, "Risk": 25.662552, "Lookahead": 30 }