{ "BFS": 22.688915, "A*": 24.421125, "F-Hat": 23.871612, "Risk": 24.681888, "Lookahead": 30 }