{ "BFS": 23.346421, "A*": 22.801785, "F-Hat": 22.778158, "Risk": 21.520583, "Lookahead": 300 }