{ "BFS": 26.544024, "A*": 24.021075, "F-Hat": 27.038356, "Risk": 24.631374, "Lookahead": 30 }