{ "BFS": 25.446724, "A*": 26.672335, "F-Hat": 30.381094, "Risk": 27.057462, "Lookahead": 30 }