{ "BFS": 26.154785, "A*": 24.803492, "F-Hat": 24.510399, "Risk": 24.452237, "Lookahead": 30 }