{ "BFS": 24.977869, "A*": 22.780471, "F-Hat": 21.749158, "Risk": 21.037871, "Lookahead": 300 }