{ "BFS": 22.080210, "A*": 44.558896, "F-Hat": 42.492054, "Risk": 45.715314, "Lookahead": 300 }