{ "BFS": 24.840447, "A*": 20.699826, "F-Hat": 23.031236, "Risk": 20.195671, "Lookahead": 300 }