{ "BFS": 25.659493, "A*": 38.931717, "F-Hat": 45.969807, "Risk": 39.401999, "Lookahead": 30 }