{ "BFS": 23.966436, "A*": 45.711373, "F-Hat": 42.416612, "Risk": 39.158083, "Lookahead": 30 }