{ "BFS": 25.241819, "A*": 21.550791, "F-Hat": 27.648312, "Risk": 24.710665, "Lookahead": 30 }