{ "BFS": 24.650812, "A*": 22.926661, "F-Hat": 26.224472, "Risk": 24.786669, "Lookahead": 30 }