{ "BFS": 23.941076, "A*": 38.750111, "F-Hat": 36.649511, "Risk": 44.294390, "Lookahead": 300 }