{ "BFS": 27.553294, "A*": 23.282715, "F-Hat": 28.125749, "Risk": 24.848218, "Lookahead": 30 }