{ "BFS": 24.612191, "A*": 25.571620, "F-Hat": 28.022368, "Risk": 25.257055, "Lookahead": 30 }