{ "BFS": 24.720513, "A*": 25.931052, "F-Hat": 26.476484, "Risk": 23.319482, "Lookahead": 30 }