{ "BFS": 24.928148, "A*": 21.801125, "F-Hat": 28.534973, "Risk": 24.092424, "Lookahead": 30 }