{ "BFS": 23.515540, "A*": 21.823165, "F-Hat": 22.774773, "Risk": 21.283153, "Lookahead": 300 }