{ "BFS": 26.829142, "A*": 23.110074, "F-Hat": 26.115374, "Risk": 23.244227, "Lookahead": 30 }