{ "BFS": 23.778937, "A*": 22.315431, "F-Hat": 25.611786, "Risk": 24.467320, "Lookahead": 30 }