{ "BFS": 25.615838, "A*": 22.588305, "F-Hat": 26.379203, "Risk": 22.502078, "Lookahead": 30 }