{ "BFS": 23.298984, "A*": 22.658608, "F-Hat": 24.780782, "Risk": 23.450513, "Lookahead": 30 }