{ "BFS": 24.064878, "A*": 23.739736, "F-Hat": 26.617882, "Risk": 25.952331, "Lookahead": 30 }