{ "BFS": 26.797448, "A*": 24.466097, "F-Hat": 24.633076, "Risk": 25.789793, "Lookahead": 30 }