{ "BFS": 25.259004, "A*": 22.811393, "F-Hat": 26.731919, "Risk": 23.961580, "Lookahead": 30 }