{ "BFS": 24.490475, "A*": 23.377447, "F-Hat": 24.796864, "Risk": 22.975410, "Lookahead": 30 }