{ "BFS": 22.576417, "A*": 35.555552, "F-Hat": 42.129997, "Risk": 39.943173, "Lookahead": 300 }