{ "BFS": 24.467107, "A*": 23.655510, "F-Hat": 23.456953, "Risk": 25.924400, "Lookahead": 30 }