{ "BFS": 26.685609, "A*": 23.059142, "F-Hat": 26.743704, "Risk": 25.153971, "Lookahead": 30 }