{ "BFS": 28.664586, "A*": 24.629830, "F-Hat": 25.960479, "Risk": 23.203874, "Lookahead": 30 }