{ "BFS": 23.735806, "A*": 23.694742, "F-Hat": 25.856525, "Risk": 23.132677, "Lookahead": 30 }