{ "BFS": 26.986292, "A*": 24.979269, "F-Hat": 23.593550, "Risk": 23.666416, "Lookahead": 30 }