{ "BFS": 25.158924, "A*": 42.935578, "F-Hat": 40.337497, "Risk": 44.004341, "Lookahead": 30 }