{ "BFS": 22.585300, "A*": 23.389045, "F-Hat": 21.456507, "Risk": 25.480292, "Confidence": 40.916761, "LSS-LRTA*": 39.560885, "Lookahead": 30 }