{ "BFS": 26.305304, "A*": 26.516531, "F-Hat": 26.864759, "Risk": 24.516456, "Lookahead": 30 }