{ "BFS": 25.806937, "A*": 23.407452, "F-Hat": 24.561352, "Risk": 25.130133, "LSS-LRTA*": 38.791845, "Lookahead": 30 }