{ "BFS": 25.483710, "A*": 24.090955, "F-Hat": 28.246570, "Risk": 23.472362, "Lookahead": 30 }