{ "BFS": 26.311785, "A*": 23.983876, "F-Hat": 25.396514, "Risk": 24.847563, "Lookahead": 30 }