{ "BFS": 23.271957, "A*": 40.892498, "F-Hat": 44.666710, "Risk": 42.767078, "Lookahead": 300 }