{ "BFS": 22.567799, "A*": 24.274953, "F-Hat": 24.233637, "Risk": 22.795516, "Lookahead": 30 }