{ "BFS": 26.418782, "A*": 25.785385, "F-Hat": 23.853137, "Risk": 22.986943, "Lookahead": 30 }