{ "BFS": 25.315216, "A*": 21.698409, "F-Hat": 22.731645, "Risk": 23.296554, "Lookahead": 30 }