{ "BFS": 23.942238, "A*": 24.545492, "F-Hat": 24.824357, "Risk": 22.771502, "Lookahead": 30 }