{ "BFS": 26.892874, "A*": 24.165724, "F-Hat": 27.347618, "Risk": 24.127359, "Lookahead": 30 }