{ "BFS": 24.654527, "A*": 23.538325, "F-Hat": 25.155431, "Risk": 23.344429, "Lookahead": 30 }