{ "BFS": 27.893590, "A*": 24.456321, "F-Hat": 24.582495, "Risk": 25.025925, "Lookahead": 30 }