{ "BFS": 23.453172, "A*": 23.123127, "F-Hat": 23.486789, "Risk": 24.573082, "Lookahead": 30 }