{ "BFS": 21.811752, "A*": 22.057522, "F-Hat": 24.940923, "Risk": 22.011879, "Lookahead": 30 }