{ "BFS": 23.229884, "A*": 25.460260, "F-Hat": 27.376390, "Risk": 22.841452, "Lookahead": 30 }