{ "BFS": 25.208301, "A*": 24.886034, "F-Hat": 28.861625, "Risk": 25.737946, "Lookahead": 30 }