{ "BFS": 24.073532, "A*": 24.661690, "F-Hat": 28.844479, "Risk": 25.762941, "Lookahead": 30 }