{ "BFS": 22.501291, "A*": 42.524487, "F-Hat": 48.000900, "Risk": 46.324816, "Lookahead": 300 }