{ "BFS": 20.506617, "A*": 41.583676, "F-Hat": 44.076706, "Risk": 40.871232, "Lookahead": 300 }