{ "BFS": 26.302551, "A*": 20.448925, "F-Hat": 20.561599, "Risk": 21.593718, "Lookahead": 300 }