{ "BFS": 28.247709, "A*": 23.625192, "F-Hat": 27.421180, "Risk": 21.545106, "Lookahead": 30 }