{ "BFS": 23.100715, "A*": 24.597149, "F-Hat": 24.145937, "Risk": 24.204477, "Lookahead": 30 }