{ "BFS": 27.283303, "A*": 21.744109, "F-Hat": 26.896182, "Risk": 24.552993, "Lookahead": 30 }