{ "BFS": 23.656849, "A*": 22.357341, "F-Hat": 22.488611, "Risk": 21.650161, "Confidence": 41.177647, "LSS-LRTA*": 38.221832, "Lookahead": 30 }