{ "BFS": 26.976291, "A*": 26.308985, "F-Hat": 26.802371, "Risk": 26.200151, "Lookahead": 30 }