{ "BFS": 24.725455, "A*": 25.357419, "F-Hat": 24.510001, "Risk": 25.083789, "Lookahead": 30 }