{ "BFS": 25.176434, "A*": 25.483163, "F-Hat": 25.081245, "Risk": 22.684783, "Lookahead": 30 }