{ "BFS": 24.041205, "A*": 24.924671, "F-Hat": 26.989678, "Risk": 24.472224, "Lookahead": 30 }