{ "BFS": 24.687092, "A*": 23.693028, "F-Hat": 26.730040, "Risk": 23.626385, "Lookahead": 30 }