{ "BFS": 24.316532, "A*": 36.265004, "F-Hat": 36.265004, "Risk": 28.006199, "Lookahead": 300 }