{ "BFS": 24.006836, "A*": 22.652169, "F-Hat": 26.289733, "Risk": 25.356476, "Lookahead": 30 }