{ "BFS": 23.598245, "A*": 23.100173, "F-Hat": 23.275575, "Risk": 22.099231, "Lookahead": 30 }