{ "BFS": 23.422744, "A*": 24.709480, "F-Hat": 27.845281, "Risk": 22.410067, "Lookahead": 30 }