{ "BFS": 22.862750, "A*": 21.425087, "F-Hat": 23.924947, "Risk": 21.383617, "Lookahead": 300 }