{ "BFS": 22.427996, "A*": 40.151388, "F-Hat": 40.891748, "Risk": 44.922022, "Lookahead": 300 }