{ "BFS": 25.060343, "A*": 21.125426, "F-Hat": 24.231600, "Risk": 21.797316, "Lookahead": 30 }