{ "BFS": 24.975975, "A*": 24.128188, "F-Hat": 24.711785, "Risk": 23.090682, "Lookahead": 30 }