{ "BFS": 26.028021, "A*": 39.388940, "F-Hat": 40.858321, "Risk": 42.861946, "Lookahead": 30 }