{ "BFS": 22.585571, "A*": 22.914798, "F-Hat": 17.293849, "Risk": 21.521027, "Lookahead": 30 }