{ "BFS": 21.553421, "A*": 44.939149, "F-Hat": 49.982768, "Risk": 38.677171, "Lookahead": 300 }