{ "BFS": 25.493794, "A*": 24.537041, "F-Hat": 21.433603, "Risk": 24.275818, "Lookahead": 30 }