{ "BFS": 23.659272, "A*": 24.038649, "F-Hat": 26.512494, "Risk": 26.079824, "Lookahead": 30 }