{ "BFS": 23.025399, "A*": 21.517819, "F-Hat": 22.028344, "Risk": 21.807225, "Confidence": 41.784892, "LSS-LRTA*": 37.905919, "Lookahead": 300 }