{ "BFS": 23.970304, "A*": 22.131483, "F-Hat": 23.114647, "Risk": 22.720575, "Confidence": 45.044484, "LSS-LRTA*": 37.913380, "Lookahead": 30 }