{ "BFS": 24.251029, "A*": 24.172118, "F-Hat": 26.129162, "Risk": 24.416135, "Lookahead": 30 }