{ "BFS": 26.776972, "A*": 23.360787, "F-Hat": 28.455689, "Risk": 24.590132, "Lookahead": 30 }