{ "BFS": 26.194096, "A*": 25.369060, "F-Hat": 24.692118, "Risk": 24.112154, "Lookahead": 30 }