{ "BFS": 23.718412, "A*": 25.176385, "F-Hat": 27.020089, "Risk": 25.329090, "Lookahead": 30 }