{ "BFS": 24.674977, "A*": 20.522307, "F-Hat": 21.770055, "Risk": 21.919936, "Lookahead": 300 }