{ "BFS": 22.928849, "A*": 23.896866, "F-Hat": 25.568439, "Risk": 23.493595, "Lookahead": 30 }