{ "BFS": 24.582183, "A*": 23.403648, "F-Hat": 26.496612, "Risk": 21.875980, "Lookahead": 30 }