{ "BFS": 24.068085, "A*": 24.186366, "F-Hat": 23.942581, "Risk": 24.855927, "Lookahead": 30 }