{ "BFS": 21.892267, "A*": 21.072967, "F-Hat": 22.514408, "Risk": 22.263454, "Lookahead": 300 }