{ "BFS": 24.744730, "A*": 22.000680, "F-Hat": 22.953670, "Risk": 22.128073, "Lookahead": 300 }