{ "BFS": 26.195297, "A*": 20.583934, "F-Hat": 24.594838, "Risk": 24.080053, "Lookahead": 30 }