{ "BFS": 24.063694, "A*": 21.726489, "F-Hat": 26.198214, "Risk": 24.699228, "Lookahead": 30 }