{ "BFS": 24.429754, "A*": 23.545950, "F-Hat": 23.181292, "Risk": 24.017067, "Confidence": 44.820134, "LSS-LRTA*": 36.638349, "Lookahead": 30 }