{ "BFS": 24.597473, "A*": 21.486623, "F-Hat": 22.246655, "Risk": 20.912159, "Lookahead": 300 }