{ "BFS": 25.552638, "A*": 23.435577, "F-Hat": 24.165744, "Risk": 24.119648, "Lookahead": 30 }