{ "BFS": 27.647044, "A*": 26.073418, "F-Hat": 28.073384, "Risk": 24.496566, "Lookahead": 30 }