{ "BFS": 24.137974, "A*": 24.322426, "F-Hat": 25.111827, "Risk": 26.025133, "Lookahead": 30 }