{ "BFS": 25.893712, "A*": 26.513375, "F-Hat": 27.332296, "Risk": 25.236603, "Lookahead": 30 }