{ "BFS": 24.360896, "A*": 23.374783, "F-Hat": 26.866635, "Risk": 23.224207, "Lookahead": 30 }