{ "BFS": 25.201948, "A*": 24.631195, "F-Hat": 27.005763, "Risk": 25.155160, "Lookahead": 30 }