{ "BFS": 25.345529, "A*": 24.906103, "F-Hat": 28.634645, "Risk": 26.649402, "Lookahead": 30 }