{ "BFS": 27.139905, "A*": 25.169431, "F-Hat": 26.647840, "Risk": 25.086034, "Lookahead": 30 }