{ "BFS": 24.387903, "A*": 20.494048, "F-Hat": 25.425009, "Risk": 26.352150, "Lookahead": 30 }