{ "BFS": 24.686946, "A*": 22.388451, "F-Hat": 25.841511, "Risk": 23.613965, "Confidence": 42.604315, "LSS-LRTA*": 36.697606, "Lookahead": 30 }