{ "BFS": 24.557790, "A*": 25.308737, "F-Hat": 25.475523, "Risk": 23.431987, "Lookahead": 30 }