{ "BFS": 22.382591, "A*": 37.376439, "F-Hat": 37.376439, "Risk": 49.933267, "Lookahead": 300 }