{ "BFS": 25.664322, "A*": 25.185786, "F-Hat": 25.412304, "Risk": 24.511404, "Lookahead": 30 }