{ "BFS": 26.087112, "A*": 23.565159, "F-Hat": 27.181357, "Risk": 24.356180, "Lookahead": 30 }