{ "BFS": 24.383838, "A*": 21.984727, "F-Hat": 21.633275, "Risk": 21.954265, "Confidence": 49.922983, "LSS-LRTA*": 38.513817, "Lookahead": 300 }