{ "BFS": 23.927405, "A*": 21.635180, "F-Hat": 22.499182, "Risk": 21.434061, "Confidence": 47.913087, "LSS-LRTA*": 34.529253, "Lookahead": 300 }