{ "BFS": 26.625116, "A*": 23.351667, "F-Hat": 26.478336, "Risk": 23.188089, "Lookahead": 30 }