{ "BFS": 24.241446, "A*": 21.178044, "F-Hat": 21.633394, "Risk": 22.151065, "Confidence": 42.284490, "LSS-LRTA*": 32.497309, "Lookahead": 300 }