{ "BFS": 22.955198, "A*": 26.086968, "F-Hat": 27.103724, "Risk": 24.349083, "Lookahead": 30 }