{ "BFS": 24.416123, "A*": 24.106050, "F-Hat": 26.485680, "Risk": 23.087098, "Lookahead": 30 }