{ "BFS": 24.937149, "A*": 25.114367, "F-Hat": 27.054214, "Risk": 24.233856, "Lookahead": 30 }