{ "BFS": 27.103720, "A*": 25.769089, "F-Hat": 25.790011, "Risk": 24.213642, "Lookahead": 30 }