{ "BFS": 26.244028, "A*": 27.375353, "F-Hat": 28.935642, "Risk": 23.783011, "Lookahead": 30 }