{ "BFS": 25.021314, "A*": 21.484949, "F-Hat": 28.817441, "Risk": 22.418074, "Lookahead": 30 }