{ "BFS": 25.790327, "A*": 25.681775, "F-Hat": 24.792374, "Risk": 24.683953, "Lookahead": 30 }