{ "BFS": 27.356178, "A*": 23.764722, "F-Hat": 26.425753, "Risk": 25.524291, "Confidence": 47.832045, "LSS-LRTA*": 33.032356, "Lookahead": 30 }