{ "BFS": 24.674365, "A*": 22.504959, "F-Hat": 26.893739, "Risk": 25.769999, "Lookahead": 30 }