{ "BFS": 23.399265, "A*": 26.472129, "F-Hat": 27.234994, "Risk": 25.222475, "Lookahead": 30 }