{ "BFS": 24.426783, "A*": 36.138813, "F-Hat": 43.440892, "Risk": 45.451690, "Lookahead": 30 }