{ "BFS": 25.055121, "A*": 22.929067, "F-Hat": 27.025249, "Risk": 24.255117, "Lookahead": 30 }