{ "BFS": 24.904147, "A*": 23.253765, "F-Hat": 24.142035, "Risk": 22.532278, "Lookahead": 30 }