{ "BFS": 22.656290, "A*": 21.766850, "F-Hat": 21.740164, "Risk": 21.815207, "LSS-LRTA*": 32.034626, "Lookahead": 300 }