{ "BFS": 26.198510, "A*": 21.009983, "F-Hat": 22.652491, "Risk": 19.556137, "Lookahead": 300 }