{ "BFS": 25.219110, "A*": 23.786695, "F-Hat": 28.146679, "Risk": 23.563941, "Lookahead": 30 }