{ "BFS": 23.970178, "A*": 23.906920, "F-Hat": 23.004457, "Risk": 23.681816, "Lookahead": 30 }