{ "BFS": 24.971550, "A*": 24.274836, "F-Hat": 26.612651, "Risk": 25.042934, "Lookahead": 30 }