{ "BFS": 24.894189, "A*": 43.839622, "F-Hat": 44.194419, "Risk": 43.009186, "Lookahead": 30 }