{ "BFS": 28.273283, "A*": 24.495502, "F-Hat": 30.462330, "Risk": 26.813627, "Lookahead": 30 }