{ "BFS": 22.296921, "A*": 21.786112, "F-Hat": 24.673024, "Risk": 21.390220, "Lookahead": 300 }