{ "BFS": 26.749428, "A*": 24.620260, "F-Hat": 26.682497, "Risk": 22.947744, "Lookahead": 30 }