{ "BFS": 22.419064, "A*": 21.682544, "F-Hat": 21.029338, "Risk": 20.621206, "Lookahead": 300 }