{ "BFS": 26.932738, "A*": 24.647665, "F-Hat": 27.159486, "Risk": 23.134114, "Lookahead": 30 }