{ "BFS": 24.041144, "A*": 44.492375, "F-Hat": 43.394439, "Risk": 40.906524, "Lookahead": 30 }