{ "BFS": 26.441276, "A*": 24.499500, "F-Hat": 27.637633, "Risk": 24.685207, "Lookahead": 30 }