{ "BFS": 25.360158, "A*": 40.719934, "F-Hat": 45.846359, "Risk": 39.449762, "Lookahead": 30 }