{ "BFS": 25.673036, "A*": 26.018973, "F-Hat": 26.842545, "Risk": 24.155696, "Lookahead": 30 }