{ "BFS": 23.798854, "A*": 24.293065, "F-Hat": 25.470171, "Risk": 23.166900, "Lookahead": 30 }