{ "BFS": 24.939985, "A*": 24.381878, "F-Hat": 25.404825, "Risk": 22.664736, "Lookahead": 30 }