{ "BFS": 25.391762, "A*": 38.024008, "F-Hat": 44.472838, "Risk": 42.371072, "Lookahead": 30 }