{ "BFS": 25.273227, "A*": 24.150585, "F-Hat": 23.970269, "Risk": 23.787247, "Lookahead": 30 }