{ "BFS": 22.586426, "A*": 25.366378, "F-Hat": 26.084409, "Risk": 25.897165, "Lookahead": 30 }