{ "BFS": 26.166205, "A*": 22.435144, "F-Hat": 27.327030, "Risk": 24.996801, "Lookahead": 30 }