{ "BFS": 23.159694, "A*": 22.451700, "F-Hat": 27.491069, "Risk": 23.563541, "Lookahead": 30 }