{ "BFS": 25.700323, "A*": 23.947035, "F-Hat": 24.216049, "Risk": 25.027695, "Lookahead": 30 }