{ "BFS": 26.012240, "A*": 24.945631, "F-Hat": 22.782622, "Risk": 21.882775, "Confidence": 45.893609, "LSS-LRTA*": 32.568980, "Lookahead": 30 }