{ "BFS": 24.280517, "A*": 24.986724, "F-Hat": 23.443268, "Risk": 23.091348, "Lookahead": 30 }