{ "BFS": 26.068185, "A*": 23.859818, "F-Hat": 28.978305, "Risk": 24.321403, "Lookahead": 30 }