{ "BFS": 22.095422, "A*": 40.368539, "F-Hat": 47.041186, "Risk": 47.826252, "Lookahead": 300 }