{ "BFS": 24.062196, "A*": 15.900380, "F-Hat": 21.470931, "Risk": 15.939948, "Lookahead": 300 }