{ "BFS": 25.011782, "A*": 22.922318, "F-Hat": 28.531766, "Risk": 24.420347, "Lookahead": 30 }