{ "BFS": 24.535375, "A*": 23.891371, "F-Hat": 23.469460, "Risk": 23.279365, "Lookahead": 30 }