{ "BFS": 26.146910, "A*": 24.159932, "F-Hat": 25.532541, "Risk": 23.985480, "Lookahead": 30 }