{ "BFS": 25.140421, "A*": 26.230962, "F-Hat": 26.684666, "Risk": 23.761947, "Lookahead": 30 }