{ "BFS": 22.723283, "A*": 23.520340, "F-Hat": 22.606655, "Risk": 20.895925, "Lookahead": 30 }