{ "BFS": 24.857145, "A*": 24.480254, "F-Hat": 27.197246, "Risk": 24.073305, "Lookahead": 30 }