{ "BFS": 25.811911, "A*": 22.012816, "F-Hat": 26.229833, "Risk": 22.043502, "Lookahead": 30 }