{ "BFS": 24.529027, "A*": 23.886007, "F-Hat": 27.137461, "Risk": 24.408635, "Lookahead": 30 }