{ "BFS": 24.694302, "A*": 24.239352, "F-Hat": 25.823994, "Risk": 22.353838, "Confidence": 45.996423, "LSS-LRTA*": 37.030158, "Lookahead": 30 }