{ "BFS": 24.886045, "A*": 25.263608, "F-Hat": 26.673652, "Risk": 24.513975, "Lookahead": 30 }