{ "BFS": 25.299967, "A*": 22.108768, "F-Hat": 27.496193, "Risk": 25.053492, "Lookahead": 30 }