{ "BFS": 23.858486, "A*": 22.154901, "F-Hat": 23.081453, "Risk": 22.638905, "Lookahead": 30 }