{ "BFS": 23.801135, "A*": 22.639186, "F-Hat": 22.283268, "Risk": 19.670179, "Lookahead": 300 }