{ "BFS": 23.940539, "A*": 22.989703, "F-Hat": 25.565761, "Risk": 21.761283, "Lookahead": 30 }