{ "BFS": 23.858951, "A*": 24.284457, "F-Hat": 26.503216, "Risk": 22.952606, "Lookahead": 30 }