{ "BFS": 26.357678, "A*": 47.049464, "F-Hat": 39.955475, "Risk": 40.372874, "Lookahead": 30 }