{ "BFS": 26.121076, "A*": 20.874741, "F-Hat": 22.034984, "Risk": 22.540158, "Confidence": 51.137780, "LSS-LRTA*": 38.449040, "Lookahead": 300 }