{ "BFS": 24.404154, "A*": 25.115537, "F-Hat": 26.703836, "Risk": 25.880968, "Lookahead": 30 }