{ "BFS": 23.951210, "A*": 22.716097, "F-Hat": 22.825267, "Risk": 21.195341, "Confidence": 50.660473, "LSS-LRTA*": 37.010652, "Lookahead": 300 }