{ "BFS": 24.395732, "A*": 37.434510, "F-Hat": 37.434510, "Risk": 46.580078, "Lookahead": 300 }