{ "BFS": 24.597047, "A*": 35.444593, "F-Hat": 35.444593, "Risk": 53.743528, "Lookahead": 300 }