{ "BFS": 25.412576, "A*": 23.885130, "F-Hat": 24.074820, "Risk": 21.928367, "Lookahead": 30 }