{ "BFS": 22.498541, "A*": 23.680425, "F-Hat": 24.778967, "Risk": 21.737036, "Lookahead": 30 }