{ "BFS": 25.926669, "A*": 23.728865, "F-Hat": 25.749505, "Risk": 24.847991, "Lookahead": 30 }