{ "BFS": 24.131759, "A*": 23.341667, "F-Hat": 27.209181, "Risk": 23.350119, "Lookahead": 30 }