{ "BFS": 25.052686, "A*": 23.651094, "F-Hat": 25.864602, "Risk": 24.725504, "Lookahead": 30 }