{ "BFS": 25.194169, "A*": 24.381846, "F-Hat": 26.475819, "Risk": 26.046574, "Lookahead": 30 }