{ "BFS": 24.131762, "A*": 21.463288, "F-Hat": 25.601419, "Risk": 22.402535, "Lookahead": 30 }