{ "BFS": 25.583648, "A*": 23.126757, "F-Hat": 26.039317, "Risk": 22.310197, "Lookahead": 30 }