{ "BFS": 23.533473, "A*": 23.042504, "F-Hat": 28.633273, "Risk": 24.117332, "Lookahead": 30 }