{ "BFS": 26.258405, "A*": 24.253056, "F-Hat": 26.210974, "Risk": 25.650366, "Lookahead": 30 }