{ "BFS": 21.590105, "A*": 19.996370, "F-Hat": 21.860956, "Risk": 20.922965, "Lookahead": 300 }