{ "BFS": 25.319864, "A*": 23.914838, "F-Hat": 28.228973, "Risk": 22.234570, "Lookahead": 30 }