{ "BFS": 25.329986, "A*": 23.087275, "F-Hat": 27.934546, "Risk": 24.992433, "Lookahead": 30 }