{ "BFS": 25.148915, "A*": 22.743340, "F-Hat": 23.545757, "Risk": 23.100217, "Lookahead": 30 }