{ "BFS": 23.784731, "A*": 32.426792, "F-Hat": 32.426792, "Risk": 66.205614, "Lookahead": 300 }