{ "BFS": 21.653969, "A*": 22.381793, "F-Hat": 22.848018, "Risk": 21.712175, "Confidence": 45.618468, "LSS-LRTA*": 31.725180, "Lookahead": 300 }