{ "BFS": 25.323971, "A*": 22.095161, "F-Hat": 25.256818, "Risk": 25.337412, "Lookahead": 30 }