{ "BFS": 25.051823, "A*": 24.313862, "F-Hat": 25.159678, "Risk": 23.948235, "Lookahead": 30 }