{ "BFS": 22.056135, "A*": 22.215155, "F-Hat": 21.472150, "Risk": 21.476199, "LSS-LRTA*": 31.446540, "Lookahead": 300 }