{ "BFS": 25.412968, "A*": 24.154599, "F-Hat": 21.202209, "Risk": 22.717678, "Lookahead": 30 }