{ "BFS": 26.488454, "A*": 21.447621, "F-Hat": 23.965613, "Risk": 25.569994, "Lookahead": 30 }