{ "BFS": 24.777064, "A*": 25.009827, "F-Hat": 25.108496, "Risk": 22.293442, "Lookahead": 30 }