{ "BFS": 23.539770, "A*": 24.799102, "F-Hat": 25.618245, "Risk": 21.850145, "Lookahead": 30 }