{ "BFS": 25.801683, "A*": 23.193868, "F-Hat": 24.721262, "Risk": 24.926122, "Lookahead": 30 }