{ "BFS": 21.966162, "A*": 41.491660, "F-Hat": 43.991320, "Risk": 44.990997, "Lookahead": 300 }