{ "BFS": 25.898767, "A*": 22.021805, "F-Hat": 24.842668, "Risk": 25.371696, "Lookahead": 30 }