{ "BFS": 27.900944, "A*": 24.021644, "F-Hat": 26.072347, "Risk": 23.611726, "Lookahead": 30 }