{ "BFS": 25.893906, "A*": 21.728346, "F-Hat": 27.716973, "Risk": 23.454439, "Lookahead": 30 }