{ "BFS": 23.846612, "A*": 25.037855, "F-Hat": 25.068268, "Risk": 24.271607, "Lookahead": 30 }