{ "BFS": 23.509934, "A*": 23.261302, "F-Hat": 26.230762, "Risk": 22.321580, "Lookahead": 30 }