{ "BFS": 24.987014, "A*": 21.881691, "F-Hat": 23.863976, "Risk": 21.305593, "Lookahead": 30 }