{ "BFS": 25.423444, "A*": 41.340744, "F-Hat": 42.889870, "Risk": 39.079796, "Lookahead": 30 }