{ "BFS": 22.656785, "A*": 24.212910, "F-Hat": 26.607768, "Risk": 22.534769, "Lookahead": 30 }