{ "BFS": 23.209458, "A*": 24.137128, "F-Hat": 24.625140, "Risk": 25.603475, "Lookahead": 30 }