{ "BFS": 25.230094, "A*": 23.050678, "F-Hat": 23.797517, "Risk": 25.006672, "Lookahead": 30 }