{ "BFS": 23.995238, "A*": 22.994795, "F-Hat": 26.994995, "Risk": 24.765994, "Lookahead": 30 }