{ "BFS": 24.138380, "A*": 22.755812, "F-Hat": 27.326624, "Risk": 23.533005, "Lookahead": 30 }