{ "BFS": 21.736748, "A*": 23.684497, "F-Hat": 22.309404, "Risk": 23.663615, "Lookahead": 300 }