{ "BFS": 24.693077, "A*": 22.793469, "F-Hat": 26.845093, "Risk": 24.433697, "Lookahead": 30 }