{ "BFS": 26.124217, "A*": 26.410840, "F-Hat": 24.672607, "Risk": 25.085123, "Confidence": 45.762538, "LSS-LRTA*": 35.908164, "Lookahead": 30 }