{ "BFS": 29.009632, "A*": 21.378079, "F-Hat": 24.962678, "Risk": 25.397492, "Lookahead": 30 }