{ "BFS": 23.943911, "A*": 22.732027, "F-Hat": 26.222265, "Risk": 21.317837, "Lookahead": 30 }