{ "BFS": 25.547526, "A*": 23.882620, "F-Hat": 25.636278, "Risk": 24.577388, "Lookahead": 30 }