{ "BFS": 22.378027, "A*": 21.343504, "F-Hat": 22.643084, "Risk": 23.718274, "Confidence": 46.119334, "LSS-LRTA*": 35.981530, "Lookahead": 300 }