{ "BFS": 26.387717, "A*": 41.810971, "F-Hat": 44.634353, "Risk": 42.610158, "Lookahead": 30 }