{ "BFS": 24.217101, "A*": 21.720448, "F-Hat": 25.276669, "Risk": 22.800694, "Lookahead": 30 }