{ "BFS": 25.180114, "A*": 24.433648, "F-Hat": 23.809562, "Risk": 23.498424, "Lookahead": 30 }