{ "BFS": 27.032318, "A*": 24.664966, "F-Hat": 27.785686, "Risk": 25.939687, "Lookahead": 30 }