{ "BFS": 26.307577, "A*": 23.181496, "F-Hat": 27.133658, "Risk": 25.474230, "Lookahead": 30 }