{ "BFS": 23.144252, "A*": 23.225565, "F-Hat": 26.057586, "Risk": 22.193108, "Confidence": 40.143168, "LSS-LRTA*": 33.966626, "Lookahead": 30 }