{ "BFS": 27.099857, "A*": 41.494743, "F-Hat": 42.465704, "Risk": 38.351593, "Lookahead": 30 }