{ "BFS": 24.692758, "A*": 23.412507, "F-Hat": 27.129166, "Risk": 23.865817, "Lookahead": 30 }