{ "BFS": 25.595208, "A*": 22.556062, "F-Hat": 23.080871, "Risk": 21.377444, "LSS-LRTA*": 32.349731, "Lookahead": 30 }