{ "BFS": 24.342037, "A*": 23.854037, "F-Hat": 25.651676, "Risk": 23.888975, "Lookahead": 30 }