{ "BFS": 23.844725, "A*": 24.859502, "F-Hat": 26.479999, "Risk": 25.133187, "Lookahead": 30 }