{ "BFS": 23.500328, "A*": 23.408042, "F-Hat": 27.092530, "Risk": 26.087815, "Lookahead": 30 }