{ "BFS": 23.063909, "A*": 21.433595, "F-Hat": 21.377833, "Risk": 20.541358, "Lookahead": 300 }