{ "BFS": 26.242888, "A*": 25.725790, "F-Hat": 26.779552, "Risk": 24.241557, "Lookahead": 30 }