{ "BFS": 25.673775, "A*": 23.880591, "F-Hat": 26.113682, "Risk": 22.816052, "Lookahead": 30 }