{ "BFS": 21.842902, "A*": 25.357637, "F-Hat": 28.275905, "Risk": 24.708008, "Lookahead": 30 }