{ "BFS": 26.067995, "A*": 21.850715, "F-Hat": 26.742494, "Risk": 23.206656, "Lookahead": 30 }