{ "BFS": 26.794656, "A*": 24.380484, "F-Hat": 26.293421, "Risk": 25.809505, "Lookahead": 30 }