{ "BFS": 21.382771, "A*": 19.749288, "F-Hat": 20.412248, "Risk": 20.768539, "Lookahead": 300 }