{ "BFS": 24.449503, "A*": 23.683448, "F-Hat": 23.982025, "Risk": 24.304921, "Confidence": 41.416114, "LSS-LRTA*": 37.785966, "Lookahead": 30 }