{ "BFS": 25.617664, "A*": 24.612069, "F-Hat": 24.495171, "Risk": 21.511903, "Lookahead": 30 }