{ "BFS": 23.754813, "A*": 25.187322, "F-Hat": 25.503195, "Risk": 24.990312, "Lookahead": 30 }