{ "BFS": 26.184733, "A*": 24.838127, "F-Hat": 27.837670, "Risk": 25.887953, "Lookahead": 30 }