{ "BFS": 25.320520, "A*": 23.451590, "F-Hat": 22.563653, "Risk": 21.970641, "Lookahead": 300 }