{ "BFS": 24.651207, "A*": 24.929604, "F-Hat": 28.105802, "Risk": 24.081345, "Lookahead": 30 }