{ "BFS": 27.312092, "A*": 25.861477, "F-Hat": 24.225736, "Risk": 22.768216, "Confidence": 45.793471, "LSS-LRTA*": 37.546847, "Lookahead": 30 }