{ "BFS": 26.268554, "A*": 44.135327, "F-Hat": 45.259184, "Risk": 46.206374, "Lookahead": 30 }