{ "BFS": 26.682967, "A*": 22.407360, "F-Hat": 25.757046, "Risk": 25.345872, "Lookahead": 30 }