{ "BFS": 28.055280, "A*": 22.230182, "F-Hat": 23.136601, "Risk": 22.291899, "Lookahead": 30 }