{ "BFS": 24.401442, "A*": 46.375162, "F-Hat": 39.615965, "Risk": 45.192347, "Lookahead": 30 }