{ "BFS": 24.976212, "A*": 24.917726, "F-Hat": 28.942837, "Risk": 24.925782, "Lookahead": 30 }