{ "BFS": 24.491007, "A*": 23.630542, "F-Hat": 26.451660, "Risk": 22.235372, "Lookahead": 30 }