{ "BFS": 25.253330, "A*": 39.784464, "F-Hat": 42.751045, "Risk": 43.354177, "Lookahead": 30 }