{ "BFS": 26.922699, "A*": 22.281789, "F-Hat": 25.338456, "Risk": 24.589198, "Lookahead": 30 }