{ "BFS": 26.685523, "A*": 24.562747, "F-Hat": 26.175036, "Risk": 24.145615, "Lookahead": 30 }