{ "BFS": 24.787727, "A*": 24.230845, "F-Hat": 25.839145, "Risk": 26.403889, "Lookahead": 30 }