{ "BFS": 25.058886, "A*": 22.393052, "F-Hat": 25.188260, "Risk": 24.777748, "Lookahead": 30 }