{ "BFS": 24.524867, "A*": 29.085752, "F-Hat": 29.085752, "Risk": 34.145427, "Lookahead": 300 }