{ "BFS": 24.547015, "A*": 22.940355, "F-Hat": 25.596139, "Risk": 22.889127, "Lookahead": 30 }