{ "BFS": 24.890553, "A*": 26.051396, "F-Hat": 26.503965, "Risk": 25.385102, "Lookahead": 30 }