{ "BFS": 23.884511, "A*": 21.786744, "F-Hat": 26.778157, "Risk": 22.610827, "Lookahead": 30 }