{ "BFS": 22.957518, "A*": 24.071687, "F-Hat": 23.508426, "Risk": 23.231197, "Lookahead": 30 }