{ "BFS": 24.526088, "A*": 24.738848, "F-Hat": 26.817015, "Risk": 24.493391, "Lookahead": 30 }