{ "BFS": 25.353801, "A*": 24.591891, "F-Hat": 26.442882, "Risk": 23.620655, "Lookahead": 30 }