{ "BFS": 23.865303, "A*": 22.271991, "F-Hat": 26.228589, "Risk": 25.198770, "Lookahead": 30 }