{ "BFS": 27.071281, "A*": 22.980825, "F-Hat": 27.092225, "Risk": 26.821332, "Lookahead": 30 }