{ "BFS": 25.302803, "A*": 35.577554, "F-Hat": 35.577554, "Risk": 39.694515, "Lookahead": 300 }