{ "BFS": 25.735791, "A*": 22.267501, "F-Hat": 23.935636, "Risk": 24.653392, "Lookahead": 30 }