{ "BFS": 22.702696, "A*": 32.321456, "F-Hat": 32.321456, "Risk": 34.816214, "Lookahead": 300 }