{ "BFS": 25.630886, "A*": 24.158676, "F-Hat": 27.950844, "Risk": 24.639531, "Lookahead": 30 }