{ "BFS": 26.959615, "A*": 25.341291, "F-Hat": 26.786724, "Risk": 22.577452, "Lookahead": 30 }