{ "BFS": 24.141235, "A*": 40.886137, "F-Hat": 42.890782, "Risk": 46.550661, "Lookahead": 300 }