{ "BFS": 23.458272, "A*": 22.889160, "F-Hat": 24.303167, "Risk": 24.039313, "Lookahead": 30 }