{ "BFS": 24.479552, "A*": 45.686626, "F-Hat": 41.085000, "Risk": 43.977042, "Lookahead": 300 }