{ "BFS": 24.748065, "A*": 23.162410, "F-Hat": 28.220109, "Risk": 22.360322, "Lookahead": 30 }