{ "BFS": 22.412266, "A*": 22.801785, "F-Hat": 22.061855, "Risk": 21.502337, "LSS-LRTA*": 37.227544, "Lookahead": 300 }