{ "BFS": 21.046609, "A*": 20.524018, "F-Hat": 23.705244, "Risk": 23.648968, "Lookahead": 30 }