{ "BFS": 24.729426, "A*": 21.737015, "F-Hat": 21.842173, "Risk": 22.141317, "LSS-LRTA*": 35.311452, "Lookahead": 300 }