{ "BFS": 23.419266, "A*": 22.355641, "F-Hat": 28.380759, "Risk": 22.532239, "Lookahead": 30 }