{ "BFS": 23.980785, "A*": 24.560081, "F-Hat": 24.681105, "Risk": 22.702839, "Lookahead": 30 }