{ "BFS": 24.309012, "A*": 24.936654, "F-Hat": 28.526224, "Risk": 23.436359, "Lookahead": 30 }