{ "BFS": 21.245171, "A*": 23.741812, "F-Hat": 26.455259, "Risk": 24.130511, "Lookahead": 30 }