{ "BFS": 25.390093, "A*": 23.180633, "F-Hat": 26.915448, "Risk": 24.770068, "Lookahead": 30 }