{ "BFS": 26.657862, "A*": 24.199574, "F-Hat": 26.347388, "Risk": 26.930937, "Lookahead": 30 }