{ "BFS": 27.203959, "A*": 23.864476, "F-Hat": 27.665257, "Risk": 25.050227, "Lookahead": 30 }