{ "BFS": 24.057675, "A*": 32.447360, "F-Hat": 32.447360, "Risk": 55.842725, "Lookahead": 300 }