{ "BFS": 26.522549, "A*": 24.162458, "F-Hat": 25.434171, "Risk": 24.688575, "Lookahead": 30 }