{ "BFS": 22.906026, "A*": 39.914724, "F-Hat": 39.914724, "Risk": 61.298566, "Lookahead": 300 }