{ "BFS": 28.424711, "A*": 26.513927, "F-Hat": 24.514603, "Risk": 23.542224, "Lookahead": 30 }