{ "BFS": 23.173634, "A*": 22.278512, "F-Hat": 24.661782, "Risk": 23.747705, "Lookahead": 30 }