{ "BFS": 23.311271, "A*": 24.432419, "F-Hat": 26.861806, "Risk": 24.277889, "Lookahead": 30 }