{ "BFS": 25.913465, "A*": 27.479021, "F-Hat": 28.162011, "Risk": 25.116355, "Lookahead": 30 }