{ "BFS": 25.676071, "A*": 23.543041, "F-Hat": 26.737983, "Risk": 25.316422, "Lookahead": 30 }