{ "BFS": 26.004929, "A*": 21.488325, "F-Hat": 23.541363, "Risk": 23.324836, "Lookahead": 30 }