{ "BFS": 25.194914, "A*": 23.492097, "F-Hat": 26.211163, "Risk": 22.166975, "Lookahead": 30 }