{ "BFS": 25.436783, "A*": 22.169180, "F-Hat": 24.799302, "Risk": 24.943060, "Lookahead": 30 }