{ "BFS": 25.800688, "A*": 22.147948, "F-Hat": 24.487473, "Risk": 25.643797, "Lookahead": 30 }