{ "BFS": 25.604386, "A*": 22.237436, "F-Hat": 26.490253, "Risk": 22.408738, "Lookahead": 30 }