{ "BFS": 23.303530, "A*": 23.831710, "F-Hat": 25.273388, "Risk": 24.068799, "Lookahead": 30 }