{ "BFS": 22.503439, "A*": 22.131215, "F-Hat": 26.219368, "Risk": 23.412808, "Lookahead": 30 }