{ "BFS": 21.407748, "A*": 35.008453, "F-Hat": 42.363031, "Risk": 41.285125, "Lookahead": 300 }