{ "BFS": 25.487778, "A*": 25.341470, "F-Hat": 24.707540, "Risk": 23.386015, "Lookahead": 30 }