{ "BFS": 22.818030, "A*": 23.850499, "F-Hat": 23.897810, "Risk": 21.732315, "Lookahead": 30 }