{ "BFS": 24.034474, "A*": 24.664788, "F-Hat": 27.777781, "Risk": 25.882814, "Lookahead": 30 }