{ "BFS": 24.950086, "A*": 25.116690, "F-Hat": 25.348294, "Risk": 24.260207, "Lookahead": 30 }