{ "BFS": 23.141397, "A*": 26.539512, "F-Hat": 26.856460, "Risk": 25.911343, "Lookahead": 30 }