{ "BFS": 24.316507, "A*": 36.750522, "F-Hat": 43.542050, "Risk": 41.255176, "Lookahead": 30 }