{ "BFS": 26.133319, "A*": 24.655076, "F-Hat": 28.529123, "Risk": 24.313250, "Lookahead": 30 }