{ "BFS": 26.841571, "A*": 25.365485, "F-Hat": 26.749298, "Risk": 25.749963, "Lookahead": 30 }