{ "BFS": 26.629160, "A*": 26.268177, "F-Hat": 25.257883, "Risk": 25.348050, "Lookahead": 30 }