{ "BFS": 24.288796, "A*": 25.586841, "F-Hat": 27.457087, "Risk": 25.589212, "Lookahead": 30 }