{ "BFS": 26.239674, "A*": 26.217053, "F-Hat": 23.985234, "Risk": 24.078266, "Lookahead": 30 }