{ "BFS": 25.458043, "A*": 22.915106, "F-Hat": 26.587740, "Risk": 22.714064, "Lookahead": 30 }