{ "BFS": 22.997813, "A*": 23.632887, "F-Hat": 28.121569, "Risk": 22.547241, "Lookahead": 30 }