{ "BFS": 25.900245, "A*": 24.529795, "F-Hat": 24.171475, "Risk": 24.407030, "Lookahead": 30 }