{ "BFS": 23.189579, "A*": 24.474754, "F-Hat": 23.596531, "Risk": 22.699048, "Lookahead": 30 }