{ "BFS": 24.439326, "A*": 24.215348, "F-Hat": 25.146402, "Risk": 22.433822, "Lookahead": 30 }