{ "BFS": 26.427758, "A*": 23.394251, "F-Hat": 28.269604, "Risk": 23.394685, "Lookahead": 30 }