{ "BFS": 25.192088, "A*": 23.185565, "F-Hat": 27.188321, "Risk": 26.120279, "Lookahead": 30 }