{ "BFS": 24.522674, "A*": 23.860450, "F-Hat": 27.006952, "Risk": 23.256557, "Lookahead": 30 }