{ "BFS": 23.279291, "A*": 24.331814, "F-Hat": 27.793173, "Risk": 24.459008, "Lookahead": 30 }