{ "BFS": 23.930784, "A*": 39.542656, "F-Hat": 39.542656, "Risk": 44.353570, "Lookahead": 300 }