{ "BFS": 23.159160, "A*": 21.626396, "F-Hat": 22.140640, "Risk": 21.147293, "Lookahead": 300 }