{ "BFS": 26.180966, "A*": 24.200669, "F-Hat": 27.405616, "Risk": 24.979435, "Lookahead": 30 }