{ "BFS": 23.672061, "A*": 23.280156, "F-Hat": 20.979131, "Risk": 22.449137, "Lookahead": 30 }