{ "BFS": 26.126495, "A*": 22.577501, "F-Hat": 22.952589, "Risk": 24.198090, "Confidence": 42.234064, "LSS-LRTA*": 37.851069, "Lookahead": 30 }