{ "BFS": 27.710270, "A*": 24.951895, "F-Hat": 21.362183, "Risk": 25.905303, "Lookahead": 30 }