{ "BFS": 24.193846, "A*": 23.024866, "F-Hat": 26.922739, "Risk": 24.325988, "Lookahead": 30 }