{ "BFS": 27.811076, "A*": 25.636839, "F-Hat": 24.513672, "Risk": 23.772438, "Lookahead": 30 }