{ "BFS": 22.718828, "A*": 22.084256, "F-Hat": 21.566509, "Risk": 21.070961, "Lookahead": 300 }