{ "BFS": 26.014814, "A*": 24.876285, "F-Hat": 25.088304, "Risk": 27.219474, "Lookahead": 30 }