{ "BFS": 25.104297, "A*": 23.586611, "F-Hat": 24.270606, "Risk": 23.870885, "Lookahead": 30 }