{ "BFS": 24.220375, "A*": 21.013334, "F-Hat": 21.978760, "Risk": 22.000474, "Confidence": 45.019258, "LSS-LRTA*": 36.254079, "Lookahead": 300 }