{ "BFS": 25.030193, "A*": 23.890200, "F-Hat": 28.368278, "Risk": 25.213931, "Lookahead": 30 }