{ "BFS": 24.578880, "A*": 24.249465, "F-Hat": 26.552554, "Risk": 24.432570, "Lookahead": 30 }