{ "BFS": 24.423820, "A*": 25.452709, "F-Hat": 25.867074, "Risk": 23.589004, "Lookahead": 30 }