{ "BFS": 25.532774, "A*": 23.232838, "F-Hat": 23.216942, "Risk": 23.250485, "Lookahead": 30 }