{ "BFS": 24.664941, "A*": 24.298264, "F-Hat": 25.195251, "Risk": 23.249615, "Lookahead": 30 }