{ "BFS": 26.275593, "A*": 23.471295, "F-Hat": 29.826750, "Risk": 23.246007, "Lookahead": 30 }