{ "BFS": 25.847426, "A*": 24.266714, "F-Hat": 24.746598, "Risk": 24.815360, "Lookahead": 30 }