{ "BFS": 26.728592, "A*": 25.192033, "F-Hat": 24.383542, "Risk": 24.760818, "Lookahead": 30 }