{ "BFS": 23.864549, "A*": 22.756179, "F-Hat": 21.934917, "Risk": 21.659937, "Confidence": 43.068932, "LSS-LRTA*": 33.099147, "Lookahead": 300 }