{ "BFS": 25.710636, "A*": 23.509061, "F-Hat": 28.358274, "Risk": 23.544319, "Lookahead": 30 }