{ "BFS": 25.659480, "A*": 23.323668, "F-Hat": 26.842263, "Risk": 23.476516, "Lookahead": 30 }