{ "BFS": 26.181107, "A*": 44.650017, "F-Hat": 41.415976, "Risk": 40.726543, "Lookahead": 30 }