{ "BFS": 23.879548, "A*": 22.720749, "F-Hat": 23.379943, "Risk": 24.006533, "Lookahead": 30 }