{ "BFS": 24.363569, "A*": 22.614425, "F-Hat": 24.646741, "Risk": 23.325044, "Lookahead": 30 }