{ "BFS": 19.792121, "A*": 33.331709, "F-Hat": 33.331709, "Risk": 64.152806, "Lookahead": 300 }