{ "BFS": 23.494799, "A*": 24.336284, "F-Hat": 26.009207, "Risk": 24.402330, "Lookahead": 30 }