{ "BFS": 24.291025, "A*": 23.285213, "F-Hat": 24.037280, "Risk": 22.862472, "Lookahead": 30 }