{ "BFS": 24.835232, "A*": 23.896055, "F-Hat": 25.069673, "Risk": 24.088525, "Lookahead": 30 }