{ "BFS": 22.849355, "A*": 41.977873, "F-Hat": 52.728570, "Risk": 38.597541, "Lookahead": 300 }