{ "BFS": 24.895198, "A*": 24.146861, "F-Hat": 26.744613, "Risk": 24.636910, "Lookahead": 30 }