{ "BFS": 24.777823, "A*": 23.203142, "F-Hat": 28.157336, "Risk": 29.153905, "Lookahead": 30 }