{ "BFS": 26.724822, "A*": 22.605032, "F-Hat": 26.175569, "Risk": 24.841694, "Lookahead": 30 }