{ "BFS": 22.475350, "A*": 21.808723, "F-Hat": 21.549379, "Risk": 22.615643, "LSS-LRTA*": 35.721194, "Lookahead": 300 }