{ "BFS": 22.109170, "A*": 21.006787, "F-Hat": 21.873144, "Risk": 21.629829, "Confidence": 41.898732, "LSS-LRTA*": 39.864074, "Lookahead": 300 }