{ "BFS": 24.951424, "A*": 41.352761, "F-Hat": 46.671089, "Risk": 41.696074, "Lookahead": 30 }