{ "BFS": 26.835082, "A*": 25.517119, "F-Hat": 27.417037, "Risk": 24.174793, "Lookahead": 30 }