{ "BFS": 24.220714, "A*": 23.415712, "F-Hat": 26.780570, "Risk": 24.398679, "Lookahead": 30 }