{ "BFS": 25.958376, "A*": 24.858497, "F-Hat": 25.542628, "Risk": 21.885564, "Lookahead": 30 }