{ "BFS": 25.860377, "A*": 22.699029, "F-Hat": 27.320228, "Risk": 24.765074, "Lookahead": 30 }