{ "BFS": 24.311097, "A*": 22.030176, "F-Hat": 21.899293, "Risk": 21.039263, "Lookahead": 300 }