{ "BFS": 23.821153, "A*": 25.459705, "F-Hat": 22.644774, "Risk": 22.512836, "LSS-LRTA*": 35.122557, "Lookahead": 30 }