{ "BFS": 23.084898, "A*": 24.188857, "F-Hat": 25.521964, "Risk": 23.795046, "Lookahead": 30 }