{ "BFS": 22.852151, "A*": 21.940459, "F-Hat": 20.936936, "Risk": 23.843402, "Lookahead": 300 }