{ "BFS": 24.305649, "A*": 23.009931, "F-Hat": 28.495082, "Risk": 22.472723, "Lookahead": 30 }