{ "BFS": 25.298369, "A*": 24.815245, "F-Hat": 24.161623, "Risk": 24.086595, "Lookahead": 30 }