{ "BFS": 25.077181, "A*": 25.548503, "F-Hat": 28.065688, "Risk": 23.889358, "Lookahead": 30 }