{ "BFS": 26.935730, "A*": 23.659103, "F-Hat": 26.418122, "Risk": 23.538213, "Lookahead": 30 }