{ "BFS": 25.388684, "A*": 24.287138, "F-Hat": 24.977765, "Risk": 22.682170, "Lookahead": 30 }