{ "BFS": 25.181522, "A*": 24.960311, "F-Hat": 26.572467, "Risk": 26.505045, "Lookahead": 30 }