{ "BFS": 22.977566, "A*": 23.424554, "F-Hat": 27.029745, "Risk": 25.883733, "Lookahead": 30 }