{ "BFS": 24.939632, "A*": 23.422825, "F-Hat": 27.178299, "Risk": 23.675174, "Lookahead": 30 }