{ "BFS": 26.408237, "A*": 22.024232, "F-Hat": 22.956715, "Risk": 25.829920, "Lookahead": 30 }