{ "BFS": 26.219466, "A*": 24.044715, "F-Hat": 27.382211, "Risk": 25.946865, "Lookahead": 30 }