{ "BFS": 24.017053, "A*": 45.319255, "F-Hat": 45.933781, "Risk": 43.905539, "Lookahead": 300 }