{ "BFS": 22.432544, "A*": 33.163363, "F-Hat": 33.163363, "Risk": 34.652838, "Lookahead": 300 }