{ "BFS": 26.484328, "A*": 21.382645, "F-Hat": 24.972901, "Risk": 24.209297, "Lookahead": 30 }