{ "BFS": 23.845538, "A*": 25.584822, "F-Hat": 25.830518, "Risk": 22.811537, "Lookahead": 30 }