{ "BFS": 26.614765, "A*": 22.869516, "F-Hat": 26.123410, "Risk": 23.276492, "Lookahead": 30 }