{ "BFS": 25.293976, "A*": 23.215016, "F-Hat": 26.382302, "Risk": 22.551703, "Lookahead": 30 }