{ "BFS": 24.899324, "A*": 23.009752, "F-Hat": 25.220657, "Risk": 24.160524, "Lookahead": 30 }