{ "BFS": 24.624680, "A*": 23.414188, "F-Hat": 27.051151, "Risk": 23.480773, "Lookahead": 30 }