{ "BFS": 26.222245, "A*": 38.967977, "F-Hat": 41.724972, "Risk": 36.851293, "Lookahead": 30 }