{ "BFS": 23.434312, "A*": 23.331661, "F-Hat": 27.140658, "Risk": 25.384862, "Lookahead": 30 }