{ "BFS": 23.573398, "A*": 41.788176, "F-Hat": 44.052181, "Risk": 36.311661, "Lookahead": 30 }