{ "BFS": 25.309229, "A*": 24.160530, "F-Hat": 26.442979, "Risk": 24.133477, "Lookahead": 30 }