{ "BFS": 26.000816, "A*": 23.086737, "F-Hat": 23.201259, "Risk": 23.755715, "Lookahead": 30 }