{ "BFS": 22.730990, "A*": 20.384728, "F-Hat": 22.966375, "Risk": 21.604439, "Confidence": 48.056048, "LSS-LRTA*": 36.322859, "Lookahead": 300 }