{ "BFS": 27.026051, "A*": 25.129813, "F-Hat": 23.759882, "Risk": 25.753912, "Lookahead": 30 }