{ "BFS": 25.779680, "A*": 23.100823, "F-Hat": 28.924309, "Risk": 26.955091, "Lookahead": 30 }