{ "BFS": 25.416292, "A*": 22.728554, "F-Hat": 26.671406, "Risk": 25.526484, "Lookahead": 30 }