{ "BFS": 24.100937, "A*": 24.457211, "F-Hat": 26.460359, "Risk": 26.722374, "Lookahead": 30 }