{ "BFS": 23.559045, "A*": 21.868819, "F-Hat": 25.188456, "Risk": 24.341037, "Lookahead": 30 }