{ "BFS": 25.996243, "A*": 22.981469, "F-Hat": 25.816319, "Risk": 26.447941, "Lookahead": 30 }