{ "BFS": 26.140838, "A*": 24.453056, "F-Hat": 27.046163, "Risk": 25.867908, "Lookahead": 30 }