{ "BFS": 22.530453, "A*": 23.859013, "F-Hat": 27.204309, "Risk": 24.260756, "Lookahead": 30 }