{ "BFS": 24.119224, "A*": 24.359863, "F-Hat": 24.866039, "Risk": 21.678050, "Lookahead": 300 }