{ "BFS": 27.608562, "A*": 27.823221, "F-Hat": 27.313346, "Risk": 27.465237, "Lookahead": 6 }