{ "BFS": 26.153993, "A*": 26.834895, "F-Hat": 27.214675, "Risk": 25.846396, "Lookahead": 6 }