{ "BFS": 28.312629, "A*": 28.017386, "F-Hat": 27.988206, "Risk": 28.161059, "Lookahead": 6 }