{ "BFS": 28.001055, "A*": 27.062564, "F-Hat": 28.941996, "Risk": 27.297256, "Lookahead": 6 }