{ "BFS": 27.683619, "A*": 25.281364, "F-Hat": 31.797505, "Risk": 26.248828, "Lookahead": 6 }