{ "BFS": 29.275773, "A*": 26.656701, "F-Hat": 25.631758, "Risk": 26.146382, "Lookahead": 6 }