{ "BFS": 24.863065, "A*": 25.599551, "F-Hat": 25.696962, "Risk": 23.040479, "Lookahead": 6 }