{ "BFS": 28.868346, "A*": 27.322983, "F-Hat": 26.284086, "Risk": 27.322983, "Lookahead": 6 }