{ "BFS": 25.303873, "A*": 25.292751, "F-Hat": 25.387540, "Risk": 25.169670, "Lookahead": 6 }