{ "BFS": 24.033512, "A*": 25.507759, "F-Hat": 28.598450, "Risk": 27.351071, "Lookahead": 6 }