{ "BFS": 25.361357, "A*": 30.514302, "F-Hat": 27.724392, "Risk": 30.514302, "Lookahead": 6 }