{ "BFS": 27.708132, "A*": 28.204629, "F-Hat": 27.739350, "Risk": 25.293178, "Lookahead": 6 }