{ "BFS": 23.343274, "A*": 25.939001, "F-Hat": 26.757638, "Risk": 24.113358, "Lookahead": 6 }