{ "BFS": 24.363645, "A*": 24.367349, "F-Hat": 26.714737, "Risk": 24.815867, "Lookahead": 6 }