{ "BFS": 27.551807, "A*": 26.475402, "F-Hat": 26.772636, "Risk": 25.457907, "Lookahead": 6 }