{ "BFS": 28.308365, "A*": 29.020974, "F-Hat": 27.464970, "Risk": 26.854998, "Lookahead": 6 }