{ "BFS": 27.869693, "A*": 28.737067, "F-Hat": 26.796498, "Risk": 28.737067, "Lookahead": 6 }