{ "BFS": 27.596932, "A*": 31.019066, "F-Hat": 28.132295, "Risk": 29.244675, "Lookahead": 6 }