{ "BFS": 27.948169, "A*": 30.806415, "F-Hat": 32.078847, "Risk": 28.026585, "Lookahead": 6 }