{ "BFS": 28.668289, "A*": 27.692400, "F-Hat": 28.509380, "Risk": 27.692400, "Lookahead": 6 }