{ "BFS": 26.895778, "A*": 27.527930, "F-Hat": 26.285963, "Risk": 25.329072, "Lookahead": 6 }