{ "BFS": 27.778865, "A*": 26.491999, "F-Hat": 27.632319, "Risk": 26.403414, "Lookahead": 6 }