{ "BFS": 29.608213, "A*": 26.246024, "F-Hat": 28.455195, "Risk": 25.425309, "Lookahead": 6 }