{ "BFS": 28.365376, "A*": 25.957576, "F-Hat": 25.756306, "Risk": 27.779706, "Lookahead": 6 }