{ "BFS": 29.230534, "A*": 26.823373, "F-Hat": 24.922236, "Risk": 29.000882, "Lookahead": 6 }