{ "BFS": 28.397850, "A*": 27.892353, "F-Hat": 26.327478, "Risk": 26.298316, "Lookahead": 6 }