{ "BFS": 25.728908, "A*": 26.412762, "F-Hat": 29.391993, "Risk": 26.412762, "Lookahead": 6 }