{ "BFS": 26.245719, "A*": 26.174381, "F-Hat": 26.367949, "Risk": 25.178002, "Lookahead": 6 }