{ "BFS": 28.849940, "A*": 30.283646, "F-Hat": 27.590269, "Risk": 26.379433, "Lookahead": 6 }