{ "BFS": 29.031635, "A*": 28.746471, "F-Hat": 29.202702, "Risk": 27.780641, "Lookahead": 6 }