{ "BFS": 28.513720, "A*": 28.562781, "F-Hat": 29.567047, "Risk": 23.485451, "Lookahead": 6 }