{ "BFS": 26.430699, "A*": 23.592528, "F-Hat": 27.099878, "Risk": 26.383672, "Lookahead": 6 }