{ "BFS": 28.506942, "A*": 28.289576, "F-Hat": 25.950933, "Risk": 28.716157, "Lookahead": 6 }