{ "BFS": 27.400167, "A*": 30.612441, "F-Hat": 27.564928, "Risk": 26.814338, "Lookahead": 6 }