{ "BFS": 26.141030, "A*": 24.994911, "F-Hat": 29.415591, "Risk": 28.006565, "Lookahead": 6 }