{ "BFS": 30.125991, "A*": 26.870504, "F-Hat": 27.824081, "Risk": 30.405199, "Lookahead": 6 }