{ "BFS": 28.031507, "A*": 25.752166, "F-Hat": 29.738548, "Risk": 27.190031, "Lookahead": 6 }