{ "BFS": 23.886005, "A*": 24.679154, "F-Hat": 29.544148, "Risk": 24.679154, "Lookahead": 6 }