{ "BFS": 28.277325, "A*": 27.120946, "F-Hat": 28.343239, "Risk": 25.204181, "Lookahead": 6 }