{ "BFS": 26.803742, "A*": 28.917918, "F-Hat": 26.061491, "Risk": 26.551572, "Lookahead": 6 }