{ "BFS": 29.778757, "A*": 26.175587, "F-Hat": 26.834932, "Risk": 27.446261, "Lookahead": 6 }