{ "BFS": 29.716243, "A*": 25.649482, "F-Hat": 27.923987, "Risk": 28.486616, "Lookahead": 6 }