{ "BFS": 26.717184, "A*": 26.033124, "F-Hat": 26.810898, "Risk": 29.479090, "Lookahead": 6 }