{ "BFS": 27.492861, "A*": 27.530165, "F-Hat": 26.242816, "Risk": 28.300954, "Lookahead": 6 }