{ "BFS": 26.212147, "A*": 27.226182, "F-Hat": 26.344693, "Risk": 27.655774, "Lookahead": 6 }