{ "BFS": 27.755536, "A*": 27.416151, "F-Hat": 27.466052, "Risk": 28.916137, "Lookahead": 6 }