{ "BFS": 24.777980, "A*": 24.280078, "F-Hat": 25.633845, "Risk": 25.073995, "Lookahead": 6 }