{ "BFS": 24.009020, "A*": 26.422044, "F-Hat": 26.449839, "Risk": 27.809441, "Lookahead": 6 }