{ "BFS": 28.656701, "A*": 25.351351, "F-Hat": 27.178035, "Risk": 28.058341, "Lookahead": 6 }