{ "BFS": 30.081208, "A*": 28.236563, "F-Hat": 27.158960, "Risk": 26.796289, "Lookahead": 6 }