{ "BFS": 30.733617, "A*": 27.419038, "F-Hat": 28.433627, "Risk": 28.886826, "Lookahead": 6 }