{ "BFS": 28.547875, "A*": 25.935192, "F-Hat": 26.437651, "Risk": 26.654230, "Lookahead": 6 }