{ "BFS": 26.944569, "A*": 25.183395, "F-Hat": 25.976038, "Risk": 28.231084, "Lookahead": 6 }