{ "BFS": 28.502167, "A*": 25.527863, "F-Hat": 31.339475, "Risk": 24.851210, "Lookahead": 6 }