{ "BFS": 24.019061, "A*": 24.403088, "F-Hat": 28.875053, "Risk": 27.193136, "Lookahead": 6 }