{ "BFS": 30.655189, "A*": 26.336513, "F-Hat": 26.800205, "Risk": 26.506449, "Lookahead": 6 }