{ "BFS": 30.458993, "A*": 29.889009, "F-Hat": 26.833117, "Risk": 27.477161, "Lookahead": 6 }