{ "BFS": 29.152490, "A*": 29.981136, "F-Hat": 30.300103, "Risk": 30.227193, "Lookahead": 6 }