{ "BFS": 27.912734, "A*": 27.518194, "F-Hat": 26.525242, "Risk": 27.555278, "Lookahead": 6 }