{ "BFS": 25.721111, "A*": 24.694799, "F-Hat": 25.260129, "Risk": 26.788355, "Lookahead": 6 }