{ "BFS": 28.485226, "A*": 24.631632, "F-Hat": 24.255469, "Risk": 24.932865, "Lookahead": 6 }