{ "BFS": 27.573274, "A*": 29.992866, "F-Hat": 29.577498, "Risk": 27.044285, "Lookahead": 6 }