{ "BFS": 24.997043, "A*": 30.247215, "F-Hat": 26.349246, "Risk": 30.132918, "Lookahead": 6 }