{ "BFS": 29.182883, "A*": 28.173484, "F-Hat": 28.786140, "Risk": 30.423206, "Lookahead": 6 }