{ "BFS": 26.162213, "A*": 25.669524, "F-Hat": 27.853212, "Risk": 25.552643, "Lookahead": 6 }