{ "BFS": 27.478973, "A*": 25.819161, "F-Hat": 31.287124, "Risk": 27.968176, "Lookahead": 6 }