{ "BFS": 27.600957, "A*": 27.214217, "F-Hat": 25.332561, "Risk": 26.062651, "Lookahead": 6 }