{ "BFS": 27.934648, "A*": 26.098092, "F-Hat": 28.941682, "Risk": 28.482622, "Lookahead": 6 }