{ "BFS": 26.727210, "A*": 27.222743, "F-Hat": 25.579513, "Risk": 24.957889, "Lookahead": 6 }