{ "BFS": 27.565336, "A*": 26.149298, "F-Hat": 27.527473, "Risk": 27.594572, "Lookahead": 6 }