{ "BFS": 29.594609, "A*": 28.275114, "F-Hat": 28.101733, "Risk": 28.599348, "Lookahead": 6 }