{ "BFS": 27.419121, "A*": 27.681809, "F-Hat": 30.169391, "Risk": 28.939204, "Lookahead": 6 }