{ "BFS": 29.560924, "A*": 30.332272, "F-Hat": 28.454676, "Risk": 26.872143, "Lookahead": 6 }