{ "BFS": 28.251347, "A*": 28.692871, "F-Hat": 26.951575, "Risk": 25.769210, "Lookahead": 6 }