{ "BFS": 28.350178, "A*": 27.976136, "F-Hat": 24.964651, "Risk": 26.187237, "Lookahead": 6 }