{ "BFS": 26.278780, "A*": 27.798519, "F-Hat": 26.660870, "Risk": 26.834250, "Lookahead": 6 }