{ "BFS": 27.058389, "A*": 27.901444, "F-Hat": 26.422178, "Risk": 27.600948, "Lookahead": 6 }