{ "BFS": 29.751163, "A*": 27.287895, "F-Hat": 26.097627, "Risk": 29.506496, "Lookahead": 6 }