{ "BFS": 25.950358, "A*": 29.554212, "F-Hat": 28.229064, "Risk": 28.118695, "Lookahead": 6 }