{ "BFS": 25.643831, "A*": 28.910990, "F-Hat": 28.041678, "Risk": 27.795981, "Lookahead": 6 }