{ "BFS": 28.103407, "A*": 29.894504, "F-Hat": 24.953275, "Risk": 28.050364, "Lookahead": 6 }