{ "BFS": 30.480497, "A*": 28.704263, "F-Hat": 28.666905, "Risk": 23.008914, "Lookahead": 6 }