{ "BFS": 28.496879, "A*": 30.648159, "F-Hat": 25.776855, "Risk": 26.930315, "Lookahead": 6 }