{ "BFS": 27.355764, "A*": 29.181242, "F-Hat": 28.949572, "Risk": 25.615905, "Lookahead": 6 }