{ "BFS": 27.271237, "A*": 26.006085, "F-Hat": 27.488513, "Risk": 27.648899, "Lookahead": 6 }