{ "BFS": 26.120957, "A*": 25.767371, "F-Hat": 25.196604, "Risk": 27.805659, "Lookahead": 6 }