{ "BFS": 32.304744, "A*": 27.472997, "F-Hat": 28.033318, "Risk": 28.055781, "Lookahead": 6 }