{ "BFS": 28.226239, "A*": 25.372779, "F-Hat": 28.733728, "Risk": 22.619744, "Lookahead": 6 }