{ "BFS": 27.662323, "A*": 25.807883, "F-Hat": 26.995280, "Risk": 28.524780, "Lookahead": 6 }