{ "BFS": 26.737959, "A*": 26.144042, "F-Hat": 27.435733, "Risk": 27.067208, "Lookahead": 6 }