{ "BFS": 24.845957, "A*": 26.995548, "F-Hat": 26.784207, "Risk": 26.967238, "Lookahead": 6 }