{ "BFS": 26.995352, "A*": 26.700854, "F-Hat": 26.182462, "Risk": 29.039914, "Lookahead": 6 }