{ "BFS": 23.757380, "A*": 25.567635, "F-Hat": 25.362423, "Risk": 25.127143, "Lookahead": 6 }