{ "BFS": 31.243610, "A*": 28.084522, "F-Hat": 28.534670, "Risk": 27.161320, "Lookahead": 6 }