{ "BFS": 29.490856, "A*": 28.634033, "F-Hat": 25.992481, "Risk": 26.267359, "Lookahead": 6 }