{ "BFS": 29.224899, "A*": 28.227751, "F-Hat": 29.764045, "Risk": 28.666322, "Lookahead": 6 }