{ "BFS": 28.443674, "A*": 28.183205, "F-Hat": 28.574813, "Risk": 25.298292, "Lookahead": 6 }