{ "BFS": 27.217665, "A*": 22.627297, "F-Hat": 28.077205, "Risk": 26.498330, "Lookahead": 6 }