{ "BFS": 28.106411, "A*": 24.690852, "F-Hat": 27.061895, "Risk": 27.328167, "Lookahead": 6 }