{ "BFS": 30.679948, "A*": 24.454996, "F-Hat": 27.666522, "Risk": 25.746978, "Lookahead": 6 }