{ "BFS": 26.039627, "A*": 25.536579, "F-Hat": 29.859488, "Risk": 23.779203, "Lookahead": 6 }