{ "BFS": 26.327328, "A*": 28.302549, "F-Hat": 25.443547, "Risk": 26.045425, "Lookahead": 6 }