{ "BFS": 28.711464, "A*": 26.224804, "F-Hat": 27.717971, "Risk": 27.973856, "Lookahead": 6 }