{ "BFS": 26.499153, "A*": 25.252376, "F-Hat": 25.518458, "Risk": 27.425166, "Lookahead": 6 }