{ "BFS": 27.704299, "A*": 24.743950, "F-Hat": 31.143571, "Risk": 26.006792, "Lookahead": 6 }