{ "BFS": 26.461220, "A*": 29.160185, "F-Hat": 29.171268, "Risk": 27.867605, "Lookahead": 6 }