{ "BFS": 28.067293, "A*": 25.195202, "F-Hat": 28.241378, "Risk": 25.387620, "Lookahead": 6 }