{ "BFS": 25.045080, "A*": 26.244709, "F-Hat": 25.674409, "Risk": 26.668115, "Lookahead": 6 }