{ "BFS": 25.347851, "A*": 25.142675, "F-Hat": 25.796160, "Risk": 25.883100, "Lookahead": 6 }