{ "BFS": 22.398543, "A*": 24.792636, "F-Hat": 27.588005, "Risk": 26.877342, "Lookahead": 6 }