{ "BFS": 28.463535, "A*": 27.774036, "F-Hat": 27.438743, "Risk": 27.407379, "Lookahead": 6 }