{ "BFS": 24.690643, "A*": 23.824888, "F-Hat": 25.676871, "Risk": 25.134716, "Lookahead": 6 }