{ "BFS": 28.122965, "A*": 25.655840, "F-Hat": 26.361315, "Risk": 26.159767, "Lookahead": 6 }