{ "BFS": 28.822347, "A*": 27.268631, "F-Hat": 28.335342, "Risk": 25.156662, "Lookahead": 6 }