{ "BFS": 28.630163, "A*": 26.662035, "F-Hat": 30.112423, "Risk": 27.561689, "Lookahead": 6 }