{ "BFS": 27.726390, "A*": 24.072175, "F-Hat": 25.028549, "Risk": 29.294852, "Lookahead": 6 }