{ "BFS": 28.266627, "A*": 27.772179, "F-Hat": 25.749154, "Risk": 25.583337, "Lookahead": 6 }