{ "BFS": 29.568130, "A*": 28.349792, "F-Hat": 29.895359, "Risk": 26.340496, "Lookahead": 6 }