{ "BFS": 25.939727, "A*": 26.637658, "F-Hat": 25.790522, "Risk": 27.728752, "Lookahead": 6 }