{ "BFS": 28.853814, "A*": 27.582548, "F-Hat": 23.925181, "Risk": 27.799946, "Lookahead": 6 }