{ "BFS": 26.123579, "A*": 27.415745, "F-Hat": 27.424468, "Risk": 25.058744, "Lookahead": 6 }