{ "BFS": 29.463203, "A*": 29.008773, "F-Hat": 28.101443, "Risk": 26.510658, "Lookahead": 6 }