{ "BFS": 30.582923, "A*": 25.317696, "F-Hat": 27.987943, "Risk": 29.760868, "Lookahead": 6 }