{ "BFS": 29.404075, "A*": 28.576684, "F-Hat": 26.393951, "Risk": 29.018006, "Lookahead": 6 }