{ "BFS": 27.171717, "A*": 25.356677, "F-Hat": 23.784759, "Risk": 27.008788, "Lookahead": 6 }