{ "BFS": 30.908593, "A*": 26.281476, "F-Hat": 28.744314, "Risk": 30.461697, "Lookahead": 6 }