{ "BFS": 27.829703, "A*": 24.681652, "F-Hat": 28.200652, "Risk": 28.314396, "Lookahead": 6 }