{ "BFS": 31.357918, "A*": 26.489495, "F-Hat": 30.912703, "Risk": 28.965142, "Lookahead": 6 }