{ "BFS": 30.557060, "A*": 27.076578, "F-Hat": 28.329117, "Risk": 26.163569, "Lookahead": 6 }