{ "BFS": 27.654109, "A*": 27.205198, "F-Hat": 26.554804, "Risk": 27.085251, "Lookahead": 6 }