{ "BFS": 25.313155, "A*": 26.562986, "F-Hat": 28.001868, "Risk": 26.120690, "Lookahead": 6 }