{ "BFS": 31.111505, "A*": 25.859231, "F-Hat": 29.510249, "Risk": 30.260750, "Lookahead": 6 }