{ "BFS": 25.139442, "A*": 21.366783, "F-Hat": 26.430359, "Risk": 23.304163, "Lookahead": 6 }