{ "BFS": 29.354776, "A*": 26.092066, "F-Hat": 27.930032, "Risk": 26.668371, "Lookahead": 6 }