{ "BFS": 27.395431, "A*": 24.584789, "F-Hat": 26.514291, "Risk": 27.483380, "Lookahead": 6 }