{ "BFS": 27.650578, "A*": 27.318455, "F-Hat": 26.815823, "Risk": 27.464601, "Lookahead": 6 }