{ "BFS": 26.327501, "A*": 26.557970, "F-Hat": 24.983252, "Risk": 26.661612, "Lookahead": 6 }