{ "BFS": 25.845824, "A*": 27.729796, "F-Hat": 27.446938, "Risk": 28.090618, "Lookahead": 6 }