{ "BFS": 32.226671, "A*": 23.824225, "F-Hat": 26.363470, "Risk": 26.522813, "Lookahead": 6 }