{ "BFS": 27.738688, "A*": 25.454734, "F-Hat": 27.034161, "Risk": 26.065448, "Lookahead": 6 }