{ "BFS": 27.069737, "A*": 24.126723, "F-Hat": 26.584255, "Risk": 25.934409, "Lookahead": 6 }