{ "BFS": 28.418163, "A*": 29.840600, "F-Hat": 28.599015, "Risk": 25.855196, "Lookahead": 6 }