{ "BFS": 25.226839, "A*": 26.851462, "F-Hat": 28.166570, "Risk": 26.851462, "Lookahead": 6 }