{ "BFS": 25.720811, "A*": 25.322110, "F-Hat": 29.101174, "Risk": 29.072916, "Lookahead": 6 }