{ "BFS": 30.369507, "A*": 24.463005, "F-Hat": 27.664425, "Risk": 27.234332, "Lookahead": 6 }