{ "BFS": 26.952870, "A*": 26.604368, "F-Hat": 23.094985, "Risk": 25.514815, "Lookahead": 6 }