{ "BFS": 26.571128, "A*": 26.791495, "F-Hat": 27.793107, "Risk": 28.496507, "Lookahead": 6 }