{ "BFS": 29.441130, "A*": 24.884369, "F-Hat": 27.413487, "Risk": 24.418635, "Lookahead": 6 }