{ "BFS": 27.723818, "A*": 25.553281, "F-Hat": 28.036818, "Risk": 25.553281, "Lookahead": 6 }