{ "BFS": 24.905306, "A*": 26.346796, "F-Hat": 24.173167, "Risk": 23.965240, "Lookahead": 6 }