{ "BFS": 27.443834, "A*": 26.649148, "F-Hat": 29.083622, "Risk": 25.268431, "Lookahead": 6 }