{ "BFS": 28.450567, "A*": 27.103476, "F-Hat": 27.233831, "Risk": 26.139422, "Lookahead": 6 }