{ "BFS": 30.668080, "A*": 27.136179, "F-Hat": 25.330086, "Risk": 26.432103, "Lookahead": 6 }