{ "BFS": 26.824726, "A*": 25.210869, "F-Hat": 25.939727, "Risk": 25.504375, "Lookahead": 6 }