{ "BFS": 26.827681, "A*": 29.317255, "F-Hat": 25.256832, "Risk": 25.991768, "Lookahead": 6 }