{ "BFS": 26.739420, "A*": 27.118925, "F-Hat": 30.044351, "Risk": 26.052842, "Lookahead": 6 }