{ "BFS": 29.878039, "A*": 30.647919, "F-Hat": 26.446515, "Risk": 29.599805, "Lookahead": 6 }