{ "BFS": 27.356526, "A*": 24.411718, "F-Hat": 25.997494, "Risk": 24.192454, "Lookahead": 6 }