{ "BFS": 24.731253, "A*": 26.776609, "F-Hat": 25.420340, "Risk": 23.737627, "Lookahead": 6 }