{ "BFS": 32.049520, "A*": 28.879267, "F-Hat": 26.445993, "Risk": 27.156956, "Lookahead": 6 }