{ "BFS": 27.795583, "A*": 27.139352, "F-Hat": 28.614754, "Risk": 27.381067, "Lookahead": 6 }