{ "BFS": 27.827828, "A*": 26.813044, "F-Hat": 28.125569, "Risk": 28.952940, "Lookahead": 6 }