{ "BFS": 29.399170, "A*": 27.608020, "F-Hat": 28.779565, "Risk": 27.608020, "Lookahead": 6 }