{ "BFS": 27.415869, "A*": 27.529957, "F-Hat": 26.868328, "Risk": 28.122224, "Lookahead": 6 }