{ "BFS": 29.821172, "A*": 24.452818, "F-Hat": 27.378847, "Risk": 25.539749, "Lookahead": 6 }