{ "BFS": 25.651544, "A*": 27.137438, "F-Hat": 25.931595, "Risk": 27.477013, "Lookahead": 6 }