{ "BFS": 30.786483, "A*": 26.093187, "F-Hat": 24.457713, "Risk": 26.418184, "Lookahead": 6 }