{ "BFS": 28.650582, "A*": 25.784262, "F-Hat": 27.923157, "Risk": 27.767795, "Lookahead": 6 }