{ "BFS": 24.975277, "A*": 27.561102, "F-Hat": 26.462216, "Risk": 31.810212, "Lookahead": 6 }