{ "BFS": 26.716205, "A*": 26.191415, "F-Hat": 25.501269, "Risk": 30.041728, "Lookahead": 6 }