{ "BFS": 30.370970, "A*": 30.352457, "F-Hat": 28.725870, "Risk": 27.915787, "Lookahead": 6 }