{ "BFS": 25.463135, "A*": 25.488594, "F-Hat": 27.550477, "Risk": 25.392230, "Lookahead": 6 }