{ "BFS": 30.681933, "A*": 29.614906, "F-Hat": 28.463181, "Risk": 29.153816, "Lookahead": 6 }