{ "BFS": 26.274742, "A*": 28.895092, "F-Hat": 29.338742, "Risk": 26.725080, "Lookahead": 6 }