{ "BFS": 27.304883, "A*": 26.544977, "F-Hat": 28.662663, "Risk": 26.133995, "Lookahead": 6 }