{ "BFS": 28.363381, "A*": 26.107077, "F-Hat": 26.177088, "Risk": 27.248925, "Lookahead": 6 }