{ "BFS": 27.308834, "A*": 24.601507, "F-Hat": 25.846532, "Risk": 27.299213, "Lookahead": 6 }