{ "BFS": 29.447643, "A*": 27.250101, "F-Hat": 27.228680, "Risk": 25.552964, "Lookahead": 6 }