{ "BFS": 30.142749, "A*": 27.590775, "F-Hat": 27.635611, "Risk": 26.686223, "Lookahead": 6 }