{ "BFS": 26.288295, "A*": 29.719828, "F-Hat": 26.053998, "Risk": 29.307588, "Lookahead": 6 }