{ "BFS": 28.333601, "A*": 26.034295, "F-Hat": 27.258950, "Risk": 25.802656, "Lookahead": 6 }