{ "BFS": 26.128890, "A*": 27.529774, "F-Hat": 27.595022, "Risk": 27.970925, "Lookahead": 6 }