{ "BFS": 29.042268, "A*": 28.127618, "F-Hat": 27.219054, "Risk": 26.756995, "Lookahead": 6 }