{ "BFS": 24.302973, "A*": 27.138479, "F-Hat": 26.475253, "Risk": 26.906838, "Lookahead": 6 }