{ "BFS": 28.682351, "A*": 25.871480, "F-Hat": 25.426295, "Risk": 29.041056, "Lookahead": 6 }