{ "BFS": 26.381510, "A*": 25.893866, "F-Hat": 26.796487, "Risk": 25.997678, "Lookahead": 6 }