{ "BFS": 28.811914, "A*": 25.660442, "F-Hat": 24.237252, "Risk": 27.854073, "Lookahead": 6 }