{ "BFS": 25.813390, "A*": 26.964504, "F-Hat": 27.115335, "Risk": 27.884989, "Lookahead": 6 }