{ "BFS": 23.255547, "A*": 28.136606, "F-Hat": 26.326500, "Risk": 25.083020, "Lookahead": 6 }