{ "BFS": 26.928450, "A*": 25.300036, "F-Hat": 28.390918, "Risk": 25.977260, "Lookahead": 6 }