{ "BFS": 26.882459, "A*": 25.001033, "F-Hat": 28.740835, "Risk": 24.980368, "Lookahead": 6 }