{ "BFS": 27.164348, "A*": 29.287792, "F-Hat": 28.797662, "Risk": 27.941591, "Lookahead": 6 }