{ "BFS": 27.229808, "A*": 25.989544, "F-Hat": 28.729442, "Risk": 25.856658, "Lookahead": 6 }