{ "BFS": 27.929498, "A*": 28.133364, "F-Hat": 25.623778, "Risk": 25.691834, "Lookahead": 6 }