{ "BFS": 29.517499, "A*": 25.931803, "F-Hat": 24.912657, "Risk": 24.012140, "Lookahead": 6 }