{ "BFS": 26.130068, "A*": 27.190435, "F-Hat": 25.207345, "Risk": 28.280006, "Lookahead": 6 }