{ "BFS": 26.660355, "A*": 28.250551, "F-Hat": 29.154802, "Risk": 23.548483, "Lookahead": 6 }