{ "BFS": 28.944463, "A*": 27.405146, "F-Hat": 25.647811, "Risk": 25.741778, "Lookahead": 6 }