{ "BFS": 25.642200, "A*": 24.341752, "F-Hat": 27.533586, "Risk": 24.044359, "Lookahead": 6 }