{ "BFS": 28.980525, "A*": 27.282064, "F-Hat": 27.634515, "Risk": 29.018442, "Lookahead": 6 }