{ "BFS": 26.547073, "A*": 26.005947, "F-Hat": 26.804512, "Risk": 26.005947, "Lookahead": 6 }