{ "BFS": 27.253086, "A*": 24.475544, "F-Hat": 25.375714, "Risk": 26.856999, "Lookahead": 6 }