{ "BFS": 27.359960, "A*": 29.961345, "F-Hat": 26.076225, "Risk": 25.065916, "Lookahead": 6 }