{ "BFS": 30.658343, "A*": 25.527737, "F-Hat": 24.881631, "Risk": 24.253953, "Lookahead": 6 }