{ "BFS": 26.300195, "A*": 26.208186, "F-Hat": 27.474996, "Risk": 25.246951, "Lookahead": 6 }