{ "BFS": 26.242841, "A*": 26.161279, "F-Hat": 28.058104, "Risk": 26.161279, "Lookahead": 6 }