{ "BFS": 26.867097, "A*": 30.693478, "F-Hat": 28.269948, "Risk": 29.838167, "Lookahead": 6 }