{ "BFS": 26.673846, "A*": 23.410001, "F-Hat": 26.104845, "Risk": 25.149033, "Lookahead": 6 }