{ "BFS": 30.471185, "A*": 27.166737, "F-Hat": 27.509555, "Risk": 28.785732, "Lookahead": 6 }