{ "BFS": 27.414242, "A*": 27.335532, "F-Hat": 27.617062, "Risk": 27.422042, "Lookahead": 6 }