{ "BFS": 31.681723, "A*": 29.147972, "F-Hat": 28.274028, "Risk": 25.514352, "Lookahead": 6 }