{ "BFS": 25.749896, "A*": 24.468024, "F-Hat": 23.160719, "Risk": 26.054212, "Lookahead": 6 }