{ "BFS": 26.199245, "A*": 27.488016, "F-Hat": 31.686980, "Risk": 26.917204, "Lookahead": 6 }