{ "BFS": 26.597755, "A*": 23.984252, "F-Hat": 26.617195, "Risk": 23.001322, "Lookahead": 6 }