{ "BFS": 26.679232, "A*": 23.980405, "F-Hat": 26.924525, "Risk": 25.240855, "Lookahead": 6 }