{ "BFS": 27.928752, "A*": 26.904867, "F-Hat": 28.497371, "Risk": 27.089609, "Lookahead": 6 }