{ "BFS": 29.727453, "A*": 27.798695, "F-Hat": 26.587010, "Risk": 24.863888, "Lookahead": 6 }