{ "BFS": 29.619107, "A*": 25.868449, "F-Hat": 28.104179, "Risk": 25.097364, "Lookahead": 6 }