{ "BFS": 28.372847, "A*": 27.118516, "F-Hat": 28.907665, "Risk": 25.896364, "Lookahead": 6 }