{ "BFS": 28.183553, "A*": 28.177270, "F-Hat": 26.398946, "Risk": 25.893284, "Lookahead": 6 }