{ "BFS": 27.773512, "A*": 27.650301, "F-Hat": 26.993776, "Risk": 24.554852, "Lookahead": 6 }