{ "BFS": 28.252995, "A*": 28.774554, "F-Hat": 31.168252, "Risk": 26.745136, "Lookahead": 6 }