{ "BFS": 26.270439, "A*": 27.724678, "F-Hat": 26.144407, "Risk": 25.347484, "Lookahead": 6 }