{ "BFS": 27.043141, "A*": 25.219813, "F-Hat": 26.779684, "Risk": 24.828955, "Lookahead": 6 }