{ "BFS": 29.156242, "A*": 28.366021, "F-Hat": 28.776937, "Risk": 28.268215, "Lookahead": 6 }