{ "BFS": 28.338762, "A*": 27.928066, "F-Hat": 27.686053, "Risk": 27.657680, "Lookahead": 6 }