{ "BFS": 29.543425, "A*": 27.093868, "F-Hat": 29.432720, "Risk": 29.930122, "Lookahead": 6 }