{ "BFS": 26.313857, "A*": 25.604189, "F-Hat": 27.109321, "Risk": 25.077729, "Lookahead": 6 }