{ "BFS": 26.944333, "A*": 26.217556, "F-Hat": 25.702895, "Risk": 26.008074, "Lookahead": 6 }