{ "BFS": 27.292945, "A*": 29.378564, "F-Hat": 25.818090, "Risk": 29.378564, "Lookahead": 6 }