{ "BFS": 26.829762, "A*": 25.778318, "F-Hat": 27.803037, "Risk": 26.466507, "Lookahead": 6 }