{ "BFS": 26.091890, "A*": 29.416656, "F-Hat": 26.595601, "Risk": 28.262635, "Lookahead": 6 }