{ "BFS": 29.719839, "A*": 30.561327, "F-Hat": 25.924151, "Risk": 28.437866, "Lookahead": 6 }