{ "BFS": 27.558476, "A*": 25.649468, "F-Hat": 28.951742, "Risk": 25.733464, "Lookahead": 6 }