{ "BFS": 26.904126, "A*": 27.320160, "F-Hat": 25.387210, "Risk": 27.430944, "Lookahead": 6 }