{ "BFS": 29.226510, "A*": 28.285135, "F-Hat": 23.149634, "Risk": 24.401110, "Lookahead": 6 }