{ "BFS": 30.100831, "A*": 29.873447, "F-Hat": 27.658884, "Risk": 26.433054, "Lookahead": 6 }