{ "BFS": 26.817997, "A*": 24.110637, "F-Hat": 26.254109, "Risk": 28.278342, "Lookahead": 6 }