{ "BFS": 28.325106, "A*": 26.517149, "F-Hat": 26.583518, "Risk": 27.837216, "Lookahead": 6 }