{ "BFS": 27.438190, "A*": 24.780686, "F-Hat": 29.048176, "Risk": 26.972030, "Lookahead": 6 }