{ "BFS": 29.192686, "A*": 26.219985, "F-Hat": 28.876039, "Risk": 25.986317, "Lookahead": 6 }