{ "BFS": 26.511206, "A*": 26.542495, "F-Hat": 25.503029, "Risk": 26.542495, "Lookahead": 6 }