{ "BFS": 25.607789, "A*": 26.529504, "F-Hat": 28.977157, "Risk": 26.529504, "Lookahead": 6 }