{ "BFS": 27.972274, "A*": 30.882878, "F-Hat": 27.315530, "Risk": 27.386600, "Lookahead": 6 }