{ "BFS": 28.871179, "A*": 28.539632, "F-Hat": 27.868811, "Risk": 25.538736, "Lookahead": 6 }