{ "BFS": 26.776339, "A*": 27.493599, "F-Hat": 29.168933, "Risk": 28.138628, "Lookahead": 6 }