{ "BFS": 27.730522, "A*": 25.224375, "F-Hat": 27.947806, "Risk": 26.848536, "Lookahead": 6 }