{ "BFS": 25.897323, "A*": 28.830464, "F-Hat": 28.964157, "Risk": 25.254743, "Lookahead": 6 }