{ "BFS": 29.952364, "A*": 26.924880, "F-Hat": 27.652034, "Risk": 26.910206, "Lookahead": 6 }