{ "BFS": 29.342249, "A*": 26.454329, "F-Hat": 26.222740, "Risk": 25.349310, "Lookahead": 6 }