{ "BFS": 28.596312, "A*": 25.940742, "F-Hat": 26.260593, "Risk": 27.398631, "Lookahead": 6 }