{ "BFS": 24.302401, "A*": 26.487630, "F-Hat": 28.208561, "Risk": 26.442946, "Lookahead": 6 }