{ "BFS": 28.492409, "A*": 26.701178, "F-Hat": 25.628239, "Risk": 27.091747, "Lookahead": 6 }