{ "BFS": 24.935229, "A*": 26.223363, "F-Hat": 31.710951, "Risk": 28.249364, "Lookahead": 6 }