{ "BFS": 27.760405, "A*": 22.751463, "F-Hat": 28.778151, "Risk": 23.555677, "Lookahead": 6 }