{ "BFS": 26.415923, "A*": 30.506954, "F-Hat": 27.847804, "Risk": 27.337297, "Lookahead": 6 }