{ "BFS": 24.277917, "A*": 26.429426, "F-Hat": 27.872437, "Risk": 24.501486, "Lookahead": 6 }