{ "BFS": 25.941412, "A*": 23.776908, "F-Hat": 26.022597, "Risk": 26.493108, "Lookahead": 6 }