{ "BFS": 25.041780, "A*": 27.271471, "F-Hat": 27.568258, "Risk": 26.825448, "Lookahead": 6 }