{ "BFS": 26.093339, "A*": 24.693916, "F-Hat": 26.409142, "Risk": 30.319184, "Lookahead": 6 }