{ "BFS": 26.728908, "A*": 26.369890, "F-Hat": 24.974743, "Risk": 25.454778, "Lookahead": 6 }