{ "BFS": 28.165363, "A*": 24.675101, "F-Hat": 30.472669, "Risk": 24.747332, "Lookahead": 6 }