{ "BFS": 27.486412, "A*": 26.548883, "F-Hat": 26.010197, "Risk": 25.144829, "Lookahead": 6 }