{ "BFS": 29.265421, "A*": 28.762302, "F-Hat": 28.240812, "Risk": 28.989395, "Lookahead": 6 }