{ "BFS": 28.431475, "A*": 24.815694, "F-Hat": 28.262299, "Risk": 27.582572, "Lookahead": 6 }