{ "BFS": 27.554152, "A*": 24.662371, "F-Hat": 28.699572, "Risk": 26.522387, "Lookahead": 6 }