{ "BFS": 26.651647, "A*": 29.181327, "F-Hat": 29.318430, "Risk": 29.234706, "Lookahead": 6 }