{ "BFS": 25.820413, "A*": 24.417609, "F-Hat": 28.990882, "Risk": 24.798007, "Lookahead": 6 }