{ "BFS": 28.218531, "A*": 27.498117, "F-Hat": 27.176393, "Risk": 26.840342, "Lookahead": 6 }