{ "BFS": 29.698073, "A*": 25.045951, "F-Hat": 27.277066, "Risk": 24.984840, "Lookahead": 6 }