{ "BFS": 28.749864, "A*": 27.419864, "F-Hat": 25.439759, "Risk": 27.000299, "Lookahead": 6 }