{ "BFS": 27.902172, "A*": 26.219141, "F-Hat": 25.360889, "Risk": 26.219141, "Lookahead": 6 }