{ "BFS": 27.358741, "A*": 25.989380, "F-Hat": 27.159136, "Risk": 28.223030, "Lookahead": 6 }