{ "BFS": 25.965646, "A*": 26.515855, "F-Hat": 27.048462, "Risk": 27.586358, "Lookahead": 6 }