{ "BFS": 31.891278, "A*": 26.460857, "F-Hat": 26.836261, "Risk": 26.460857, "Lookahead": 6 }