{ "BFS": 26.993101, "A*": 25.542237, "F-Hat": 26.648558, "Risk": 29.840350, "Lookahead": 6 }