{ "BFS": 27.962983, "A*": 27.524821, "F-Hat": 26.641405, "Risk": 27.808571, "Lookahead": 6 }