{ "BFS": 28.801842, "A*": 27.366247, "F-Hat": 27.296469, "Risk": 26.656608, "Lookahead": 6 }