{ "BFS": 28.432333, "A*": 27.514194, "F-Hat": 24.987952, "Risk": 28.266180, "Lookahead": 6 }