{ "BFS": 28.318121, "A*": 29.511479, "F-Hat": 27.073338, "Risk": 29.832399, "Lookahead": 6 }