{ "BFS": 28.789215, "A*": 26.085228, "F-Hat": 25.323370, "Risk": 26.085228, "Lookahead": 6 }