{ "BFS": 26.306404, "A*": 26.575830, "F-Hat": 26.408548, "Risk": 24.488712, "Lookahead": 6 }