{ "BFS": 27.262737, "A*": 26.172712, "F-Hat": 27.953678, "Risk": 25.219549, "Lookahead": 6 }