{ "BFS": 26.018927, "A*": 23.504935, "F-Hat": 25.391866, "Risk": 27.327965, "Lookahead": 6 }