{ "BFS": 26.409014, "A*": 27.220936, "F-Hat": 26.916806, "Risk": 25.307942, "Lookahead": 6 }