{ "BFS": 28.380463, "A*": 29.227148, "F-Hat": 29.576881, "Risk": 29.875417, "Lookahead": 6 }