{ "BFS": 26.648387, "A*": 26.667438, "F-Hat": 29.130492, "Risk": 28.733726, "Lookahead": 6 }