{ "BFS": 28.325552, "A*": 27.771329, "F-Hat": 27.791563, "Risk": 27.005205, "Lookahead": 6 }