{ "BFS": 28.138986, "A*": 26.807774, "F-Hat": 27.480412, "Risk": 26.807774, "Lookahead": 6 }