{ "BFS": 30.353580, "A*": 23.218490, "F-Hat": 25.486924, "Risk": 27.160790, "Lookahead": 6 }