{ "BFS": 29.850628, "A*": 27.989278, "F-Hat": 29.599009, "Risk": 27.477847, "Lookahead": 6 }