{ "BFS": 28.313548, "A*": 26.973188, "F-Hat": 27.118374, "Risk": 28.097496, "Lookahead": 6 }