{ "BFS": 30.040990, "A*": 27.019775, "F-Hat": 25.558061, "Risk": 25.285336, "Lookahead": 6 }