{ "BFS": 27.799259, "A*": 27.394527, "F-Hat": 27.145481, "Risk": 27.914081, "Lookahead": 6 }