{ "BFS": 25.585094, "A*": 26.737254, "F-Hat": 26.238244, "Risk": 28.028633, "Lookahead": 6 }