{ "BFS": 26.752811, "A*": 26.751461, "F-Hat": 28.538853, "Risk": 27.096478, "Lookahead": 6 }