{ "BFS": 26.296087, "A*": 27.415096, "F-Hat": 28.005372, "Risk": 27.122746, "Lookahead": 6 }