{ "BFS": 26.332430, "A*": 28.660124, "F-Hat": 25.835249, "Risk": 24.959128, "Lookahead": 6 }