{ "BFS": 27.938040, "A*": 29.458934, "F-Hat": 30.271486, "Risk": 29.458934, "Lookahead": 6 }