{ "BFS": 30.408198, "A*": 29.140929, "F-Hat": 28.713998, "Risk": 28.481889, "Lookahead": 6 }