{ "BFS": 29.539053, "A*": 28.897223, "F-Hat": 28.743800, "Risk": 23.485742, "Lookahead": 6 }