{ "BFS": 27.647823, "A*": 28.341006, "F-Hat": 25.210739, "Risk": 25.992143, "Lookahead": 6 }