{ "BFS": 27.650942, "A*": 24.855941, "F-Hat": 27.426340, "Risk": 26.628675, "Lookahead": 6 }