{ "BFS": 26.067569, "A*": 27.108445, "F-Hat": 29.125939, "Risk": 26.511404, "Lookahead": 6 }