{ "BFS": 27.508644, "A*": 27.152900, "F-Hat": 28.588685, "Risk": 27.125565, "Lookahead": 6 }