{ "BFS": 28.519416, "A*": 25.018290, "F-Hat": 28.050581, "Risk": 27.843154, "Lookahead": 6 }