{ "BFS": 25.323900, "A*": 21.779838, "F-Hat": 27.401925, "Risk": 21.779838, "Lookahead": 6 }