{ "BFS": 27.298045, "A*": 26.923618, "F-Hat": 26.659985, "Risk": 26.787434, "Lookahead": 6 }