{ "BFS": 26.238800, "A*": 28.725750, "F-Hat": 25.634507, "Risk": 28.428719, "Lookahead": 6 }