{ "BFS": 24.856200, "A*": 28.716866, "F-Hat": 24.219089, "Risk": 27.647101, "Lookahead": 6 }