{ "BFS": 30.114538, "A*": 24.842886, "F-Hat": 27.072251, "Risk": 27.439437, "Lookahead": 6 }