{ "BFS": 27.637070, "A*": 26.150926, "F-Hat": 29.169840, "Risk": 26.669375, "Lookahead": 6 }