{ "BFS": 26.168001, "A*": 24.895874, "F-Hat": 25.419125, "Risk": 24.895874, "Lookahead": 6 }