{ "BFS": 29.041456, "A*": 24.785821, "F-Hat": 23.703442, "Risk": 24.785821, "Lookahead": 6 }