{ "BFS": 26.950355, "A*": 28.924207, "F-Hat": 28.112358, "Risk": 27.727571, "Lookahead": 6 }