{ "BFS": 27.178705, "A*": 23.808737, "F-Hat": 27.878258, "Risk": 22.929079, "Lookahead": 6 }