{ "BFS": 28.470820, "A*": 27.499076, "F-Hat": 25.459065, "Risk": 26.776268, "Lookahead": 6 }