{ "BFS": 29.945889, "A*": 25.758421, "F-Hat": 27.875744, "Risk": 27.611349, "Lookahead": 6 }