{ "BFS": 28.925278, "A*": 31.085022, "F-Hat": 27.025410, "Risk": 29.075806, "Lookahead": 6 }