{ "BFS": 30.358476, "A*": 28.032588, "F-Hat": 27.933771, "Risk": 29.727299, "Lookahead": 6 }