{ "BFS": 25.726836, "A*": 26.464388, "F-Hat": 29.302862, "Risk": 26.875197, "Lookahead": 6 }