{ "BFS": 27.516653, "A*": 25.960870, "F-Hat": 28.253518, "Risk": 24.415613, "Lookahead": 6 }