{ "BFS": 27.115649, "A*": 28.327155, "F-Hat": 27.009127, "Risk": 24.497911, "Lookahead": 6 }