{ "BFS": 30.316862, "A*": 30.578839, "F-Hat": 27.334504, "Risk": 28.221638, "Lookahead": 6 }