{ "BFS": 28.898450, "A*": 27.643039, "F-Hat": 28.615721, "Risk": 27.643039, "Lookahead": 6 }