{ "BFS": 26.826569, "A*": 26.030428, "F-Hat": 28.427730, "Risk": 22.741791, "Lookahead": 6 }