{ "BFS": 28.060823, "A*": 28.328479, "F-Hat": 29.234418, "Risk": 27.062525, "Lookahead": 6 }