{ "BFS": 25.402582, "A*": 26.484362, "F-Hat": 26.172374, "Risk": 26.870477, "Lookahead": 6 }