{ "BFS": 26.917416, "A*": 24.534110, "F-Hat": 26.753108, "Risk": 27.199034, "Lookahead": 6 }