{ "BFS": 27.814731, "A*": 24.976640, "F-Hat": 28.426772, "Risk": 24.976640, "Lookahead": 6 }