{ "BFS": 30.265511, "A*": 25.404934, "F-Hat": 27.326987, "Risk": 25.404934, "Lookahead": 6 }