{ "BFS": 27.751329, "A*": 28.432538, "F-Hat": 28.124512, "Risk": 25.471421, "Lookahead": 6 }