{ "BFS": 25.861604, "A*": 25.662984, "F-Hat": 27.586436, "Risk": 28.163603, "Lookahead": 6 }