{ "BFS": 28.336121, "A*": 26.739596, "F-Hat": 27.021618, "Risk": 28.851482, "Lookahead": 6 }