{ "BFS": 26.011037, "A*": 27.109256, "F-Hat": 26.906519, "Risk": 25.874279, "Lookahead": 6 }