{ "BFS": 27.422089, "A*": 26.350265, "F-Hat": 27.606029, "Risk": 24.312806, "Lookahead": 6 }