{ "BFS": 26.646483, "A*": 24.967625, "F-Hat": 25.477486, "Risk": 24.967625, "Lookahead": 6 }