{ "BFS": 28.706225, "A*": 25.460614, "F-Hat": 25.891636, "Risk": 29.209546, "Lookahead": 6 }