{ "BFS": 27.049083, "A*": 25.504814, "F-Hat": 26.651817, "Risk": 25.018542, "Lookahead": 6 }