{ "BFS": 25.675813, "A*": 27.559986, "F-Hat": 26.770047, "Risk": 28.185971, "Lookahead": 6 }