{ "BFS": 29.772009, "A*": 24.676126, "F-Hat": 27.816988, "Risk": 26.714877, "Lookahead": 6 }