{ "BFS": 25.386331, "A*": 27.259275, "F-Hat": 29.079201, "Risk": 29.050228, "Lookahead": 6 }