{ "BFS": 27.767849, "A*": 26.671697, "F-Hat": 26.738544, "Risk": 28.192333, "Lookahead": 6 }