{ "BFS": 25.891152, "A*": 22.279843, "F-Hat": 26.366509, "Risk": 22.279843, "Lookahead": 6 }