{ "BFS": 24.230374, "A*": 23.425901, "F-Hat": 27.800850, "Risk": 24.383551, "Lookahead": 6 }