{ "BFS": 29.423276, "A*": 27.548102, "F-Hat": 28.086161, "Risk": 30.448106, "Lookahead": 6 }