{ "BFS": 28.122730, "A*": 28.780771, "F-Hat": 29.728643, "Risk": 29.055845, "Lookahead": 6 }