{ "BFS": 26.988921, "A*": 24.288101, "F-Hat": 26.833204, "Risk": 25.939685, "Lookahead": 6 }