{ "BFS": 30.406400, "A*": 24.650351, "F-Hat": 26.529965, "Risk": 27.274096, "Lookahead": 6 }