{ "BFS": 25.726771, "A*": 25.823742, "F-Hat": 28.587313, "Risk": 24.969111, "Lookahead": 6 }