{ "BFS": 29.775614, "A*": 26.136391, "F-Hat": 30.891070, "Risk": 25.543987, "Lookahead": 6 }