{ "BFS": 29.195431, "A*": 25.865280, "F-Hat": 28.466971, "Risk": 30.952580, "Lookahead": 6 }