{ "BFS": 29.173272, "A*": 25.782580, "F-Hat": 28.136428, "Risk": 26.386892, "Lookahead": 6 }