{ "BFS": 27.826000, "A*": 27.064595, "F-Hat": 26.153031, "Risk": 25.614982, "Lookahead": 6 }