{ "BFS": 25.603847, "A*": 22.163220, "F-Hat": 28.076848, "Risk": 23.706801, "Lookahead": 6 }