{ "BFS": 31.275095, "A*": 26.464191, "F-Hat": 29.101715, "Risk": 29.089331, "Lookahead": 6 }