{ "BFS": 30.198868, "A*": 25.301364, "F-Hat": 28.400549, "Risk": 26.835278, "Lookahead": 6 }