{ "BFS": 29.560672, "A*": 27.564461, "F-Hat": 28.469521, "Risk": 26.053788, "Lookahead": 6 }