{ "BFS": 30.033137, "A*": 27.911654, "F-Hat": 25.188260, "Risk": 27.129830, "Lookahead": 6 }