{ "BFS": 25.162113, "A*": 28.755734, "F-Hat": 29.053384, "Risk": 29.889348, "Lookahead": 6 }