{ "BFS": 27.647777, "A*": 26.406520, "F-Hat": 29.197641, "Risk": 24.334205, "Lookahead": 6 }