{ "BFS": 27.789313, "A*": 27.140912, "F-Hat": 25.432532, "Risk": 27.038706, "Lookahead": 6 }