{ "BFS": 27.437482, "A*": 26.819914, "F-Hat": 26.784300, "Risk": 27.643351, "Lookahead": 6 }