{ "BFS": 29.073608, "A*": 25.029152, "F-Hat": 26.412529, "Risk": 30.427460, "Lookahead": 6 }