{ "BFS": 25.487157, "A*": 27.899565, "F-Hat": 26.343684, "Risk": 26.697494, "Lookahead": 6 }