{ "BFS": 29.444330, "A*": 28.849121, "F-Hat": 29.813082, "Risk": 30.970260, "Lookahead": 6 }