{ "BFS": 27.034454, "A*": 25.413273, "F-Hat": 27.634742, "Risk": 27.217019, "Lookahead": 6 }