{ "BFS": 25.393247, "A*": 28.102430, "F-Hat": 27.400148, "Risk": 23.449379, "Lookahead": 6 }