{ "BFS": 24.430716, "A*": 24.965603, "F-Hat": 26.723947, "Risk": 25.902246, "Lookahead": 6 }