{ "BFS": 31.692084, "A*": 25.112561, "F-Hat": 28.251324, "Risk": 26.135092, "Lookahead": 6 }