{ "BFS": 28.934103, "A*": 25.082939, "F-Hat": 28.894366, "Risk": 28.294492, "Lookahead": 6 }