{ "BFS": 31.326377, "A*": 25.311012, "F-Hat": 27.268564, "Risk": 25.348585, "Lookahead": 6 }