{ "BFS": 31.368744, "A*": 26.889233, "F-Hat": 30.951380, "Risk": 29.469841, "Lookahead": 6 }