{ "BFS": 30.495845, "A*": 26.829345, "F-Hat": 24.909421, "Risk": 26.733690, "Lookahead": 6 }