{ "BFS": 31.217610, "A*": 27.635465, "F-Hat": 27.876242, "Risk": 28.408686, "Lookahead": 6 }