{ "BFS": 24.825820, "A*": 24.300591, "F-Hat": 28.978964, "Risk": 24.358232, "Lookahead": 6 }