{ "BFS": 25.928996, "A*": 23.937673, "F-Hat": 29.678932, "Risk": 23.937673, "Lookahead": 6 }