{ "BFS": 24.770855, "A*": 26.480057, "F-Hat": 27.792935, "Risk": 25.816887, "Lookahead": 6 }