{ "BFS": 29.380576, "A*": 26.381655, "F-Hat": 27.689068, "Risk": 26.214261, "Lookahead": 6 }