{ "BFS": 23.901046, "A*": 24.756966, "F-Hat": 25.517889, "Risk": 29.011607, "Lookahead": 6 }