{ "BFS": 29.239033, "A*": 26.002762, "F-Hat": 27.220011, "Risk": 27.340977, "Lookahead": 6 }