{ "BFS": 27.119972, "A*": 26.018124, "F-Hat": 27.967218, "Risk": 26.309291, "Lookahead": 6 }