{ "BFS": 25.857911, "A*": 24.420715, "F-Hat": 26.645816, "Risk": 26.137344, "Lookahead": 6 }