{ "BFS": 28.989637, "A*": 24.180547, "F-Hat": 26.130934, "Risk": 26.591827, "Lookahead": 6 }