{ "BFS": 27.897213, "A*": 25.986002, "F-Hat": 30.000131, "Risk": 28.722190, "Lookahead": 6 }