{ "BFS": 29.184764, "A*": 26.772307, "F-Hat": 28.396826, "Risk": 26.772307, "Lookahead": 6 }