{ "BFS": 27.048648, "A*": 24.876712, "F-Hat": 29.601005, "Risk": 26.505285, "Lookahead": 6 }