{ "BFS": 21.274294, "A*": 26.903629, "F-Hat": 26.209304, "Risk": 23.861233, "Lookahead": 6 }