{ "BFS": 27.158097, "A*": 27.021929, "F-Hat": 29.311875, "Risk": 27.979166, "Lookahead": 6 }