{ "BFS": 29.033122, "A*": 27.617146, "F-Hat": 24.809042, "Risk": 26.251579, "Lookahead": 6 }