{ "BFS": 25.387376, "A*": 25.170436, "F-Hat": 24.348545, "Risk": 25.060490, "Lookahead": 6 }