{ "BFS": 27.996212, "A*": 24.875592, "F-Hat": 27.300692, "Risk": 24.624972, "Lookahead": 6 }