{ "BFS": 29.070608, "A*": 26.513791, "F-Hat": 29.434544, "Risk": 24.066881, "Lookahead": 6 }