{ "BFS": 28.025207, "A*": 26.512911, "F-Hat": 26.550804, "Risk": 26.165461, "Lookahead": 6 }