{ "BFS": 29.079794, "A*": 28.165745, "F-Hat": 26.253691, "Risk": 27.680089, "Lookahead": 6 }