{ "BFS": 30.653110, "A*": 28.046666, "F-Hat": 27.256832, "Risk": 27.259536, "Lookahead": 6 }