{ "BFS": 26.624213, "A*": 28.572324, "F-Hat": 24.711834, "Risk": 29.682537, "Lookahead": 6 }