{ "BFS": 26.860066, "A*": 27.016786, "F-Hat": 28.768943, "Risk": 29.426848, "Lookahead": 6 }