{ "BFS": 27.798704, "A*": 24.713370, "F-Hat": 28.186769, "Risk": 24.957978, "Lookahead": 6 }