{ "BFS": 28.638221, "A*": 27.082656, "F-Hat": 25.564578, "Risk": 26.495537, "Lookahead": 6 }