{ "BFS": 25.654962, "A*": 28.074817, "F-Hat": 28.468378, "Risk": 25.348850, "Lookahead": 6 }