{ "BFS": 28.347310, "A*": 26.177573, "F-Hat": 29.738652, "Risk": 27.637314, "Lookahead": 6 }