{ "BFS": 28.053783, "A*": 23.811546, "F-Hat": 23.776976, "Risk": 28.019499, "Lookahead": 6 }