{ "BFS": 29.364770, "A*": 25.959958, "F-Hat": 28.838590, "Risk": 28.635058, "Lookahead": 6 }