{ "BFS": 28.461397, "A*": 28.734280, "F-Hat": 27.034393, "Risk": 27.730490, "Lookahead": 6 }