{ "BFS": 25.787972, "A*": 25.485651, "F-Hat": 26.730551, "Risk": 25.771733, "Lookahead": 6 }