{ "BFS": 31.246520, "A*": 26.577449, "F-Hat": 27.125274, "Risk": 30.046180, "Lookahead": 6 }