{ "BFS": 26.622967, "A*": 27.931648, "F-Hat": 25.498593, "Risk": 26.502786, "Lookahead": 6 }