{ "BFS": 26.827665, "A*": 27.888344, "F-Hat": 26.882254, "Risk": 28.714650, "Lookahead": 6 }