{ "BFS": 30.285573, "A*": 28.593988, "F-Hat": 30.067451, "Risk": 28.593988, "Lookahead": 6 }