{ "BFS": 26.640717, "A*": 29.608280, "F-Hat": 27.695513, "Risk": 28.588214, "Lookahead": 6 }