{ "BFS": 30.220112, "A*": 30.527469, "F-Hat": 24.489983, "Risk": 24.988538, "Lookahead": 6 }