{ "BFS": 27.513665, "A*": 29.858830, "F-Hat": 27.686350, "Risk": 25.704594, "Lookahead": 6 }