{ "BFS": 27.148320, "A*": 28.625041, "F-Hat": 26.660095, "Risk": 25.868397, "Lookahead": 6 }