{ "BFS": 28.028992, "A*": 27.784346, "F-Hat": 26.214016, "Risk": 27.028909, "Lookahead": 6 }