{ "BFS": 29.151916, "A*": 26.981159, "F-Hat": 28.466716, "Risk": 28.311805, "Lookahead": 6 }