{ "BFS": 28.117469, "A*": 23.719280, "F-Hat": 27.484426, "Risk": 23.719280, "Lookahead": 6 }