{ "BFS": 28.323053, "A*": 28.346331, "F-Hat": 26.547305, "Risk": 28.272510, "Lookahead": 6 }