{ "BFS": 26.476523, "A*": 28.973888, "F-Hat": 24.714681, "Risk": 25.922127, "Lookahead": 6 }