{ "BFS": 29.271094, "A*": 27.203854, "F-Hat": 27.848333, "Risk": 25.644697, "Lookahead": 6 }