{ "BFS": 29.364962, "A*": 24.882997, "F-Hat": 28.010544, "Risk": 26.954652, "Lookahead": 6 }