{ "BFS": 25.705855, "A*": 28.152061, "F-Hat": 28.662602, "Risk": 27.687442, "Lookahead": 6 }