{ "BFS": 29.983508, "A*": 26.639313, "F-Hat": 28.697440, "Risk": 24.513478, "Lookahead": 6 }