{ "BFS": 30.709580, "A*": 28.784487, "F-Hat": 29.345795, "Risk": 28.834235, "Lookahead": 6 }