{ "BFS": 28.300654, "A*": 28.178498, "F-Hat": 28.336279, "Risk": 26.581986, "Lookahead": 6 }