{ "BFS": 26.593084, "A*": 25.727959, "F-Hat": 26.559754, "Risk": 25.727502, "Lookahead": 6 }