{ "BFS": 28.042157, "A*": 29.215708, "F-Hat": 26.182278, "Risk": 24.614117, "Lookahead": 6 }