{ "BFS": 30.992356, "A*": 30.817964, "F-Hat": 26.065630, "Risk": 26.757025, "Lookahead": 6 }