{ "BFS": 28.076959, "A*": 24.870522, "F-Hat": 25.865612, "Risk": 26.644940, "Lookahead": 6 }