{ "BFS": 28.091712, "A*": 27.372675, "F-Hat": 26.202227, "Risk": 28.156872, "Lookahead": 6 }