{ "BFS": 27.279674, "A*": 26.279108, "F-Hat": 26.887673, "Risk": 24.317436, "Lookahead": 6 }