{ "BFS": 28.724239, "A*": 26.518051, "F-Hat": 27.931759, "Risk": 26.714165, "Lookahead": 6 }