{ "BFS": 30.781797, "A*": 28.697077, "F-Hat": 28.607700, "Risk": 26.397584, "Lookahead": 6 }