{ "BFS": 27.994251, "A*": 27.794939, "F-Hat": 31.765321, "Risk": 25.310809, "Lookahead": 6 }