{ "BFS": 26.001945, "A*": 29.262888, "F-Hat": 26.714021, "Risk": 27.813204, "Lookahead": 6 }