{ "BFS": 30.275401, "A*": 30.629843, "F-Hat": 29.154025, "Risk": 29.401297, "Lookahead": 6 }