{ "BFS": 30.624023, "A*": 28.595341, "F-Hat": 28.079448, "Risk": 29.660510, "Lookahead": 6 }