{ "BFS": 26.694756, "A*": 25.770604, "F-Hat": 26.857446, "Risk": 28.445188, "Lookahead": 6 }