{ "BFS": 28.888046, "A*": 23.047831, "F-Hat": 27.442591, "Risk": 23.060210, "Lookahead": 6 }