{ "BFS": 28.160554, "A*": 23.327484, "F-Hat": 25.649548, "Risk": 22.603346, "Lookahead": 6 }