{ "BFS": 29.455253, "A*": 26.962058, "F-Hat": 31.247355, "Risk": 24.383714, "Lookahead": 6 }