{ "BFS": 30.157547, "A*": 28.861375, "F-Hat": 28.605961, "Risk": 29.555195, "Lookahead": 6 }