{ "BFS": 29.806925, "A*": 29.984307, "F-Hat": 29.992650, "Risk": 28.592276, "Lookahead": 6 }