{ "BFS": 27.553191, "A*": 24.903494, "F-Hat": 27.455003, "Risk": 29.303465, "Lookahead": 6 }