{ "BFS": 26.924952, "A*": 27.394731, "F-Hat": 28.251329, "Risk": 30.010426, "Lookahead": 6 }