{ "BFS": 27.175275, "A*": 29.600802, "F-Hat": 28.049870, "Risk": 28.877459, "Lookahead": 6 }