{ "BFS": 26.132717, "A*": 26.790488, "F-Hat": 26.611881, "Risk": 29.196414, "Lookahead": 6 }