{ "BFS": 28.161635, "A*": 26.483061, "F-Hat": 25.704339, "Risk": 27.244171, "Lookahead": 6 }