{ "BFS": 25.217591, "A*": 27.637793, "F-Hat": 27.909378, "Risk": 25.647070, "Lookahead": 6 }