{ "BFS": 27.423744, "A*": 26.061211, "F-Hat": 26.512494, "Risk": 28.109563, "Lookahead": 6 }