{ "BFS": 27.835899, "A*": 30.503119, "F-Hat": 28.442310, "Risk": 29.735632, "Lookahead": 6 }