{ "BFS": 27.280461, "A*": 28.596432, "F-Hat": 26.626647, "Risk": 25.525435, "Lookahead": 6 }