{ "BFS": 27.399433, "A*": 29.044315, "F-Hat": 29.708677, "Risk": 27.390347, "Lookahead": 6 }