{ "BFS": 26.441501, "A*": 26.642573, "F-Hat": 29.077861, "Risk": 27.621089, "Lookahead": 6 }