{ "BFS": 28.322203, "A*": 26.348366, "F-Hat": 30.525250, "Risk": 29.942247, "Lookahead": 6 }