{ "BFS": 28.222785, "A*": 26.452962, "F-Hat": 28.850464, "Risk": 27.391266, "Lookahead": 6 }