{ "BFS": 31.154917, "A*": 26.848605, "F-Hat": 25.181213, "Risk": 27.074462, "Lookahead": 6 }