{ "BFS": 31.900421, "A*": 26.478658, "F-Hat": 27.158218, "Risk": 25.705568, "Lookahead": 6 }