{ "BFS": 27.888201, "A*": 27.435006, "F-Hat": 29.821176, "Risk": 27.611890, "Lookahead": 6 }