{ "BFS": 26.169913, "A*": 26.601050, "F-Hat": 29.444832, "Risk": 26.328927, "Lookahead": 6 }