{ "BFS": 26.730527, "A*": 31.685879, "F-Hat": 29.325916, "Risk": 24.131717, "Lookahead": 6 }