{ "BFS": 24.823857, "A*": 25.643388, "F-Hat": 23.450655, "Risk": 27.470157, "Lookahead": 6 }