{ "BFS": 26.431539, "A*": 26.979363, "F-Hat": 29.622812, "Risk": 25.806645, "Lookahead": 6 }