{ "BFS": 26.615724, "A*": 25.390634, "F-Hat": 29.581949, "Risk": 28.067005, "Lookahead": 6 }