{ "BFS": 26.616702, "A*": 25.870962, "F-Hat": 28.567546, "Risk": 23.588620, "Lookahead": 6 }