{ "BFS": 25.391737, "A*": 26.428733, "F-Hat": 25.841125, "Risk": 24.574970, "Lookahead": 6 }