{ "BFS": 28.622647, "A*": 25.657046, "F-Hat": 28.914645, "Risk": 27.238153, "Lookahead": 6 }