{ "BFS": 29.853476, "A*": 29.218106, "F-Hat": 27.162927, "Risk": 26.770718, "Lookahead": 6 }