{ "BFS": 30.880143, "A*": 28.242699, "F-Hat": 25.667906, "Risk": 26.112388, "Lookahead": 6 }