{ "BFS": 29.700866, "A*": 27.939155, "F-Hat": 29.163914, "Risk": 26.718985, "Lookahead": 6 }