{ "BFS": 29.061937, "A*": 27.874124, "F-Hat": 28.709350, "Risk": 29.443280, "Lookahead": 6 }