{ "BFS": 27.827155, "A*": 26.426071, "F-Hat": 29.074873, "Risk": 26.426071, "Lookahead": 6 }