{ "BFS": 29.118945, "A*": 25.759690, "F-Hat": 28.619812, "Risk": 27.445250, "Lookahead": 6 }