{ "BFS": 23.913433, "A*": 31.094330, "F-Hat": 25.681057, "Risk": 24.090214, "Lookahead": 6 }