{ "BFS": 29.010820, "A*": 28.399414, "F-Hat": 27.361812, "Risk": 26.803160, "Lookahead": 6 }