{ "BFS": 31.511221, "A*": 26.909591, "F-Hat": 28.147094, "Risk": 24.451929, "Lookahead": 6 }