{ "BFS": 27.762778, "A*": 27.229030, "F-Hat": 26.678686, "Risk": 27.518147, "Lookahead": 6 }