{ "BFS": 25.287123, "A*": 27.765755, "F-Hat": 26.021971, "Risk": 27.010585, "Lookahead": 6 }