{ "BFS": 25.542894, "A*": 26.594665, "F-Hat": 27.462209, "Risk": 29.233876, "Lookahead": 6 }