{ "BFS": 29.870997, "A*": 24.482648, "F-Hat": 24.001535, "Risk": 25.292692, "Lookahead": 6 }