{ "BFS": 24.225583, "A*": 25.035689, "F-Hat": 28.014936, "Risk": 23.683805, "Lookahead": 6 }