{ "BFS": 26.005781, "A*": 29.784179, "F-Hat": 29.825092, "Risk": 27.649085, "Lookahead": 6 }