{ "BFS": 25.082992, "A*": 24.400096, "F-Hat": 26.065695, "Risk": 26.565769, "Lookahead": 6 }