{ "BFS": 27.209867, "A*": 28.046859, "F-Hat": 26.248890, "Risk": 28.059588, "Lookahead": 6 }