{ "BFS": 26.604809, "A*": 25.270871, "F-Hat": 30.026481, "Risk": 29.425553, "Lookahead": 6 }