{ "BFS": 24.235952, "A*": 27.007079, "F-Hat": 26.093773, "Risk": 27.551387, "Lookahead": 6 }