{ "BFS": 29.101737, "A*": 22.788790, "F-Hat": 27.614425, "Risk": 22.002000, "Lookahead": 6 }