{ "BFS": 26.758239, "A*": 25.385031, "F-Hat": 30.692978, "Risk": 25.072893, "Lookahead": 6 }