{ "BFS": 29.004953, "A*": 27.970405, "F-Hat": 28.213241, "Risk": 25.440104, "Lookahead": 6 }