{ "BFS": 28.835892, "A*": 28.283296, "F-Hat": 27.138591, "Risk": 28.972963, "Lookahead": 6 }