{ "BFS": 29.174491, "A*": 27.045613, "F-Hat": 27.282950, "Risk": 27.045613, "Lookahead": 6 }