{ "BFS": 28.102656, "A*": 25.757059, "F-Hat": 28.421216, "Risk": 26.232057, "Lookahead": 6 }