{ "BFS": 26.392529, "A*": 28.388442, "F-Hat": 27.071302, "Risk": 27.557614, "Lookahead": 6 }