{ "BFS": 28.127987, "A*": 28.153531, "F-Hat": 31.646131, "Risk": 26.996698, "Lookahead": 6 }