{ "BFS": 27.532746, "A*": 26.557220, "F-Hat": 25.780771, "Risk": 26.810442, "Lookahead": 6 }