{ "BFS": 29.235978, "A*": 26.027303, "F-Hat": 25.861232, "Risk": 28.176317, "Lookahead": 6 }