{ "BFS": 28.535148, "A*": 29.687689, "F-Hat": 27.900739, "Risk": 27.616112, "Lookahead": 6 }