{ "BFS": 25.071286, "A*": 25.968547, "F-Hat": 27.220120, "Risk": 25.636994, "Lookahead": 6 }