{ "BFS": 29.997891, "A*": 25.855379, "F-Hat": 28.443024, "Risk": 27.066101, "Lookahead": 6 }