{ "BFS": 28.732078, "A*": 29.641659, "F-Hat": 29.215889, "Risk": 24.569174, "Lookahead": 6 }