{ "BFS": 29.103460, "A*": 28.306489, "F-Hat": 28.242815, "Risk": 27.313882, "Lookahead": 6 }