{ "BFS": 26.243768, "A*": 26.874817, "F-Hat": 27.661235, "Risk": 26.874817, "Lookahead": 6 }