{ "BFS": 27.761461, "A*": 27.401582, "F-Hat": 26.187252, "Risk": 26.561828, "Lookahead": 6 }