{ "BFS": 26.119439, "A*": 28.712840, "F-Hat": 29.065650, "Risk": 27.838541, "Lookahead": 6 }