{ "BFS": 26.375678, "A*": 29.976560, "F-Hat": 29.222462, "Risk": 26.304642, "Lookahead": 6 }