{ "BFS": 29.550944, "A*": 24.429074, "F-Hat": 26.693584, "Risk": 24.842158, "Lookahead": 6 }