{ "BFS": 28.433693, "A*": 26.237456, "F-Hat": 29.349299, "Risk": 25.621849, "Lookahead": 6 }