{ "BFS": 23.196424, "A*": 25.484194, "F-Hat": 27.702228, "Risk": 26.222171, "Lookahead": 6 }