{ "BFS": 27.501610, "A*": 30.294619, "F-Hat": 31.145729, "Risk": 24.864900, "Lookahead": 6 }