{ "BFS": 25.711163, "A*": 24.083291, "F-Hat": 28.691026, "Risk": 28.259807, "Lookahead": 6 }