{ "BFS": 25.899621, "A*": 26.290488, "F-Hat": 26.244033, "Risk": 25.411109, "Lookahead": 6 }