{ "BFS": 26.856247, "A*": 27.662362, "F-Hat": 26.111597, "Risk": 27.164980, "Lookahead": 6 }