{ "BFS": 29.079474, "A*": 25.974768, "F-Hat": 26.376012, "Risk": 26.107617, "Lookahead": 6 }