{ "BFS": 26.874044, "A*": 27.820875, "F-Hat": 28.443951, "Risk": 26.516279, "Lookahead": 6 }