{ "BFS": 26.359480, "A*": 28.677568, "F-Hat": 29.179515, "Risk": 29.057331, "Lookahead": 6 }