{ "BFS": 27.731270, "A*": 26.030307, "F-Hat": 24.769892, "Risk": 25.657326, "Lookahead": 6 }