{ "BFS": 28.920248, "A*": 28.354390, "F-Hat": 29.136052, "Risk": 26.714924, "Lookahead": 6 }