{ "BFS": 27.828491, "A*": 26.923115, "F-Hat": 27.721619, "Risk": 26.276915, "Lookahead": 6 }