{ "BFS": 25.067367, "A*": 23.459991, "F-Hat": 27.283667, "Risk": 23.928224, "Lookahead": 6 }