{ "BFS": 29.605263, "A*": 26.857766, "F-Hat": 26.395332, "Risk": 27.611943, "Lookahead": 6 }