{ "BFS": 27.186259, "A*": 29.241108, "F-Hat": 30.058754, "Risk": 28.348630, "Lookahead": 6 }