{ "BFS": 25.120626, "A*": 29.262979, "F-Hat": 28.321166, "Risk": 26.650886, "Lookahead": 6 }