{ "BFS": 26.969964, "A*": 29.375155, "F-Hat": 29.966716, "Risk": 27.294418, "Lookahead": 6 }