{ "BFS": 28.664938, "A*": 26.919063, "F-Hat": 28.639261, "Risk": 25.355281, "Lookahead": 6 }