{ "BFS": 26.788913, "A*": 25.953979, "F-Hat": 25.975546, "Risk": 23.514892, "Lookahead": 6 }