{ "BFS": 24.799645, "A*": 25.703712, "F-Hat": 26.104186, "Risk": 25.204667, "Lookahead": 6 }