{ "BFS": 28.755229, "A*": 28.557783, "F-Hat": 27.656615, "Risk": 29.603369, "Lookahead": 6 }