{ "BFS": 27.844806, "A*": 26.666856, "F-Hat": 26.204736, "Risk": 26.243137, "Lookahead": 6 }