{ "BFS": 28.446204, "A*": 25.811378, "F-Hat": 27.189012, "Risk": 25.680420, "Lookahead": 6 }