{ "BFS": 28.890021, "A*": 28.167730, "F-Hat": 26.934972, "Risk": 27.429241, "Lookahead": 6 }