{ "BFS": 27.603971, "A*": 30.341170, "F-Hat": 28.273169, "Risk": 29.625591, "Lookahead": 6 }