{ "BFS": 28.128890, "A*": 25.018218, "F-Hat": 27.415423, "Risk": 22.375572, "Lookahead": 6 }