{ "BFS": 29.778816, "A*": 24.458462, "F-Hat": 26.379243, "Risk": 26.834502, "Lookahead": 6 }