{ "BFS": 27.962693, "A*": 26.673238, "F-Hat": 26.376305, "Risk": 28.333372, "Lookahead": 6 }