{ "BFS": 25.586840, "A*": 25.512002, "F-Hat": 26.003386, "Risk": 25.374268, "Lookahead": 6 }