{ "BFS": 27.909137, "A*": 26.490118, "F-Hat": 30.140235, "Risk": 30.207518, "Lookahead": 6 }