{ "BFS": 26.178817, "A*": 25.671857, "F-Hat": 27.504880, "Risk": 27.623592, "Lookahead": 6 }