{ "BFS": 29.126102, "A*": 26.817513, "F-Hat": 28.508644, "Risk": 27.938536, "Lookahead": 6 }