{ "BFS": 29.765310, "A*": 27.398837, "F-Hat": 27.121205, "Risk": 29.435538, "Lookahead": 6 }