{ "BFS": 26.279104, "A*": 26.442061, "F-Hat": 27.809731, "Risk": 26.243659, "Lookahead": 6 }