{ "BFS": 24.274608, "A*": 28.125142, "F-Hat": 26.932322, "Risk": 25.443183, "Lookahead": 6 }