{ "BFS": 29.000200, "A*": 28.092505, "F-Hat": 30.291336, "Risk": 28.092505, "Lookahead": 6 }