{ "BFS": 27.528098, "A*": 27.618085, "F-Hat": 27.663263, "Risk": 26.841123, "Lookahead": 6 }