{ "BFS": 29.988053, "A*": 27.662876, "F-Hat": 28.114477, "Risk": 29.303285, "Lookahead": 6 }