{ "BFS": 24.295878, "A*": 25.388526, "F-Hat": 28.649082, "Risk": 26.218411, "Lookahead": 6 }