{ "BFS": 26.913897, "A*": 27.084716, "F-Hat": 25.700419, "Risk": 30.048380, "Lookahead": 6 }