{ "BFS": 27.704369, "A*": 26.783860, "F-Hat": 28.629480, "Risk": 26.783860, "Lookahead": 6 }