{ "BFS": 27.006138, "A*": 26.486994, "F-Hat": 28.444408, "Risk": 22.136384, "Lookahead": 6 }