{ "BFS": 29.199705, "A*": 27.113622, "F-Hat": 29.383022, "Risk": 26.020645, "Lookahead": 6 }