{ "BFS": 30.020196, "A*": 24.889527, "F-Hat": 27.662297, "Risk": 27.188839, "Lookahead": 6 }