{ "BFS": 27.426418, "A*": 27.229230, "F-Hat": 25.289400, "Risk": 27.285459, "Lookahead": 6 }