{ "BFS": 28.044951, "A*": 27.896767, "F-Hat": 25.513949, "Risk": 25.246293, "Lookahead": 6 }