{ "BFS": 28.322574, "A*": 26.913484, "F-Hat": 25.331904, "Risk": 26.550223, "Lookahead": 6 }