{ "BFS": 28.967691, "A*": 24.184003, "F-Hat": 27.307524, "Risk": 25.818103, "Lookahead": 6 }