{ "BFS": 28.016799, "A*": 26.206231, "F-Hat": 28.000839, "Risk": 24.860585, "Lookahead": 6 }