{ "BFS": 28.569609, "A*": 27.943650, "F-Hat": 31.510845, "Risk": 30.688634, "Lookahead": 6 }