{ "BFS": 26.473105, "A*": 28.087426, "F-Hat": 29.289239, "Risk": 26.785119, "Lookahead": 6 }