{ "BFS": 28.216870, "A*": 24.241731, "F-Hat": 25.045916, "Risk": 26.062158, "Lookahead": 6 }