{ "BFS": 29.203367, "A*": 26.095118, "F-Hat": 26.346791, "Risk": 25.043391, "Lookahead": 6 }