{ "BFS": 28.271791, "A*": 26.753405, "F-Hat": 25.967882, "Risk": 25.557578, "Lookahead": 6 }