{ "BFS": 28.957375, "A*": 26.120951, "F-Hat": 26.463842, "Risk": 26.366176, "Lookahead": 6 }