{ "BFS": 30.607989, "A*": 24.879256, "F-Hat": 30.017884, "Risk": 25.147869, "Lookahead": 6 }