{ "BFS": 27.827795, "A*": 24.732534, "F-Hat": 24.019822, "Risk": 24.291618, "Lookahead": 6 }