{ "BFS": 26.860103, "A*": 25.870378, "F-Hat": 29.649584, "Risk": 24.499326, "Lookahead": 6 }