{ "BFS": 27.895309, "A*": 30.026892, "F-Hat": 24.460409, "Risk": 30.861669, "Lookahead": 6 }