{ "BFS": 28.358619, "A*": 26.958818, "F-Hat": 26.189031, "Risk": 26.744527, "Lookahead": 6 }