{ "BFS": 29.662496, "A*": 26.754273, "F-Hat": 27.708491, "Risk": 29.478978, "Lookahead": 6 }