{ "BFS": 26.158615, "A*": 24.202587, "F-Hat": 26.902425, "Risk": 29.348039, "Lookahead": 6 }