{ "BFS": 26.775047, "A*": 25.494561, "F-Hat": 28.038256, "Risk": 26.748773, "Lookahead": 6 }