{ "BFS": 28.749028, "A*": 26.856711, "F-Hat": 26.905098, "Risk": 25.232430, "Lookahead": 6 }