{ "BFS": 28.360449, "A*": 27.854649, "F-Hat": 28.901046, "Risk": 28.380990, "Lookahead": 6 }