{ "BFS": 27.307580, "A*": 27.354862, "F-Hat": 29.720230, "Risk": 26.580813, "Lookahead": 6 }