{ "BFS": 28.860202, "A*": 28.973032, "F-Hat": 28.470044, "Risk": 28.973032, "Lookahead": 6 }