{ "BFS": 27.070779, "A*": 26.299814, "F-Hat": 28.531553, "Risk": 26.913762, "Lookahead": 6 }