{ "BFS": 24.670187, "A*": 26.926435, "F-Hat": 27.988216, "Risk": 27.644490, "Lookahead": 6 }