{ "BFS": 29.777992, "A*": 26.362086, "F-Hat": 27.965004, "Risk": 27.134157, "Lookahead": 6 }