{ "BFS": 29.632691, "A*": 28.200791, "F-Hat": 27.591584, "Risk": 27.768683, "Lookahead": 6 }