{ "BFS": 30.256905, "A*": 27.805217, "F-Hat": 28.574581, "Risk": 29.345911, "Lookahead": 6 }