{ "BFS": 26.036664, "A*": 26.694490, "F-Hat": 27.630060, "Risk": 27.117480, "Lookahead": 6 }