{ "BFS": 24.901155, "A*": 28.134729, "F-Hat": 25.465922, "Risk": 24.831406, "Lookahead": 6 }