{ "BFS": 27.707718, "A*": 26.787195, "F-Hat": 30.250222, "Risk": 24.827632, "Lookahead": 6 }