{ "BFS": 27.413723, "A*": 27.305088, "F-Hat": 27.688644, "Risk": 28.325164, "Lookahead": 6 }