{ "BFS": 26.023976, "A*": 30.041423, "F-Hat": 28.068426, "Risk": 29.246907, "Lookahead": 6 }