{ "BFS": 27.458323, "A*": 27.677482, "F-Hat": 27.951367, "Risk": 26.290157, "Lookahead": 6 }