{ "BFS": 30.712974, "A*": 28.076675, "F-Hat": 27.528104, "Risk": 28.738624, "Lookahead": 6 }