{ "BFS": 28.863898, "A*": 27.879547, "F-Hat": 27.908241, "Risk": 25.607973, "Lookahead": 6 }