{ "BFS": 28.370543, "A*": 28.497865, "F-Hat": 27.276232, "Risk": 25.233565, "Lookahead": 6 }