{ "BFS": 25.431548, "A*": 29.676340, "F-Hat": 24.822515, "Risk": 28.256238, "Lookahead": 6 }