{ "BFS": 30.180117, "A*": 28.994273, "F-Hat": 29.542139, "Risk": 28.986821, "Lookahead": 6 }