{ "BFS": 26.056566, "A*": 27.548808, "F-Hat": 26.044833, "Risk": 27.104557, "Lookahead": 6 }