{ "BFS": 30.000588, "A*": 27.517631, "F-Hat": 28.656457, "Risk": 27.727834, "Lookahead": 6 }