{ "BFS": 26.569684, "A*": 24.774385, "F-Hat": 26.990175, "Risk": 24.567056, "Lookahead": 6 }