{ "BFS": 29.438744, "A*": 23.637577, "F-Hat": 28.088067, "Risk": 23.808786, "Lookahead": 6 }