{ "BFS": 22.353679, "A*": 22.387693, "F-Hat": 29.942455, "Risk": 25.469890, "Lookahead": 6 }