{ "BFS": 30.994265, "A*": 25.617912, "F-Hat": 27.365454, "Risk": 25.232740, "Lookahead": 6 }