{ "BFS": 27.896503, "A*": 27.549645, "F-Hat": 27.287049, "Risk": 27.411795, "Lookahead": 6 }