{ "BFS": 27.347051, "A*": 26.196675, "F-Hat": 24.595832, "Risk": 28.651148, "Lookahead": 6 }