{ "BFS": 26.720539, "A*": 28.594487, "F-Hat": 26.652398, "Risk": 26.497730, "Lookahead": 6 }