{ "BFS": 28.472701, "A*": 26.889364, "F-Hat": 27.760272, "Risk": 26.830535, "Lookahead": 6 }