{ "BFS": 26.300760, "A*": 27.999450, "F-Hat": 31.780092, "Risk": 28.538343, "Lookahead": 6 }