{ "BFS": 29.113068, "A*": 28.130442, "F-Hat": 30.902428, "Risk": 27.264931, "Lookahead": 6 }