{ "BFS": 25.744137, "A*": 27.490731, "F-Hat": 27.052256, "Risk": 23.895859, "Lookahead": 6 }