{ "BFS": 29.987590, "A*": 25.704897, "F-Hat": 24.688976, "Risk": 25.513610, "Lookahead": 6 }