{ "BFS": 27.773694, "A*": 28.102666, "F-Hat": 26.055326, "Risk": 28.247157, "Lookahead": 6 }