{ "BFS": 27.896884, "A*": 24.943813, "F-Hat": 27.858167, "Risk": 27.135435, "Lookahead": 6 }