{ "BFS": 29.780150, "A*": 26.296768, "F-Hat": 28.116879, "Risk": 25.766133, "Lookahead": 6 }