{ "BFS": 30.533533, "A*": 29.993212, "F-Hat": 30.012037, "Risk": 28.630532, "Lookahead": 6 }