{ "BFS": 31.093018, "A*": 26.986394, "F-Hat": 26.975900, "Risk": 27.031460, "Lookahead": 6 }