{ "BFS": 27.173150, "A*": 25.085498, "F-Hat": 25.535392, "Risk": 28.764143, "Lookahead": 6 }