{ "BFS": 30.017327, "A*": 27.404243, "F-Hat": 29.146685, "Risk": 28.773703, "Lookahead": 6 }