{ "BFS": 28.248062, "A*": 23.911767, "F-Hat": 27.043210, "Risk": 28.966930, "Lookahead": 6 }