{ "BFS": 28.163194, "A*": 27.680055, "F-Hat": 26.061315, "Risk": 27.356416, "Lookahead": 6 }