{ "BFS": 27.752411, "A*": 25.378321, "F-Hat": 28.533591, "Risk": 25.880235, "Lookahead": 6 }