{ "BFS": 26.592844, "A*": 26.984695, "F-Hat": 27.770810, "Risk": 25.597548, "Lookahead": 6 }