{ "BFS": 30.410800, "A*": 26.551754, "F-Hat": 28.033724, "Risk": 26.698455, "Lookahead": 6 }