{ "BFS": 30.357198, "A*": 28.876332, "F-Hat": 27.966805, "Risk": 25.335314, "Lookahead": 6 }