{ "BFS": 28.624390, "A*": 25.962656, "F-Hat": 27.049717, "Risk": 27.703133, "Lookahead": 6 }