{ "BFS": 26.606813, "A*": 27.203251, "F-Hat": 25.733894, "Risk": 29.612735, "Lookahead": 6 }