{ "BFS": 29.020519, "A*": 27.165057, "F-Hat": 25.804334, "Risk": 27.629923, "Lookahead": 6 }