{ "BFS": 26.009034, "A*": 25.664936, "F-Hat": 27.142325, "Risk": 25.499316, "Lookahead": 6 }