{ "BFS": 24.839750, "A*": 26.995478, "F-Hat": 24.480283, "Risk": 26.995478, "Lookahead": 6 }