{ "BFS": 27.660461, "A*": 27.236870, "F-Hat": 27.464669, "Risk": 25.126803, "Lookahead": 6 }