{ "BFS": 27.763880, "A*": 27.137710, "F-Hat": 25.426135, "Risk": 25.196429, "Lookahead": 6 }