{ "BFS": 24.729533, "A*": 23.653381, "F-Hat": 25.208359, "Risk": 26.536661, "Lookahead": 6 }