{ "BFS": 29.235779, "A*": 28.250447, "F-Hat": 29.203042, "Risk": 29.312513, "Lookahead": 6 }