{ "BFS": 27.690927, "A*": 25.859445, "F-Hat": 27.957300, "Risk": 27.121716, "Lookahead": 6 }