{ "BFS": 29.000081, "A*": 25.800968, "F-Hat": 27.760673, "Risk": 29.692383, "Lookahead": 6 }