{ "BFS": 25.288343, "A*": 26.201084, "F-Hat": 26.598734, "Risk": 25.277398, "Lookahead": 6 }