{ "BFS": 27.513402, "A*": 27.210897, "F-Hat": 26.658905, "Risk": 26.986580, "Lookahead": 6 }