{ "BFS": 31.277063, "A*": 24.947426, "F-Hat": 24.382203, "Risk": 24.512468, "Lookahead": 6 }