{ "BFS": 29.555326, "A*": 25.973525, "F-Hat": 27.822968, "Risk": 30.181123, "Lookahead": 6 }