{ "BFS": 27.234803, "A*": 28.366903, "F-Hat": 25.266154, "Risk": 26.700281, "Lookahead": 6 }