{ "BFS": 29.642455, "A*": 25.744665, "F-Hat": 27.410062, "Risk": 25.921687, "Lookahead": 6 }