{ "BFS": 26.799885, "A*": 28.958719, "F-Hat": 27.745489, "Risk": 28.836433, "Lookahead": 6 }