{ "BFS": 29.131915, "A*": 25.906218, "F-Hat": 28.845743, "Risk": 27.653439, "Lookahead": 6 }