{ "BFS": 26.931528, "A*": 27.111986, "F-Hat": 26.586672, "Risk": 27.683067, "Lookahead": 6 }