{ "BFS": 27.351367, "A*": 27.613281, "F-Hat": 26.623311, "Risk": 25.070567, "Lookahead": 6 }