{ "BFS": 31.524835, "A*": 28.101427, "F-Hat": 27.819261, "Risk": 28.745076, "Lookahead": 6 }