{ "BFS": 27.518522, "A*": 26.761100, "F-Hat": 28.625960, "Risk": 28.191512, "Lookahead": 6 }