{ "BFS": 32.686073, "A*": 29.311889, "F-Hat": 26.816360, "Risk": 28.824087, "Lookahead": 6 }