{ "BFS": 23.639454, "A*": 28.872056, "F-Hat": 24.809527, "Risk": 26.081451, "Lookahead": 6 }