{ "BFS": 28.009151, "A*": 28.645656, "F-Hat": 24.652693, "Risk": 28.545025, "Lookahead": 6 }