{ "BFS": 28.369431, "A*": 27.456082, "F-Hat": 26.478841, "Risk": 24.240544, "Lookahead": 6 }