{ "BFS": 31.877668, "A*": 28.197986, "F-Hat": 28.554252, "Risk": 28.525343, "Lookahead": 6 }