{ "BFS": 29.396525, "A*": 26.634935, "F-Hat": 28.591898, "Risk": 29.034884, "Lookahead": 6 }