{ "BFS": 25.877540, "A*": 25.621718, "F-Hat": 28.493002, "Risk": 26.536127, "Lookahead": 6 }