{ "BFS": 28.024074, "A*": 25.408036, "F-Hat": 28.089295, "Risk": 25.872455, "Lookahead": 6 }