{ "BFS": 27.400635, "A*": 26.956169, "F-Hat": 29.310269, "Risk": 26.956169, "Lookahead": 6 }