{ "BFS": 26.980030, "A*": 26.033846, "F-Hat": 29.282131, "Risk": 27.380716, "Lookahead": 6 }