{ "BFS": 27.658478, "A*": 27.301862, "F-Hat": 28.037469, "Risk": 27.540335, "Lookahead": 6 }