{ "BFS": 29.656340, "A*": 27.663452, "F-Hat": 25.779020, "Risk": 26.500760, "Lookahead": 6 }