{ "BFS": 28.288982, "A*": 26.734247, "F-Hat": 26.102442, "Risk": 29.116504, "Lookahead": 6 }