{ "BFS": 25.822273, "A*": 27.917605, "F-Hat": 28.891308, "Risk": 24.605929, "Lookahead": 6 }