{ "BFS": 27.478792, "A*": 28.903976, "F-Hat": 29.108083, "Risk": 27.730875, "Lookahead": 6 }