{ "BFS": 26.757625, "A*": 28.267111, "F-Hat": 26.855524, "Risk": 27.299799, "Lookahead": 6 }