{ "BFS": 33.751871, "A*": 25.684684, "F-Hat": 29.944985, "Risk": 29.315463, "Lookahead": 6 }