{ "BFS": 28.173339, "A*": 24.463637, "F-Hat": 26.741566, "Risk": 25.591161, "Lookahead": 6 }