{ "BFS": 25.068867, "A*": 26.556440, "F-Hat": 24.985348, "Risk": 24.796076, "Lookahead": 6 }