{ "BFS": 32.028926, "A*": 26.186223, "F-Hat": 28.134906, "Risk": 28.449143, "Lookahead": 6 }