{ "BFS": 25.759027, "A*": 25.398130, "F-Hat": 25.922808, "Risk": 26.136574, "Lookahead": 6 }