{ "BFS": 29.583532, "A*": 25.477012, "F-Hat": 27.824268, "Risk": 27.424741, "Lookahead": 6 }