{ "BFS": 31.072023, "A*": 28.202946, "F-Hat": 27.666588, "Risk": 28.472694, "Lookahead": 6 }