{ "BFS": 25.605057, "A*": 26.453532, "F-Hat": 27.900683, "Risk": 26.504884, "Lookahead": 6 }