{ "BFS": 25.297241, "A*": 26.371403, "F-Hat": 30.585624, "Risk": 26.901600, "Lookahead": 6 }