{ "BFS": 24.197016, "A*": 24.528864, "F-Hat": 26.161989, "Risk": 28.835222, "Lookahead": 6 }