{ "BFS": 24.985423, "A*": 27.340505, "F-Hat": 28.196355, "Risk": 28.430490, "Lookahead": 6 }