{ "BFS": 25.638742, "A*": 29.002310, "F-Hat": 27.982174, "Risk": 23.894886, "Lookahead": 6 }