{ "BFS": 27.759145, "A*": 27.749233, "F-Hat": 28.588734, "Risk": 24.680564, "Lookahead": 6 }