{ "BFS": 26.960527, "A*": 24.517505, "F-Hat": 25.406942, "Risk": 24.517505, "Lookahead": 6 }