{ "BFS": 31.465635, "A*": 28.907512, "F-Hat": 27.910334, "Risk": 28.984667, "Lookahead": 6 }