{ "BFS": 27.057278, "A*": 25.579438, "F-Hat": 28.204098, "Risk": 32.256149, "Lookahead": 6 }