{ "BFS": 26.600102, "A*": 29.732708, "F-Hat": 27.944360, "Risk": 24.341520, "Lookahead": 6 }