{ "BFS": 29.531098, "A*": 27.690699, "F-Hat": 25.770194, "Risk": 28.302453, "Lookahead": 6 }