{ "BFS": 29.622697, "A*": 28.120773, "F-Hat": 29.714938, "Risk": 28.120773, "Lookahead": 6 }