{ "BFS": 25.733559, "A*": 27.242735, "F-Hat": 30.532392, "Risk": 25.634174, "Lookahead": 6 }