{ "BFS": 28.015334, "A*": 26.496830, "F-Hat": 27.938349, "Risk": 25.408442, "Lookahead": 6 }