{ "BFS": 27.068837, "A*": 27.104239, "F-Hat": 27.145138, "Risk": 27.772699, "Lookahead": 6 }