{ "BFS": 28.229554, "A*": 28.473775, "F-Hat": 27.790485, "Risk": 26.490455, "Lookahead": 6 }