{ "BFS": 27.684478, "A*": 27.621588, "F-Hat": 27.840102, "Risk": 30.361236, "Lookahead": 6 }