{ "BFS": 25.882748, "A*": 25.385273, "F-Hat": 28.367044, "Risk": 24.638967, "Lookahead": 6 }