{ "BFS": 26.836920, "A*": 23.144173, "F-Hat": 25.749427, "Risk": 25.146109, "Lookahead": 6 }