{ "BFS": 27.563882, "A*": 25.929525, "F-Hat": 26.254415, "Risk": 24.446800, "Lookahead": 6 }