{ "BFS": 29.729808, "A*": 28.566892, "F-Hat": 25.298067, "Risk": 24.911876, "Lookahead": 6 }