{ "BFS": 24.720964, "A*": 24.874729, "F-Hat": 26.831894, "Risk": 27.221554, "Lookahead": 6 }