{ "BFS": 27.672671, "A*": 28.512998, "F-Hat": 27.994041, "Risk": 26.848033, "Lookahead": 6 }