{ "BFS": 27.497297, "A*": 24.583842, "F-Hat": 25.162446, "Risk": 24.299630, "Lookahead": 6 }