{ "BFS": 25.668641, "A*": 26.391896, "F-Hat": 31.179172, "Risk": 29.586566, "Lookahead": 6 }