{ "BFS": 27.097969, "A*": 27.417695, "F-Hat": 29.851453, "Risk": 27.722794, "Lookahead": 6 }