{ "BFS": 25.137118, "A*": 24.801891, "F-Hat": 28.990219, "Risk": 26.455137, "Lookahead": 6 }