{ "BFS": 29.292271, "A*": 26.101605, "F-Hat": 29.298326, "Risk": 27.099243, "Lookahead": 6 }