{ "BFS": 27.512060, "A*": 27.653621, "F-Hat": 25.769991, "Risk": 27.163539, "Lookahead": 6 }