{ "BFS": 28.092469, "A*": 23.894795, "F-Hat": 29.054100, "Risk": 30.663915, "Lookahead": 6 }