{ "BFS": 28.843931, "A*": 26.093658, "F-Hat": 25.755391, "Risk": 25.993129, "Lookahead": 6 }