{ "BFS": 29.304438, "A*": 29.102671, "F-Hat": 24.531647, "Risk": 27.258806, "Lookahead": 6 }