{ "BFS": 30.226275, "A*": 29.157866, "F-Hat": 27.995008, "Risk": 27.465944, "Lookahead": 6 }