{ "BFS": 28.947186, "A*": 25.525866, "F-Hat": 26.943902, "Risk": 26.062335, "Lookahead": 6 }