{ "BFS": 27.731708, "A*": 26.938319, "F-Hat": 24.382384, "Risk": 25.604710, "Lookahead": 6 }