{ "BFS": 28.221744, "A*": 27.856253, "F-Hat": 28.360017, "Risk": 28.235915, "Lookahead": 6 }