{ "BFS": 32.758206, "A*": 28.101752, "F-Hat": 31.761155, "Risk": 27.203814, "Lookahead": 6 }