{ "BFS": 30.070500, "A*": 26.463885, "F-Hat": 28.865667, "Risk": 23.848582, "Lookahead": 6 }