{ "BFS": 28.590793, "A*": 23.933171, "F-Hat": 29.334368, "Risk": 27.297732, "Lookahead": 6 }