{ "BFS": 25.215689, "A*": 26.286240, "F-Hat": 28.654975, "Risk": 25.028471, "Lookahead": 6 }