{ "BFS": 28.063452, "A*": 26.764097, "F-Hat": 27.618681, "Risk": 26.269849, "Lookahead": 6 }