{ "BFS": 25.146069, "A*": 24.569374, "F-Hat": 27.732486, "Risk": 24.822500, "Lookahead": 6 }