{ "BFS": 25.374837, "A*": 27.005755, "F-Hat": 27.730874, "Risk": 26.423247, "Lookahead": 6 }