{ "BFS": 25.847721, "A*": 28.193320, "F-Hat": 27.602355, "Risk": 24.236269, "Lookahead": 6 }