{ "BFS": 28.395793, "A*": 24.340173, "F-Hat": 27.676018, "Risk": 27.887410, "Lookahead": 6 }