{ "BFS": 30.558615, "A*": 26.532313, "F-Hat": 28.646236, "Risk": 25.926098, "Lookahead": 6 }