{ "BFS": 29.397945, "A*": 29.824032, "F-Hat": 28.407774, "Risk": 25.154595, "Lookahead": 6 }