{ "BFS": 27.246155, "A*": 26.496235, "F-Hat": 27.679959, "Risk": 27.774935, "Lookahead": 6 }