{ "BFS": 26.367973, "A*": 25.515511, "F-Hat": 26.470922, "Risk": 25.515511, "Lookahead": 6 }