{ "BFS": 29.993769, "A*": 24.239938, "F-Hat": 26.916244, "Risk": 26.067981, "Lookahead": 6 }