{ "BFS": 24.869907, "A*": 28.517151, "F-Hat": 28.943790, "Risk": 26.528832, "Lookahead": 6 }