{ "BFS": 25.827308, "A*": 26.730603, "F-Hat": 27.506938, "Risk": 27.646549, "Lookahead": 6 }