{ "BFS": 27.947696, "A*": 26.725774, "F-Hat": 25.474280, "Risk": 26.926107, "Lookahead": 6 }