{ "BFS": 28.126055, "A*": 26.963565, "F-Hat": 28.395516, "Risk": 29.895974, "Lookahead": 6 }