{ "BFS": 27.301769, "A*": 24.344521, "F-Hat": 29.204101, "Risk": 26.089320, "Lookahead": 6 }