{ "BFS": 26.434644, "A*": 26.212779, "F-Hat": 25.338026, "Risk": 26.233877, "Lookahead": 6 }