{ "BFS": 26.897249, "A*": 26.432716, "F-Hat": 27.553822, "Risk": 28.357415, "Lookahead": 6 }