{ "BFS": 27.140540, "A*": 28.894574, "F-Hat": 29.618231, "Risk": 25.943548, "Lookahead": 6 }