{ "BFS": 26.564424, "A*": 27.854334, "F-Hat": 27.049273, "Risk": 24.896998, "Lookahead": 6 }