{ "BFS": 26.739090, "A*": 27.620029, "F-Hat": 26.380591, "Risk": 25.671748, "Lookahead": 6 }