{ "BFS": 30.019150, "A*": 28.554307, "F-Hat": 28.422526, "Risk": 25.328411, "Lookahead": 6 }