{ "BFS": 29.504256, "A*": 27.326611, "F-Hat": 27.851288, "Risk": 25.179007, "Lookahead": 6 }