{ "BFS": 28.803062, "A*": 28.817844, "F-Hat": 27.319435, "Risk": 26.706775, "Lookahead": 6 }