{ "BFS": 30.589701, "A*": 29.115853, "F-Hat": 28.202326, "Risk": 27.416274, "Lookahead": 6 }