{ "BFS": 27.188620, "A*": 27.086072, "F-Hat": 27.826037, "Risk": 27.874571, "Lookahead": 6 }