{ "BFS": 25.547472, "A*": 25.724585, "F-Hat": 27.030460, "Risk": 26.656803, "Lookahead": 6 }