{ "BFS": 28.810886, "A*": 29.040465, "F-Hat": 27.646447, "Risk": 28.275690, "Lookahead": 6 }