{ "BFS": 30.040673, "A*": 28.721783, "F-Hat": 26.942867, "Risk": 30.132023, "Lookahead": 6 }