{ "BFS": 26.888554, "A*": 28.019967, "F-Hat": 25.550823, "Risk": 29.139263, "Lookahead": 6 }