{ "BFS": 26.340596, "A*": 25.224269, "F-Hat": 26.827383, "Risk": 26.577774, "Lookahead": 6 }