{ "BFS": 30.018428, "A*": 27.599795, "F-Hat": 28.413551, "Risk": 27.055329, "Lookahead": 6 }