{ "BFS": 28.087361, "A*": 24.402004, "F-Hat": 26.279298, "Risk": 24.402004, "Lookahead": 6 }