{ "BFS": 27.560460, "A*": 26.902074, "F-Hat": 27.547903, "Risk": 29.843908, "Lookahead": 6 }