{ "BFS": 28.369091, "A*": 27.996025, "F-Hat": 29.418592, "Risk": 25.131050, "Lookahead": 6 }