{ "BFS": 26.218045, "A*": 25.031230, "F-Hat": 24.784921, "Risk": 25.845062, "Lookahead": 6 }