{ "BFS": 24.696759, "A*": 30.097111, "F-Hat": 25.474054, "Risk": 26.725751, "Lookahead": 6 }