{ "BFS": 27.517080, "A*": 27.283435, "F-Hat": 27.624651, "Risk": 24.107857, "Lookahead": 6 }