{ "BFS": 28.430831, "A*": 27.067468, "F-Hat": 27.536191, "Risk": 28.299941, "Lookahead": 6 }