{ "BFS": 26.871115, "A*": 29.375119, "F-Hat": 27.314573, "Risk": 27.005685, "Lookahead": 6 }