{ "BFS": 31.221453, "A*": 24.009436, "F-Hat": 25.792829, "Risk": 27.425455, "Lookahead": 6 }