{ "BFS": 29.333849, "A*": 24.702497, "F-Hat": 27.360344, "Risk": 23.625125, "Lookahead": 6 }