{ "BFS": 29.984083, "A*": 30.261774, "F-Hat": 26.060258, "Risk": 25.546464, "Lookahead": 6 }