{ "BFS": 26.974436, "A*": 24.770588, "F-Hat": 25.860390, "Risk": 26.804683, "Lookahead": 6 }