{ "BFS": 27.836722, "A*": 26.832222, "F-Hat": 26.546244, "Risk": 25.809518, "Lookahead": 6 }