{ "BFS": 26.390072, "A*": 27.892859, "F-Hat": 26.761499, "Risk": 30.398838, "Lookahead": 6 }