{ "BFS": 28.413190, "A*": 27.407247, "F-Hat": 29.517423, "Risk": 26.227854, "Lookahead": 6 }