{ "BFS": 30.089861, "A*": 25.953258, "F-Hat": 28.196673, "Risk": 29.149057, "Lookahead": 6 }