{ "BFS": 32.200717, "A*": 25.423857, "F-Hat": 29.158892, "Risk": 26.077483, "Lookahead": 6 }