{ "BFS": 25.264245, "A*": 25.639044, "F-Hat": 29.497048, "Risk": 25.639044, "Lookahead": 6 }