{ "BFS": 27.403665, "A*": 28.374392, "F-Hat": 28.825969, "Risk": 26.620337, "Lookahead": 6 }