{ "BFS": 28.403626, "A*": 26.615424, "F-Hat": 29.619055, "Risk": 26.615424, "Lookahead": 6 }