{ "BFS": 27.229955, "A*": 25.067038, "F-Hat": 29.820285, "Risk": 25.667743, "Lookahead": 6 }