{ "BFS": 31.640763, "A*": 29.204735, "F-Hat": 28.147167, "Risk": 27.728525, "Lookahead": 6 }