{ "BFS": 30.653191, "A*": 24.712225, "F-Hat": 27.711064, "Risk": 30.504195, "Lookahead": 6 }