{ "BFS": 24.669874, "A*": 26.674205, "F-Hat": 26.835870, "Risk": 29.711289, "Lookahead": 6 }