{ "BFS": 26.702877, "A*": 29.894434, "F-Hat": 28.246839, "Risk": 30.624674, "Lookahead": 6 }