{ "BFS": 25.756045, "A*": 26.993286, "F-Hat": 25.544754, "Risk": 24.496113, "Lookahead": 6 }