{ "BFS": 30.794636, "A*": 25.344431, "F-Hat": 26.901119, "Risk": 28.874869, "Lookahead": 6 }