{ "BFS": 28.979762, "A*": 28.737284, "F-Hat": 26.765893, "Risk": 25.063219, "Lookahead": 6 }