{ "BFS": 27.741142, "A*": 27.285581, "F-Hat": 29.746385, "Risk": 27.463968, "Lookahead": 6 }