{ "BFS": 27.367646, "A*": 27.750306, "F-Hat": 27.467986, "Risk": 26.358408, "Lookahead": 6 }