{ "BFS": 28.486196, "A*": 24.127812, "F-Hat": 29.378645, "Risk": 28.005525, "Lookahead": 6 }