{ "BFS": 25.622574, "A*": 22.177639, "F-Hat": 29.889430, "Risk": 24.057381, "Lookahead": 6 }