{ "BFS": 30.404061, "A*": 26.612710, "F-Hat": 25.419696, "Risk": 26.633257, "Lookahead": 6 }