{ "BFS": 29.464860, "A*": 28.774692, "F-Hat": 31.815114, "Risk": 28.774692, "Lookahead": 6 }