{ "BFS": 29.027755, "A*": 31.355370, "F-Hat": 28.426005, "Risk": 31.355370, "Lookahead": 6 }