{ "BFS": 26.105145, "A*": 26.555429, "F-Hat": 25.230553, "Risk": 28.490921, "Lookahead": 6 }