{ "BFS": 24.556562, "A*": 23.326365, "F-Hat": 25.001282, "Risk": 28.474698, "Lookahead": 6 }