{ "BFS": 26.648514, "A*": 28.179456, "F-Hat": 28.640129, "Risk": 27.393229, "Lookahead": 6 }