{ "BFS": 27.810310, "A*": 28.432435, "F-Hat": 29.625118, "Risk": 28.432435, "Lookahead": 6 }