{ "BFS": 29.606599, "A*": 26.839581, "F-Hat": 29.510125, "Risk": 26.656127, "Lookahead": 6 }