{ "BFS": 27.621708, "A*": 27.012685, "F-Hat": 26.649547, "Risk": 27.166219, "Lookahead": 6 }