{ "BFS": 27.598871, "A*": 26.881686, "F-Hat": 28.735058, "Risk": 27.212515, "Lookahead": 6 }