{ "BFS": 26.121329, "A*": 26.728964, "F-Hat": 28.700781, "Risk": 26.679491, "Lookahead": 6 }