{ "BFS": 28.619206, "A*": 26.611791, "F-Hat": 26.232423, "Risk": 28.699384, "Lookahead": 6 }