{ "BFS": 25.035147, "A*": 26.473296, "F-Hat": 26.369054, "Risk": 25.816466, "Lookahead": 6 }