{ "BFS": 28.231216, "A*": 25.936570, "F-Hat": 29.752443, "Risk": 28.042651, "Lookahead": 6 }