{ "BFS": 29.177566, "A*": 27.172341, "F-Hat": 29.457813, "Risk": 28.169346, "Lookahead": 6 }