{ "BFS": 29.789773, "A*": 28.834314, "F-Hat": 28.126928, "Risk": 27.604049, "Lookahead": 6 }