{ "BFS": 29.815065, "A*": 27.274244, "F-Hat": 28.177899, "Risk": 26.215792, "Lookahead": 6 }