{ "BFS": 27.405111, "A*": 26.146975, "F-Hat": 28.274946, "Risk": 27.364510, "Lookahead": 6 }