{ "BFS": 28.329874, "A*": 27.525003, "F-Hat": 27.576103, "Risk": 26.137481, "Lookahead": 6 }