{ "BFS": 27.881370, "A*": 25.935535, "F-Hat": 25.258898, "Risk": 26.105649, "Lookahead": 6 }