{ "BFS": 27.530689, "A*": 24.514060, "F-Hat": 28.321726, "Risk": 26.552562, "Lookahead": 6 }