{ "BFS": 30.671523, "A*": 27.696631, "F-Hat": 26.345292, "Risk": 27.918745, "Lookahead": 6 }