{ "BFS": 31.215026, "A*": 28.406876, "F-Hat": 29.752691, "Risk": 25.550831, "Lookahead": 6 }