{ "BFS": 26.239858, "A*": 26.390367, "F-Hat": 28.182501, "Risk": 25.637767, "Lookahead": 6 }