{ "BFS": 25.217359, "A*": 27.194315, "F-Hat": 28.868746, "Risk": 28.220640, "Lookahead": 6 }