{ "BFS": 28.163685, "A*": 28.185839, "F-Hat": 30.980200, "Risk": 28.185839, "Lookahead": 6 }