{ "BFS": 25.540714, "A*": 27.213154, "F-Hat": 27.732912, "Risk": 28.423532, "Lookahead": 6 }