{ "BFS": 30.244943, "A*": 27.508301, "F-Hat": 26.577944, "Risk": 26.220519, "Lookahead": 6 }