{ "BFS": 28.547171, "A*": 28.394050, "F-Hat": 30.108415, "Risk": 26.814787, "Lookahead": 6 }