{ "BFS": 28.015776, "A*": 29.223236, "F-Hat": 27.420114, "Risk": 21.831198, "Lookahead": 6 }