{ "BFS": 27.341026, "A*": 29.618875, "F-Hat": 29.795352, "Risk": 27.559096, "Lookahead": 6 }