{ "BFS": 26.507111, "A*": 27.687946, "F-Hat": 28.444428, "Risk": 26.470664, "Lookahead": 6 }