{ "BFS": 27.885872, "A*": 28.218725, "F-Hat": 28.227380, "Risk": 27.193223, "Lookahead": 6 }