{ "BFS": 28.546108, "A*": 27.541708, "F-Hat": 29.968802, "Risk": 26.372821, "Lookahead": 6 }