{ "BFS": 27.918939, "A*": 28.423701, "F-Hat": 27.550992, "Risk": 28.423701, "Lookahead": 6 }