{ "BFS": 28.834676, "A*": 28.425995, "F-Hat": 30.632025, "Risk": 26.462542, "Lookahead": 6 }