{ "BFS": 28.349139, "A*": 27.196773, "F-Hat": 25.887656, "Risk": 24.536148, "Lookahead": 6 }