{ "BFS": 30.544535, "A*": 27.152391, "F-Hat": 25.739686, "Risk": 27.346532, "Lookahead": 6 }