{ "BFS": 26.020112, "A*": 26.854676, "F-Hat": 26.924585, "Risk": 30.203657, "Lookahead": 6 }