{ "BFS": 29.489195, "A*": 27.766177, "F-Hat": 25.365536, "Risk": 29.872275, "Lookahead": 6 }