{ "BFS": 27.818772, "A*": 28.748884, "F-Hat": 26.949231, "Risk": 26.515801, "Lookahead": 6 }