{ "BFS": 26.647143, "A*": 25.302578, "F-Hat": 28.509694, "Risk": 24.607762, "Lookahead": 6 }