{ "BFS": 28.176566, "A*": 28.860411, "F-Hat": 31.157125, "Risk": 29.368089, "Lookahead": 6 }