{ "BFS": 26.273130, "A*": 25.369226, "F-Hat": 26.038472, "Risk": 26.448492, "Lookahead": 6 }