{ "BFS": 27.329475, "A*": 26.443995, "F-Hat": 29.967334, "Risk": 25.931501, "Lookahead": 6 }