{ "BFS": 29.125629, "A*": 27.969415, "F-Hat": 30.542203, "Risk": 26.033640, "Lookahead": 6 }