{ "BFS": 26.312101, "A*": 26.333110, "F-Hat": 28.578823, "Risk": 26.296199, "Lookahead": 6 }