{ "BFS": 27.046544, "A*": 26.782948, "F-Hat": 27.030090, "Risk": 29.573708, "Lookahead": 6 }