{ "BFS": 25.184985, "A*": 26.372333, "F-Hat": 26.436017, "Risk": 24.551443, "Lookahead": 6 }