{ "BFS": 27.212045, "A*": 25.225419, "F-Hat": 26.622474, "Risk": 28.152676, "Lookahead": 6 }