{ "BFS": 26.063575, "A*": 28.717697, "F-Hat": 26.356837, "Risk": 28.468173, "Lookahead": 6 }