{ "BFS": 29.491432, "A*": 27.938989, "F-Hat": 26.603920, "Risk": 28.031539, "Lookahead": 6 }