{ "BFS": 28.464556, "A*": 27.604999, "F-Hat": 29.461492, "Risk": 26.904270, "Lookahead": 6 }