{ "BFS": 29.658564, "A*": 25.341282, "F-Hat": 28.349227, "Risk": 29.392666, "Lookahead": 6 }