{ "BFS": 29.560926, "A*": 28.050783, "F-Hat": 26.040726, "Risk": 29.778897, "Lookahead": 6 }