{ "BFS": 26.190779, "A*": 25.552455, "F-Hat": 30.663013, "Risk": 27.744160, "Lookahead": 6 }