{ "BFS": 25.537395, "A*": 27.512230, "F-Hat": 26.365091, "Risk": 25.258158, "Lookahead": 6 }