{ "BFS": 29.459987, "A*": 27.116542, "F-Hat": 26.784341, "Risk": 29.057735, "Lookahead": 6 }