{ "BFS": 29.662828, "A*": 23.000065, "F-Hat": 27.293664, "Risk": 22.864225, "Lookahead": 6 }