{ "BFS": 26.924184, "A*": 25.157711, "F-Hat": 28.663708, "Risk": 25.344730, "Lookahead": 6 }