{ "BFS": 28.283902, "A*": 29.670671, "F-Hat": 29.192510, "Risk": 28.955832, "Lookahead": 6 }