{ "BFS": 26.943456, "A*": 24.415434, "F-Hat": 28.871532, "Risk": 24.415434, "Lookahead": 6 }