{ "BFS": 29.355150, "A*": 26.400007, "F-Hat": 28.923728, "Risk": 26.954873, "Lookahead": 6 }