{ "BFS": 26.689278, "A*": 27.794908, "F-Hat": 24.497088, "Risk": 26.695524, "Lookahead": 6 }