{ "BFS": 29.712701, "A*": 27.648722, "F-Hat": 30.512189, "Risk": 27.459014, "Lookahead": 6 }