{ "BFS": 26.035552, "A*": 26.292392, "F-Hat": 28.249008, "Risk": 26.731528, "Lookahead": 6 }