{ "BFS": 27.025184, "A*": 26.310456, "F-Hat": 30.533792, "Risk": 27.768739, "Lookahead": 6 }