{ "BFS": 25.178775, "A*": 24.795580, "F-Hat": 27.885104, "Risk": 27.585683, "Lookahead": 6 }