{ "BFS": 27.783109, "A*": 28.513415, "F-Hat": 27.362736, "Risk": 28.427505, "Lookahead": 6 }