{ "BFS": 27.436818, "A*": 25.649050, "F-Hat": 29.540470, "Risk": 25.658966, "Lookahead": 6 }