{ "BFS": 27.599504, "A*": 29.342769, "F-Hat": 26.922416, "Risk": 30.187530, "Lookahead": 6 }