{ "BFS": 31.474360, "A*": 26.370235, "F-Hat": 30.725707, "Risk": 25.386919, "Lookahead": 6 }