{ "BFS": 27.433961, "A*": 24.041574, "F-Hat": 30.233873, "Risk": 28.267131, "Lookahead": 6 }