{ "BFS": 27.339273, "A*": 28.381606, "F-Hat": 24.571339, "Risk": 29.769025, "Lookahead": 6 }