{ "BFS": 28.783994, "A*": 28.925758, "F-Hat": 26.809732, "Risk": 28.914207, "Lookahead": 6 }