{ "BFS": 27.534879, "A*": 25.500045, "F-Hat": 25.150069, "Risk": 27.264869, "Lookahead": 6 }