{ "BFS": 28.547193, "A*": 26.927986, "F-Hat": 29.340625, "Risk": 28.228671, "Lookahead": 6 }