{ "BFS": 28.956734, "A*": 29.259777, "F-Hat": 30.637088, "Risk": 27.105202, "Lookahead": 6 }