{ "BFS": 28.465441, "A*": 27.930115, "F-Hat": 27.575067, "Risk": 27.910321, "Lookahead": 6 }