{ "BFS": 27.202384, "A*": 28.853641, "F-Hat": 27.073651, "Risk": 25.370193, "Lookahead": 6 }