{ "BFS": 26.465130, "A*": 22.958196, "F-Hat": 24.239948, "Risk": 27.601090, "Lookahead": 6 }