{ "BFS": 30.458808, "A*": 25.485565, "F-Hat": 27.873019, "Risk": 23.226777, "Lookahead": 6 }