{ "BFS": 26.467753, "A*": 26.507736, "F-Hat": 26.365557, "Risk": 28.980914, "Lookahead": 6 }