{ "BFS": 27.739525, "A*": 29.194794, "F-Hat": 27.946421, "Risk": 29.194794, "Lookahead": 6 }