{ "BFS": 27.783687, "A*": 23.312819, "F-Hat": 25.385425, "Risk": 23.638572, "Lookahead": 6 }