{ "BFS": 26.384204, "A*": 29.744326, "F-Hat": 28.966820, "Risk": 29.005496, "Lookahead": 6 }