{ "BFS": 30.281240, "A*": 25.337584, "F-Hat": 28.158280, "Risk": 27.406420, "Lookahead": 6 }