{ "BFS": 25.967746, "A*": 24.375120, "F-Hat": 23.383283, "Risk": 26.169613, "Lookahead": 6 }