{ "BFS": 28.264095, "A*": 28.530797, "F-Hat": 29.264562, "Risk": 30.185965, "Lookahead": 6 }