{ "BFS": 28.060036, "A*": 26.147447, "F-Hat": 28.731995, "Risk": 25.033554, "Lookahead": 6 }