{ "BFS": 24.849797, "A*": 25.297694, "F-Hat": 24.840655, "Risk": 26.827717, "Lookahead": 6 }