{ "BFS": 28.300949, "A*": 28.874691, "F-Hat": 26.786037, "Risk": 27.980140, "Lookahead": 6 }