{ "BFS": 28.301591, "A*": 27.123238, "F-Hat": 27.008295, "Risk": 27.123238, "Lookahead": 6 }