{ "BFS": 27.586491, "A*": 26.333671, "F-Hat": 30.515589, "Risk": 26.571128, "Lookahead": 6 }