{ "BFS": 28.641316, "A*": 29.621045, "F-Hat": 27.745137, "Risk": 29.621045, "Lookahead": 6 }