{ "BFS": 26.933710, "A*": 24.785853, "F-Hat": 26.758774, "Risk": 24.388451, "Lookahead": 6 }