{ "BFS": 26.845911, "A*": 26.954430, "F-Hat": 27.430032, "Risk": 26.954430, "Lookahead": 6 }