{ "BFS": 26.926675, "A*": 29.027304, "F-Hat": 28.879951, "Risk": 28.129813, "Lookahead": 6 }