{ "BFS": 30.354132, "A*": 28.191632, "F-Hat": 28.026963, "Risk": 27.417611, "Lookahead": 6 }