{ "BFS": 28.641621, "A*": 26.619819, "F-Hat": 26.600313, "Risk": 26.823944, "Lookahead": 6 }