{ "BFS": 25.333155, "A*": 27.590002, "F-Hat": 30.855364, "Risk": 27.166448, "Lookahead": 6 }