{ "BFS": 25.175632, "A*": 28.236659, "F-Hat": 25.780595, "Risk": 26.337951, "Lookahead": 6 }