{ "BFS": 29.289978, "A*": 26.194749, "F-Hat": 26.854968, "Risk": 28.243777, "Lookahead": 6 }