{ "BFS": 31.221384, "A*": 26.155415, "F-Hat": 27.247321, "Risk": 25.779274, "Lookahead": 6 }