{ "BFS": 27.397998, "A*": 27.257541, "F-Hat": 27.704698, "Risk": 29.573677, "Lookahead": 6 }