{ "BFS": 27.786296, "A*": 27.569677, "F-Hat": 28.321266, "Risk": 27.509628, "Lookahead": 6 }