{ "BFS": 30.183774, "A*": 24.055024, "F-Hat": 30.504753, "Risk": 26.401100, "Lookahead": 6 }