{ "BFS": 26.326952, "A*": 28.129035, "F-Hat": 28.004460, "Risk": 27.600551, "Lookahead": 6 }