{ "BFS": 27.784990, "A*": 26.599341, "F-Hat": 26.888443, "Risk": 26.599341, "Lookahead": 6 }