{ "BFS": 27.031028, "A*": 27.944140, "F-Hat": 27.571125, "Risk": 23.304706, "Lookahead": 6 }