{ "BFS": 27.239651, "A*": 28.259848, "F-Hat": 26.097436, "Risk": 26.573116, "Lookahead": 6 }