{ "BFS": 26.727376, "A*": 27.212946, "F-Hat": 27.499769, "Risk": 25.116258, "Lookahead": 6 }