{ "BFS": 26.650847, "A*": 25.949298, "F-Hat": 27.230245, "Risk": 26.941100, "Lookahead": 6 }