{ "BFS": 29.832153, "A*": 26.748945, "F-Hat": 29.477428, "Risk": 26.443089, "Lookahead": 6 }