{ "BFS": 27.317136, "A*": 28.693477, "F-Hat": 28.470051, "Risk": 27.988325, "Lookahead": 6 }