{ "BFS": 27.888538, "A*": 26.933895, "F-Hat": 29.283718, "Risk": 26.834267, "Lookahead": 6 }