{ "BFS": 27.342763, "A*": 23.103085, "F-Hat": 24.406686, "Risk": 23.847938, "Lookahead": 6 }