{ "BFS": 29.018020, "A*": 26.499082, "F-Hat": 29.044455, "Risk": 26.753122, "Lookahead": 6 }