{ "BFS": 28.467209, "A*": 26.857254, "F-Hat": 29.145381, "Risk": 28.292544, "Lookahead": 6 }