{ "BFS": 27.665152, "A*": 27.890598, "F-Hat": 29.888787, "Risk": 25.366130, "Lookahead": 6 }