{ "BFS": 28.500760, "A*": 25.052222, "F-Hat": 27.403845, "Risk": 26.657659, "Lookahead": 6 }