{ "BFS": 27.233448, "A*": 29.141260, "F-Hat": 26.878898, "Risk": 26.442263, "Lookahead": 6 }