{ "BFS": 27.578022, "A*": 29.576459, "F-Hat": 26.415776, "Risk": 23.926862, "Lookahead": 6 }