{ "BFS": 23.327447, "A*": 29.721397, "F-Hat": 29.173730, "Risk": 26.444860, "Lookahead": 6 }