{ "BFS": 26.288549, "A*": 29.505096, "F-Hat": 27.934790, "Risk": 25.034205, "Lookahead": 6 }