{ "BFS": 27.516677, "A*": 25.740570, "F-Hat": 28.540555, "Risk": 27.095833, "Lookahead": 6 }