{ "BFS": 27.639472, "A*": 24.893544, "F-Hat": 27.169885, "Risk": 28.575850, "Lookahead": 6 }