{ "BFS": 29.118932, "A*": 26.951255, "F-Hat": 27.688808, "Risk": 27.412214, "Lookahead": 6 }