{ "BFS": 31.945317, "A*": 28.566310, "F-Hat": 28.904653, "Risk": 27.490625, "Lookahead": 6 }