{ "BFS": 28.743939, "A*": 25.730076, "F-Hat": 30.004170, "Risk": 26.815776, "Lookahead": 6 }