{ "BFS": 27.313913, "A*": 26.334400, "F-Hat": 26.718842, "Risk": 28.745422, "Lookahead": 6 }