{ "BFS": 24.063139, "A*": 26.864505, "F-Hat": 29.449403, "Risk": 26.187755, "Lookahead": 6 }