{ "BFS": 30.036904, "A*": 28.115037, "F-Hat": 29.584017, "Risk": 27.811751, "Lookahead": 6 }