{ "BFS": 29.366791, "A*": 30.070816, "F-Hat": 27.428477, "Risk": 30.095931, "Lookahead": 6 }