{ "BFS": 29.083654, "A*": 26.501710, "F-Hat": 27.921080, "Risk": 30.123588, "Lookahead": 6 }