{ "BFS": 24.090866, "A*": 26.922172, "F-Hat": 26.007152, "Risk": 26.922172, "Lookahead": 6 }