{ "BFS": 27.654885, "A*": 27.125446, "F-Hat": 28.372863, "Risk": 27.665925, "Lookahead": 6 }