{ "BFS": 30.797915, "A*": 26.727915, "F-Hat": 27.994071, "Risk": 27.585482, "Lookahead": 6 }