{ "BFS": 25.674907, "A*": 25.781777, "F-Hat": 26.665784, "Risk": 23.899689, "Lookahead": 6 }