{ "BFS": 26.725463, "A*": 25.236763, "F-Hat": 26.085079, "Risk": 29.133790, "Lookahead": 6 }