{ "BFS": 28.918957, "A*": 24.169343, "F-Hat": 29.148638, "Risk": 27.885461, "Lookahead": 6 }