{ "BFS": 30.104022, "A*": 24.639359, "F-Hat": 25.091879, "Risk": 24.680128, "Lookahead": 6 }