{ "BFS": 30.810932, "A*": 26.329442, "F-Hat": 28.854886, "Risk": 26.718203, "Lookahead": 6 }