{ "BFS": 27.624546, "A*": 29.878510, "F-Hat": 27.650638, "Risk": 27.297931, "Lookahead": 6 }