{ "BFS": 29.500172, "A*": 29.972537, "F-Hat": 25.638474, "Risk": 25.996122, "Lookahead": 6 }