{ "BFS": 28.313116, "A*": 27.517170, "F-Hat": 27.073341, "Risk": 23.285011, "Lookahead": 6 }