{ "BFS": 31.154975, "A*": 28.756044, "F-Hat": 27.600271, "Risk": 28.779071, "Lookahead": 6 }