{ "BFS": 28.697026, "A*": 27.189954, "F-Hat": 26.466476, "Risk": 27.848144, "Lookahead": 6 }