{ "BFS": 26.306637, "A*": 24.366819, "F-Hat": 27.989048, "Risk": 22.045670, "Lookahead": 6 }