{ "BFS": 28.711664, "A*": 28.962954, "F-Hat": 27.465702, "Risk": 28.132027, "Lookahead": 6 }