{ "BFS": 27.957240, "A*": 26.737296, "F-Hat": 26.087720, "Risk": 26.737296, "Lookahead": 6 }