{ "BFS": 26.866908, "A*": 25.835425, "F-Hat": 26.734523, "Risk": 25.630620, "Lookahead": 6 }