{ "BFS": 25.970582, "A*": 27.715977, "F-Hat": 25.811943, "Risk": 27.562203, "Lookahead": 6 }