{ "BFS": 29.346468, "A*": 24.620815, "F-Hat": 26.320740, "Risk": 29.367280, "Lookahead": 6 }