{ "BFS": 27.957090, "A*": 26.264891, "F-Hat": 26.096971, "Risk": 26.489231, "Lookahead": 6 }