{ "BFS": 24.781821, "A*": 28.509038, "F-Hat": 23.269373, "Risk": 24.188351, "Lookahead": 6 }