{ "BFS": 25.481274, "A*": 28.904631, "F-Hat": 27.502178, "Risk": 25.179370, "Lookahead": 6 }