{ "BFS": 28.580504, "A*": 25.252355, "F-Hat": 27.016526, "Risk": 25.536351, "Lookahead": 6 }