{ "BFS": 27.607858, "A*": 30.521692, "F-Hat": 28.050303, "Risk": 27.694787, "Lookahead": 6 }