{ "BFS": 23.634295, "A*": 23.610206, "F-Hat": 24.377988, "Risk": 23.673625, "Lookahead": 6 }