{ "BFS": 29.617660, "A*": 25.170412, "F-Hat": 25.782532, "Risk": 25.552027, "Lookahead": 6 }