{ "BFS": 26.738991, "A*": 25.341187, "F-Hat": 24.275966, "Risk": 26.392497, "Lookahead": 6 }