{ "BFS": 28.614127, "A*": 28.565420, "F-Hat": 27.675811, "Risk": 28.873184, "Lookahead": 6 }