{ "BFS": 26.053435, "A*": 26.227066, "F-Hat": 25.889338, "Risk": 27.558991, "Lookahead": 6 }