{ "BFS": 23.839056, "A*": 25.748581, "F-Hat": 25.712702, "Risk": 27.818483, "Lookahead": 6 }