{ "BFS": 27.779514, "A*": 27.856989, "F-Hat": 28.249278, "Risk": 24.083191, "Lookahead": 6 }