{ "BFS": 28.077908, "A*": 27.243206, "F-Hat": 29.398829, "Risk": 27.403121, "Lookahead": 6 }