{ "BFS": 28.513211, "A*": 27.468365, "F-Hat": 27.723828, "Risk": 27.855686, "Lookahead": 6 }