{ "BFS": 27.400395, "A*": 27.254302, "F-Hat": 27.807072, "Risk": 31.240570, "Lookahead": 6 }