{ "BFS": 28.015975, "A*": 27.683851, "F-Hat": 25.645529, "Risk": 25.669990, "Lookahead": 6 }