{ "BFS": 27.320920, "A*": 28.152835, "F-Hat": 27.170652, "Risk": 25.459377, "Lookahead": 6 }