{ "BFS": 26.436309, "A*": 27.290012, "F-Hat": 27.659239, "Risk": 28.143520, "Lookahead": 6 }