{ "BFS": 27.093277, "A*": 27.540305, "F-Hat": 25.499034, "Risk": 27.029683, "Lookahead": 6 }