{ "BFS": 26.011190, "A*": 26.402601, "F-Hat": 28.318753, "Risk": 26.222908, "Lookahead": 6 }