{ "BFS": 27.199760, "A*": 25.433855, "F-Hat": 28.008620, "Risk": 26.141832, "Lookahead": 6 }