{ "BFS": 28.263091, "A*": 26.718511, "F-Hat": 27.658854, "Risk": 24.738148, "Lookahead": 6 }