{ "BFS": 24.836933, "A*": 25.474349, "F-Hat": 28.546490, "Risk": 23.935665, "Lookahead": 6 }