{ "BFS": 29.542941, "A*": 24.553131, "F-Hat": 24.882900, "Risk": 30.008543, "Lookahead": 6 }