{ "BFS": 27.410309, "A*": 26.380828, "F-Hat": 29.175376, "Risk": 25.590669, "Lookahead": 6 }