{ "BFS": 28.515423, "A*": 27.425476, "F-Hat": 29.161255, "Risk": 27.536673, "Lookahead": 6 }