{ "BFS": 31.268201, "A*": 27.528553, "F-Hat": 27.012474, "Risk": 28.500715, "Lookahead": 6 }