{ "BFS": 28.704018, "A*": 26.700992, "F-Hat": 28.272443, "Risk": 28.075679, "Lookahead": 6 }