{ "BFS": 26.568228, "A*": 25.713839, "F-Hat": 27.469046, "Risk": 30.065873, "Lookahead": 6 }