{ "BFS": 25.191377, "A*": 25.720042, "F-Hat": 25.815941, "Risk": 25.076568, "Lookahead": 6 }