{ "BFS": 27.263403, "A*": 22.259978, "F-Hat": 23.675465, "Risk": 22.259978, "Lookahead": 6 }