{ "BFS": 29.397887, "A*": 27.570806, "F-Hat": 26.854610, "Risk": 26.639158, "Lookahead": 6 }