{ "BFS": 29.238512, "A*": 24.310792, "F-Hat": 28.113560, "Risk": 25.438457, "Lookahead": 6 }