{ "BFS": 24.580077, "A*": 27.147689, "F-Hat": 25.830604, "Risk": 28.192618, "Lookahead": 6 }