{ "BFS": 28.086466, "A*": 28.424298, "F-Hat": 30.136180, "Risk": 29.268482, "Lookahead": 6 }