{ "BFS": 31.081359, "A*": 26.801665, "F-Hat": 29.325471, "Risk": 27.752750, "Lookahead": 6 }