{ "BFS": 26.163385, "A*": 24.260145, "F-Hat": 26.612147, "Risk": 26.927255, "Lookahead": 6 }