{ "BFS": 30.858744, "A*": 30.370456, "F-Hat": 26.905773, "Risk": 29.714053, "Lookahead": 6 }