{ "BFS": 28.922735, "A*": 26.074439, "F-Hat": 27.470709, "Risk": 30.134595, "Lookahead": 6 }