{ "BFS": 28.593641, "A*": 26.930164, "F-Hat": 28.102049, "Risk": 29.866125, "Lookahead": 6 }