{ "BFS": 29.514126, "A*": 29.792578, "F-Hat": 26.345593, "Risk": 28.917486, "Lookahead": 6 }