{ "BFS": 26.532318, "A*": 39.005881, "F-Hat": 39.005881, "Risk": 44.748256, "Lookahead": 7 }