{ "BFS": 25.323869, "A*": 36.639351, "F-Hat": 36.639351, "Risk": 56.301425, "Lookahead": 7 }