{ "BFS": 25.118065, "A*": 33.842316, "F-Hat": 33.842316, "Risk": 47.315815, "Lookahead": 7 }