{ "BFS": 29.124173, "A*": 35.464710, "F-Hat": 35.464710, "Risk": 45.952795, "Lookahead": 7 }