{ "BFS": 27.090083, "A*": 40.271478, "F-Hat": 40.271478, "Risk": 48.781038, "Lookahead": 7 }