{ "BFS": 25.830428, "A*": 37.873598, "F-Hat": 37.873598, "Risk": 67.476000, "Lookahead": 7 }