{ "BFS": 26.314205, "A*": 43.299562, "F-Hat": 43.299562, "Risk": 50.931892, "Lookahead": 7 }