{ "BFS": 27.061611, "A*": 34.399023, "F-Hat": 34.399023, "Risk": 52.549404, "Lookahead": 7 }