{ "BFS": 27.148186, "A*": 37.197286, "F-Hat": 37.197286, "Risk": 51.004829, "Lookahead": 7 }