{ "BFS": 26.421074, "A*": 33.293178, "F-Hat": 33.293178, "Risk": 56.639631, "Lookahead": 7 }