{ "BFS": 28.958483, "A*": 37.058860, "F-Hat": 37.058860, "Risk": 60.836819, "Lookahead": 7 }