{ "BFS": 24.965760, "A*": 34.664890, "F-Hat": 34.664890, "Risk": 46.213627, "Lookahead": 7 }