{ "BFS": 24.825505, "A*": 35.033748, "F-Hat": 35.033748, "Risk": 62.201643, "Lookahead": 7 }