{ "BFS": 29.308850, "A*": 38.724574, "F-Hat": 38.724574, "Risk": 48.638599, "Lookahead": 7 }