{ "BFS": 27.379494, "A*": 37.825500, "F-Hat": 37.825500, "Risk": 55.273819, "Lookahead": 7 }