{ "BFS": 30.265599, "A*": 35.718277, "F-Hat": 35.718277, "Risk": 59.273402, "Lookahead": 7 }