{ "BFS": 25.267817, "A*": 39.256817, "F-Hat": 39.256817, "Risk": 51.365194, "Lookahead": 7 }