{ "BFS": 28.841665, "A*": 37.294492, "F-Hat": 37.294492, "Risk": 45.715719, "Lookahead": 7 }