{ "BFS": 30.854518, "A*": 38.109157, "F-Hat": 38.109157, "Risk": 39.982886, "Lookahead": 7 }