{ "BFS": 27.271969, "A*": 36.730918, "F-Hat": 36.730918, "Risk": 38.983232, "Lookahead": 7 }