{ "BFS": 28.216202, "A*": 35.247159, "F-Hat": 35.247159, "Risk": 43.342257, "Lookahead": 7 }