{ "BFS": 27.007083, "A*": 35.069369, "F-Hat": 35.069369, "Risk": 48.603919, "Lookahead": 7 }