{ "BFS": 28.028614, "A*": 35.181567, "F-Hat": 35.181567, "Risk": 42.672717, "Lookahead": 7 }