{ "BFS": 26.912946, "A*": 40.562640, "F-Hat": 40.562640, "Risk": 63.931845, "Lookahead": 7 }