{ "BFS": 26.501839, "A*": 38.922885, "F-Hat": 38.922885, "Risk": 44.012422, "Lookahead": 7 }