{ "BFS": 27.378721, "A*": 34.965781, "F-Hat": 34.965781, "Risk": 43.301527, "Lookahead": 7 }