{ "BFS": 30.179972, "A*": 35.818095, "F-Hat": 35.818095, "Risk": 50.763717, "Lookahead": 7 }