{ "Minimin": 23.348020, "Bellman": 23.348020, "Nancy": 23.348020, "Cserna": 32.805659, "Cserna Pemberton Belief": 22.972033, "K-Best 3": 22.972033, "K-Best 10": 23.000214, "K-Best 30": 23.832655, "Lookahead": 10 }