{ "Minimin": 21.702211, "Bellman": 21.702211, "Nancy": 21.702211, "Cserna": 26.703094, "Cserna Pemberton Belief": 21.702211, "K-Best 3": 21.702211, "K-Best 10": 22.891229, "K-Best 30": 22.891229, "Lookahead": 10 }