{ "Minimin": 21.136032, "Bellman": 21.136032, "Nancy": 21.136032, "Cserna": 29.427405, "Cserna Pemberton Belief": 21.136032, "K-Best 3": 21.152491, "K-Best 10": 22.153386, "K-Best 30": 23.478343, "Lookahead": 10 }