{ "Minimin": 22.727092, "Bellman": 22.727092, "Nancy": 22.727092, "Cserna": 32.211060, "Cserna Pemberton Belief": 23.539348, "K-Best 3": 23.539348, "K-Best 10": 23.120813, "K-Best 30": 22.878562, "Lookahead": 10 }