{ "Minimin": 23.924746, "Bellman": 23.924746, "Nancy": 23.924746, "Cserna": 29.953904, "Cserna Pemberton Belief": 23.656220, "K-Best 3": 23.656220, "K-Best 10": 21.348903, "K-Best 30": 23.292662, "Lookahead": 10 }