{ "Minimin": 22.692769, "Bellman": 22.692769, "Nancy": 22.692769, "Cserna": 30.129427, "Cserna Pemberton Belief": 22.692769, "K-Best 3": 22.692769, "K-Best 10": 22.104970, "K-Best 30": 22.154409, "Lookahead": 10 }