{ "Minimin": 23.712079, "Bellman": 23.712079, "Nancy": 23.712079, "Cserna": 37.035356, "Cserna Pemberton Belief": 24.011437, "K-Best 3": 24.011437, "K-Best 10": 23.929410, "K-Best 30": 23.195342, "Lookahead": 10 }