{ "Minimin": 22.458909, "Bellman": 22.458909, "Nancy": 22.458909, "Cserna": 29.395973, "Cserna Pemberton Belief": 22.824346, "K-Best 3": 24.136998, "K-Best 10": 23.743810, "K-Best 30": 24.177065, "Lookahead": 10 }