{ "Minimin": 22.741494, "Bellman": 22.741494, "Nancy": 22.741494, "Cserna": 26.246102, "Cserna Pemberton Belief": 22.741494, "K-Best 3": 22.741494, "K-Best 10": 21.465898, "K-Best 30": 24.191261, "Lookahead": 10 }