{ "Minimin": 22.025017, "Bellman": 22.025017, "Nancy": 22.025017, "Cserna": 29.101507, "Cserna Pemberton Belief": 22.128061, "K-Best 3": 22.128061, "K-Best 10": 21.258373, "K-Best 30": 23.108969, "Lookahead": 10 }