{ "Minimin": 22.734767, "Bellman": 22.734767, "Nancy": 22.734767, "Cserna": 30.496077, "Cserna Pemberton Belief": 22.413510, "K-Best 3": 22.413510, "K-Best 10": 23.117185, "K-Best 30": 23.261094, "Lookahead": 10 }