{ "Minimin": 21.933080, "Bellman": 21.933080, "Nancy": 21.933080, "Cserna": 26.882780, "Cserna Pemberton Belief": 21.933080, "K-Best 3": 21.933080, "K-Best 10": 22.335466, "K-Best 30": 24.811315, "Lookahead": 10 }