{ "Minimin": 24.093486, "Bellman": 24.093486, "Nancy": 24.093486, "Cserna": 31.301641, "Cserna Pemberton Belief": 22.752784, "K-Best 3": 20.754548, "K-Best 10": 20.667503, "K-Best 30": 21.108583, "Lookahead": 10 }