{ "Minimin": 23.201016, "Bellman": 23.201016, "Nancy": 23.201016, "Cserna": 34.773276, "Cserna Pemberton Belief": 21.632015, "K-Best 3": 21.632015, "K-Best 10": 22.302422, "K-Best 30": 22.302422, "Lookahead": 10 }