{ "Minimin": 23.805495, "Bellman": 23.805495, "Nancy": 23.805495, "Cserna": 28.268117, "Cserna Pemberton Belief": 22.479633, "K-Best 3": 23.716763, "K-Best 10": 22.775886, "K-Best 30": 25.319012, "Lookahead": 10 }