{ "Minimin": 22.664132, "Bellman": 22.664132, "Nancy": 22.664132, "Cserna": 26.485726, "Cserna Pemberton Belief": 22.664132, "K-Best 3": 22.664132, "K-Best 10": 20.178634, "K-Best 30": 23.697095, "Lookahead": 10 }