{ "Minimin": 21.973075, "Bellman": 21.973075, "Nancy": 21.973075, "Cserna": 27.039279, "Cserna Pemberton Belief": 21.973075, "K-Best 3": 21.395256, "K-Best 10": 21.499418, "K-Best 30": 23.274173, "Lookahead": 10 }