{ "Minimin": 22.249821, "Bellman": 22.249821, "Nancy": 22.249821, "Cserna": 28.384066, "Cserna Pemberton Belief": 21.256734, "K-Best 3": 21.728735, "K-Best 10": 20.306253, "K-Best 30": 22.245276, "Lookahead": 10 }