{ "Minimin": 24.782166, "Bellman": 24.782166, "Nancy": 24.782166, "Cserna": 32.537578, "Cserna Pemberton Belief": 23.468017, "K-Best 3": 24.540535, "K-Best 10": 23.708297, "K-Best 30": 24.401222, "Lookahead": 10 }