{ "Minimin": 22.347616, "Bellman": 22.347616, "Nancy": 22.347616, "Cserna": 30.578751, "Cserna Pemberton Belief": 21.607462, "K-Best 3": 21.389090, "K-Best 10": 24.054094, "K-Best 30": 24.054094, "Lookahead": 10 }