{ "Minimin": 22.843409, "Bellman": 22.843409, "Nancy": 22.843409, "Cserna": 30.173787, "Cserna Pemberton Belief": 21.912414, "K-Best 3": 23.254685, "K-Best 10": 22.447532, "K-Best 30": 21.791509, "Lookahead": 10 }