{ "Minimin": 26.513519, "Bellman": 26.513519, "Nancy": 26.513519, "Cserna": 27.371172, "Cserna Pemberton Belief": 26.054778, "K-Best 3": 24.746651, "K-Best 10": 25.157173, "K-Best 30": 25.612186, "Lookahead": 10 }