{ "Minimin": 23.939495, "Bellman": 23.939495, "Nancy": 23.939495, "Cserna": 29.542122, "Cserna Pemberton Belief": 23.071314, "K-Best 3": 23.071314, "K-Best 10": 23.320229, "K-Best 30": 23.737246, "Lookahead": 10 }