{ "Minimin": 21.839216, "Bellman": 21.839216, "Nancy": 21.839216, "Cserna": 34.281822, "Cserna Pemberton Belief": 20.547909, "K-Best 3": 20.181484, "K-Best 10": 20.862169, "K-Best 30": 21.635351, "Lookahead": 10 }