{ "Minimin": 22.853017, "Bellman": 22.853017, "Nancy": 22.853017, "Cserna": 27.019371, "Cserna Pemberton Belief": 21.582171, "K-Best 3": 21.582171, "K-Best 10": 22.435993, "K-Best 30": 24.528285, "Lookahead": 10 }