{ "Minimin": 22.566394, "Bellman": 22.566394, "Nancy": 22.566394, "Cserna": 29.912678, "Cserna Pemberton Belief": 23.243289, "K-Best 3": 23.555093, "K-Best 10": 24.676360, "K-Best 30": 25.580214, "Lookahead": 10 }