{ "Minimin": 24.307021, "Bellman": 24.307021, "Nancy": 24.307021, "Cserna": 32.486541, "Cserna Pemberton Belief": 23.645970, "K-Best 3": 23.667735, "K-Best 10": 23.638476, "K-Best 30": 24.041262, "Lookahead": 10 }