{ "Minimin": 25.061326, "Bellman": 25.061326, "Nancy": 25.061326, "Cserna": 27.862306, "Cserna Pemberton Belief": 23.714068, "K-Best 3": 22.591526, "K-Best 10": 23.366792, "K-Best 30": 23.366792, "Lookahead": 10 }