{ "Minimin": 21.448406, "Bellman": 21.448406, "Nancy": 21.448406, "Cserna": 30.318609, "Cserna Pemberton Belief": 21.448406, "K-Best 3": 21.989225, "K-Best 10": 22.674143, "K-Best 30": 21.943859, "Lookahead": 10 }