{ "Minimin": 20.274180, "Bellman": 20.274180, "Nancy": 20.274180, "Cserna": 28.217602, "Cserna Pemberton Belief": 21.516934, "K-Best 3": 22.482888, "K-Best 10": 23.294298, "K-Best 30": 23.094307, "Lookahead": 10 }