{ "Minimin": 22.434642, "Bellman": 22.434642, "Nancy": 22.434642, "Cserna": 32.428259, "Cserna Pemberton Belief": 23.072080, "K-Best 3": 22.999053, "K-Best 10": 22.265207, "K-Best 30": 23.757719, "Lookahead": 10 }