{ "Minimin": 23.647167, "Bellman": 23.647167, "Nancy": 23.647167, "Cserna": 32.689263, "Cserna Pemberton Belief": 23.198657, "K-Best 3": 23.338262, "K-Best 10": 23.048448, "K-Best 30": 23.916422, "Lookahead": 10 }