{ "Minimin": 23.291777, "Bellman": 23.291777, "Nancy": 23.291777, "Cserna": 35.176334, "Cserna Pemberton Belief": 21.856780, "K-Best 3": 21.918823, "K-Best 10": 22.030466, "K-Best 30": 22.099327, "Lookahead": 10 }