{ "Minimin": 23.227420, "Bellman": 23.227420, "Nancy": 23.227420, "Cserna": 27.159033, "Cserna Pemberton Belief": 20.797581, "K-Best 3": 24.096188, "K-Best 10": 23.824224, "K-Best 30": 23.970260, "Lookahead": 10 }