{ "Minimin": 20.633559, "Bellman": 20.633559, "Nancy": 20.633559, "Cserna": 31.180530, "Cserna Pemberton Belief": 20.633559, "K-Best 3": 20.857172, "K-Best 10": 22.020854, "K-Best 30": 22.547238, "Lookahead": 10 }