{ "Minimin": 23.746732, "Bellman": 23.746732, "Nancy": 23.746732, "Cserna": 30.342847, "Cserna Pemberton Belief": 23.696032, "K-Best 3": 24.487748, "K-Best 10": 22.819802, "K-Best 30": 24.387793, "Lookahead": 10 }