{ "Minimin": 22.788123, "Bellman": 22.788123, "Nancy": 22.788123, "Cserna": 29.681251, "Cserna Pemberton Belief": 23.652504, "K-Best 3": 21.858240, "K-Best 10": 21.509589, "K-Best 30": 25.070900, "Lookahead": 10 }