{ "Minimin": 23.361676, "Bellman": 23.361676, "Nancy": 23.361676, "Cserna": 28.635673, "Cserna Pemberton Belief": 23.610978, "K-Best 3": 22.545261, "K-Best 10": 24.274366, "K-Best 30": 24.121071, "Lookahead": 10 }