{ "Minimin": 24.178604, "Bellman": 24.178604, "Nancy": 24.178604, "Cserna": 28.785898, "Cserna Pemberton Belief": 22.512220, "K-Best 3": 22.512220, "K-Best 10": 23.133432, "K-Best 30": 23.133432, "Lookahead": 10 }