{ "Minimin": 22.354495, "Bellman": 22.354495, "Nancy": 22.354495, "Cserna": 29.102865, "Cserna Pemberton Belief": 23.870371, "K-Best 3": 21.646698, "K-Best 10": 23.824923, "K-Best 30": 24.069052, "Lookahead": 10 }