{ "Minimin": 23.962284, "Bellman": 23.962284, "Nancy": 23.962284, "Cserna": 32.348207, "Cserna Pemberton Belief": 22.833887, "K-Best 3": 22.833887, "K-Best 10": 23.651719, "K-Best 30": 22.981296, "Lookahead": 10 }