{ "Minimin": 21.198525, "Bellman": 21.198525, "Nancy": 21.198525, "Cserna": 27.885241, "Cserna Pemberton Belief": 23.475398, "K-Best 3": 23.943507, "K-Best 10": 23.877909, "K-Best 30": 23.417306, "Lookahead": 10 }