{ "Minimin": 23.598059, "Bellman": 23.598059, "Nancy": 23.598059, "Cserna": 27.309559, "Cserna Pemberton Belief": 22.813507, "K-Best 3": 23.424338, "K-Best 10": 23.432945, "K-Best 30": 23.533553, "Lookahead": 10 }