{ "Minimin": 22.701179, "Bellman": 22.701179, "Nancy": 22.701179, "Cserna": 31.025947, "Cserna Pemberton Belief": 22.794949, "K-Best 3": 22.794949, "K-Best 10": 23.583721, "K-Best 30": 22.512270, "Lookahead": 10 }