{ "Minimin": 23.342927, "Bellman": 23.342927, "Nancy": 23.342927, "Cserna": 31.750090, "Cserna Pemberton Belief": 23.256454, "K-Best 3": 23.256454, "K-Best 10": 24.382466, "K-Best 30": 23.815370, "Lookahead": 10 }