{ "Minimin": 21.056669, "Bellman": 21.056669, "Nancy": 21.056669, "Cserna": 33.201496, "Cserna Pemberton Belief": 21.056669, "K-Best 3": 21.239290, "K-Best 10": 25.195990, "K-Best 30": 24.731019, "Lookahead": 10 }