{ "Minimin": 25.361436, "Bellman": 25.361436, "Nancy": 25.361436, "Cserna": 27.840275, "Cserna Pemberton Belief": 24.170164, "K-Best 3": 25.038733, "K-Best 10": 22.302913, "K-Best 30": 23.532973, "Lookahead": 10 }