{ "Minimin": 22.203838, "Bellman": 22.203838, "Nancy": 22.203838, "Cserna": 30.376380, "Cserna Pemberton Belief": 21.911264, "K-Best 3": 21.911264, "K-Best 10": 22.204073, "K-Best 30": 21.187155, "Lookahead": 10 }