{ "Minimin": 21.865581, "Bellman": 21.865581, "Nancy": 21.865581, "Cserna": 33.594901, "Cserna Pemberton Belief": 23.577852, "K-Best 3": 21.780546, "K-Best 10": 22.692191, "K-Best 30": 22.997125, "Lookahead": 10 }