{ "Minimin": 23.495636, "Bellman": 23.495636, "Nancy": 23.495636, "Cserna": 30.205252, "Cserna Pemberton Belief": 23.495636, "K-Best 3": 24.682237, "K-Best 10": 22.972280, "K-Best 30": 24.451422, "Lookahead": 10 }