{ "Minimin": 23.250930, "Bellman": 23.250930, "Nancy": 23.250930, "Cserna": 25.484707, "Cserna Pemberton Belief": 21.842879, "K-Best 3": 21.842879, "K-Best 10": 22.727239, "K-Best 30": 21.844652, "Lookahead": 10 }