{ "Minimin": 22.710186, "Bellman": 22.710186, "Nancy": 22.710186, "Cserna": 31.052072, "Cserna Pemberton Belief": 22.995597, "K-Best 3": 22.995597, "K-Best 10": 22.169784, "K-Best 30": 23.942599, "Lookahead": 10 }