{ "Minimin": 24.392373, "Bellman": 24.392373, "Nancy": 24.392373, "Cserna": 33.196502, "Cserna Pemberton Belief": 21.536027, "K-Best 3": 24.914352, "K-Best 10": 21.903958, "K-Best 30": 21.903958, "Lookahead": 10 }