{ "Minimin": 23.602915, "Bellman": 23.602915, "Nancy": 23.602915, "Cserna": 28.091228, "Cserna Pemberton Belief": 21.326527, "K-Best 3": 21.326527, "K-Best 10": 23.051233, "K-Best 30": 24.277377, "Lookahead": 10 }