{ "Minimin": 23.301922, "Bellman": 23.301922, "Nancy": 23.301922, "Cserna": 32.456630, "Cserna Pemberton Belief": 22.267632, "K-Best 3": 23.945328, "K-Best 10": 23.831366, "K-Best 30": 25.098577, "Lookahead": 10 }