{ "Minimin": 21.143973, "Bellman": 21.143973, "Nancy": 21.143973, "Cserna": 36.476485, "Cserna Pemberton Belief": 21.143973, "K-Best 3": 22.896070, "K-Best 10": 21.603433, "K-Best 30": 23.226485, "Lookahead": 10 }