{ "Minimin": 27.307565, "Bellman": 27.307565, "Nancy": 27.307565, "Cserna": 32.283679, "Cserna Pemberton Belief": 30.443856, "K-Best 3": 26.691340, "K-Best 10": 32.283679, "K-Best 30": 32.283679, "Lookahead": 3 }