{ "Minimin": 26.309143, "Bellman": 26.309143, "Nancy": 26.309143, "Cserna": 31.788136, "Cserna Pemberton Belief": 26.097963, "K-Best 3": 28.342585, "K-Best 10": 31.788136, "K-Best 30": 31.788136, "Lookahead": 3 }