{ "Minimin": 25.217882, "Bellman": 25.217882, "Nancy": 25.217882, "Cserna": 27.707557, "Cserna Pemberton Belief": 25.755072, "K-Best 3": 25.831984, "K-Best 10": 27.707557, "K-Best 30": 27.707557, "Lookahead": 3 }