{ "Minimin": 25.713344, "Bellman": 25.713344, "Nancy": 25.713344, "Cserna": 29.757003, "Cserna Pemberton Belief": 25.651379, "K-Best 3": 27.062473, "K-Best 10": 29.757003, "K-Best 30": 29.757003, "Lookahead": 3 }