{ "Minimin": 28.789154, "Bellman": 28.789154, "Nancy": 28.789154, "Cserna": 27.310921, "Cserna Pemberton Belief": 28.668909, "K-Best 3": 29.787637, "K-Best 10": 27.310921, "K-Best 30": 27.310921, "Lookahead": 3 }