{ "Minimin": 26.047485, "Bellman": 26.047485, "Nancy": 26.047485, "Cserna": 29.343857, "Cserna Pemberton Belief": 26.051790, "K-Best 3": 25.680109, "K-Best 10": 29.343857, "K-Best 30": 29.343857, "Lookahead": 3 }