{ "Minimin": 28.104004, "Bellman": 28.104004, "Nancy": 28.104004, "Cserna": 32.974057, "Cserna Pemberton Belief": 26.530353, "K-Best 3": 30.246487, "K-Best 10": 32.974057, "K-Best 30": 32.974057, "Lookahead": 3 }