{ "Minimin": 25.481573, "Bellman": 25.481573, "Nancy": 25.481573, "Cserna": 28.289101, "Cserna Pemberton Belief": 26.887243, "K-Best 3": 26.088967, "K-Best 10": 28.289101, "K-Best 30": 28.289101, "Lookahead": 3 }