{ "Minimin": 27.009661, "Bellman": 27.009661, "Nancy": 27.009661, "Cserna": 27.917943, "Cserna Pemberton Belief": 27.350916, "K-Best 3": 27.757050, "K-Best 10": 27.917943, "K-Best 30": 27.917943, "Lookahead": 3 }