{ "Minimin": 27.608531, "Bellman": 27.608531, "Nancy": 27.608531, "Cserna": 29.038824, "Cserna Pemberton Belief": 29.411531, "K-Best 3": 26.697731, "K-Best 10": 29.038824, "K-Best 30": 29.038824, "Lookahead": 3 }