{ "Minimin": 26.646138, "Bellman": 26.646138, "Nancy": 26.646138, "Cserna": 28.761342, "Cserna Pemberton Belief": 26.535383, "K-Best 3": 29.405288, "K-Best 10": 28.761342, "K-Best 30": 28.761342, "Lookahead": 3 }