{ "Minimin": 24.403622, "Bellman": 24.403622, "Nancy": 24.403622, "Cserna": 27.305860, "Cserna Pemberton Belief": 23.965992, "K-Best 3": 26.284635, "K-Best 10": 27.305860, "K-Best 30": 27.305860, "Lookahead": 3 }