{ "Minimin": 26.432915, "Bellman": 26.432915, "Nancy": 26.432915, "Cserna": 24.871530, "Cserna Pemberton Belief": 28.624971, "K-Best 3": 28.585009, "K-Best 10": 24.871530, "K-Best 30": 24.871530, "Lookahead": 3 }