{ "Minimin": 29.491392, "Bellman": 29.491392, "Nancy": 29.491392, "Cserna": 28.923410, "Cserna Pemberton Belief": 25.839194, "K-Best 3": 26.604028, "K-Best 10": 28.923410, "K-Best 30": 28.923410, "Lookahead": 3 }