{ "Minimin": 28.125903, "Bellman": 28.125903, "Nancy": 28.125903, "Cserna": 28.187695, "Cserna Pemberton Belief": 30.641846, "K-Best 3": 29.255299, "K-Best 10": 28.187695, "K-Best 30": 28.187695, "Lookahead": 3 }