{ "Minimin": 25.606904, "Bellman": 25.606904, "Nancy": 25.606904, "Cserna": 27.016701, "Cserna Pemberton Belief": 26.660729, "K-Best 3": 25.413734, "K-Best 10": 27.016701, "K-Best 30": 27.016701, "Lookahead": 3 }