{ "Minimin": 26.861759, "Bellman": 26.861759, "Nancy": 26.861759, "Cserna": 27.824610, "Cserna Pemberton Belief": 25.978752, "K-Best 3": 24.739904, "K-Best 10": 27.824610, "K-Best 30": 27.824610, "Lookahead": 3 }