{ "Minimin": 23.787277, "Bellman": 23.787277, "Nancy": 23.787277, "Cserna": 28.646377, "Cserna Pemberton Belief": 28.486309, "K-Best 3": 29.431061, "K-Best 10": 28.646377, "K-Best 30": 28.646377, "Lookahead": 3 }