{ "Minimin": 26.338046, "Bellman": 26.338046, "Nancy": 26.338046, "Cserna": 29.733679, "Cserna Pemberton Belief": 27.818049, "K-Best 3": 27.240329, "K-Best 10": 29.733679, "K-Best 30": 29.733679, "Lookahead": 3 }