{ "Minimin": 27.837801, "Bellman": 27.837801, "Nancy": 27.837801, "Cserna": 29.187421, "Cserna Pemberton Belief": 23.764722, "K-Best 3": 29.848366, "K-Best 10": 29.187421, "K-Best 30": 29.187421, "Lookahead": 3 }