{ "Minimin": 26.304141, "Bellman": 26.304141, "Nancy": 26.304141, "Cserna": 27.156583, "Cserna Pemberton Belief": 26.304141, "K-Best 3": 27.438768, "K-Best 10": 27.156583, "K-Best 30": 27.156583, "Lookahead": 3 }