{ "Minimin": 29.051095, "Bellman": 29.051095, "Nancy": 29.051095, "Cserna": 28.071973, "Cserna Pemberton Belief": 27.321141, "K-Best 3": 27.858300, "K-Best 10": 28.071973, "K-Best 30": 28.071973, "Lookahead": 3 }