{ "Minimin": 28.986355, "Bellman": 28.986355, "Nancy": 28.986355, "Cserna": 31.137507, "Cserna Pemberton Belief": 26.988371, "K-Best 3": 29.138004, "K-Best 10": 31.137507, "K-Best 30": 31.137507, "Lookahead": 3 }