{ "Minimin": 27.243206, "Bellman": 27.243206, "Nancy": 27.243206, "Cserna": 27.079526, "Cserna Pemberton Belief": 28.370100, "K-Best 3": 28.382847, "K-Best 10": 27.079526, "K-Best 30": 27.079526, "Lookahead": 3 }