{ "Minimin": 27.927057, "Bellman": 27.927057, "Nancy": 27.927057, "Cserna": 26.434269, "Cserna Pemberton Belief": 30.715493, "K-Best 3": 25.954264, "K-Best 10": 26.434269, "K-Best 30": 26.434269, "Lookahead": 3 }