{ "Minimin": 26.059189, "Bellman": 26.059189, "Nancy": 26.059189, "Cserna": 28.531060, "Cserna Pemberton Belief": 26.651016, "K-Best 3": 26.090048, "K-Best 10": 28.531060, "K-Best 30": 28.531060, "Lookahead": 3 }