{ "Minimin": 27.421736, "Bellman": 27.421736, "Nancy": 27.421736, "Cserna": 28.451960, "Cserna Pemberton Belief": 28.081117, "K-Best 3": 27.304334, "K-Best 10": 28.451960, "K-Best 30": 28.451960, "Lookahead": 3 }