{ "Minimin": 23.763989, "Bellman": 23.763989, "Nancy": 23.763989, "Cserna": 25.908936, "Cserna Pemberton Belief": 27.884060, "K-Best 3": 26.683015, "K-Best 10": 25.908936, "K-Best 30": 25.908936, "Lookahead": 3 }