{ "Minimin": 26.848081, "Bellman": 26.848081, "Nancy": 26.848081, "Cserna": 28.413393, "Cserna Pemberton Belief": 26.270756, "K-Best 3": 25.203071, "K-Best 10": 28.413393, "K-Best 30": 28.413393, "Lookahead": 3 }