{ "Minimin": 27.606103, "Bellman": 27.606103, "Nancy": 27.606103, "Cserna": 26.937542, "Cserna Pemberton Belief": 27.098324, "K-Best 3": 27.688640, "K-Best 10": 26.937542, "K-Best 30": 26.937542, "Lookahead": 3 }