{ "Minimin": 29.970529, "Bellman": 29.970529, "Nancy": 29.970529, "Cserna": 30.062792, "Cserna Pemberton Belief": 29.165874, "K-Best 3": 29.417683, "K-Best 10": 30.062792, "K-Best 30": 30.062792, "Lookahead": 3 }