{ "Minimin": 27.829641, "Bellman": 27.829641, "Nancy": 27.829641, "Cserna": 27.166342, "Cserna Pemberton Belief": 28.008075, "K-Best 3": 29.412309, "K-Best 10": 27.166342, "K-Best 30": 27.166342, "Lookahead": 3 }