{ "Minimin": 28.933447, "Bellman": 28.933447, "Nancy": 28.933447, "Cserna": 28.927860, "Cserna Pemberton Belief": 24.411455, "K-Best 3": 26.149787, "K-Best 10": 28.927860, "K-Best 30": 28.927860, "Lookahead": 3 }