{ "Minimin": 26.938837, "Bellman": 26.938837, "Nancy": 26.938837, "Cserna": 27.171201, "Cserna Pemberton Belief": 24.316576, "K-Best 3": 30.503043, "K-Best 10": 27.171201, "K-Best 30": 27.171201, "Lookahead": 3 }