{ "Minimin": 28.301499, "Bellman": 28.301499, "Nancy": 28.301499, "Cserna": 29.080868, "Cserna Pemberton Belief": 26.766370, "K-Best 3": 29.281947, "K-Best 10": 29.080868, "K-Best 30": 29.080868, "Lookahead": 3 }