{ "Minimin": 27.460696, "Bellman": 27.460696, "Nancy": 27.460696, "Cserna": 25.719914, "Cserna Pemberton Belief": 28.208194, "K-Best 3": 26.972052, "K-Best 10": 25.719914, "K-Best 30": 25.719914, "Lookahead": 3 }