{ "Minimin": 26.923329, "Bellman": 26.923329, "Nancy": 26.923329, "Cserna": 27.354847, "Cserna Pemberton Belief": 29.796504, "K-Best 3": 29.720630, "K-Best 10": 27.354847, "K-Best 30": 27.354847, "Lookahead": 3 }