{ "Minimin": 26.092404, "Bellman": 26.092404, "Nancy": 26.092404, "Cserna": 29.580327, "Cserna Pemberton Belief": 29.161724, "K-Best 3": 26.503008, "K-Best 10": 29.580327, "K-Best 30": 29.580327, "Lookahead": 3 }