{ "Minimin": 26.786690, "Bellman": 26.786690, "Nancy": 26.786690, "Cserna": 29.596797, "Cserna Pemberton Belief": 28.677969, "K-Best 3": 29.493274, "K-Best 10": 29.596797, "K-Best 30": 29.596797, "Lookahead": 3 }