{ "Minimin": 24.938376, "Bellman": 24.938376, "Nancy": 24.938376, "Cserna": 27.619683, "Cserna Pemberton Belief": 22.829315, "K-Best 3": 25.064526, "K-Best 10": 24.620977, "K-Best 30": 25.433931, "Lookahead": 7 }