{ "Minimin": 23.503987, "Bellman": 23.503987, "Nancy": 23.503987, "Cserna": 24.761107, "Cserna Pemberton Belief": 22.857957, "K-Best 3": 22.857957, "K-Best 10": 23.182269, "K-Best 30": 22.837393, "Lookahead": 7 }