{ "Minimin": 23.943818, "Bellman": 23.943818, "Nancy": 23.943818, "Cserna": 26.546174, "Cserna Pemberton Belief": 23.504117, "K-Best 3": 22.052706, "K-Best 10": 23.985675, "K-Best 30": 25.326984, "Lookahead": 7 }