{ "Minimin": 22.431472, "Bellman": 22.431472, "Nancy": 22.431472, "Cserna": 24.928844, "Cserna Pemberton Belief": 22.569809, "K-Best 3": 22.768516, "K-Best 10": 25.820521, "K-Best 30": 26.041536, "Lookahead": 7 }