{ "Minimin": 26.930132, "Bellman": 26.930132, "Nancy": 26.930132, "Cserna": 26.342489, "Cserna Pemberton Belief": 23.834137, "K-Best 3": 23.718876, "K-Best 10": 26.098197, "K-Best 30": 26.982490, "Lookahead": 7 }