{ "Minimin": 23.335666, "Bellman": 23.335666, "Nancy": 23.335666, "Cserna": 25.316716, "Cserna Pemberton Belief": 21.539788, "K-Best 3": 21.539788, "K-Best 10": 23.072395, "K-Best 30": 27.582116, "Lookahead": 7 }