{ "Minimin": 24.035515, "Bellman": 24.035515, "Nancy": 24.035515, "Cserna": 25.904526, "Cserna Pemberton Belief": 23.826189, "K-Best 3": 23.835952, "K-Best 10": 24.979113, "K-Best 30": 23.534477, "Lookahead": 7 }