{ "Minimin": 22.685812, "Bellman": 22.685812, "Nancy": 22.685812, "Cserna": 26.811071, "Cserna Pemberton Belief": 22.785797, "K-Best 3": 22.785797, "K-Best 10": 21.798708, "K-Best 30": 22.825495, "Lookahead": 7 }