{ "Minimin": 23.017146, "Bellman": 23.017146, "Nancy": 23.017146, "Cserna": 26.118180, "Cserna Pemberton Belief": 25.906725, "K-Best 3": 25.496775, "K-Best 10": 27.244539, "K-Best 30": 27.698412, "Lookahead": 7 }