{ "Minimin": 24.723041, "Bellman": 24.723041, "Nancy": 24.723041, "Cserna": 28.970087, "Cserna Pemberton Belief": 24.835293, "K-Best 3": 23.444088, "K-Best 10": 25.044889, "K-Best 30": 24.159762, "Lookahead": 7 }