{ "Minimin": 23.428060, "Bellman": 23.428060, "Nancy": 23.428060, "Cserna": 26.356035, "Cserna Pemberton Belief": 25.071825, "K-Best 3": 23.792715, "K-Best 10": 23.142206, "K-Best 30": 25.916077, "Lookahead": 7 }