{ "Minimin": 25.011226, "Bellman": 25.011226, "Nancy": 25.011226, "Cserna": 26.266423, "Cserna Pemberton Belief": 24.761144, "K-Best 3": 24.017302, "K-Best 10": 24.943863, "K-Best 30": 28.104059, "Lookahead": 7 }