{ "Minimin": 24.514736, "Bellman": 24.514736, "Nancy": 24.514736, "Cserna": 24.372554, "Cserna Pemberton Belief": 25.113950, "K-Best 3": 24.344675, "K-Best 10": 26.719093, "K-Best 30": 27.029076, "Lookahead": 7 }