{ "Minimin": 24.071246, "Bellman": 24.071246, "Nancy": 24.071246, "Cserna": 25.775666, "Cserna Pemberton Belief": 24.307099, "K-Best 3": 23.492576, "K-Best 10": 22.700866, "K-Best 30": 24.668837, "Lookahead": 7 }