{ "Minimin": 24.368992, "Bellman": 24.368992, "Nancy": 24.368992, "Cserna": 23.318765, "Cserna Pemberton Belief": 24.368992, "K-Best 3": 22.005787, "K-Best 10": 24.128691, "K-Best 30": 24.573606, "Lookahead": 7 }