{ "Minimin": 24.742604, "Bellman": 24.742604, "Nancy": 24.742604, "Cserna": 26.814728, "Cserna Pemberton Belief": 25.239521, "K-Best 3": 25.486347, "K-Best 10": 25.716734, "K-Best 30": 25.474912, "Lookahead": 7 }