{ "Minimin": 24.731958, "Bellman": 24.731958, "Nancy": 24.731958, "Cserna": 23.863405, "Cserna Pemberton Belief": 22.530533, "K-Best 3": 24.253326, "K-Best 10": 22.982077, "K-Best 30": 26.452823, "Lookahead": 7 }