{ "Minimin": 23.181719, "Bellman": 23.181719, "Nancy": 23.181719, "Cserna": 25.644979, "Cserna Pemberton Belief": 22.549093, "K-Best 3": 24.950657, "K-Best 10": 23.705006, "K-Best 30": 24.167582, "Lookahead": 7 }