{ "Minimin": 24.758826, "Bellman": 24.758826, "Nancy": 24.758826, "Cserna": 24.966130, "Cserna Pemberton Belief": 23.933927, "K-Best 3": 25.334153, "K-Best 10": 22.436957, "K-Best 30": 23.876185, "Lookahead": 7 }