{ "Minimin": 23.727121, "Bellman": 23.727121, "Nancy": 23.727121, "Cserna": 25.567120, "Cserna Pemberton Belief": 23.026777, "K-Best 3": 23.026777, "K-Best 10": 23.098338, "K-Best 30": 25.882491, "Lookahead": 7 }