{ "Minimin": 22.361032, "Bellman": 22.361032, "Nancy": 22.361032, "Cserna": 24.875767, "Cserna Pemberton Belief": 22.361032, "K-Best 3": 23.882566, "K-Best 10": 23.265257, "K-Best 30": 25.831721, "Lookahead": 7 }