{ "Minimin": 24.684759, "Bellman": 24.684759, "Nancy": 24.684759, "Cserna": 26.363133, "Cserna Pemberton Belief": 23.545253, "K-Best 3": 25.164096, "K-Best 10": 23.342807, "K-Best 30": 24.408346, "Lookahead": 7 }