{ "Minimin": 22.993333, "Bellman": 22.993333, "Nancy": 22.993333, "Cserna": 29.275643, "Cserna Pemberton Belief": 24.108667, "K-Best 3": 22.392275, "K-Best 10": 23.263002, "K-Best 30": 22.950856, "Lookahead": 7 }