{ "Minimin": 22.784760, "Bellman": 22.784760, "Nancy": 22.784760, "Cserna": 24.147821, "Cserna Pemberton Belief": 24.678195, "K-Best 3": 24.466433, "K-Best 10": 25.181469, "K-Best 30": 24.950293, "Lookahead": 7 }