{ "Minimin": 24.494982, "Bellman": 24.494982, "Nancy": 24.494982, "Cserna": 26.158534, "Cserna Pemberton Belief": 23.898261, "K-Best 3": 23.137762, "K-Best 10": 23.416950, "K-Best 30": 24.505705, "Lookahead": 7 }