{ "Minimin": 23.869467, "Bellman": 23.869467, "Nancy": 23.869467, "Cserna": 27.572364, "Cserna Pemberton Belief": 24.539219, "K-Best 3": 25.631529, "K-Best 10": 26.754045, "K-Best 30": 26.971774, "Lookahead": 7 }