{ "Minimin": 23.152825, "Bellman": 23.152825, "Nancy": 23.152825, "Cserna": 25.353571, "Cserna Pemberton Belief": 23.152825, "K-Best 3": 25.826627, "K-Best 10": 23.178109, "K-Best 30": 23.178109, "Lookahead": 7 }