{ "Minimin": 23.008629, "Bellman": 23.008629, "Nancy": 23.008629, "Cserna": 23.925134, "Cserna Pemberton Belief": 23.008629, "K-Best 3": 21.887602, "K-Best 10": 22.832368, "K-Best 30": 23.273002, "Lookahead": 7 }