{ "Minimin": 24.102471, "Bellman": 24.102471, "Nancy": 24.102471, "Cserna": 22.686322, "Cserna Pemberton Belief": 24.896491, "K-Best 3": 22.749048, "K-Best 10": 25.403012, "K-Best 30": 22.686322, "Lookahead": 7 }