{ "Minimin": 24.128743, "Bellman": 24.128743, "Nancy": 24.128743, "Cserna": 26.659558, "Cserna Pemberton Belief": 21.766808, "K-Best 3": 21.766808, "K-Best 10": 24.930137, "K-Best 30": 25.363891, "Lookahead": 7 }