{ "Minimin": 24.817534, "Bellman": 24.817534, "Nancy": 24.817534, "Cserna": 24.402255, "Cserna Pemberton Belief": 24.097184, "K-Best 3": 25.532908, "K-Best 10": 24.960398, "K-Best 30": 25.761948, "Lookahead": 7 }