{ "Minimin": 19.127547, "Bellman": 19.127547, "Nancy": 19.127547, "Cserna": 24.290170, "Cserna Pemberton Belief": 19.127547, "K-Best 3": 20.169604, "K-Best 10": 23.688853, "K-Best 30": 23.329504, "Lookahead": 7 }