{ "Minimin": 21.987503, "Bellman": 21.987503, "Nancy": 21.987503, "Cserna": 28.558025, "Cserna Pemberton Belief": 22.148233, "K-Best 3": 24.599468, "K-Best 10": 21.597390, "K-Best 30": 23.813644, "Lookahead": 7 }