{ "Minimin": 24.515061, "Bellman": 24.515061, "Nancy": 24.515061, "Cserna": 27.306631, "Cserna Pemberton Belief": 24.515061, "K-Best 3": 24.515061, "K-Best 10": 25.563519, "K-Best 30": 25.651925, "Lookahead": 7 }