{ "Minimin": 22.033820, "Bellman": 22.033820, "Nancy": 22.033820, "Cserna": 28.785551, "Cserna Pemberton Belief": 22.281991, "K-Best 3": 24.472445, "K-Best 10": 24.703012, "K-Best 30": 24.218088, "Lookahead": 7 }