{ "Minimin": 23.852270, "Bellman": 23.852270, "Nancy": 23.852270, "Cserna": 25.588806, "Cserna Pemberton Belief": 22.835347, "K-Best 3": 23.659960, "K-Best 10": 22.758160, "K-Best 30": 23.678759, "Lookahead": 7 }