{ "Minimin": 24.405668, "Bellman": 24.405668, "Nancy": 24.405668, "Cserna": 26.671019, "Cserna Pemberton Belief": 21.938676, "K-Best 3": 22.376378, "K-Best 10": 24.661544, "K-Best 30": 22.527034, "Lookahead": 7 }