{ "Minimin": 37.139976, "Bellman": 23.948264, "Nancy": 23.948264, "Cserna": 35.280739, "Cserna Pemberton Belief": 35.280739, "K-Best 3": 21.547939, "K-Best 10": 22.098375, "K-Best 30": 23.323082, "Lookahead": 100 }