{ "Minimin": 35.303276, "Bellman": 21.284956, "Nancy": 21.284956, "Cserna": 24.191453, "Cserna Pemberton Belief": 25.702998, "K-Best 3": 21.815783, "K-Best 10": 22.019174, "K-Best 30": 23.329376, "Lookahead": 1000 }