{ "Minimin": 39.323336, "Bellman": 24.998438, "Nancy": 24.998438, "Cserna": 23.723237, "Cserna Pemberton Belief": 22.827114, "K-Best 3": 23.710457, "K-Best 10": 22.510278, "K-Best 30": 23.808313, "Lookahead": 100 }