{ "Minimin": 36.250355, "Bellman": 22.679537, "Nancy": 22.679537, "Cserna": 25.141498, "Cserna Pemberton Belief": 25.395100, "K-Best 3": 20.425789, "K-Best 10": 22.012945, "K-Best 30": 22.161884, "Lookahead": 1000 }