{ "Minimin": 33.283604, "Bellman": 22.353399, "Nancy": 22.353399, "Cserna": 34.415246, "Cserna Pemberton Belief": 34.415246, "K-Best 3": 22.923826, "K-Best 10": 22.272910, "K-Best 30": 23.060740, "Lookahead": 100 }