{ "Minimin": 34.026405, "Bellman": 26.140163, "Nancy": 26.140163, "Cserna": 26.665447, "Cserna Pemberton Belief": 29.026884, "K-Best 3": 25.378265, "K-Best 10": 26.665447, "K-Best 30": 26.665447, "Lookahead": 10 }