{ "Minimin": 33.549451, "Bellman": 21.753740, "Nancy": 21.753740, "Cserna": 24.739397, "Cserna Pemberton Belief": 28.463051, "K-Best 3": 20.988653, "K-Best 10": 23.115809, "K-Best 30": 23.044471, "Lookahead": 100 }