{ "Minimin": 32.836159, "Bellman": 21.080111, "Nancy": 21.080111, "Cserna": 23.762164, "Cserna Pemberton Belief": 23.486524, "K-Best 3": 21.723487, "K-Best 10": 23.049050, "K-Best 30": 23.049050, "Lookahead": 1000 }