{ "Minimin": 36.120013, "Bellman": 22.838748, "Nancy": 22.838748, "Cserna": 32.708731, "Cserna Pemberton Belief": 32.708731, "K-Best 3": 22.253533, "K-Best 10": 20.978879, "K-Best 30": 23.593697, "Lookahead": 100 }