{ "Minimin": 34.397921, "Bellman": 21.579080, "Nancy": 21.579080, "Cserna": 36.243066, "Cserna Pemberton Belief": 36.243066, "K-Best 3": 21.525187, "K-Best 10": 22.769657, "K-Best 30": 22.485338, "Lookahead": 1000 }