{ "Minimin": 40.862669, "Bellman": 22.821777, "Nancy": 22.821777, "Cserna": 39.051156, "Cserna Pemberton Belief": 39.051156, "K-Best 3": 23.980304, "K-Best 10": 26.536100, "K-Best 30": 26.536100, "Lookahead": 10 }