{ "Minimin": 36.924569, "Bellman": 27.078375, "Nancy": 24.467880, "Cserna": 23.528965, "Cserna Pemberton Belief": 26.829203, "K-Best 3": 26.036683, "K-Best 10": 23.528965, "K-Best 30": 23.528965, "K-Best 3 Pemberton Belief": 34.791372, "K-Best 10 Pemberton Belief": 26.829203, "K-Best 30 Pemberton Belief": 26.829203, "Lookahead": 10 }