{ "Minimin": 34.558257, "Bellman": 26.308087, "Nancy": 26.308087, "Cserna": 25.652181, "Cserna Pemberton Belief": 30.281008, "K-Best 3": 26.548132, "K-Best 10": 25.652181, "K-Best 30": 25.652181, "Lookahead": 10 }