{ "Minimin": 37.678869, "Bellman": 23.745828, "Nancy": 23.745828, "Cserna": 25.729333, "Cserna Pemberton Belief": 29.805923, "K-Best 3": 24.427672, "K-Best 10": 24.359440, "K-Best 30": 24.992408, "K-Best 3 Pemberton Belief": 44.374553, "K-Best 10 Pemberton Belief": 36.738982, "K-Best 30 Pemberton Belief": 35.206901, "Lookahead": 100 }