{ "Minimin": 39.999571, "Bellman": 24.394907, "Nancy": 24.394907, "Cserna": 26.585490, "Cserna Pemberton Belief": 32.581027, "K-Best 3": 27.475537, "K-Best 10": 26.585490, "K-Best 30": 26.585490, "K-Best 3 Pemberton Belief": 34.834138, "K-Best 10 Pemberton Belief": 32.581027, "K-Best 30 Pemberton Belief": 32.581027, "Lookahead": 10 }