{ "Minimin": 34.894101, "Bellman": 21.923977, "Nancy": 21.923977, "Cserna": 30.828892, "Cserna Pemberton Belief": 30.828892, "K-Best 3": 21.417206, "K-Best 10": 23.188538, "K-Best 30": 24.600796, "Lookahead": 1000 }