{ "Minimin": 31.864962, "Bellman": 26.873375, "Nancy": 26.873375, "Cserna": 29.523741, "Cserna Pemberton Belief": 29.523741, "K-Best 3": 24.998968, "K-Best 10": 26.827584, "K-Best 30": 26.827584, "Lookahead": 10 }