{ "Minimin": 35.321913, "Bellman": 20.564947, "Nancy": 20.564947, "Cserna": 25.786039, "Cserna Pemberton Belief": 24.346945, "K-Best 3": 20.564947, "K-Best 10": 22.117270, "K-Best 30": 23.847283, "Lookahead": 1000 }