{ "Minimin": 32.740251, "Bellman": 22.331543, "Nancy": 22.331543, "Cserna": 27.688787, "Cserna Pemberton Belief": 26.667395, "K-Best 3": 22.331543, "K-Best 10": 22.274007, "K-Best 30": 24.060524, "Lookahead": 1000 }