{ "Minimin": 33.609539, "Bellman": 26.207696, "Nancy": 26.207696, "Cserna": 38.485613, "Cserna Pemberton Belief": 38.485613, "K-Best 3": 24.155182, "K-Best 10": 24.535074, "K-Best 30": 24.535074, "Lookahead": 10 }