{ "Minimin": 36.509375, "Bellman": 21.733685, "Nancy": 21.733685, "Cserna": 24.829503, "Cserna Pemberton Belief": 23.804397, "K-Best 3": 21.594071, "K-Best 10": 23.177957, "K-Best 30": 22.126757, "K-Best 3 Pemberton Belief": 40.384572, "K-Best 10 Pemberton Belief": 51.521961, "K-Best 30 Pemberton Belief": 43.011399, "Lookahead": 1000 }