{ "Minimin": 37.340971, "Bellman": 26.079243, "Nancy": 26.079243, "Cserna": 31.388137, "Cserna Pemberton Belief": 31.388137, "K-Best 3": 26.793258, "K-Best 10": 23.217315, "K-Best 30": 23.217315, "Lookahead": 10 }