{ "Minimin": 31.938701, "Bellman": 22.277044, "Nancy": 22.277044, "Cserna": 25.688305, "Cserna Pemberton Belief": 23.008458, "K-Best 3": 22.104720, "K-Best 10": 21.934073, "K-Best 30": 21.054144, "K-Best 3 Pemberton Belief": 43.480650, "K-Best 10 Pemberton Belief": 39.884392, "K-Best 30 Pemberton Belief": 42.021472, "Lookahead": 1000 }