{ "Minimin": 35.302678, "Bellman": 22.472084, "Nancy": 22.472084, "Cserna": 23.626310, "Cserna Pemberton Belief": 26.894963, "K-Best 3": 21.940748, "K-Best 10": 23.002247, "K-Best 30": 22.348242, "Lookahead": 100 }