{ "Minimin": 33.166257, "Bellman": 20.372045, "Nancy": 20.372045, "Cserna": 21.029054, "Cserna Pemberton Belief": 25.569761, "K-Best 3": 20.372045, "K-Best 10": 21.029054, "K-Best 30": 24.308758, "Lookahead": 100 }