{ "Minimin": 35.234659, "Bellman": 21.115021, "Nancy": 21.115021, "Cserna": 24.670523, "Cserna Pemberton Belief": 24.687587, "K-Best 3": 21.195449, "K-Best 10": 21.387327, "K-Best 30": 22.945068, "K-Best 3 Pemberton Belief": 43.955331, "K-Best 10 Pemberton Belief": 45.362816, "K-Best 30 Pemberton Belief": 45.670443, "Lookahead": 1000 }