{ "Minimin": 35.834139, "Bellman": 21.939309, "Nancy": 21.939309, "Cserna": 26.110527, "Cserna Pemberton Belief": 22.972642, "K-Best 3": 21.939309, "K-Best 10": 22.002612, "K-Best 30": 21.971892, "Lookahead": 1000 }