{ "Minimin": 34.091787, "Bellman": 26.505250, "Nancy": 26.505250, "Cserna": 32.637307, "Cserna Pemberton Belief": 32.637307, "K-Best 3": 27.453738, "K-Best 10": 27.175695, "K-Best 30": 27.175695, "Lookahead": 10 }