{ "Minimin": 38.049792, "Bellman": 23.799812, "Nancy": 23.799812, "Cserna": 25.347880, "Cserna Pemberton Belief": 26.428663, "K-Best 3": 22.999834, "K-Best 10": 22.779338, "K-Best 30": 23.318784, "Lookahead": 100 }