{ "Minimin": 37.131086, "Bellman": 24.568527, "Nancy": 24.568527, "Cserna": 33.496939, "Cserna Pemberton Belief": 33.496939, "K-Best 3": 24.339352, "K-Best 10": 23.741425, "K-Best 30": 24.466087, "Lookahead": 100 }