{ "Minimin": 35.809693, "Bellman": 23.174441, "Nancy": 23.174441, "Cserna": 25.049060, "Cserna Pemberton Belief": 26.477686, "K-Best 3": 22.594048, "K-Best 10": 23.866784, "K-Best 30": 25.811971, "Lookahead": 100 }