{ "Minimin": 38.135566, "Bellman": 24.765613, "Nancy": 24.765613, "Cserna": 30.924206, "Cserna Pemberton Belief": 30.924206, "K-Best 3": 22.092416, "K-Best 10": 25.400582, "K-Best 30": 25.400582, "Lookahead": 10 }