{ "Minimin": 32.011525, "Bellman": 20.774277, "Nancy": 20.774277, "Cserna": 26.610184, "Cserna Pemberton Belief": 23.355184, "K-Best 3": 20.771008, "K-Best 10": 22.035220, "K-Best 30": 24.626203, "Lookahead": 1000 }