{ "Minimin": 35.649292, "Bellman": 26.748274, "Nancy": 26.748274, "Cserna": 25.756736, "Cserna Pemberton Belief": 28.821164, "K-Best 3": 26.131470, "K-Best 10": 25.756736, "K-Best 30": 25.756736, "Lookahead": 10 }