{ "Minimin": 33.642606, "Bellman": 20.923787, "Nancy": 20.923787, "Cserna": 25.651300, "Cserna Pemberton Belief": 24.681614, "K-Best 3": 21.264552, "K-Best 10": 21.311343, "K-Best 30": 21.936401, "Lookahead": 1000 }