{ "Minimin": 37.863450, "Bellman": 21.486440, "Nancy": 21.486440, "Cserna": 24.829731, "Cserna Pemberton Belief": 27.097040, "K-Best 3": 20.649308, "K-Best 10": 20.649308, "K-Best 30": 20.878386, "Lookahead": 1000 }