{ "Minimin": 39.634695, "Bellman": 23.670429, "Nancy": 23.670429, "Cserna": 36.535168, "Cserna Pemberton Belief": 36.535168, "K-Best 3": 21.926714, "K-Best 10": 21.926714, "K-Best 30": 22.413311, "Lookahead": 100 }