{ "Minimin": 38.290968, "Bellman": 26.555793, "Nancy": 26.555793, "Cserna": 29.690971, "Cserna Pemberton Belief": 29.690971, "K-Best 3": 26.480395, "K-Best 10": 26.272145, "K-Best 30": 26.272145, "Lookahead": 10 }