{ "Minimin": 40.716279, "Bellman": 22.519507, "Nancy": 22.519507, "Cserna": 25.201194, "Cserna Pemberton Belief": 30.199337, "K-Best 3": 25.819885, "K-Best 10": 25.201194, "K-Best 30": 25.201194, "K-Best 3 Pemberton Belief": 38.986817, "K-Best 10 Pemberton Belief": 30.199337, "K-Best 30 Pemberton Belief": 30.199337, "Lookahead": 10 }