{ "Minimin": 37.541176, "Bellman": 22.590359, "Nancy": 22.590359, "Cserna": 34.543439, "Cserna Pemberton Belief": 34.543439, "K-Best 3": 21.432766, "K-Best 10": 22.446984, "K-Best 30": 23.576096, "Lookahead": 1000 }