{ "Minimin": 38.094412, "Bellman": 21.390990, "Nancy": 21.390990, "Cserna": 34.981566, "Cserna Pemberton Belief": 34.981566, "K-Best 3": 21.850196, "K-Best 10": 22.148046, "K-Best 30": 23.125465, "Lookahead": 1000 }