{ "Minimin": 34.548993, "Bellman": 22.725922, "Nancy": 22.725922, "Cserna": 36.435543, "Cserna Pemberton Belief": 36.435543, "K-Best 3": 22.843444, "K-Best 10": 22.931390, "K-Best 30": 22.436359, "Lookahead": 100 }