{ "Minimin": 29.807901, "Bellman": 21.615225, "Nancy": 21.615225, "Cserna": 26.973316, "Cserna Pemberton Belief": 23.794014, "K-Best 3": 21.772324, "K-Best 10": 22.422674, "K-Best 30": 24.147185, "Lookahead": 1000 }