{ "Minimin": 34.651962, "Bellman": 22.241292, "Nancy": 22.241292, "Cserna": 27.021800, "Cserna Pemberton Belief": 25.615130, "K-Best 3": 21.541444, "K-Best 10": 21.997608, "K-Best 30": 23.270361, "Lookahead": 1000 }