{ "Minimin": 36.189336, "Bellman": 25.790854, "Nancy": 25.790854, "Cserna": 25.781611, "Cserna Pemberton Belief": 26.819325, "K-Best 3": 23.388383, "K-Best 10": 26.500974, "K-Best 30": 23.621838, "Lookahead": 100 }