{ "Minimin": 36.802022, "Bellman": 21.905261, "Nancy": 21.905261, "Cserna": 32.372657, "Cserna Pemberton Belief": 32.372657, "K-Best 3": 22.764612, "K-Best 10": 20.314801, "K-Best 30": 20.480032, "Lookahead": 1000 }