{ "Minimin": 36.090390, "Bellman": 22.289622, "Nancy": 22.289622, "Cserna": 23.814942, "Cserna Pemberton Belief": 23.560136, "K-Best 3": 22.031306, "K-Best 10": 23.435186, "K-Best 30": 24.489881, "Lookahead": 100 }