{ "Minimin": 38.281710, "Bellman": 25.182808, "Nancy": 25.182808, "Cserna": 29.104892, "Cserna Pemberton Belief": 29.104892, "K-Best 3": 25.708272, "K-Best 10": 28.179150, "K-Best 30": 28.179150, "Lookahead": 10 }