{ "Minimin": 34.931245, "Bellman": 24.411095, "Nancy": 24.411095, "Cserna": 32.926375, "Cserna Pemberton Belief": 32.926375, "K-Best 3": 24.215047, "K-Best 10": 25.894743, "K-Best 30": 25.894743, "Lookahead": 10 }