{ "Minimin": 32.087684, "Bellman": 20.613640, "Nancy": 20.613640, "Cserna": 32.323480, "Cserna Pemberton Belief": 32.323480, "K-Best 3": 21.079856, "K-Best 10": 22.112178, "K-Best 30": 23.809061, "Lookahead": 1000 }