{ "Minimin": 34.429163, "Bellman": 26.706669, "Nancy": 26.706669, "Cserna": 26.561027, "Cserna Pemberton Belief": 27.781213, "K-Best 3": 24.921410, "K-Best 10": 26.561027, "K-Best 30": 26.561027, "K-Best 3 Pemberton Belief": 33.800756, "K-Best 10 Pemberton Belief": 27.781213, "K-Best 30 Pemberton Belief": 27.781213, "Lookahead": 10 }