{ "Minimin": 37.761497, "Bellman": 21.886549, "Nancy": 21.886549, "Cserna": 24.454361, "Cserna Pemberton Belief": 24.218817, "K-Best 3": 21.504451, "K-Best 10": 21.885559, "K-Best 30": 22.822143, "Lookahead": 1000 }