{ "Minimin": 35.472821, "Bellman": 27.136203, "Nancy": 27.136203, "Cserna": 30.477472, "Cserna Pemberton Belief": 30.913352, "K-Best 3": 26.962885, "K-Best 10": 30.477472, "K-Best 30": 30.477472, "Lookahead": 10 }