{ "Minimin": 36.528651, "Bellman": 24.824617, "Nancy": 24.824617, "Cserna": 26.670991, "Cserna Pemberton Belief": 32.765163, "K-Best 3": 25.185461, "K-Best 10": 26.670991, "K-Best 30": 26.670991, "K-Best 3 Pemberton Belief": 32.336915, "K-Best 10 Pemberton Belief": 32.765163, "K-Best 30 Pemberton Belief": 32.765163, "Lookahead": 10 }