{ "Minimin": 34.687414, "Bellman": 18.214493, "Nancy": 18.214493, "Cserna": 22.127068, "Cserna Pemberton Belief": 25.577992, "K-Best 3": 19.277326, "K-Best 10": 18.628620, "K-Best 30": 19.133032, "Lookahead": 1000 }