{ "Minimin": 38.220010, "Bellman": 25.505549, "Nancy": 25.505549, "Cserna": 35.859970, "Cserna Pemberton Belief": 35.859970, "K-Best 3": 23.813211, "K-Best 10": 24.403331, "K-Best 30": 24.403331, "Lookahead": 10 }