{ "Minimin": 34.053747, "Bellman": 21.159720, "Nancy": 21.159720, "Cserna": 28.477264, "Cserna Pemberton Belief": 22.610354, "K-Best 3": 21.159720, "K-Best 10": 22.105005, "K-Best 30": 23.831623, "Lookahead": 1000 }