{ "Minimin": 39.550826, "Bellman": 24.160439, "Nancy": 24.160439, "Cserna": 29.307090, "Cserna Pemberton Belief": 29.375798, "K-Best 3": 27.530321, "K-Best 10": 29.307090, "K-Best 30": 29.307090, "Lookahead": 10 }