{ "Minimin": 36.068875, "Bellman": 25.570698, "Nancy": 27.157888, "Cserna": 27.637123, "Cserna Pemberton Belief": 26.058363, "K-Best 3": 24.392777, "K-Best 10": 27.637123, "K-Best 30": 27.637123, "Lookahead": 10 }