{ "Minimin": 30.003916, "Bellman": 20.670607, "Nancy": 20.670607, "Cserna": 24.059242, "Cserna Pemberton Belief": 25.229939, "K-Best 3": 20.405056, "K-Best 10": 22.485518, "K-Best 30": 23.764405, "Lookahead": 1000 }