{ "Minimin": 35.937581, "Bellman": 28.070169, "Nancy": 28.070169, "Cserna": 32.580333, "Cserna Pemberton Belief": 32.580333, "K-Best 3": 27.059896, "K-Best 10": 26.167848, "K-Best 30": 26.167848, "Lookahead": 10 }