{ "Minimin": 35.654410, "Bellman": 22.195537, "Nancy": 22.195537, "Cserna": 33.102281, "Cserna Pemberton Belief": 33.102281, "K-Best 3": 23.237431, "K-Best 10": 23.579370, "K-Best 30": 23.574243, "Lookahead": 100 }