{ "Minimin": 40.246032, "Bellman": 21.591492, "Nancy": 21.591492, "Cserna": 36.141874, "Cserna Pemberton Belief": 36.141874, "K-Best 3": 22.146211, "K-Best 10": 20.981532, "K-Best 30": 23.361537, "Lookahead": 100 }