{ "Minimin": 34.726424, "Bellman": 22.913898, "Nancy": 22.913898, "Cserna": 26.045715, "Cserna Pemberton Belief": 25.032812, "K-Best 3": 22.683752, "K-Best 10": 22.955322, "K-Best 30": 22.821928, "Lookahead": 1000 }