{ "Minimin": 40.409142, "Bellman": 24.219450, "Nancy": 24.219450, "Cserna": 24.845107, "Cserna Pemberton Belief": 28.065341, "K-Best 3": 25.993692, "K-Best 10": 24.845107, "K-Best 30": 24.845107, "K-Best 3 Pemberton Belief": 33.362735, "K-Best 10 Pemberton Belief": 28.065341, "K-Best 30 Pemberton Belief": 28.065341, "Lookahead": 10 }