{ "Minimin": 39.655523, "Bellman": 23.738884, "Nancy": 23.738884, "Cserna": 26.646361, "Cserna Pemberton Belief": 28.105296, "K-Best 3": 23.562886, "K-Best 10": 26.646361, "K-Best 30": 26.646361, "Lookahead": 10 }