{ "Minimin": 37.097153, "Bellman": 21.981723, "Nancy": 21.981723, "Cserna": 24.284714, "Cserna Pemberton Belief": 25.453788, "K-Best 3": 20.750194, "K-Best 10": 23.187609, "K-Best 30": 25.389287, "Lookahead": 100 }