{ "Minimin": 29.884922, "Bellman": 23.307854, "Nancy": 23.307854, "Cserna": 34.484724, "Cserna Pemberton Belief": 34.484724, "K-Best 3": 23.001226, "K-Best 10": 24.821910, "K-Best 30": 23.861747, "Lookahead": 100 }