{ "Minimin": 32.407362, "Bellman": 20.231198, "Nancy": 20.231198, "Cserna": 34.833146, "Cserna Pemberton Belief": 34.833146, "K-Best 3": 20.231198, "K-Best 10": 20.127880, "K-Best 30": 22.776088, "Lookahead": 1000 }