{ "Minimin": 36.208115, "Bellman": 25.378902, "Nancy": 25.378902, "Cserna": 26.997527, "Cserna Pemberton Belief": 30.981920, "K-Best 3": 25.180227, "K-Best 10": 26.997527, "K-Best 30": 26.997527, "K-Best 3 Pemberton Belief": 38.115586, "K-Best 10 Pemberton Belief": 30.981920, "K-Best 30 Pemberton Belief": 30.981920, "Lookahead": 10 }