{ "Minimin": 33.787117, "Bellman": 25.262192, "Nancy": 25.262192, "Cserna": 34.678567, "Cserna Pemberton Belief": 34.678567, "K-Best 3": 24.785674, "K-Best 10": 25.793229, "K-Best 30": 25.793229, "Lookahead": 10 }