{ "Minimin": 35.192455, "Bellman": 20.257535, "Nancy": 20.257535, "Cserna": 24.261017, "Cserna Pemberton Belief": 27.324894, "K-Best 3": 23.446793, "K-Best 10": 23.653114, "K-Best 30": 24.711101, "Lookahead": 100 }