{ "Minimin": 33.396721, "Bellman": 22.320903, "Nancy": 22.320903, "Cserna": 26.978385, "Cserna Pemberton Belief": 26.275209, "K-Best 3": 21.746205, "K-Best 10": 23.374874, "K-Best 30": 23.419809, "Lookahead": 1000 }