{ "Minimin": 33.712670, "Bellman": 23.976232, "Nancy": 23.976232, "Cserna": 26.641656, "Cserna Pemberton Belief": 29.726998, "K-Best 3": 26.041720, "K-Best 10": 26.641656, "K-Best 30": 26.641656, "K-Best 3 Pemberton Belief": 38.254138, "K-Best 10 Pemberton Belief": 29.726998, "K-Best 30 Pemberton Belief": 29.726998, "Lookahead": 10 }