{ "Minimin": 37.597205, "Bellman": 23.737173, "Nancy": 23.737173, "Cserna": 25.844848, "Cserna Pemberton Belief": 23.861167, "K-Best 3": 23.694128, "K-Best 10": 24.193509, "K-Best 30": 23.536350, "Lookahead": 100 }