{ "Minimin": 33.520932, "Bellman": 22.630834, "Nancy": 22.630834, "Cserna": 25.709013, "Cserna Pemberton Belief": 24.816554, "K-Best 3": 22.266039, "K-Best 10": 21.963975, "K-Best 30": 23.621224, "Lookahead": 1000 }