{ "Minimin": 39.066377, "Bellman": 22.284162, "Nancy": 22.284162, "Cserna": 23.375426, "Cserna Pemberton Belief": 25.456572, "K-Best 3": 22.168469, "K-Best 10": 21.124345, "K-Best 30": 24.017430, "Lookahead": 100 }