{ "Minimin": 33.520932, "Bellman": 22.630834, "Nancy": 22.630834, "Cserna": 27.144729, "Cserna Pemberton Belief": 24.292577, "K-Best 3": 22.196470, "K-Best 10": 21.963975, "K-Best 30": 22.217237, "Lookahead": 1000 }