{ "Minimin": 39.809348, "Bellman": 29.358254, "Nancy": 29.358254, "Cserna": 27.237010, "Cserna Pemberton Belief": 31.119863, "K-Best 3": 27.732008, "K-Best 10": 27.237010, "K-Best 30": 27.237010, "Lookahead": 10 }