{ "Minimin": 33.249082, "Bellman": 20.912487, "Nancy": 20.912487, "Cserna": 27.224773, "Cserna Pemberton Belief": 23.166221, "K-Best 3": 20.499727, "K-Best 10": 20.204386, "K-Best 30": 23.306190, "Lookahead": 1000 }