{ "Minimin": 35.628220, "Bellman": 21.397114, "Nancy": 21.397114, "Cserna": 23.546684, "Cserna Pemberton Belief": 23.179084, "K-Best 3": 21.577464, "K-Best 10": 21.887075, "K-Best 30": 23.103655, "K-Best 3 Pemberton Belief": 38.178131, "K-Best 10 Pemberton Belief": 37.755946, "K-Best 30 Pemberton Belief": 36.958020, "Lookahead": 1000 }