{ "Minimin": 36.041156, "Bellman": 24.062585, "Nancy": 23.575432, "Cserna": 24.867976, "Cserna Pemberton Belief": 24.901501, "K-Best 3": 24.039312, "K-Best 10": 25.597331, "K-Best 30": 24.125861, "Lookahead": 100 }