{ "Minimin": 40.777272, "Bellman": 22.762811, "Nancy": 22.762811, "Cserna": 24.134667, "Cserna Pemberton Belief": 26.602002, "K-Best 3": 22.517517, "K-Best 10": 22.782036, "K-Best 30": 23.078373, "K-Best 3 Pemberton Belief": 46.744029, "K-Best 10 Pemberton Belief": 40.717519, "K-Best 30 Pemberton Belief": 32.068455, "Lookahead": 100 }