{ "Minimin": 35.306866, "Bellman": 22.123210, "Nancy": 22.123210, "Cserna": 26.452484, "Cserna Pemberton Belief": 25.659294, "K-Best 3": 22.188984, "K-Best 10": 21.476411, "K-Best 30": 20.631446, "Lookahead": 1000 }