{ "Minimin": 39.679313, "Bellman": 24.750138, "Nancy": 24.750138, "Cserna": 25.336425, "Cserna Pemberton Belief": 29.358552, "K-Best 3": 28.032424, "K-Best 10": 25.336425, "K-Best 30": 25.336425, "K-Best 3 Pemberton Belief": 33.769056, "K-Best 10 Pemberton Belief": 29.358552, "K-Best 30 Pemberton Belief": 29.358552, "Lookahead": 10 }