{ "Minimin": 39.634545, "Bellman": 25.342447, "Nancy": 25.342447, "Cserna": 26.787288, "Cserna Pemberton Belief": 31.137549, "K-Best 3": 26.937144, "K-Best 10": 26.787288, "K-Best 30": 26.787288, "Lookahead": 10 }