{ "Minimin": 40.560575, "Bellman": 24.559048, "Nancy": 24.559048, "Cserna": 34.987350, "Cserna Pemberton Belief": 34.987350, "K-Best 3": 25.703118, "K-Best 10": 24.602353, "K-Best 30": 24.602353, "Lookahead": 10 }