{ "Minimin": 34.004034, "Bellman": 23.575837, "Nancy": 23.575837, "Cserna": 24.530880, "Cserna Pemberton Belief": 24.788513, "K-Best 3": 21.938232, "K-Best 10": 21.938232, "K-Best 30": 23.440080, "Lookahead": 1000 }