{ "Minimin": 32.253350, "Bellman": 22.109022, "Nancy": 22.109022, "Cserna": 24.318277, "Cserna Pemberton Belief": 23.981047, "K-Best 3": 23.108219, "K-Best 10": 23.791204, "K-Best 30": 26.093337, "Lookahead": 100 }