{ "Minimin": 34.142535, "Bellman": 21.206899, "Nancy": 21.206899, "Cserna": 25.605192, "Cserna Pemberton Belief": 25.278607, "K-Best 3": 21.206899, "K-Best 10": 22.741962, "K-Best 30": 23.389843, "Lookahead": 1000 }