{ "Minimin": 39.992463, "Bellman": 23.297903, "Nancy": 23.297903, "Cserna": 23.486975, "Cserna Pemberton Belief": 28.779640, "K-Best 3": 23.297903, "K-Best 10": 24.491902, "K-Best 30": 24.357082, "Lookahead": 100 }