{ "Minimin": 34.161696, "Bellman": 22.252302, "Nancy": 22.252302, "Cserna": 34.389556, "Cserna Pemberton Belief": 34.389556, "K-Best 3": 21.342203, "K-Best 10": 23.399369, "K-Best 30": 23.833567, "Lookahead": 100 }