{ "Minimin": 34.544018, "Bellman": 24.626317, "Nancy": 24.626317, "Cserna": 31.514010, "Cserna Pemberton Belief": 31.514010, "K-Best 3": 28.591346, "K-Best 10": 26.905634, "K-Best 30": 26.905634, "Lookahead": 10 }