{ "Minimin": 38.285541, "Bellman": 25.400867, "Nancy": 25.400867, "Cserna": 33.281111, "Cserna Pemberton Belief": 33.281111, "K-Best 3": 26.259802, "K-Best 10": 24.284550, "K-Best 30": 24.284550, "Lookahead": 10 }