{ "Minimin": 33.224613, "Bellman": 21.858396, "Nancy": 21.858396, "Cserna": 28.805798, "Cserna Pemberton Belief": 23.786074, "K-Best 3": 21.858396, "K-Best 10": 21.829232, "K-Best 30": 23.377786, "Lookahead": 1000 }