{ "Minimin": 34.708496, "Bellman": 23.151001, "Nancy": 23.151001, "Cserna": 28.002472, "Cserna Pemberton Belief": 32.065633, "K-Best 3": 25.337662, "K-Best 10": 28.002472, "K-Best 30": 28.002472, "K-Best 3 Pemberton Belief": 40.093315, "K-Best 10 Pemberton Belief": 32.065633, "K-Best 30 Pemberton Belief": 32.065633, "Lookahead": 10 }