{ "Minimin": 35.921672, "Bellman": 22.488263, "Nancy": 22.488263, "Cserna": 29.193441, "Cserna Pemberton Belief": 29.193441, "K-Best 3": 23.435320, "K-Best 10": 20.592470, "K-Best 30": 20.088675, "Lookahead": 100 }