{ "Minimin": 36.026794, "Bellman": 26.529927, "Nancy": 26.529927, "Cserna": 27.077741, "Cserna Pemberton Belief": 32.653947, "K-Best 3": 25.211312, "K-Best 10": 27.077741, "K-Best 30": 27.077741, "Lookahead": 10 }