{ "Minimin": 32.726481, "Bellman": 22.771365, "Nancy": 22.771365, "Cserna": 22.865272, "Cserna Pemberton Belief": 25.033533, "K-Best 3": 21.927246, "K-Best 10": 21.783653, "K-Best 30": 23.161087, "Lookahead": 100 }