{ "Minimin": 35.823649, "Bellman": 21.126908, "Nancy": 21.126908, "Cserna": 24.454762, "Cserna Pemberton Belief": 24.119535, "K-Best 3": 21.126908, "K-Best 10": 20.366640, "K-Best 30": 23.579688, "Lookahead": 1000 }