{ "Minimin": 35.423600, "Bellman": 22.180219, "Nancy": 22.180219, "Cserna": 23.144694, "Cserna Pemberton Belief": 27.867034, "K-Best 3": 21.295054, "K-Best 10": 21.863038, "K-Best 30": 22.164507, "Lookahead": 100 }