{ "Minimin": 37.755761, "Bellman": 21.646397, "Nancy": 21.646397, "Cserna": 25.179499, "Cserna Pemberton Belief": 26.482872, "K-Best 3": 21.646397, "K-Best 10": 22.245190, "K-Best 30": 26.253711, "Lookahead": 100 }