{ "Minimin": 33.939184, "Bellman": 21.520609, "Nancy": 21.520609, "Cserna": 25.643140, "Cserna Pemberton Belief": 26.268104, "K-Best 3": 21.520609, "K-Best 10": 22.308200, "K-Best 30": 25.046023, "Lookahead": 1000 }