{ "Minimin": 36.233917, "Bellman": 20.688537, "Nancy": 20.688537, "Cserna": 31.903154, "Cserna Pemberton Belief": 31.903154, "K-Best 3": 20.688537, "K-Best 10": 20.688537, "K-Best 30": 21.903766, "Lookahead": 1000 }