{ "Minimin": 31.582195, "Bellman": 27.304876, "Nancy": 26.781320, "Cserna": 31.647587, "Cserna Pemberton Belief": 31.647587, "K-Best 3": 25.009041, "K-Best 10": 28.526763, "K-Best 30": 28.526763, "Lookahead": 10 }