{ "Minimin": 32.135298, "Bellman": 25.748489, "Nancy": 25.748489, "Cserna": 33.755669, "Cserna Pemberton Belief": 33.755669, "K-Best 3": 28.103979, "K-Best 10": 26.423210, "K-Best 30": 26.423210, "Lookahead": 10 }