{ "Minimin": 36.508921, "Bellman": 24.952009, "Nancy": 24.952009, "Cserna": 26.929899, "Cserna Pemberton Belief": 26.929899, "K-Best 3": 25.959242, "K-Best 10": 27.431958, "K-Best 30": 27.431958, "Lookahead": 10 }