{ "Minimin": 31.427344, "Bellman": 20.980040, "Nancy": 20.980040, "Cserna": 35.533370, "Cserna Pemberton Belief": 35.533370, "K-Best 3": 20.219108, "K-Best 10": 21.296795, "K-Best 30": 21.005715, "Lookahead": 1000 }