{ "Minimin": 35.085424, "Bellman": 24.097704, "Nancy": 24.097704, "Cserna": 33.019763, "Cserna Pemberton Belief": 33.019763, "K-Best 3": 25.633687, "K-Best 10": 24.254136, "K-Best 30": 24.254136, "Lookahead": 10 }