{ "Minimin": 36.724130, "Bellman": 19.957272, "Nancy": 19.957272, "Cserna": 34.155032, "Cserna Pemberton Belief": 34.155032, "K-Best 3": 19.957272, "K-Best 10": 21.707560, "K-Best 30": 22.808815, "Lookahead": 1000 }