{ "Minimin": 34.237188, "Bellman": 22.596081, "Nancy": 22.596081, "Cserna": 23.933876, "Cserna Pemberton Belief": 27.156326, "K-Best 3": 21.919809, "K-Best 10": 21.995127, "K-Best 30": 22.640267, "Lookahead": 100 }