{ "Minimin": 39.655523, "Bellman": 23.294649, "Nancy": 23.294649, "Cserna": 27.625882, "Cserna Pemberton Belief": 28.105296, "K-Best 3": 29.170127, "K-Best 10": 27.625882, "K-Best 30": 27.625882, "Lookahead": 10 }