{ "Minimin": 36.884689, "Bellman": 24.416602, "Nancy": 24.416602, "Cserna": 27.035991, "Cserna Pemberton Belief": 26.631109, "K-Best 3": 23.066765, "K-Best 10": 27.035991, "K-Best 30": 27.035991, "K-Best 3 Pemberton Belief": 37.441926, "K-Best 10 Pemberton Belief": 26.631109, "K-Best 30 Pemberton Belief": 26.631109, "Lookahead": 10 }