{ "Minimin": 36.266064, "Bellman": 26.574612, "Nancy": 26.574612, "Cserna": 28.891196, "Cserna Pemberton Belief": 28.891196, "K-Best 3": 23.801093, "K-Best 10": 25.336173, "K-Best 30": 25.336173, "Lookahead": 10 }