{ "Minimin": 37.771843, "Bellman": 20.888964, "Nancy": 20.888964, "Cserna": 22.773571, "Cserna Pemberton Belief": 22.554952, "K-Best 3": 20.555751, "K-Best 10": 18.032735, "K-Best 30": 21.024521, "Lookahead": 1000 }