{ "Minimin": 34.894101, "Bellman": 21.787811, "Nancy": 21.787811, "Cserna": 25.033925, "Cserna Pemberton Belief": 23.640942, "K-Best 3": 21.787811, "K-Best 10": 22.042280, "K-Best 30": 26.391432, "Lookahead": 1000 }