{ "Minimin": 34.282634, "Bellman": 29.042473, "Nancy": 29.042473, "Cserna": 25.540265, "Cserna Pemberton Belief": 30.507492, "K-Best 3": 23.804004, "K-Best 10": 25.540265, "K-Best 30": 25.540265, "K-Best 3 Pemberton Belief": 41.162968, "K-Best 10 Pemberton Belief": 30.507492, "K-Best 30 Pemberton Belief": 30.507492, "Lookahead": 10 }