{ "Minimin": 31.981677, "Bellman": 22.648741, "Nancy": 22.648741, "Cserna": 23.538936, "Cserna Pemberton Belief": 26.467446, "K-Best 3": 20.380993, "K-Best 10": 22.568738, "K-Best 30": 24.588910, "Lookahead": 100 }