{ "Minimin": 34.558257, "Bellman": 26.308087, "Nancy": 26.308087, "Cserna": 32.513874, "Cserna Pemberton Belief": 32.513874, "K-Best 3": 25.584663, "K-Best 10": 25.652181, "K-Best 30": 25.652181, "Lookahead": 10 }