{ "Minimin": 35.408255, "Bellman": 22.445235, "Nancy": 22.445235, "Cserna": 23.776622, "Cserna Pemberton Belief": 26.118901, "K-Best 3": 21.138022, "K-Best 10": 22.798593, "K-Best 30": 23.969871, "Lookahead": 100 }