{ "Minimin": 35.820911, "Bellman": 27.644570, "Nancy": 27.644570, "Cserna": 25.961565, "Cserna Pemberton Belief": 32.418236, "K-Best 3": 24.167995, "K-Best 10": 25.961565, "K-Best 30": 25.961565, "K-Best 3 Pemberton Belief": 32.222399, "K-Best 10 Pemberton Belief": 32.418236, "K-Best 30 Pemberton Belief": 32.418236, "Lookahead": 10 }