{ "Minimin": 33.031046, "Bellman": 24.067012, "Nancy": 24.067012, "Cserna": 34.528018, "Cserna Pemberton Belief": 34.528018, "K-Best 3": 23.507088, "K-Best 10": 23.058351, "K-Best 30": 23.058351, "Lookahead": 10 }