{ "Minimin": 34.408062, "Bellman": 23.517299, "Nancy": 23.517299, "Cserna": 34.625638, "Cserna Pemberton Belief": 34.625638, "K-Best 3": 22.536500, "K-Best 10": 21.587629, "K-Best 30": 22.384944, "Lookahead": 100 }