{ "Minimin": 36.066255, "Bellman": 21.889722, "Nancy": 21.889722, "Cserna": 24.648654, "Cserna Pemberton Belief": 29.529376, "K-Best 3": 21.889722, "K-Best 10": 25.374635, "K-Best 30": 22.162781, "Lookahead": 100 }