{ "Minimin": 33.105469, "Bellman": 26.783710, "Nancy": 26.783710, "Cserna": 32.847207, "Cserna Pemberton Belief": 32.847207, "K-Best 3": 28.102892, "K-Best 10": 25.399074, "K-Best 30": 25.399074, "Lookahead": 10 }