{ "Minimin": 34.788615, "Bellman": 23.048989, "Nancy": 23.048989, "Cserna": 35.751444, "Cserna Pemberton Belief": 35.751444, "K-Best 3": 22.130945, "K-Best 10": 21.914830, "K-Best 30": 23.294793, "Lookahead": 1000 }