{ "Minimin": 35.414860, "Bellman": 21.301440, "Nancy": 21.301440, "Cserna": 24.578199, "Cserna Pemberton Belief": 23.731894, "K-Best 3": 22.883809, "K-Best 10": 22.263228, "K-Best 30": 23.215835, "Lookahead": 1000 }