{ "Minimin": 37.054487, "Bellman": 22.644024, "Nancy": 22.644024, "Cserna": 32.206232, "Cserna Pemberton Belief": 32.206232, "K-Best 3": 21.736408, "K-Best 10": 23.368764, "K-Best 30": 22.392943, "Lookahead": 100 }