{ "Minimin": 38.757002, "Bellman": 25.260625, "Nancy": 25.260625, "Cserna": 26.311238, "Cserna Pemberton Belief": 27.610754, "K-Best 3": 26.212528, "K-Best 10": 26.311238, "K-Best 30": 26.311238, "Lookahead": 10 }