{ "Minimin": 36.615311, "Bellman": 26.498567, "Nancy": 28.071548, "Cserna": 33.443025, "Cserna Pemberton Belief": 33.443025, "K-Best 3": 24.112697, "K-Best 10": 26.597902, "K-Best 30": 26.597902, "Lookahead": 10 }