{ "Minimin": 38.004008, "Bellman": 19.415503, "Nancy": 19.415503, "Cserna": 24.763061, "Cserna Pemberton Belief": 22.998455, "K-Best 3": 19.415503, "K-Best 10": 19.415503, "K-Best 30": 22.451257, "Lookahead": 1000 }