{ "Minimin": 32.014322, "Bellman": 24.060875, "Nancy": 24.060875, "Cserna": 25.340153, "Cserna Pemberton Belief": 27.890529, "K-Best 3": 25.841344, "K-Best 10": 25.340153, "K-Best 30": 25.340153, "Lookahead": 10 }