{ "Minimin": 32.024521, "Bellman": 21.786114, "Nancy": 21.786114, "Cserna": 25.669123, "Cserna Pemberton Belief": 23.387609, "K-Best 3": 20.737665, "K-Best 10": 20.923817, "K-Best 30": 22.490368, "Lookahead": 1000 }