{ "Minimin": 35.181510, "Bellman": 22.497686, "Nancy": 22.497686, "Cserna": 32.092491, "Cserna Pemberton Belief": 32.092491, "K-Best 3": 23.163811, "K-Best 10": 21.402112, "K-Best 30": 24.231237, "Lookahead": 1000 }