{ "Minimin": 31.871360, "Bellman": 23.494849, "Nancy": 23.494849, "Cserna": 25.460168, "Cserna Pemberton Belief": 25.030173, "K-Best 3": 22.406824, "K-Best 10": 22.406824, "K-Best 30": 23.741666, "Lookahead": 1000 }