{ "Minimin": 36.571454, "Bellman": 21.866720, "Nancy": 21.866720, "Cserna": 34.587675, "Cserna Pemberton Belief": 34.587675, "K-Best 3": 20.669324, "K-Best 10": 21.421571, "K-Best 30": 23.137956, "Lookahead": 1000 }