{ "Minimin": 39.367851, "Bellman": 26.689159, "Nancy": 26.353697, "Cserna": 26.727021, "Cserna Pemberton Belief": 30.299452, "K-Best 3": 25.303989, "K-Best 10": 26.727021, "K-Best 30": 26.727021, "Lookahead": 10 }