{ "Minimin": 28.919114, "Bellman": 22.262072, "Nancy": 22.262072, "Cserna": 26.790439, "Cserna Pemberton Belief": 25.337906, "K-Best 3": 21.482132, "K-Best 10": 21.102714, "K-Best 30": 22.974089, "K-Best 3 Pemberton Belief": 43.828941, "K-Best 10 Pemberton Belief": 47.216854, "K-Best 30 Pemberton Belief": 39.903006, "Lookahead": 1000 }