{ "Minimin": 36.517854, "Bellman": 21.226511, "Nancy": 21.226511, "Cserna": 33.446868, "Cserna Pemberton Belief": 33.446868, "K-Best 3": 21.226511, "K-Best 10": 21.885349, "K-Best 30": 20.369658, "Lookahead": 1000 }