{ "Minimin": 33.440432, "Bellman": 25.866416, "Nancy": 25.549935, "Cserna": 30.203986, "Cserna Pemberton Belief": 30.203986, "K-Best 3": 26.135329, "K-Best 10": 28.044652, "K-Best 30": 28.044652, "Lookahead": 10 }