{ "Minimin": 40.190297, "Bellman": 27.556556, "Nancy": 25.690275, "Cserna": 24.414358, "Cserna Pemberton Belief": 32.073355, "K-Best 3": 22.637795, "K-Best 10": 24.414358, "K-Best 30": 24.414358, "Lookahead": 10 }