{ "Minimin": 38.039579, "Bellman": 26.132725, "Nancy": 27.772444, "Cserna": 28.847869, "Cserna Pemberton Belief": 30.713628, "K-Best 3": 24.782318, "K-Best 10": 28.847869, "K-Best 30": 28.847869, "Lookahead": 10 }