{ "Minimin": 33.262592, "Bellman": 20.906444, "Nancy": 20.906444, "Cserna": 23.945312, "Cserna Pemberton Belief": 22.653333, "K-Best 3": 22.168237, "K-Best 10": 21.570601, "K-Best 30": 24.244423, "Lookahead": 1000 }