{ "Minimin": 34.046967, "Bellman": 21.733998, "Nancy": 21.733998, "Cserna": 29.003701, "Cserna Pemberton Belief": 29.003701, "K-Best 3": 21.733998, "K-Best 10": 21.478889, "K-Best 30": 22.061630, "Lookahead": 100 }