{ "Minimin": 39.788053, "Bellman": 23.125493, "Nancy": 23.125493, "Cserna": 34.372137, "Cserna Pemberton Belief": 34.372137, "K-Best 3": 21.630820, "K-Best 10": 23.887501, "K-Best 30": 23.713515, "Lookahead": 100 }