{ "Minimin": 38.193182, "Bellman": 23.201518, "Nancy": 23.201518, "Cserna": 32.355072, "Cserna Pemberton Belief": 32.355072, "K-Best 3": 22.962405, "K-Best 10": 22.755195, "K-Best 30": 25.307792, "Lookahead": 100 }