{ "Minimin": 37.207090, "Bellman": 26.246054, "Nancy": 27.200775, "Cserna": 31.095528, "Cserna Pemberton Belief": 31.095528, "K-Best 3": 25.321960, "K-Best 10": 26.232712, "K-Best 30": 26.232712, "Lookahead": 10 }