{ "Minimin": 36.060916, "Bellman": 24.264956, "Nancy": 24.264956, "Cserna": 34.119959, "Cserna Pemberton Belief": 34.119959, "K-Best 3": 24.991540, "K-Best 10": 26.919036, "K-Best 30": 26.919036, "Lookahead": 10 }