{ "Minimin": 36.759412, "Bellman": 21.801214, "Nancy": 21.801214, "Cserna": 25.992031, "Cserna Pemberton Belief": 23.936886, "K-Best 3": 21.179104, "K-Best 10": 22.391046, "K-Best 30": 23.603944, "Lookahead": 1000 }