{ "Minimin": 36.765785, "Bellman": 20.372862, "Nancy": 20.372862, "Cserna": 26.009020, "Cserna Pemberton Belief": 24.087617, "K-Best 3": 20.372862, "K-Best 10": 20.372862, "K-Best 30": 22.303732, "Lookahead": 1000 }