{ "Minimin": 33.938010, "Bellman": 21.566574, "Nancy": 21.566574, "Cserna": 33.238398, "Cserna Pemberton Belief": 33.238398, "K-Best 3": 20.644338, "K-Best 10": 21.433745, "K-Best 30": 21.133173, "Lookahead": 1000 }