{ "Minimin": 31.905476, "Bellman": 25.604131, "Nancy": 23.090698, "Cserna": 25.276550, "Cserna Pemberton Belief": 29.213823, "K-Best 3": 23.951400, "K-Best 10": 25.276550, "K-Best 30": 25.276550, "Lookahead": 10 }