{ "Minimin": 35.098414, "Bellman": 23.654451, "Nancy": 22.855871, "Cserna": 24.048294, "Cserna Pemberton Belief": 26.788431, "K-Best 3": 22.151735, "K-Best 10": 25.166556, "K-Best 30": 24.720618, "Lookahead": 100 }