{ "Minimin": 33.654985, "Bellman": 23.239903, "Nancy": 23.239903, "Cserna": 33.392542, "Cserna Pemberton Belief": 33.392542, "K-Best 3": 23.506950, "K-Best 10": 25.307321, "K-Best 30": 25.307321, "Lookahead": 10 }