{ "Minimin": 37.373035, "Bellman": 24.573792, "Nancy": 24.573792, "Cserna": 28.916687, "Cserna Pemberton Belief": 31.952653, "K-Best 3": 27.600488, "K-Best 10": 28.916687, "K-Best 30": 28.916687, "Lookahead": 10 }