{ "Minimin": 33.804458, "Bellman": 22.724984, "Nancy": 22.724984, "Cserna": 32.288702, "Cserna Pemberton Belief": 32.288702, "K-Best 3": 21.407670, "K-Best 10": 21.384532, "K-Best 30": 23.190002, "Lookahead": 1000 }