{ "Minimin": 36.800118, "Bellman": 26.202193, "Nancy": 26.202193, "Cserna": 29.391999, "Cserna Pemberton Belief": 30.703012, "K-Best 3": 28.508591, "K-Best 10": 29.391999, "K-Best 30": 29.391999, "Lookahead": 10 }