{ "Minimin": 34.404006, "Bellman": 21.063682, "Nancy": 21.063682, "Cserna": 26.397018, "Cserna Pemberton Belief": 27.043964, "K-Best 3": 22.188986, "K-Best 10": 20.786708, "K-Best 30": 22.350315, "Lookahead": 1000 }