{ "Minimin": 38.640183, "Bellman": 25.440453, "Nancy": 25.440453, "Cserna": 28.464744, "Cserna Pemberton Belief": 32.272787, "K-Best 3": 28.924298, "K-Best 10": 28.464744, "K-Best 30": 28.464744, "Lookahead": 10 }