{ "Minimin": 36.519230, "Bellman": 22.346653, "Nancy": 22.346653, "Cserna": 34.551849, "Cserna Pemberton Belief": 34.551849, "K-Best 3": 21.020186, "K-Best 10": 21.239918, "K-Best 30": 21.989025, "Lookahead": 100 }