{ "Minimin": 38.447425, "Bellman": 22.612560, "Nancy": 22.612560, "Cserna": 33.442757, "Cserna Pemberton Belief": 33.442757, "K-Best 3": 22.612560, "K-Best 10": 19.688487, "K-Best 30": 22.047101, "Lookahead": 100 }