{ "Minimin": 34.397164, "Bellman": 28.727942, "Nancy": 28.727942, "Cserna": 28.179786, "Cserna Pemberton Belief": 32.074612, "K-Best 3": 25.139114, "K-Best 10": 28.179786, "K-Best 30": 28.179786, "Lookahead": 10 }