{ "Minimin": 37.297338, "Bellman": 22.490522, "Nancy": 22.490522, "Cserna": 36.560096, "Cserna Pemberton Belief": 36.560096, "K-Best 3": 22.282792, "K-Best 10": 22.282792, "K-Best 30": 22.282792, "Lookahead": 10 }