{ "Minimin": 36.792196, "Bellman": 21.326068, "Nancy": 21.326068, "Cserna": 29.000907, "Cserna Pemberton Belief": 29.000907, "K-Best 3": 21.326068, "K-Best 10": 24.094877, "K-Best 30": 21.203063, "Lookahead": 100 }