{ "Minimin": 35.555923, "Bellman": 22.962123, "Nancy": 22.962123, "Cserna": 26.591439, "Cserna Pemberton Belief": 27.308687, "K-Best 3": 22.302610, "K-Best 10": 19.641676, "K-Best 30": 19.989755, "Lookahead": 1000 }