{ "Minimin": 34.534535, "Bellman": 28.105359, "Nancy": 28.105359, "Cserna": 27.678322, "Cserna Pemberton Belief": 28.647666, "K-Best 3": 24.560668, "K-Best 10": 27.678322, "K-Best 30": 27.678322, "K-Best 3 Pemberton Belief": 37.346041, "K-Best 10 Pemberton Belief": 28.647666, "K-Best 30 Pemberton Belief": 28.647666, "Lookahead": 10 }