{ "Minimin": 31.851959, "Bellman": 24.298434, "Nancy": 24.298434, "Cserna": 30.758633, "Cserna Pemberton Belief": 30.758633, "K-Best 3": 21.269451, "K-Best 10": 23.305574, "K-Best 30": 24.245558, "Lookahead": 100 }