{ "Minimin": 33.739397, "Bellman": 22.696195, "Nancy": 22.696195, "Cserna": 22.748671, "Cserna Pemberton Belief": 21.749652, "K-Best 3": 21.600637, "K-Best 10": 22.387274, "K-Best 30": 23.901371, "Lookahead": 1000 }