{ "Minimin": 29.998743, "Bellman": 19.174658, "Nancy": 19.174658, "Cserna": 26.953938, "Cserna Pemberton Belief": 22.316179, "K-Best 3": 18.724732, "K-Best 10": 19.254124, "K-Best 30": 22.068882, "Lookahead": 1000 }