{ "Minimin": 41.263186, "Bellman": 26.332852, "Nancy": 26.332852, "Cserna": 23.102158, "Cserna Pemberton Belief": 26.695361, "K-Best 3": 25.999548, "K-Best 10": 23.102158, "K-Best 30": 23.102158, "K-Best 3 Pemberton Belief": 33.179367, "K-Best 10 Pemberton Belief": 26.695361, "K-Best 30 Pemberton Belief": 26.695361, "Lookahead": 10 }