{ "Minimin": 34.535950, "Bellman": 25.932836, "Nancy": 25.932836, "Cserna": 27.146342, "Cserna Pemberton Belief": 31.091268, "K-Best 3": 25.241725, "K-Best 10": 27.146342, "K-Best 30": 27.146342, "Lookahead": 10 }