{ "Minimin": 34.062789, "Bellman": 21.527097, "Nancy": 21.527097, "Cserna": 27.429932, "Cserna Pemberton Belief": 24.544270, "K-Best 3": 21.527097, "K-Best 10": 23.218318, "K-Best 30": 22.558510, "Lookahead": 1000 }