{ "Minimin": 33.904104, "Bellman": 21.732819, "Nancy": 21.732819, "Cserna": 26.207524, "Cserna Pemberton Belief": 22.454644, "K-Best 3": 21.548196, "K-Best 10": 20.810292, "K-Best 30": 23.092942, "Lookahead": 1000 }