{ "Minimin": 33.100738, "Bellman": 21.394286, "Nancy": 21.394286, "Cserna": 33.267837, "Cserna Pemberton Belief": 33.267837, "K-Best 3": 21.426487, "K-Best 10": 19.885141, "K-Best 30": 22.250029, "Lookahead": 100 }