{ "Minimin": 35.371594, "Bellman": 21.250566, "Nancy": 21.250566, "Cserna": 24.113980, "Cserna Pemberton Belief": 24.740297, "K-Best 3": 21.275086, "K-Best 10": 22.942386, "K-Best 30": 23.575029, "K-Best 3 Pemberton Belief": 45.237584, "K-Best 10 Pemberton Belief": 35.179521, "K-Best 30 Pemberton Belief": 30.016595, "Lookahead": 100 }