{ "Minimin": 32.864036, "Bellman": 26.278821, "Nancy": 26.278821, "Cserna": 27.185152, "Cserna Pemberton Belief": 27.870644, "K-Best 3": 25.695489, "K-Best 10": 27.185152, "K-Best 30": 27.185152, "Lookahead": 10 }