{ "Minimin": 36.319041, "Bellman": 20.994320, "Nancy": 20.994320, "Cserna": 24.884780, "Cserna Pemberton Belief": 22.887693, "K-Best 3": 21.206776, "K-Best 10": 20.889523, "K-Best 30": 20.889523, "Lookahead": 1000 }