{ "Minimin": 35.271023, "Bellman": 21.814956, "Nancy": 21.814956, "Cserna": 25.509708, "Cserna Pemberton Belief": 24.811787, "K-Best 3": 21.936604, "K-Best 10": 21.596563, "K-Best 30": 23.326446, "K-Best 3 Pemberton Belief": 44.458946, "K-Best 10 Pemberton Belief": 44.496088, "K-Best 30 Pemberton Belief": 40.632297, "Lookahead": 1000 }