{ "Minimin": 34.652394, "Bellman": 20.360125, "Nancy": 20.360125, "Cserna": 24.902679, "Cserna Pemberton Belief": 23.023984, "K-Best 3": 20.360125, "K-Best 10": 20.999179, "K-Best 30": 20.999179, "Lookahead": 1000 }