{ "Minimin": 39.520884, "Bellman": 27.720401, "Nancy": 27.720401, "Cserna": 28.090874, "Cserna Pemberton Belief": 27.907900, "K-Best 3": 25.967514, "K-Best 10": 28.090874, "K-Best 30": 28.090874, "Lookahead": 10 }