{ "Minimin": 30.163991, "Bellman": 21.922746, "Nancy": 21.922746, "Cserna": 20.686979, "Cserna Pemberton Belief": 26.809957, "K-Best 3": 21.922746, "K-Best 10": 23.004532, "K-Best 30": 23.607793, "K-Best 3 Pemberton Belief": 41.111583, "K-Best 10 Pemberton Belief": 38.364197, "K-Best 30 Pemberton Belief": 27.967189, "Lookahead": 100 }