{ "Minimin": 36.189164, "Bellman": 23.913189, "Nancy": 23.913189, "Cserna": 24.352060, "Cserna Pemberton Belief": 27.476692, "K-Best 3": 21.802773, "K-Best 10": 23.414150, "K-Best 30": 24.576512, "Lookahead": 100 }