{ "Minimin": 31.628674, "Bellman": 22.054985, "Nancy": 22.054985, "Cserna": 34.987350, "Cserna Pemberton Belief": 34.987350, "K-Best 3": 20.828318, "K-Best 10": 22.615824, "K-Best 30": 21.718096, "Lookahead": 1000 }