{ "Minimin": 30.812124, "Bellman": 21.303404, "Nancy": 21.303404, "Cserna": 24.916756, "Cserna Pemberton Belief": 23.576599, "K-Best 3": 20.933375, "K-Best 10": 21.689735, "K-Best 30": 21.185116, "Lookahead": 1000 }