{ "Minimin": 28.828186, "Bellman": 21.989231, "Nancy": 21.989231, "Cserna": 30.938196, "Cserna Pemberton Belief": 30.938196, "K-Best 3": 21.457628, "K-Best 10": 20.644664, "K-Best 30": 21.739415, "Lookahead": 1000 }