{ "Minimin": 35.430885, "Bellman": 27.592017, "Nancy": 27.828905, "Cserna": 30.272140, "Cserna Pemberton Belief": 27.877414, "K-Best 3": 24.922542, "K-Best 10": 30.272140, "K-Best 30": 30.272140, "Lookahead": 10 }