{ "Minimin": 35.731535, "Bellman": 22.724558, "Nancy": 22.724558, "Cserna": 24.357238, "Cserna Pemberton Belief": 25.694047, "K-Best 3": 23.300652, "K-Best 10": 24.526161, "K-Best 30": 24.787225, "Lookahead": 100 }