{ "Minimin": 38.088750, "Bellman": 21.901384, "Nancy": 21.901384, "Cserna": 23.204540, "Cserna Pemberton Belief": 26.719487, "K-Best 3": 23.569876, "K-Best 10": 23.847948, "K-Best 30": 26.955579, "Lookahead": 100 }