{ "Minimin": 35.006445, "Bellman": 22.360073, "Nancy": 22.360073, "Cserna": 23.399401, "Cserna Pemberton Belief": 23.386659, "K-Best 3": 21.072255, "K-Best 10": 22.406845, "K-Best 30": 22.600732, "Lookahead": 1000 }