{ "Minimin": 32.558490, "Bellman": 25.459748, "Nancy": 25.459748, "Cserna": 25.852593, "Cserna Pemberton Belief": 27.532448, "K-Best 3": 22.529955, "K-Best 10": 25.852593, "K-Best 30": 25.852593, "Lookahead": 10 }