{ "Minimin": 35.938211, "Bellman": 23.637613, "Nancy": 23.637613, "Cserna": 24.637715, "Cserna Pemberton Belief": 27.163128, "K-Best 3": 22.810538, "K-Best 10": 22.741883, "K-Best 30": 25.286001, "K-Best 3 Pemberton Belief": 48.659463, "K-Best 10 Pemberton Belief": 43.478088, "K-Best 30 Pemberton Belief": 32.629590, "Lookahead": 100 }