{ "Minimin": 38.520887, "Bellman": 24.515807, "Nancy": 24.515807, "Cserna": 27.611506, "Cserna Pemberton Belief": 34.603818, "K-Best 3": 22.755300, "K-Best 10": 27.611506, "K-Best 30": 27.611506, "Lookahead": 10 }