{ "Minimin": 36.310398, "Bellman": 22.738486, "Nancy": 22.738486, "Cserna": 32.864319, "Cserna Pemberton Belief": 32.864319, "K-Best 3": 21.018584, "K-Best 10": 22.154821, "K-Best 30": 21.988174, "Lookahead": 100 }