{ "Minimin": 32.633578, "Bellman": 23.980002, "Nancy": 23.980002, "Cserna": 34.383495, "Cserna Pemberton Belief": 34.383495, "K-Best 3": 24.747976, "K-Best 10": 24.247423, "K-Best 30": 26.006071, "Lookahead": 100 }