{ "Minimin": 34.114599, "Bellman": 19.905237, "Nancy": 19.905237, "Cserna": 19.708908, "Cserna Pemberton Belief": 28.579675, "K-Best 3": 22.348999, "K-Best 10": 20.469141, "K-Best 30": 21.001032, "K-Best 3 Pemberton Belief": 43.982593, "K-Best 10 Pemberton Belief": 43.271554, "K-Best 30 Pemberton Belief": 30.909111, "Lookahead": 100 }