{ "Minimin": 33.741331, "Bellman": 18.541845, "Nancy": 18.541845, "Cserna": 26.759785, "Cserna Pemberton Belief": 21.859902, "K-Best 3": 18.541845, "K-Best 10": 20.404449, "K-Best 30": 22.004728, "K-Best 3 Pemberton Belief": 42.135913, "K-Best 10 Pemberton Belief": 42.311574, "K-Best 30 Pemberton Belief": 40.324712, "Lookahead": 1000 }