{ "Minimin": 39.997397, "Bellman": 19.834943, "Nancy": 19.834943, "Cserna": 24.956838, "Cserna Pemberton Belief": 23.016560, "K-Best 3": 19.257899, "K-Best 10": 21.975484, "K-Best 30": 23.222210, "K-Best 3 Pemberton Belief": 48.923886, "K-Best 10 Pemberton Belief": 42.315147, "K-Best 30 Pemberton Belief": 40.252828, "Lookahead": 1000 }