{ "Minimin": 36.331908, "Bellman": 21.349398, "Nancy": 21.349398, "Cserna": 25.003195, "Cserna Pemberton Belief": 23.273513, "K-Best 3": 21.349398, "K-Best 10": 22.013088, "K-Best 30": 23.700637, "K-Best 3 Pemberton Belief": 40.641797, "K-Best 10 Pemberton Belief": 44.053994, "K-Best 30 Pemberton Belief": 37.874465, "Lookahead": 1000 }