{ "Minimin": 38.916443, "Bellman": 20.992518, "Nancy": 20.992518, "Cserna": 25.955645, "Cserna Pemberton Belief": 24.656350, "K-Best 3": 20.992518, "K-Best 10": 20.740016, "K-Best 30": 24.818575, "Lookahead": 1000 }