{ "Minimin": 34.930247, "Bellman": 20.721422, "Nancy": 20.721422, "Cserna": 24.752689, "Cserna Pemberton Belief": 24.613958, "K-Best 3": 20.721422, "K-Best 10": 20.290524, "K-Best 30": 23.331199, "K-Best 3 Pemberton Belief": 44.825670, "K-Best 10 Pemberton Belief": 40.298731, "K-Best 30 Pemberton Belief": 39.139852, "Lookahead": 1000 }