{ "Minimin": 34.755984, "Bellman": 21.648736, "Nancy": 21.648736, "Cserna": 33.201006, "Cserna Pemberton Belief": 33.201006, "K-Best 3": 21.648736, "K-Best 10": 21.697650, "K-Best 30": 22.011071, "Lookahead": 1000 }