{ "Minimin": 37.985289, "Bellman": 22.235315, "Nancy": 21.986096, "Cserna": 37.739485, "Cserna Pemberton Belief": 37.739485, "K-Best 3": 22.345251, "K-Best 10": 21.787071, "K-Best 30": 23.158683, "Lookahead": 1000 }