{ "Minimin": 31.305708, "Bellman": 21.997851, "Nancy": 21.997851, "Cserna": 25.137884, "Cserna Pemberton Belief": 23.527190, "K-Best 3": 21.997851, "K-Best 10": 20.414430, "K-Best 30": 21.791031, "Lookahead": 1000 }