{ "Minimin": 36.615089, "Bellman": 20.533834, "Nancy": 20.533834, "Cserna": 22.215415, "Cserna Pemberton Belief": 26.685917, "K-Best 3": 23.332769, "K-Best 10": 21.711896, "K-Best 30": 22.893645, "K-Best 3 Pemberton Belief": 43.715606, "K-Best 10 Pemberton Belief": 40.502367, "K-Best 30 Pemberton Belief": 29.946032, "Lookahead": 100 }