{ "Minimin": 33.063076, "Bellman": 21.847090, "Nancy": 21.847090, "Cserna": 28.918647, "Cserna Pemberton Belief": 28.918647, "K-Best 3": 21.688471, "K-Best 10": 22.035074, "K-Best 30": 22.644972, "Lookahead": 1000 }