{ "Minimin": 31.371891, "Bellman": 22.603835, "Nancy": 22.603835, "Cserna": 26.629198, "Cserna Pemberton Belief": 24.859098, "K-Best 3": 22.236948, "K-Best 10": 22.126784, "K-Best 30": 23.391931, "Lookahead": 1000 }