{ "Minimin": 35.048466, "Bellman": 21.534498, "Nancy": 21.534498, "Cserna": 25.331558, "Cserna Pemberton Belief": 28.846697, "K-Best 3": 22.235482, "K-Best 10": 22.198406, "K-Best 30": 24.697554, "K-Best 3 Pemberton Belief": 48.567247, "K-Best 10 Pemberton Belief": 37.295110, "K-Best 30 Pemberton Belief": 29.092618, "Lookahead": 100 }