{ "Minimin": 32.716936, "Bellman": 22.022596, "Nancy": 22.022596, "Cserna": 26.580103, "Cserna Pemberton Belief": 24.158638, "K-Best 3": 22.737259, "K-Best 10": 21.448142, "K-Best 30": 24.186443, "Lookahead": 1000 }