{ "Minimin": 32.354489, "Bellman": 25.511470, "Nancy": 25.511470, "Cserna": 32.166922, "Cserna Pemberton Belief": 32.166922, "K-Best 3": 26.673198, "K-Best 10": 26.068860, "K-Best 30": 26.068860, "Lookahead": 10 }