{ "Minimin": 29.516097, "Bellman": 22.645879, "Nancy": 22.645879, "Cserna": 25.936830, "Cserna Pemberton Belief": 23.907438, "K-Best 3": 22.281648, "K-Best 10": 23.288681, "K-Best 30": 23.147262, "K-Best 3 Pemberton Belief": 46.336323, "K-Best 10 Pemberton Belief": 36.878958, "K-Best 30 Pemberton Belief": 38.303872, "Lookahead": 1000 }