{ "Minimin": 36.419585, "Bellman": 24.203419, "Nancy": 24.203419, "Cserna": 23.402902, "Cserna Pemberton Belief": 25.821101, "K-Best 3": 23.739758, "K-Best 10": 25.401447, "K-Best 30": 27.988740, "Lookahead": 100 }