{ "Minimin": 33.672445, "Bellman": 22.395496, "Nancy": 22.395496, "Cserna": 22.793352, "Cserna Pemberton Belief": 26.516898, "K-Best 3": 21.976700, "K-Best 10": 22.576821, "K-Best 30": 24.892537, "Lookahead": 1000 }