{ "Minimin": 33.342799, "Bellman": 22.211623, "Nancy": 21.983181, "Cserna": 29.832166, "Cserna Pemberton Belief": 29.832166, "K-Best 3": 23.980502, "K-Best 10": 23.422002, "K-Best 30": 24.312622, "Lookahead": 100 }