{ "Minimin": 36.927707, "Bellman": 21.449341, "Nancy": 21.449341, "Cserna": 28.080648, "Cserna Pemberton Belief": 24.425828, "K-Best 3": 19.450340, "K-Best 10": 20.499795, "K-Best 30": 22.082480, "K-Best 3 Pemberton Belief": 41.628374, "K-Best 10 Pemberton Belief": 38.785747, "K-Best 30 Pemberton Belief": 40.766295, "Lookahead": 1000 }