{ "Minimin": 34.835185, "Bellman": 23.097187, "Nancy": 23.097187, "Cserna": 33.263134, "Cserna Pemberton Belief": 33.263134, "K-Best 3": 22.976108, "K-Best 10": 22.879432, "K-Best 30": 23.464781, "Lookahead": 100 }