{ "Minimin": 34.370281, "Bellman": 22.995696, "Nancy": 22.995696, "Cserna": 26.976942, "Cserna Pemberton Belief": 25.991370, "K-Best 3": 23.391086, "K-Best 10": 23.141510, "K-Best 30": 22.606678, "Lookahead": 100 }