{ "Minimin": 34.449175, "Bellman": 21.317879, "Nancy": 21.317879, "Cserna": 30.281107, "Cserna Pemberton Belief": 30.281107, "K-Best 3": 21.679482, "K-Best 10": 21.521158, "K-Best 30": 24.538245, "Lookahead": 1000 }