{ "Minimin": 37.321445, "Bellman": 20.201601, "Nancy": 21.334138, "Cserna": 24.607816, "Cserna Pemberton Belief": 22.533922, "K-Best 3": 20.273602, "K-Best 10": 21.978019, "K-Best 30": 20.446357, "K-Best 3 Pemberton Belief": 45.685790, "K-Best 10 Pemberton Belief": 41.451287, "K-Best 30 Pemberton Belief": 39.465424, "Lookahead": 1000 }