{ "Minimin": 37.922223, "Bellman": 22.056793, "Nancy": 22.056793, "Cserna": 36.164037, "Cserna Pemberton Belief": 36.164037, "K-Best 3": 23.038173, "K-Best 10": 22.511751, "K-Best 30": 22.673440, "Lookahead": 100 }