{ "Minimin": 37.599820, "Bellman": 23.663857, "Nancy": 23.663857, "Cserna": 30.867888, "Cserna Pemberton Belief": 30.867888, "K-Best 3": 23.360911, "K-Best 10": 22.826643, "K-Best 30": 25.301794, "Lookahead": 100 }