{ "Minimin": 35.286419, "Bellman": 23.069842, "Nancy": 23.069842, "Cserna": 21.824299, "Cserna Pemberton Belief": 24.349219, "K-Best 3": 22.411103, "K-Best 10": 22.117106, "K-Best 30": 22.389280, "Lookahead": 100 }