{ "Minimin": 38.197004, "Bellman": 23.185010, "Nancy": 23.185010, "Cserna": 25.760003, "Cserna Pemberton Belief": 24.945975, "K-Best 3": 22.113872, "K-Best 10": 23.366365, "K-Best 30": 24.614861, "K-Best 3 Pemberton Belief": 42.111642, "K-Best 10 Pemberton Belief": 36.189498, "K-Best 30 Pemberton Belief": 30.204830, "Lookahead": 100 }