{ "Minimin": 32.170787, "Bellman": 21.205769, "Nancy": 21.205769, "Cserna": 28.145518, "Cserna Pemberton Belief": 25.275165, "K-Best 3": 21.024719, "K-Best 10": 21.024719, "K-Best 30": 25.282141, "Lookahead": 1000 }