{ "Minimin": 40.655232, "Bellman": 27.429770, "Nancy": 27.429770, "Cserna": 33.674351, "Cserna Pemberton Belief": 33.674351, "K-Best 3": 24.886681, "K-Best 10": 22.926261, "K-Best 30": 22.926261, "Lookahead": 10 }