{ "Minimin": 34.415869, "Bellman": 23.720463, "Nancy": 23.720463, "Cserna": 22.291042, "Cserna Pemberton Belief": 28.159636, "K-Best 3": 23.743048, "K-Best 10": 21.591051, "K-Best 30": 24.412105, "Lookahead": 100 }