{ "Minimin": 35.622688, "Bellman": 20.904222, "Nancy": 20.904222, "Cserna": 24.403541, "Cserna Pemberton Belief": 20.099602, "K-Best 3": 21.859025, "K-Best 10": 23.324262, "K-Best 30": 22.944369, "Lookahead": 1000 }