{ "Minimin": 36.461810, "Bellman": 25.667650, "Nancy": 25.397099, "Cserna": 28.354287, "Cserna Pemberton Belief": 30.252505, "K-Best 3": 26.044538, "K-Best 10": 28.354287, "K-Best 30": 28.354287, "K-Best 3 Pemberton Belief": 36.371636, "K-Best 10 Pemberton Belief": 30.252505, "K-Best 30 Pemberton Belief": 30.252505, "Lookahead": 10 }