{ "Minimin": 39.661242, "Bellman": 24.777493, "Nancy": 24.777493, "Cserna": 27.191035, "Cserna Pemberton Belief": 25.462075, "K-Best 3": 26.089868, "K-Best 10": 24.003088, "K-Best 30": 24.981030, "Lookahead": 100 }