{ "Minimin": 34.870886, "Bellman": 21.919524, "Nancy": 21.919524, "Cserna": 33.772131, "Cserna Pemberton Belief": 33.772131, "K-Best 3": 22.761500, "K-Best 10": 23.288752, "K-Best 30": 24.756976, "Lookahead": 100 }