{ "Minimin": 35.332445, "Bellman": 21.135218, "Nancy": 20.999171, "Cserna": 30.945146, "Cserna Pemberton Belief": 30.945146, "K-Best 3": 21.135218, "K-Best 10": 22.433321, "K-Best 30": 23.199649, "Lookahead": 1000 }