{ "Minimin": 37.958640, "Bellman": 23.460293, "Nancy": 23.460293, "Cserna": 26.064008, "Cserna Pemberton Belief": 25.288208, "K-Best 3": 22.787749, "K-Best 10": 23.429612, "K-Best 30": 24.911012, "K-Best 3 Pemberton Belief": 42.939606, "K-Best 10 Pemberton Belief": 43.369339, "K-Best 30 Pemberton Belief": 32.081898, "Lookahead": 100 }