{ "Minimin": 38.324883, "Bellman": 25.210715, "Nancy": 25.210715, "Cserna": 27.042187, "Cserna Pemberton Belief": 26.777348, "K-Best 3": 26.439286, "K-Best 10": 27.042187, "K-Best 30": 27.042187, "K-Best 3 Pemberton Belief": 36.406481, "K-Best 10 Pemberton Belief": 26.777348, "K-Best 30 Pemberton Belief": 26.777348, "Lookahead": 10 }