{ "Minimin": 34.788319, "Bellman": 22.906858, "Nancy": 22.906858, "Cserna": 26.524219, "Cserna Pemberton Belief": 24.988472, "K-Best 3": 22.852623, "K-Best 10": 22.527849, "K-Best 30": 23.067632, "K-Best 3 Pemberton Belief": 46.941270, "K-Best 10 Pemberton Belief": 44.066777, "K-Best 30 Pemberton Belief": 39.218852, "Lookahead": 1000 }