{ "Minimin": 35.011787, "Bellman": 22.504111, "Nancy": 22.504111, "Cserna": 31.747419, "Cserna Pemberton Belief": 31.747419, "K-Best 3": 22.653298, "K-Best 10": 22.401295, "K-Best 30": 24.875826, "Lookahead": 100 }