{ "Minimin": 32.292839, "Bellman": 22.831491, "Nancy": 22.831491, "Cserna": 27.125386, "Cserna Pemberton Belief": 22.023940, "K-Best 3": 21.316672, "K-Best 10": 21.270500, "K-Best 30": 21.567376, "Lookahead": 1000 }