{ "Minimin": 42.467036, "Bellman": 26.715541, "Nancy": 26.715541, "Cserna": 24.087200, "Cserna Pemberton Belief": 32.023120, "K-Best 3": 24.630357, "K-Best 10": 24.087200, "K-Best 30": 24.087200, "Lookahead": 10 }