{ "Minimin": 37.390550, "Bellman": 21.034984, "Nancy": 21.034984, "Cserna": 31.158370, "Cserna Pemberton Belief": 31.158370, "K-Best 3": 21.053693, "K-Best 10": 21.209153, "K-Best 30": 22.581853, "Lookahead": 100 }