{ "Minimin": 34.897642, "Bellman": 23.481983, "Nancy": 23.481983, "Cserna": 31.785527, "Cserna Pemberton Belief": 31.785527, "K-Best 3": 24.196560, "K-Best 10": 23.883774, "K-Best 30": 23.440916, "Lookahead": 100 }