{ "Minimin": 37.873740, "Bellman": 25.632228, "Nancy": 25.632228, "Cserna": 37.435726, "Cserna Pemberton Belief": 37.435726, "K-Best 3": 24.980192, "K-Best 10": 29.668569, "K-Best 30": 29.668569, "Lookahead": 10 }