{ "Minimin": 35.718975, "Bellman": 22.493100, "Nancy": 22.493100, "Cserna": 30.887021, "Cserna Pemberton Belief": 30.887021, "K-Best 3": 23.775949, "K-Best 10": 23.581124, "K-Best 30": 22.667342, "Lookahead": 100 }