{ "Minimin": 32.943140, "Bellman": 22.446174, "Nancy": 22.446174, "Cserna": 31.860489, "Cserna Pemberton Belief": 31.860489, "K-Best 3": 24.165869, "K-Best 10": 25.314385, "K-Best 30": 23.129161, "Lookahead": 100 }