{ "Minimin": 35.340365, "Bellman": 21.490275, "Nancy": 21.490275, "Cserna": 28.877361, "Cserna Pemberton Belief": 24.365485, "K-Best 3": 22.152930, "K-Best 10": 22.037786, "K-Best 30": 23.569213, "Lookahead": 1000 }