{ "Minimin": 40.745678, "Bellman": 24.715563, "Nancy": 24.715563, "Cserna": 34.148580, "Cserna Pemberton Belief": 34.148580, "K-Best 3": 27.453739, "K-Best 10": 27.058272, "K-Best 30": 27.058272, "Lookahead": 10 }