{ "Minimin": 34.975876, "Bellman": 22.401529, "Nancy": 22.401529, "Cserna": 35.702031, "Cserna Pemberton Belief": 35.702031, "K-Best 3": 22.045090, "K-Best 10": 20.630300, "K-Best 30": 23.997068, "Lookahead": 1000 }