{ "Minimin": 35.082836, "Bellman": 24.443285, "Nancy": 25.711366, "Cserna": 24.409352, "Cserna Pemberton Belief": 28.560435, "K-Best 3": 24.201912, "K-Best 10": 24.409352, "K-Best 30": 24.409352, "K-Best 3 Pemberton Belief": 33.379790, "K-Best 10 Pemberton Belief": 28.560435, "K-Best 30 Pemberton Belief": 28.560435, "Lookahead": 10 }