{ "Minimin": 38.796540, "Bellman": 27.053212, "Nancy": 27.053212, "Cserna": 35.291715, "Cserna Pemberton Belief": 35.291715, "K-Best 3": 25.279955, "K-Best 10": 26.642216, "K-Best 30": 26.642216, "Lookahead": 10 }