{ "Minimin": 36.903841, "Bellman": 24.514074, "Nancy": 24.708941, "Cserna": 35.255479, "Cserna Pemberton Belief": 35.255479, "K-Best 3": 27.234828, "K-Best 10": 28.104010, "K-Best 30": 28.104010, "Lookahead": 10 }