{ "Minimin": 35.035681, "Bellman": 22.885108, "Nancy": 22.885108, "Cserna": 39.002476, "Cserna Pemberton Belief": 39.002476, "K-Best 3": 25.559327, "K-Best 10": 25.408454, "K-Best 30": 27.814536, "Lookahead": 100 }