{ "Minimin": 35.244814, "Bellman": 22.483925, "Nancy": 22.483925, "Cserna": 29.844155, "Cserna Pemberton Belief": 29.844155, "K-Best 3": 21.777960, "K-Best 10": 21.777960, "K-Best 30": 23.675105, "Lookahead": 1000 }