{ "Minimin": 35.570303, "Bellman": 23.169051, "Nancy": 23.169051, "Cserna": 24.241252, "Cserna Pemberton Belief": 24.647496, "K-Best 3": 23.616531, "K-Best 10": 22.798030, "K-Best 30": 23.147937, "K-Best 3 Pemberton Belief": 48.680707, "K-Best 10 Pemberton Belief": 38.712292, "K-Best 30 Pemberton Belief": 26.145094, "Lookahead": 100 }