{ "Minimin": 41.883817, "Bellman": 27.038015, "Nancy": 27.038015, "Cserna": 26.456111, "Cserna Pemberton Belief": 28.567986, "K-Best 3": 26.406087, "K-Best 10": 26.456111, "K-Best 30": 26.456111, "Lookahead": 10 }