{ "Minimin": 34.993448, "Bellman": 21.176590, "Nancy": 21.176590, "Cserna": 36.266983, "Cserna Pemberton Belief": 36.266983, "K-Best 3": 22.421509, "K-Best 10": 22.810765, "K-Best 30": 22.787702, "Lookahead": 1000 }