{ "Minimin": 32.823502, "Bellman": 20.320912, "Nancy": 20.320912, "Cserna": 21.578963, "Cserna Pemberton Belief": 23.804863, "K-Best 3": 20.741632, "K-Best 10": 19.871770, "K-Best 30": 21.630426, "Lookahead": 1000 }