{ "Minimin": 32.011986, "Bellman": 20.670636, "Nancy": 20.670636, "Cserna": 27.684794, "Cserna Pemberton Belief": 25.968099, "K-Best 3": 18.285808, "K-Best 10": 18.285808, "K-Best 30": 23.480815, "Lookahead": 1000 }