{ "Minimin": 36.027823, "Bellman": 24.247302, "Nancy": 24.247302, "Cserna": 24.449757, "Cserna Pemberton Belief": 26.897161, "K-Best 3": 23.785315, "K-Best 10": 24.882914, "K-Best 30": 25.074505, "Lookahead": 100 }