{ "Minimin": 34.872716, "Bellman": 22.159413, "Nancy": 22.159413, "Cserna": 27.188282, "Cserna Pemberton Belief": 24.080023, "K-Best 3": 22.244375, "K-Best 10": 22.045246, "K-Best 30": 23.065463, "Lookahead": 1000 }