{ "Minimin": 36.539637, "Bellman": 22.516782, "Nancy": 22.516782, "Cserna": 31.303729, "Cserna Pemberton Belief": 31.303729, "K-Best 3": 23.419419, "K-Best 10": 24.339586, "K-Best 30": 24.339586, "Lookahead": 10 }