{ "Minimin": 31.210988, "Bellman": 23.286816, "Nancy": 23.195122, "Cserna": 26.575020, "Cserna Pemberton Belief": 25.194892, "K-Best 3": 23.290091, "K-Best 10": 21.937062, "K-Best 30": 24.343620, "Lookahead": 1000 }