{ "Minimin": 37.867106, "Bellman": 25.320551, "Nancy": 25.320551, "Cserna": 27.070198, "Cserna Pemberton Belief": 27.624877, "K-Best 3": 25.741622, "K-Best 10": 27.070198, "K-Best 30": 27.070198, "K-Best 3 Pemberton Belief": 37.008705, "K-Best 10 Pemberton Belief": 27.624877, "K-Best 30 Pemberton Belief": 27.624877, "Lookahead": 10 }