{ "Minimin": 41.957397, "Bellman": 26.712521, "Nancy": 26.712521, "Cserna": 26.746841, "Cserna Pemberton Belief": 28.961556, "K-Best 3": 29.024791, "K-Best 10": 26.746841, "K-Best 30": 26.746841, "K-Best 3 Pemberton Belief": 38.268537, "K-Best 10 Pemberton Belief": 28.961556, "K-Best 30 Pemberton Belief": 28.961556, "Lookahead": 10 }