{ "Minimin": 37.903501, "Bellman": 20.909910, "Nancy": 20.909910, "Cserna": 24.862717, "Cserna Pemberton Belief": 24.830782, "K-Best 3": 20.909910, "K-Best 10": 24.862717, "K-Best 30": 24.862717, "K-Best 3 Pemberton Belief": 33.689110, "K-Best 10 Pemberton Belief": 24.830782, "K-Best 30 Pemberton Belief": 24.830782, "Lookahead": 10 }