{ "Minimin": 35.952414, "Bellman": 21.784272, "Nancy": 21.784272, "Cserna": 28.159013, "Cserna Pemberton Belief": 23.229042, "K-Best 3": 21.914393, "K-Best 10": 21.719027, "K-Best 30": 23.306358, "Lookahead": 1000 }