{ "Minimin": 31.998811, "Bellman": 20.749247, "Nancy": 20.749247, "Cserna": 29.160837, "Cserna Pemberton Belief": 29.160837, "K-Best 3": 20.749247, "K-Best 10": 21.031809, "K-Best 30": 22.212073, "Lookahead": 1000 }