{ "Minimin": 32.135379, "Bellman": 21.524460, "Nancy": 21.524460, "Cserna": 33.630013, "Cserna Pemberton Belief": 33.630013, "K-Best 3": 21.818027, "K-Best 10": 21.818027, "K-Best 30": 22.699294, "Lookahead": 1000 }