{ "Minimin": 37.593463, "Bellman": 24.073978, "Nancy": 24.073978, "Cserna": 36.469846, "Cserna Pemberton Belief": 36.469846, "K-Best 3": 21.730682, "K-Best 10": 22.162189, "K-Best 30": 23.543194, "Lookahead": 100 }