{ "Minimin": 34.076583, "Bellman": 24.187438, "Nancy": 24.187438, "Cserna": 32.988326, "Cserna Pemberton Belief": 32.988326, "K-Best 3": 26.436338, "K-Best 10": 25.229603, "K-Best 30": 25.229603, "Lookahead": 10 }