{ "Minimin": 33.232737, "Bellman": 21.937975, "Nancy": 21.937975, "Cserna": 22.094389, "Cserna Pemberton Belief": 24.023584, "K-Best 3": 21.657670, "K-Best 10": 21.667278, "K-Best 30": 21.864327, "Lookahead": 100 }