{ "Minimin": 36.321993, "Bellman": 19.966686, "Nancy": 19.966686, "Cserna": 25.148594, "Cserna Pemberton Belief": 22.716035, "K-Best 3": 20.993609, "K-Best 10": 19.966686, "K-Best 30": 22.447186, "Lookahead": 1000 }