{ "Minimin": 36.403945, "Bellman": 22.648930, "Nancy": 22.648930, "Cserna": 22.804534, "Cserna Pemberton Belief": 26.790750, "K-Best 3": 22.749393, "K-Best 10": 22.947306, "K-Best 30": 26.326820, "K-Best 3 Pemberton Belief": 45.995029, "K-Best 10 Pemberton Belief": 37.050946, "K-Best 30 Pemberton Belief": 30.121938, "Lookahead": 100 }