{ "Minimin": 41.416197, "Bellman": 21.123473, "Nancy": 21.123473, "Cserna": 25.558226, "Cserna Pemberton Belief": 23.608111, "K-Best 3": 21.572657, "K-Best 10": 22.273567, "K-Best 30": 21.339228, "K-Best 3 Pemberton Belief": 41.724051, "K-Best 10 Pemberton Belief": 40.653643, "K-Best 30 Pemberton Belief": 40.404042, "Lookahead": 1000 }