{ "Minimin": 34.611443, "Bellman": 22.770870, "Nancy": 22.770870, "Cserna": 25.497318, "Cserna Pemberton Belief": 24.374399, "K-Best 3": 22.135147, "K-Best 10": 21.611425, "K-Best 30": 21.787005, "Lookahead": 1000 }