{ "Minimin": 31.637816, "Bellman": 24.032961, "Nancy": 24.032961, "Cserna": 33.333569, "Cserna Pemberton Belief": 33.333569, "K-Best 3": 22.429915, "K-Best 10": 22.638480, "K-Best 30": 24.995570, "Lookahead": 100 }