{ "Minimin": 33.385301, "Bellman": 23.290308, "Nancy": 23.290308, "Cserna": 21.809861, "Cserna Pemberton Belief": 26.624554, "K-Best 3": 21.652133, "K-Best 10": 23.974191, "K-Best 30": 23.809108, "Lookahead": 100 }