{ "Minimin": 37.735280, "Bellman": 22.890327, "Nancy": 22.890327, "Cserna": 24.997516, "Cserna Pemberton Belief": 27.676346, "K-Best 3": 22.203969, "K-Best 10": 22.248659, "K-Best 30": 22.734728, "K-Best 3 Pemberton Belief": 44.087664, "K-Best 10 Pemberton Belief": 41.026794, "K-Best 30 Pemberton Belief": 32.626560, "Lookahead": 100 }