{ "Minimin": 35.725231, "Bellman": 22.512293, "Nancy": 22.512293, "Cserna": 36.690724, "Cserna Pemberton Belief": 36.690724, "K-Best 3": 22.058395, "K-Best 10": 22.001372, "K-Best 30": 24.447949, "Lookahead": 100 }