{ "Minimin": 34.132514, "Bellman": 20.487266, "Nancy": 20.487266, "Cserna": 25.101920, "Cserna Pemberton Belief": 25.575870, "K-Best 3": 20.650258, "K-Best 10": 20.077481, "K-Best 30": 21.996078, "K-Best 3 Pemberton Belief": 40.951927, "K-Best 10 Pemberton Belief": 44.353218, "K-Best 30 Pemberton Belief": 42.229588, "Lookahead": 1000 }