{ "Minimin": 32.999111, "Bellman": 22.247608, "Nancy": 22.247608, "Cserna": 36.625488, "Cserna Pemberton Belief": 36.625488, "K-Best 3": 22.878932, "K-Best 10": 22.541049, "K-Best 30": 25.043366, "Lookahead": 100 }