{ "Minimin": 33.393302, "Bellman": 21.830656, "Nancy": 21.830656, "Cserna": 27.592194, "Cserna Pemberton Belief": 24.501454, "K-Best 3": 22.273336, "K-Best 10": 21.633059, "K-Best 30": 22.641794, "Lookahead": 1000 }