{ "Minimin": 35.378654, "Bellman": 24.986718, "Nancy": 25.479312, "Cserna": 29.326911, "Cserna Pemberton Belief": 28.995826, "K-Best 3": 27.947644, "K-Best 10": 29.326911, "K-Best 30": 29.326911, "Lookahead": 10 }