{ "Minimin": 31.879939, "Bellman": 20.443781, "Nancy": 20.443781, "Cserna": 34.153233, "Cserna Pemberton Belief": 34.153233, "K-Best 3": 22.085645, "K-Best 10": 22.173060, "K-Best 30": 20.822151, "Lookahead": 1000 }