{ "Minimin": 32.400331, "Bellman": 27.721893, "Nancy": 27.721893, "Cserna": 36.329375, "Cserna Pemberton Belief": 36.329375, "K-Best 3": 26.760376, "K-Best 10": 27.479838, "K-Best 30": 27.479838, "Lookahead": 10 }