{ "Minimin": 38.924531, "Bellman": 23.562505, "Nancy": 23.562505, "Cserna": 34.224837, "Cserna Pemberton Belief": 34.224837, "K-Best 3": 29.034331, "K-Best 10": 28.314197, "K-Best 30": 28.314197, "Lookahead": 10 }