{ "Minimin": 39.499685, "Bellman": 23.011857, "Nancy": 23.011857, "Cserna": 33.156890, "Cserna Pemberton Belief": 33.156890, "K-Best 3": 21.842533, "K-Best 10": 24.259883, "K-Best 30": 24.259883, "Lookahead": 10 }