{ "Minimin": 34.362603, "Bellman": 23.610372, "Nancy": 23.610372, "Cserna": 24.102508, "Cserna Pemberton Belief": 28.759118, "K-Best 3": 22.122909, "K-Best 10": 23.145299, "K-Best 30": 24.093712, "K-Best 3 Pemberton Belief": 42.743971, "K-Best 10 Pemberton Belief": 42.114984, "K-Best 30 Pemberton Belief": 32.929158, "Lookahead": 100 }