{ "Minimin": 35.184370, "Bellman": 20.667140, "Nancy": 20.667140, "Cserna": 32.855991, "Cserna Pemberton Belief": 32.855991, "K-Best 3": 20.271746, "K-Best 10": 20.961197, "K-Best 30": 21.531702, "Lookahead": 1000 }