{ "Minimin": 36.564080, "Bellman": 22.479467, "Nancy": 22.479467, "Cserna": 23.791621, "Cserna Pemberton Belief": 27.676068, "K-Best 3": 24.106121, "K-Best 10": 23.189227, "K-Best 30": 24.721061, "Lookahead": 100 }