{ "Minimin": 37.283450, "Bellman": 23.646013, "Nancy": 23.646013, "Cserna": 26.093235, "Cserna Pemberton Belief": 24.906278, "K-Best 3": 23.802856, "K-Best 10": 24.051581, "K-Best 30": 24.704842, "Lookahead": 100 }