{ "Minimin": 39.409636, "Bellman": 25.517373, "Nancy": 25.517373, "Cserna": 31.927015, "Cserna Pemberton Belief": 31.927015, "K-Best 3": 27.397147, "K-Best 10": 28.964166, "K-Best 30": 28.964166, "Lookahead": 10 }