{ "Minimin": 37.579616, "Bellman": 20.346619, "Nancy": 20.346619, "Cserna": 22.350029, "Cserna Pemberton Belief": 23.669195, "K-Best 3": 20.346619, "K-Best 10": 21.136978, "K-Best 30": 23.986804, "Lookahead": 1000 }