{ "Minimin": 34.879284, "Bellman": 25.783854, "Nancy": 25.783854, "Cserna": 35.296953, "Cserna Pemberton Belief": 35.296953, "K-Best 3": 24.864270, "K-Best 10": 27.004555, "K-Best 30": 27.004555, "Lookahead": 10 }