{ "Minimin": 38.938972, "Bellman": 25.927801, "Nancy": 25.927801, "Cserna": 30.876180, "Cserna Pemberton Belief": 30.876180, "K-Best 3": 26.357011, "K-Best 10": 25.243795, "K-Best 30": 25.243795, "Lookahead": 10 }