{ "Minimin": 36.436721, "Bellman": 21.245608, "Nancy": 21.245608, "Cserna": 26.014730, "Cserna Pemberton Belief": 23.561041, "K-Best 3": 21.630329, "K-Best 10": 21.617091, "K-Best 30": 22.288354, "Lookahead": 1000 }