{ "Minimin": 38.631780, "Bellman": 23.576805, "Nancy": 23.576805, "Cserna": 24.660654, "Cserna Pemberton Belief": 28.713066, "K-Best 3": 22.799210, "K-Best 10": 24.342856, "K-Best 30": 24.444399, "Lookahead": 100 }