{ "Minimin": 38.226840, "Bellman": 21.773238, "Nancy": 21.773238, "Cserna": 27.874383, "Cserna Pemberton Belief": 28.847749, "K-Best 3": 22.516083, "K-Best 10": 27.874383, "K-Best 30": 27.874383, "K-Best 3 Pemberton Belief": 35.419450, "K-Best 10 Pemberton Belief": 28.847749, "K-Best 30 Pemberton Belief": 28.847749, "Lookahead": 10 }