{ "Minimin": 37.840217, "Bellman": 25.799851, "Nancy": 25.799851, "Cserna": 34.699373, "Cserna Pemberton Belief": 34.699373, "K-Best 3": 23.889908, "K-Best 10": 24.726290, "K-Best 30": 24.726290, "Lookahead": 10 }