{ "Minimin": 34.913085, "Bellman": 23.944085, "Nancy": 23.944085, "Cserna": 36.553454, "Cserna Pemberton Belief": 36.553454, "K-Best 3": 25.915272, "K-Best 10": 25.802932, "K-Best 30": 25.802932, "Lookahead": 10 }