{ "Minimin": 34.224805, "Bellman": 21.035962, "Nancy": 21.035962, "Cserna": 35.330899, "Cserna Pemberton Belief": 35.330899, "K-Best 3": 21.912450, "K-Best 10": 22.036531, "K-Best 30": 22.965380, "Lookahead": 1000 }