{ "Minimin": 39.505696, "Bellman": 26.838100, "Nancy": 26.838100, "Cserna": 26.550870, "Cserna Pemberton Belief": 29.705128, "K-Best 3": 23.212381, "K-Best 10": 26.550870, "K-Best 30": 26.550870, "K-Best 3 Pemberton Belief": 35.818152, "K-Best 10 Pemberton Belief": 29.705128, "K-Best 30 Pemberton Belief": 29.705128, "Lookahead": 10 }