{ "Minimin": 31.690911, "Bellman": 22.464855, "Nancy": 22.464855, "Cserna": 25.248114, "Cserna Pemberton Belief": 25.764736, "K-Best 3": 20.795557, "K-Best 10": 23.248449, "K-Best 30": 22.500611, "Lookahead": 1000 }