{ "Minimin": 31.798918, "Bellman": 21.907998, "Nancy": 21.907998, "Cserna": 27.556795, "Cserna Pemberton Belief": 24.220222, "K-Best 3": 21.457525, "K-Best 10": 24.225417, "K-Best 30": 25.308120, "Lookahead": 1000 }