{ "Minimin": 32.376142, "Bellman": 22.029520, "Nancy": 22.029520, "Cserna": 24.118095, "Cserna Pemberton Belief": 24.071886, "K-Best 3": 22.320875, "K-Best 10": 22.889716, "K-Best 30": 21.327078, "K-Best 3 Pemberton Belief": 41.305690, "K-Best 10 Pemberton Belief": 46.091301, "K-Best 30 Pemberton Belief": 36.895372, "Lookahead": 1000 }