{ "Minimin": 37.535521, "Bellman": 22.582628, "Nancy": 22.582628, "Cserna": 26.022896, "Cserna Pemberton Belief": 26.072011, "K-Best 3": 22.263846, "K-Best 10": 23.316433, "K-Best 30": 22.095028, "K-Best 3 Pemberton Belief": 42.135889, "K-Best 10 Pemberton Belief": 40.024929, "K-Best 30 Pemberton Belief": 32.812866, "Lookahead": 100 }