{ "Minimin": 36.126901, "Bellman": 21.226054, "Nancy": 21.226054, "Cserna": 23.413682, "Cserna Pemberton Belief": 26.017305, "K-Best 3": 25.941944, "K-Best 10": 21.906894, "K-Best 30": 21.221282, "Lookahead": 100 }