{ "Minimin": 38.890956, "Bellman": 21.600439, "Nancy": 21.600439, "Cserna": 29.444990, "Cserna Pemberton Belief": 29.444990, "K-Best 3": 21.305921, "K-Best 10": 22.321704, "K-Best 30": 22.605002, "Lookahead": 1000 }