{ "Minimin": 34.467860, "Bellman": 21.102120, "Nancy": 21.102120, "Cserna": 23.245793, "Cserna Pemberton Belief": 24.655505, "K-Best 3": 21.025979, "K-Best 10": 21.025979, "K-Best 30": 23.087871, "K-Best 3 Pemberton Belief": 45.425453, "K-Best 10 Pemberton Belief": 45.696305, "K-Best 30 Pemberton Belief": 40.131595, "Lookahead": 1000 }