{ "Minimin": 38.773208, "Bellman": 27.788204, "Nancy": 27.788204, "Cserna": 26.604448, "Cserna Pemberton Belief": 29.534828, "K-Best 3": 25.604569, "K-Best 10": 26.604448, "K-Best 30": 26.604448, "Lookahead": 10 }