{ "Minimin": 37.939712, "Bellman": 26.154702, "Nancy": 25.553744, "Cserna": 25.631419, "Cserna Pemberton Belief": 29.931495, "K-Best 3": 27.355067, "K-Best 10": 25.631419, "K-Best 30": 25.631419, "Lookahead": 10 }