{ "Minimin": 34.998164, "Bellman": 24.705905, "Nancy": 24.705905, "Cserna": 35.111630, "Cserna Pemberton Belief": 35.111630, "K-Best 3": 26.723181, "K-Best 10": 26.621271, "K-Best 30": 26.621271, "Lookahead": 10 }