{ "Minimin": 33.776133, "Bellman": 21.629290, "Nancy": 21.629290, "Cserna": 29.312658, "Cserna Pemberton Belief": 29.312658, "K-Best 3": 21.401587, "K-Best 10": 22.416013, "K-Best 30": 21.932728, "Lookahead": 100 }