{ "Minimin": 37.159756, "Bellman": 21.273124, "Nancy": 21.273124, "Cserna": 25.598574, "Cserna Pemberton Belief": 25.734795, "K-Best 3": 21.509946, "K-Best 10": 22.085749, "K-Best 30": 23.585241, "Lookahead": 1000 }