{ "Minimin": 31.524436, "Bellman": 21.464538, "Nancy": 21.464538, "Cserna": 24.826816, "Cserna Pemberton Belief": 25.482613, "K-Best 3": 21.432831, "K-Best 10": 21.765078, "K-Best 30": 23.392323, "Lookahead": 1000 }