{ "Minimin": 33.026406, "Bellman": 19.807763, "Nancy": 19.807763, "Cserna": 30.782072, "Cserna Pemberton Belief": 30.782072, "K-Best 3": 19.807763, "K-Best 10": 21.630237, "K-Best 30": 22.300488, "Lookahead": 100 }