{ "Minimin": 31.405156, "Bellman": 27.429957, "Nancy": 27.429957, "Cserna": 27.733562, "Cserna Pemberton Belief": 28.112882, "K-Best 3": 24.245032, "K-Best 10": 27.733562, "K-Best 30": 27.733562, "Lookahead": 10 }