{ "Minimin": 36.623075, "Bellman": 24.408415, "Nancy": 24.408415, "Cserna": 31.504804, "Cserna Pemberton Belief": 31.504804, "K-Best 3": 24.832135, "K-Best 10": 25.194197, "K-Best 30": 25.194197, "Lookahead": 10 }