{ "Minimin": 35.506109, "Bellman": 20.857412, "Nancy": 20.857412, "Cserna": 23.449402, "Cserna Pemberton Belief": 29.390134, "K-Best 3": 20.857412, "K-Best 10": 21.172625, "K-Best 30": 26.099867, "Lookahead": 100 }