{ "Minimin": 34.722985, "Bellman": 24.961443, "Nancy": 24.961443, "Cserna": 29.444990, "Cserna Pemberton Belief": 29.444990, "K-Best 3": 25.881321, "K-Best 10": 26.581206, "K-Best 30": 24.730552, "Lookahead": 100 }