{ "Minimin": 36.383682, "Bellman": 20.600813, "Nancy": 20.600813, "Cserna": 32.083238, "Cserna Pemberton Belief": 32.083238, "K-Best 3": 21.504456, "K-Best 10": 21.504456, "K-Best 30": 21.533177, "Lookahead": 1000 }