{ "Minimin": 39.222857, "Bellman": 23.205515, "Nancy": 23.205515, "Cserna": 33.119111, "Cserna Pemberton Belief": 33.119111, "K-Best 3": 23.205515, "K-Best 10": 22.623187, "K-Best 30": 24.889188, "Lookahead": 100 }