{ "Minimin": 39.384668, "Bellman": 26.369536, "Nancy": 26.369536, "Cserna": 29.219938, "Cserna Pemberton Belief": 31.048286, "K-Best 3": 25.663054, "K-Best 10": 29.219938, "K-Best 30": 29.219938, "Lookahead": 10 }