{ "Minimin": 35.089983, "Bellman": 22.173163, "Nancy": 22.173163, "Cserna": 24.101959, "Cserna Pemberton Belief": 24.806286, "K-Best 3": 22.825894, "K-Best 10": 24.855843, "K-Best 30": 23.331142, "Lookahead": 100 }