{ "Minimin": 36.488718, "Bellman": 23.568930, "Nancy": 23.568930, "Cserna": 23.335639, "Cserna Pemberton Belief": 24.993668, "K-Best 3": 24.090997, "K-Best 10": 22.773114, "K-Best 30": 23.927536, "Lookahead": 100 }