{ "Minimin": 40.572896, "Bellman": 25.648025, "Nancy": 25.648025, "Cserna": 25.333415, "Cserna Pemberton Belief": 32.864581, "K-Best 3": 27.736953, "K-Best 10": 25.333415, "K-Best 30": 25.333415, "K-Best 3 Pemberton Belief": 33.795136, "K-Best 10 Pemberton Belief": 32.864581, "K-Best 30 Pemberton Belief": 32.864581, "Lookahead": 10 }