{ "Minimin": 38.598229, "Bellman": 18.424101, "Nancy": 18.424101, "Cserna": 31.437517, "Cserna Pemberton Belief": 31.437517, "K-Best 3": 21.618038, "K-Best 10": 19.824595, "K-Best 30": 21.658456, "Lookahead": 100 }