{ "Minimin": 41.230558, "Bellman": 24.366753, "Nancy": 24.366753, "Cserna": 33.925970, "Cserna Pemberton Belief": 33.925970, "K-Best 3": 24.459867, "K-Best 10": 22.641116, "K-Best 30": 24.615271, "Lookahead": 100 }