{ "Minimin": 34.388903, "Bellman": 22.206591, "Nancy": 22.206591, "Cserna": 23.476566, "Cserna Pemberton Belief": 27.293744, "K-Best 3": 22.206591, "K-Best 10": 23.597195, "K-Best 30": 23.620828, "Lookahead": 100 }