{ "Minimin": 28.316857, "Bellman": 21.073208, "Nancy": 21.073208, "Cserna": 24.883645, "Cserna Pemberton Belief": 22.337192, "K-Best 3": 21.918514, "K-Best 10": 19.701342, "K-Best 30": 23.664042, "Lookahead": 1000 }