{ "Minimin": 36.483558, "Bellman": 22.685934, "Nancy": 22.685934, "Cserna": 23.504384, "Cserna Pemberton Belief": 25.548972, "K-Best 3": 22.415072, "K-Best 10": 22.923429, "K-Best 30": 25.158911, "Lookahead": 100 }