{ "Minimin": 38.005561, "Bellman": 28.514048, "Nancy": 28.514048, "Cserna": 25.490959, "Cserna Pemberton Belief": 29.010315, "K-Best 3": 28.658984, "K-Best 10": 25.490959, "K-Best 30": 25.490959, "Lookahead": 10 }