{ "Minimin": 36.543323, "Bellman": 26.217526, "Nancy": 26.217526, "Cserna": 35.128226, "Cserna Pemberton Belief": 35.128226, "K-Best 3": 25.982126, "K-Best 10": 25.424446, "K-Best 30": 25.424446, "Lookahead": 10 }