{ "Minimin": 38.613059, "Bellman": 23.744796, "Nancy": 23.744796, "Cserna": 32.508347, "Cserna Pemberton Belief": 32.508347, "K-Best 3": 25.456931, "K-Best 10": 24.208238, "K-Best 30": 24.208238, "Lookahead": 10 }