{ "Minimin": 33.101796, "Bellman": 23.195713, "Nancy": 23.195713, "Cserna": 32.030645, "Cserna Pemberton Belief": 32.030645, "K-Best 3": 22.682254, "K-Best 10": 22.872403, "K-Best 30": 22.181627, "Lookahead": 100 }