{ "Minimin": 37.681023, "Bellman": 21.760188, "Nancy": 21.760188, "Cserna": 32.387592, "Cserna Pemberton Belief": 32.387592, "K-Best 3": 20.772156, "K-Best 10": 21.990011, "K-Best 30": 22.098655, "Lookahead": 100 }