{ "Minimin": 33.434524, "Bellman": 20.538758, "Nancy": 20.538758, "Cserna": 32.506238, "Cserna Pemberton Belief": 32.506238, "K-Best 3": 20.538758, "K-Best 10": 21.371090, "K-Best 30": 22.282849, "Lookahead": 1000 }