{ "Minimin": 33.607265, "Bellman": 21.897329, "Nancy": 21.897329, "Cserna": 24.262110, "Cserna Pemberton Belief": 24.187529, "K-Best 3": 21.834457, "K-Best 10": 22.820129, "K-Best 30": 23.916290, "Lookahead": 1000 }