{ "Minimin": 33.654985, "Bellman": 23.529200, "Nancy": 23.529200, "Cserna": 25.307321, "Cserna Pemberton Belief": 28.465538, "K-Best 3": 24.898400, "K-Best 10": 25.307321, "K-Best 30": 25.307321, "K-Best 3 Pemberton Belief": 41.606526, "K-Best 10 Pemberton Belief": 28.465538, "K-Best 30 Pemberton Belief": 28.465538, "Lookahead": 10 }