{ "Minimin": 32.382206, "Bellman": 20.976835, "Nancy": 20.976835, "Cserna": 25.299849, "Cserna Pemberton Belief": 23.695513, "K-Best 3": 21.682745, "K-Best 10": 21.373691, "K-Best 30": 19.705609, "Lookahead": 1000 }