{ "Minimin": 35.984914, "Bellman": 25.545484, "Nancy": 25.545484, "Cserna": 35.140131, "Cserna Pemberton Belief": 35.140131, "K-Best 3": 26.691437, "K-Best 10": 25.459476, "K-Best 30": 25.459476, "Lookahead": 10 }