{ "Minimin": 36.870142, "Bellman": 27.433768, "Nancy": 29.269775, "Cserna": 29.486948, "Cserna Pemberton Belief": 31.655385, "K-Best 3": 27.037364, "K-Best 10": 29.486948, "K-Best 30": 29.486948, "Lookahead": 10 }