{ "Minimin": 35.153822, "Bellman": 27.608711, "Nancy": 27.608711, "Cserna": 26.183014, "Cserna Pemberton Belief": 29.416524, "K-Best 3": 26.643768, "K-Best 10": 26.183014, "K-Best 30": 26.183014, "K-Best 3 Pemberton Belief": 39.839017, "K-Best 10 Pemberton Belief": 29.416524, "K-Best 30 Pemberton Belief": 29.416524, "Lookahead": 10 }