{ "Minimin": 42.772249, "Bellman": 24.226470, "Nancy": 24.226470, "Cserna": 31.695944, "Cserna Pemberton Belief": 31.695944, "K-Best 3": 24.697653, "K-Best 10": 25.203611, "K-Best 30": 25.203611, "Lookahead": 10 }