{ "Minimin": 32.913638, "Bellman": 21.587606, "Nancy": 21.587606, "Cserna": 24.591517, "Cserna Pemberton Belief": 25.002829, "K-Best 3": 21.587606, "K-Best 10": 22.377606, "K-Best 30": 25.893308, "Lookahead": 100 }