{ "Minimin": 38.654150, "Bellman": 22.394517, "Nancy": 22.394517, "Cserna": 34.345984, "Cserna Pemberton Belief": 34.345984, "K-Best 3": 23.631206, "K-Best 10": 21.640498, "K-Best 30": 22.571207, "Lookahead": 100 }