{ "Minimin": 34.001746, "Bellman": 20.030196, "Nancy": 20.030196, "Cserna": 26.202566, "Cserna Pemberton Belief": 21.835703, "K-Best 3": 20.030196, "K-Best 10": 21.590241, "K-Best 30": 21.521461, "Lookahead": 1000 }