{ "Minimin": 33.930241, "Bellman": 25.505872, "Nancy": 25.505872, "Cserna": 30.880958, "Cserna Pemberton Belief": 30.880958, "K-Best 3": 23.449266, "K-Best 10": 25.210488, "K-Best 30": 25.210488, "Lookahead": 10 }