{ "Minimin": 39.281050, "Bellman": 22.660975, "Nancy": 22.660975, "Cserna": 32.083238, "Cserna Pemberton Belief": 32.083238, "K-Best 3": 21.155274, "K-Best 10": 21.155274, "K-Best 30": 22.340390, "Lookahead": 100 }