{ "Minimin": 34.117412, "Bellman": 21.883097, "Nancy": 21.883097, "Cserna": 35.072885, "Cserna Pemberton Belief": 35.072885, "K-Best 3": 22.312565, "K-Best 10": 23.449621, "K-Best 30": 22.528919, "Lookahead": 100 }