{ "Minimin": 35.445178, "Bellman": 21.713293, "Nancy": 21.713293, "Cserna": 22.320812, "Cserna Pemberton Belief": 23.152151, "K-Best 3": 19.838017, "K-Best 10": 19.977458, "K-Best 30": 22.014067, "Lookahead": 1000 }