{ "Minimin": 33.384475, "Bellman": 21.738831, "Nancy": 21.738831, "Cserna": 26.096843, "Cserna Pemberton Belief": 30.468094, "K-Best 3": 27.183399, "K-Best 10": 26.096843, "K-Best 30": 26.096843, "K-Best 3 Pemberton Belief": 25.206804, "K-Best 10 Pemberton Belief": 30.468094, "K-Best 30 Pemberton Belief": 30.468094, "Lookahead": 10 }