{ "Minimin": 31.850665, "Bellman": 22.282790, "Nancy": 22.282790, "Cserna": 32.583052, "Cserna Pemberton Belief": 32.583052, "K-Best 3": 23.914835, "K-Best 10": 22.803026, "K-Best 30": 22.743048, "Lookahead": 100 }