{ "Minimin": 36.573707, "Bellman": 22.331018, "Nancy": 22.331018, "Cserna": 23.812659, "Cserna Pemberton Belief": 25.809337, "K-Best 3": 21.561819, "K-Best 10": 22.753618, "K-Best 30": 23.548745, "K-Best 3 Pemberton Belief": 41.094621, "K-Best 10 Pemberton Belief": 37.018095, "K-Best 30 Pemberton Belief": 29.404456, "Lookahead": 100 }