{ "Minimin": 33.727122, "Bellman": 20.862525, "Nancy": 20.862525, "Cserna": 34.787787, "Cserna Pemberton Belief": 34.787787, "K-Best 3": 22.290456, "K-Best 10": 21.292618, "K-Best 30": 21.832526, "Lookahead": 1000 }