{ "Minimin": 35.339237, "Bellman": 20.809534, "Nancy": 20.809534, "Cserna": 34.050303, "Cserna Pemberton Belief": 34.050303, "K-Best 3": 22.727669, "K-Best 10": 22.213940, "K-Best 30": 22.882043, "Lookahead": 1000 }