{ "Minimin": 36.293209, "Bellman": 22.374614, "Nancy": 22.374614, "Cserna": 35.053093, "Cserna Pemberton Belief": 35.053093, "K-Best 3": 27.050815, "K-Best 10": 26.052118, "K-Best 30": 26.052118, "Lookahead": 10 }