{ "Minimin": 35.439223, "Bellman": 26.399262, "Nancy": 26.399262, "Cserna": 32.605636, "Cserna Pemberton Belief": 32.605636, "K-Best 3": 26.188728, "K-Best 10": 27.020348, "K-Best 30": 27.020348, "Lookahead": 10 }