{ "Minimin": 35.673435, "Bellman": 24.548378, "Nancy": 24.548378, "Cserna": 33.516000, "Cserna Pemberton Belief": 33.516000, "K-Best 3": 24.048531, "K-Best 10": 23.055879, "K-Best 30": 21.734590, "Lookahead": 100 }