{ "Minimin": 39.396665, "Bellman": 26.818972, "Nancy": 26.818972, "Cserna": 32.899091, "Cserna Pemberton Belief": 32.899091, "K-Best 3": 30.378608, "K-Best 10": 26.326724, "K-Best 30": 26.326724, "Lookahead": 10 }