{ "Minimin": 30.772707, "Bellman": 21.652377, "Nancy": 21.652377, "Cserna": 24.911521, "Cserna Pemberton Belief": 21.874729, "K-Best 3": 20.459469, "K-Best 10": 21.220893, "K-Best 30": 22.923481, "K-Best 3 Pemberton Belief": 42.053068, "K-Best 10 Pemberton Belief": 42.515648, "K-Best 30 Pemberton Belief": 39.242531, "Lookahead": 1000 }