{ "Minimin": 36.982445, "Bellman": 21.409251, "Nancy": 21.409251, "Cserna": 21.978181, "Cserna Pemberton Belief": 26.030832, "K-Best 3": 21.987033, "K-Best 10": 20.672350, "K-Best 30": 22.897900, "Lookahead": 100 }