{ "Minimin": 33.732246, "Bellman": 22.074474, "Nancy": 22.074474, "Cserna": 25.697295, "Cserna Pemberton Belief": 26.007170, "K-Best 3": 23.726167, "K-Best 10": 23.570700, "K-Best 30": 24.465090, "Lookahead": 100 }