{ "Minimin": 34.691546, "Bellman": 22.949222, "Nancy": 22.949222, "Cserna": 23.492882, "Cserna Pemberton Belief": 26.529297, "K-Best 3": 23.288650, "K-Best 10": 23.260906, "K-Best 30": 23.926629, "Lookahead": 100 }