{ "Minimin": 32.418968, "Bellman": 22.168810, "Nancy": 22.168810, "Cserna": 25.479311, "Cserna Pemberton Belief": 23.072554, "K-Best 3": 20.989555, "K-Best 10": 23.275655, "K-Best 30": 24.224393, "Lookahead": 1000 }