{ "Minimin": 36.285854, "Bellman": 21.966015, "Nancy": 21.966015, "Cserna": 34.729762, "Cserna Pemberton Belief": 34.729762, "K-Best 3": 21.741922, "K-Best 10": 22.061073, "K-Best 30": 22.585733, "Lookahead": 1000 }