{ "Minimin": 33.418140, "Bellman": 22.711199, "Nancy": 22.711199, "Cserna": 23.296438, "Cserna Pemberton Belief": 27.404971, "K-Best 3": 20.695806, "K-Best 10": 23.880425, "K-Best 30": 24.762148, "Lookahead": 100 }