{ "Minimin": 32.747514, "Bellman": 23.101917, "Nancy": 23.101917, "Cserna": 24.744946, "Cserna Pemberton Belief": 25.929072, "K-Best 3": 22.719694, "K-Best 10": 23.179555, "K-Best 30": 24.715069, "K-Best 3 Pemberton Belief": 48.716929, "K-Best 10 Pemberton Belief": 34.767654, "K-Best 30 Pemberton Belief": 32.041092, "Lookahead": 100 }