{ "Minimin": 33.524177, "Bellman": 18.303406, "Nancy": 18.303406, "Cserna": 30.552883, "Cserna Pemberton Belief": 30.552883, "K-Best 3": 18.303406, "K-Best 10": 22.418775, "K-Best 30": 22.685012, "Lookahead": 1000 }