{ "Minimin": 40.180360, "Bellman": 20.539429, "Nancy": 20.539429, "Cserna": 40.244841, "Cserna Pemberton Belief": 40.244841, "K-Best 3": 21.694539, "K-Best 10": 23.367721, "K-Best 30": 22.839324, "Lookahead": 100 }