{ "Minimin": 34.419938, "Bellman": 23.722178, "Nancy": 23.722178, "Cserna": 24.056051, "Cserna Pemberton Belief": 27.531803, "K-Best 3": 25.568531, "K-Best 10": 24.056051, "K-Best 30": 24.056051, "Lookahead": 10 }