{ "Minimin": 30.952010, "Bellman": 20.271031, "Nancy": 20.271031, "Cserna": 27.084284, "Cserna Pemberton Belief": 24.206106, "K-Best 3": 20.448991, "K-Best 10": 20.853852, "K-Best 30": 23.514527, "Lookahead": 1000 }