{ "Minimin": 38.560980, "Bellman": 23.902811, "Nancy": 23.902811, "Cserna": 34.128711, "Cserna Pemberton Belief": 34.128711, "K-Best 3": 23.902811, "K-Best 10": 22.785467, "K-Best 30": 24.839985, "Lookahead": 100 }