{ "Minimin": 34.579586, "Bellman": 22.009967, "Nancy": 22.009967, "Cserna": 33.050057, "Cserna Pemberton Belief": 33.050057, "K-Best 3": 22.009967, "K-Best 10": 22.109330, "K-Best 30": 23.525654, "Lookahead": 1000 }