{ "Minimin": 39.431481, "Bellman": 21.559246, "Nancy": 21.559246, "Cserna": 31.107151, "Cserna Pemberton Belief": 31.107151, "K-Best 3": 22.274344, "K-Best 10": 24.517992, "K-Best 30": 22.865700, "Lookahead": 100 }