{ "Minimin": 34.427149, "Bellman": 28.243670, "Nancy": 28.243670, "Cserna": 25.062621, "Cserna Pemberton Belief": 27.396191, "K-Best 3": 23.925383, "K-Best 10": 25.062621, "K-Best 30": 25.062621, "K-Best 3 Pemberton Belief": 34.029308, "K-Best 10 Pemberton Belief": 27.396191, "K-Best 30 Pemberton Belief": 27.396191, "Lookahead": 10 }