{ "Minimin": 38.447430, "Bellman": 23.457240, "Nancy": 23.457240, "Cserna": 25.236086, "Cserna Pemberton Belief": 26.600968, "K-Best 3": 23.741317, "K-Best 10": 22.675744, "K-Best 30": 26.922961, "K-Best 3 Pemberton Belief": 44.581767, "K-Best 10 Pemberton Belief": 37.354445, "K-Best 30 Pemberton Belief": 30.833800, "Lookahead": 100 }