{ "Minimin": 36.661454, "Bellman": 20.272726, "Nancy": 20.272726, "Cserna": 22.878387, "Cserna Pemberton Belief": 26.288999, "K-Best 3": 21.851030, "K-Best 10": 21.382275, "K-Best 30": 22.689571, "Lookahead": 1000 }