{ "Minimin": 29.010021, "Bellman": 21.554471, "Nancy": 21.554471, "Cserna": 24.889558, "Cserna Pemberton Belief": 25.222647, "K-Best 3": 21.554471, "K-Best 10": 21.968098, "K-Best 30": 23.982493, "Lookahead": 1000 }