{ "Minimin": 36.070345, "Bellman": 23.775408, "Nancy": 23.775408, "Cserna": 37.294436, "Cserna Pemberton Belief": 37.294436, "K-Best 3": 27.056641, "K-Best 10": 25.267150, "K-Best 30": 25.267150, "Lookahead": 10 }