{ "Minimin": 33.620896, "Bellman": 22.157785, "Nancy": 22.157785, "Cserna": 26.172595, "Cserna Pemberton Belief": 28.621565, "K-Best 3": 22.034426, "K-Best 10": 23.028562, "K-Best 30": 23.963556, "K-Best 3 Pemberton Belief": 41.353533, "K-Best 10 Pemberton Belief": 43.413845, "K-Best 30 Pemberton Belief": 30.445570, "Lookahead": 100 }