{ "Minimin": 36.768799, "Bellman": 23.193532, "Nancy": 23.424760, "Cserna": 24.716183, "Cserna Pemberton Belief": 26.835441, "K-Best 3": 23.502312, "K-Best 10": 25.116764, "K-Best 30": 25.230150, "K-Best 3 Pemberton Belief": 41.390039, "K-Best 10 Pemberton Belief": 44.477053, "K-Best 30 Pemberton Belief": 30.712650, "Lookahead": 100 }