{ "Minimin": 35.401044, "Bellman": 21.921389, "Nancy": 21.921389, "Cserna": 25.354851, "Cserna Pemberton Belief": 24.516290, "K-Best 3": 21.654522, "K-Best 10": 22.322846, "K-Best 30": 22.661834, "Lookahead": 1000 }