{ "Minimin": 37.351677, "Bellman": 24.195978, "Nancy": 24.195978, "Cserna": 26.914754, "Cserna Pemberton Belief": 24.933335, "K-Best 3": 23.453587, "K-Best 10": 22.166419, "K-Best 30": 25.118625, "Lookahead": 1000 }