{ "Minimin": 34.757480, "Bellman": 27.134368, "Nancy": 27.134368, "Cserna": 30.480918, "Cserna Pemberton Belief": 31.250826, "K-Best 3": 27.299915, "K-Best 10": 30.480918, "K-Best 30": 30.480918, "Lookahead": 10 }