{ "Minimin": 37.136603, "Bellman": 21.759071, "Nancy": 21.759071, "Cserna": 26.130980, "Cserna Pemberton Belief": 25.924302, "K-Best 3": 21.632551, "K-Best 10": 21.983429, "K-Best 30": 21.482957, "K-Best 3 Pemberton Belief": 46.024351, "K-Best 10 Pemberton Belief": 43.093656, "K-Best 30 Pemberton Belief": 40.336212, "Lookahead": 1000 }