{ "Minimin": 35.215056, "Bellman": 21.373797, "Nancy": 21.373797, "Cserna": 25.990761, "Cserna Pemberton Belief": 26.081689, "K-Best 3": 20.390530, "K-Best 10": 20.390530, "K-Best 30": 23.757339, "Lookahead": 1000 }