{ "Minimin": 36.939310, "Bellman": 22.967802, "Nancy": 22.967802, "Cserna": 26.605525, "Cserna Pemberton Belief": 30.728714, "K-Best 3": 24.751548, "K-Best 10": 26.605525, "K-Best 30": 26.605525, "K-Best 3 Pemberton Belief": 36.530458, "K-Best 10 Pemberton Belief": 30.728714, "K-Best 30 Pemberton Belief": 30.728714, "Lookahead": 10 }