{ "Minimin": 35.407121, "Bellman": 22.487149, "Nancy": 22.487149, "Cserna": 25.265773, "Cserna Pemberton Belief": 25.255191, "K-Best 3": 22.276317, "K-Best 10": 20.739552, "K-Best 30": 23.142538, "Lookahead": 1000 }