{ "Minimin": 33.898613, "Bellman": 27.064159, "Nancy": 27.064159, "Cserna": 20.869890, "Cserna Pemberton Belief": 30.342934, "K-Best 3": 25.516504, "K-Best 10": 20.869890, "K-Best 30": 20.869890, "Lookahead": 10 }