{ "Minimin": 40.046920, "Bellman": 28.710414, "Nancy": 28.710414, "Cserna": 33.234684, "Cserna Pemberton Belief": 33.234684, "K-Best 3": 27.510663, "K-Best 10": 30.443456, "K-Best 30": 30.443456, "Lookahead": 10 }