{ "Minimin": 35.992111, "Bellman": 24.761245, "Nancy": 24.761245, "Cserna": 25.616608, "Cserna Pemberton Belief": 30.782985, "K-Best 3": 25.736849, "K-Best 10": 25.616608, "K-Best 30": 25.616608, "Lookahead": 10 }