{ "Minimin": 33.680625, "Bellman": 22.822168, "Nancy": 22.822168, "Cserna": 23.125812, "Cserna Pemberton Belief": 24.840888, "K-Best 3": 21.133360, "K-Best 10": 22.731524, "K-Best 30": 22.473391, "Lookahead": 1000 }