{ "Minimin": 37.701486, "Bellman": 23.223329, "Nancy": 23.223329, "Cserna": 32.133649, "Cserna Pemberton Belief": 32.133649, "K-Best 3": 25.623253, "K-Best 10": 26.671629, "K-Best 30": 26.671629, "Lookahead": 10 }