{ "Minimin": 30.370648, "Bellman": 21.965928, "Nancy": 21.965928, "Cserna": 34.314267, "Cserna Pemberton Belief": 34.314267, "K-Best 3": 21.505482, "K-Best 10": 21.715144, "K-Best 30": 21.032447, "Lookahead": 1000 }