{ "Minimin": 35.944533, "Bellman": 20.812335, "Nancy": 20.812335, "Cserna": 25.181640, "Cserna Pemberton Belief": 23.534034, "K-Best 3": 20.812335, "K-Best 10": 21.818286, "K-Best 30": 23.633538, "Lookahead": 1000 }