{ "Minimin": 34.771948, "Bellman": 21.429306, "Nancy": 21.429306, "Cserna": 31.222811, "Cserna Pemberton Belief": 31.222811, "K-Best 3": 22.420689, "K-Best 10": 23.640657, "K-Best 30": 24.015988, "Lookahead": 100 }