{ "Minimin": 33.145646, "Bellman": 21.195472, "Nancy": 21.027179, "Cserna": 23.360669, "Cserna Pemberton Belief": 23.454634, "K-Best 3": 19.646512, "K-Best 10": 19.646512, "K-Best 30": 22.035115, "K-Best 3 Pemberton Belief": 43.899189, "K-Best 10 Pemberton Belief": 43.784053, "K-Best 30 Pemberton Belief": 41.192271, "Lookahead": 1000 }