{ "Minimin": 35.460286, "Bellman": 21.628457, "Nancy": 21.628457, "Cserna": 25.439883, "Cserna Pemberton Belief": 23.728619, "K-Best 3": 22.263583, "K-Best 10": 22.263583, "K-Best 30": 24.021478, "Lookahead": 1000 }