{ "Minimin": 35.659143, "Bellman": 27.409996, "Nancy": 27.409996, "Cserna": 25.075895, "Cserna Pemberton Belief": 29.973077, "K-Best 3": 25.982102, "K-Best 10": 25.075895, "K-Best 30": 25.075895, "Lookahead": 10 }