{ "Minimin": 33.455323, "Bellman": 22.335137, "Nancy": 22.335137, "Cserna": 26.690756, "Cserna Pemberton Belief": 25.592805, "K-Best 3": 22.335137, "K-Best 10": 21.541223, "K-Best 30": 23.864885, "Lookahead": 1000 }