{ "Minimin": 36.754661, "Bellman": 26.889400, "Nancy": 26.889400, "Cserna": 26.937710, "Cserna Pemberton Belief": 30.195176, "K-Best 3": 26.330653, "K-Best 10": 26.937710, "K-Best 30": 26.937710, "Lookahead": 10 }