{ "Minimin": 30.435849, "Bellman": 23.120997, "Nancy": 23.120997, "Cserna": 23.338900, "Cserna Pemberton Belief": 23.740992, "K-Best 3": 24.306409, "K-Best 10": 23.237837, "K-Best 30": 23.400754, "K-Best 3 Pemberton Belief": 40.804108, "K-Best 10 Pemberton Belief": 43.102915, "K-Best 30 Pemberton Belief": 27.805738, "Lookahead": 100 }