{ "Minimin": 39.550763, "Bellman": 27.114699, "Nancy": 27.114699, "Cserna": 32.222076, "Cserna Pemberton Belief": 32.222076, "K-Best 3": 27.982645, "K-Best 10": 30.563104, "K-Best 30": 30.563104, "Lookahead": 10 }