{ "Minimin": 36.455615, "Bellman": 21.473745, "Nancy": 21.473745, "Cserna": 24.640653, "Cserna Pemberton Belief": 23.816764, "K-Best 3": 21.678782, "K-Best 10": 22.108825, "K-Best 30": 24.447466, "K-Best 3 Pemberton Belief": 43.621558, "K-Best 10 Pemberton Belief": 44.154712, "K-Best 30 Pemberton Belief": 41.452959, "Lookahead": 1000 }