{ "Minimin": 37.145166, "Bellman": 22.079842, "Nancy": 22.079842, "Cserna": 33.953729, "Cserna Pemberton Belief": 33.953729, "K-Best 3": 23.195823, "K-Best 10": 22.194902, "K-Best 30": 25.871865, "Lookahead": 100 }