{ "Minimin": 29.530369, "Bellman": 24.165476, "Nancy": 24.165476, "Cserna": 24.822113, "Cserna Pemberton Belief": 26.186065, "K-Best 3": 21.830738, "K-Best 10": 23.039521, "K-Best 30": 22.727309, "Lookahead": 100 }