{ "Minimin": 35.287728, "Bellman": 26.250584, "Nancy": 26.250584, "Cserna": 32.739096, "Cserna Pemberton Belief": 32.739096, "K-Best 3": 27.168648, "K-Best 10": 28.082669, "K-Best 30": 28.082669, "Lookahead": 10 }