{ "Minimin": 37.242330, "Bellman": 24.377072, "Nancy": 25.829496, "Cserna": 35.841544, "Cserna Pemberton Belief": 35.841544, "K-Best 3": 25.767057, "K-Best 10": 25.534045, "K-Best 30": 25.534045, "Lookahead": 10 }