{ "Minimin": 38.299559, "Bellman": 23.308246, "Nancy": 23.308246, "Cserna": 26.114698, "Cserna Pemberton Belief": 26.131327, "K-Best 3": 22.197205, "K-Best 10": 23.074445, "K-Best 30": 24.297671, "Lookahead": 1000 }