{ "Minimin": 40.402584, "Bellman": 27.357450, "Nancy": 27.357450, "Cserna": 26.644592, "Cserna Pemberton Belief": 45.089035, "K-Best 3": 25.839684, "K-Best 10": 26.644592, "K-Best 30": 26.644592, "Lookahead": 10 }