{ "Minimin": 37.770269, "Bellman": 22.008557, "Nancy": 22.008557, "Cserna": 21.594634, "Cserna Pemberton Belief": 27.541932, "K-Best 3": 21.562151, "K-Best 10": 24.093104, "K-Best 30": 21.968578, "K-Best 3 Pemberton Belief": 40.813858, "K-Best 10 Pemberton Belief": 41.221211, "K-Best 30 Pemberton Belief": 31.792368, "Lookahead": 100 }