{ "Minimin": 33.092516, "Bellman": 20.935821, "Nancy": 20.935821, "Cserna": 29.831353, "Cserna Pemberton Belief": 29.831353, "K-Best 3": 19.369766, "K-Best 10": 19.369766, "K-Best 30": 20.386088, "Lookahead": 1000 }