{ "Minimin": 38.094307, "Bellman": 22.157928, "Nancy": 22.157928, "Cserna": 38.494208, "Cserna Pemberton Belief": 38.494208, "K-Best 3": 22.003416, "K-Best 10": 21.960221, "K-Best 30": 21.960221, "Lookahead": 100 }