{ "Minimin": 36.190397, "Bellman": 24.185700, "Nancy": 23.572348, "Cserna": 23.608694, "Cserna Pemberton Belief": 27.095672, "K-Best 3": 23.756104, "K-Best 10": 21.880018, "K-Best 30": 24.543103, "Lookahead": 100 }