{ "Minimin": 34.228877, "Bellman": 22.017913, "Nancy": 22.017913, "Cserna": 27.751466, "Cserna Pemberton Belief": 22.071749, "K-Best 3": 21.734365, "K-Best 10": 22.577543, "K-Best 30": 24.060748, "K-Best 3 Pemberton Belief": 47.235537, "K-Best 10 Pemberton Belief": 43.107222, "K-Best 30 Pemberton Belief": 38.726366, "Lookahead": 1000 }