{ "Minimin": 39.181905, "Bellman": 25.392697, "Nancy": 25.392697, "Cserna": 27.215945, "Cserna Pemberton Belief": 31.465787, "K-Best 3": 26.226260, "K-Best 10": 27.215945, "K-Best 30": 27.215945, "K-Best 3 Pemberton Belief": 37.525769, "K-Best 10 Pemberton Belief": 31.465787, "K-Best 30 Pemberton Belief": 31.465787, "Lookahead": 10 }