{ "Minimin": 37.976056, "Bellman": 22.027133, "Nancy": 22.027133, "Cserna": 31.625177, "Cserna Pemberton Belief": 31.625177, "K-Best 3": 22.027133, "K-Best 10": 22.980826, "K-Best 30": 22.321921, "Lookahead": 100 }