{ "Minimin": 34.408786, "Bellman": 25.712242, "Nancy": 25.712242, "Cserna": 33.694767, "Cserna Pemberton Belief": 33.694767, "K-Best 3": 22.285736, "K-Best 10": 27.002828, "K-Best 30": 27.002828, "Lookahead": 10 }