{ "Minimin": 35.373086, "Bellman": 21.514628, "Nancy": 21.514628, "Cserna": 26.448634, "Cserna Pemberton Belief": 25.516691, "K-Best 3": 21.421691, "K-Best 10": 21.511774, "K-Best 30": 23.245815, "K-Best 3 Pemberton Belief": 50.785161, "K-Best 10 Pemberton Belief": 44.320564, "K-Best 30 Pemberton Belief": 43.500504, "Lookahead": 1000 }