{ "Minimin": 34.762377, "Bellman": 21.918707, "Nancy": 21.918707, "Cserna": 24.160726, "Cserna Pemberton Belief": 29.371112, "K-Best 3": 24.257318, "K-Best 10": 24.160726, "K-Best 30": 24.160726, "K-Best 3 Pemberton Belief": 31.760628, "K-Best 10 Pemberton Belief": 29.371112, "K-Best 30 Pemberton Belief": 29.371112, "Lookahead": 10 }