{ "Minimin": 37.994120, "Bellman": 22.890822, "Nancy": 22.890822, "Cserna": 26.100341, "Cserna Pemberton Belief": 27.969517, "K-Best 3": 24.097341, "K-Best 10": 23.510426, "K-Best 30": 22.530195, "Lookahead": 100 }