{ "Minimin": 34.520354, "Bellman": 23.675428, "Nancy": 23.675428, "Cserna": 33.455011, "Cserna Pemberton Belief": 33.455011, "K-Best 3": 22.488584, "K-Best 10": 22.107262, "K-Best 30": 22.807345, "Lookahead": 100 }