{ "Minimin": 36.182778, "Bellman": 20.981862, "Nancy": 20.981862, "Cserna": 26.562664, "Cserna Pemberton Belief": 24.754110, "K-Best 3": 21.660146, "K-Best 10": 21.739287, "K-Best 30": 21.720065, "Lookahead": 1000 }