{ "Minimin": 34.752840, "Bellman": 20.936105, "Nancy": 20.936105, "Cserna": 29.513160, "Cserna Pemberton Belief": 29.513160, "K-Best 3": 21.709183, "K-Best 10": 21.145952, "K-Best 30": 21.994416, "Lookahead": 1000 }