{ "Minimin": 36.242675, "Bellman": 22.768639, "Nancy": 22.768639, "Cserna": 23.692414, "Cserna Pemberton Belief": 26.169277, "K-Best 3": 24.449536, "K-Best 10": 22.303960, "K-Best 30": 23.624166, "Lookahead": 100 }