{ "Minimin": 35.960816, "Bellman": 20.757110, "Nancy": 20.757110, "Cserna": 23.810092, "Cserna Pemberton Belief": 24.517467, "K-Best 3": 20.757110, "K-Best 10": 21.330748, "K-Best 30": 22.328401, "Lookahead": 1000 }