{ "Minimin": 35.800363, "Bellman": 20.207053, "Nancy": 20.207053, "Cserna": 28.214633, "Cserna Pemberton Belief": 28.214633, "K-Best 3": 20.207053, "K-Best 10": 20.799143, "K-Best 30": 22.142389, "Lookahead": 1000 }