{ "Minimin": 35.506109, "Bellman": 20.857412, "Nancy": 20.857412, "Cserna": 32.726262, "Cserna Pemberton Belief": 32.726262, "K-Best 3": 21.774813, "K-Best 10": 21.659598, "K-Best 30": 26.099867, "Lookahead": 100 }