{ "Minimin": 32.273832, "Bellman": 21.579087, "Nancy": 21.579087, "Cserna": 23.078655, "Cserna Pemberton Belief": 25.772855, "K-Best 3": 19.981184, "K-Best 10": 20.901956, "K-Best 30": 20.974622, "Lookahead": 1000 }