{ "Minimin": 41.495387, "Bellman": 26.611996, "Nancy": 26.611996, "Cserna": 25.103775, "Cserna Pemberton Belief": 26.899858, "K-Best 3": 22.356383, "K-Best 10": 23.381406, "K-Best 30": 24.837264, "Lookahead": 100 }