{ "Minimin": 36.300756, "Bellman": 20.977430, "Nancy": 20.977430, "Cserna": 21.539442, "Cserna Pemberton Belief": 22.742320, "K-Best 3": 20.267162, "K-Best 10": 20.420135, "K-Best 30": 22.191623, "K-Best 3 Pemberton Belief": 46.109824, "K-Best 10 Pemberton Belief": 41.625080, "K-Best 30 Pemberton Belief": 30.730420, "Lookahead": 100 }