{ "Minimin": 32.273356, "Bellman": 22.171799, "Nancy": 22.171799, "Cserna": 29.820935, "Cserna Pemberton Belief": 23.498128, "K-Best 3": 21.728548, "K-Best 10": 22.028696, "K-Best 30": 24.949348, "Lookahead": 1000 }