{ "Minimin": 34.920580, "Bellman": 21.651686, "Nancy": 21.651686, "Cserna": 30.532984, "Cserna Pemberton Belief": 30.532984, "K-Best 3": 21.651686, "K-Best 10": 23.178520, "K-Best 30": 21.618827, "Lookahead": 100 }