{ "Minimin": 39.499436, "Bellman": 20.982938, "Nancy": 20.982938, "Cserna": 26.337626, "Cserna Pemberton Belief": 21.727127, "K-Best 3": 20.830917, "K-Best 10": 20.242934, "K-Best 30": 21.792151, "Lookahead": 1000 }