{ "Minimin": 41.949734, "Bellman": 24.162891, "Nancy": 24.162891, "Cserna": 28.680257, "Cserna Pemberton Belief": 28.680257, "K-Best 3": 24.747303, "K-Best 10": 27.964806, "K-Best 30": 27.964806, "Lookahead": 10 }