{ "Minimin": 33.970668, "Bellman": 22.107780, "Nancy": 22.107780, "Cserna": 22.241591, "Cserna Pemberton Belief": 25.953638, "K-Best 3": 20.464681, "K-Best 10": 25.527075, "K-Best 30": 21.667030, "Lookahead": 100 }