{ "Minimin": 32.756719, "Bellman": 25.777414, "Nancy": 26.462657, "Cserna": 25.324076, "Cserna Pemberton Belief": 25.116758, "K-Best 3": 25.227329, "K-Best 10": 25.324076, "K-Best 30": 25.324076, "Lookahead": 10 }