{ "Minimin": 34.697864, "Bellman": 20.399129, "Nancy": 20.399129, "Cserna": 35.356876, "Cserna Pemberton Belief": 35.356876, "K-Best 3": 20.416547, "K-Best 10": 22.155014, "K-Best 30": 22.651332, "Lookahead": 1000 }