{ "Minimin": 30.998888, "Bellman": 21.537038, "Nancy": 21.537038, "Cserna": 34.935471, "Cserna Pemberton Belief": 34.935471, "K-Best 3": 21.537038, "K-Best 10": 21.316393, "K-Best 30": 21.927397, "Lookahead": 1000 }