{ "Minimin": 31.889273, "Bellman": 22.305857, "Nancy": 22.305857, "Cserna": 30.857401, "Cserna Pemberton Belief": 30.857401, "K-Best 3": 21.865589, "K-Best 10": 21.288752, "K-Best 30": 22.243837, "Lookahead": 100 }