{ "Minimin": 36.172946, "Bellman": 21.624447, "Nancy": 21.624447, "Cserna": 24.912852, "Cserna Pemberton Belief": 28.907269, "K-Best 3": 25.057290, "K-Best 10": 24.912852, "K-Best 30": 24.912852, "Lookahead": 10 }