{ "Minimin": 35.340978, "Bellman": 22.035446, "Nancy": 22.035446, "Cserna": 34.115932, "Cserna Pemberton Belief": 34.115932, "K-Best 3": 25.228218, "K-Best 10": 25.113152, "K-Best 30": 25.113152, "Lookahead": 10 }