{ "Minimin": 36.503889, "Bellman": 21.529344, "Nancy": 21.529344, "Cserna": 23.404699, "Cserna Pemberton Belief": 24.497219, "K-Best 3": 22.693261, "K-Best 10": 21.893063, "K-Best 30": 24.012291, "K-Best 3 Pemberton Belief": 47.362490, "K-Best 10 Pemberton Belief": 36.624038, "K-Best 30 Pemberton Belief": 28.578843, "Lookahead": 100 }