{ "Minimin": 41.152760, "Bellman": 22.985756, "Nancy": 22.985756, "Cserna": 23.529395, "Cserna Pemberton Belief": 28.236475, "K-Best 3": 22.947139, "K-Best 10": 24.924255, "K-Best 30": 26.158098, "Lookahead": 100 }