{ "Minimin": 40.351745, "Bellman": 25.845976, "Nancy": 25.845976, "Cserna": 31.980808, "Cserna Pemberton Belief": 31.980808, "K-Best 3": 24.659129, "K-Best 10": 22.006556, "K-Best 30": 22.006556, "Lookahead": 10 }