{ "Minimin": 33.540508, "Bellman": 22.970005, "Nancy": 22.970005, "Cserna": 23.754751, "Cserna Pemberton Belief": 24.959551, "K-Best 3": 19.256848, "K-Best 10": 24.921506, "K-Best 30": 25.092607, "Lookahead": 100 }