{ "Minimin": 35.327762, "Bellman": 25.722941, "Nancy": 25.722941, "Cserna": 24.127189, "Cserna Pemberton Belief": 30.926711, "K-Best 3": 22.438419, "K-Best 10": 24.127189, "K-Best 30": 24.127189, "K-Best 3 Pemberton Belief": 30.098523, "K-Best 10 Pemberton Belief": 30.926711, "K-Best 30 Pemberton Belief": 30.926711, "Lookahead": 10 }