{ "Minimin": 35.638152, "Bellman": 22.438589, "Nancy": 22.438589, "Cserna": 33.749541, "Cserna Pemberton Belief": 33.749541, "K-Best 3": 22.683354, "K-Best 10": 23.984269, "K-Best 30": 25.494408, "Lookahead": 100 }