{ "Minimin": 36.253755, "Bellman": 23.794729, "Nancy": 23.794729, "Cserna": 25.327990, "Cserna Pemberton Belief": 27.798685, "K-Best 3": 24.765504, "K-Best 10": 22.342057, "K-Best 30": 23.666150, "K-Best 3 Pemberton Belief": 48.402314, "K-Best 10 Pemberton Belief": 37.360778, "K-Best 30 Pemberton Belief": 29.370898, "Lookahead": 100 }