{ "Minimin": 34.761835, "Bellman": 21.223463, "Nancy": 22.713987, "Cserna": 25.698876, "Cserna Pemberton Belief": 22.952997, "K-Best 3": 21.687013, "K-Best 10": 20.242890, "K-Best 30": 21.014102, "K-Best 3 Pemberton Belief": 40.783997, "K-Best 10 Pemberton Belief": 40.340713, "K-Best 30 Pemberton Belief": 44.369143, "Lookahead": 1000 }