{ "Minimin": 34.469870, "Bellman": 26.426829, "Nancy": 26.426829, "Cserna": 26.256675, "Cserna Pemberton Belief": 32.811806, "K-Best 3": 26.343767, "K-Best 10": 26.256675, "K-Best 30": 26.256675, "Lookahead": 10 }