{ "Minimin": 36.528865, "Bellman": 28.291226, "Nancy": 28.291226, "Cserna": 26.240599, "Cserna Pemberton Belief": 31.369252, "K-Best 3": 24.902820, "K-Best 10": 26.240599, "K-Best 30": 26.240599, "K-Best 3 Pemberton Belief": 35.547158, "K-Best 10 Pemberton Belief": 31.369252, "K-Best 30 Pemberton Belief": 31.369252, "Lookahead": 10 }