{ "Minimin": 35.798728, "Bellman": 21.302946, "Nancy": 21.302946, "Cserna": 25.002402, "Cserna Pemberton Belief": 23.125208, "K-Best 3": 21.302946, "K-Best 10": 23.738657, "K-Best 30": 22.999649, "Lookahead": 1000 }