{ "Minimin": 30.342709, "Bellman": 18.249647, "Nancy": 18.249647, "Cserna": 24.293344, "Cserna Pemberton Belief": 23.644681, "K-Best 3": 20.039561, "K-Best 10": 19.336357, "K-Best 30": 22.502108, "Lookahead": 1000 }