{ "Minimin": 37.725072, "Bellman": 21.974570, "Nancy": 21.974570, "Cserna": 24.643555, "Cserna Pemberton Belief": 24.806347, "K-Best 3": 21.970291, "K-Best 10": 23.259524, "K-Best 30": 25.149625, "Lookahead": 1000 }