{ "Minimin": 37.627651, "Bellman": 25.034545, "Nancy": 25.034545, "Cserna": 24.435706, "Cserna Pemberton Belief": 29.073106, "K-Best 3": 26.259578, "K-Best 10": 24.435706, "K-Best 30": 24.435706, "Lookahead": 10 }