{ "Minimin": 36.139938, "Bellman": 23.816314, "Nancy": 23.816314, "Cserna": 25.897232, "Cserna Pemberton Belief": 29.026224, "K-Best 3": 21.191153, "K-Best 10": 21.894699, "K-Best 30": 24.012458, "K-Best 3 Pemberton Belief": 42.789379, "K-Best 10 Pemberton Belief": 36.979794, "K-Best 30 Pemberton Belief": 29.064934, "Lookahead": 100 }