{ "Minimin": 33.615109, "Bellman": 23.170207, "Nancy": 23.170207, "Cserna": 36.560096, "Cserna Pemberton Belief": 36.560096, "K-Best 3": 22.118391, "K-Best 10": 23.769086, "K-Best 30": 22.829289, "Lookahead": 100 }