{ "Minimin": 38.457520, "Bellman": 22.358595, "Nancy": 23.626986, "Cserna": 23.886246, "Cserna Pemberton Belief": 25.237268, "K-Best 3": 20.839221, "K-Best 10": 21.573588, "K-Best 30": 25.721927, "Lookahead": 100 }