{ "Minimin": 37.022936, "Bellman": 25.865027, "Nancy": 25.865027, "Cserna": 29.324655, "Cserna Pemberton Belief": 32.224088, "K-Best 3": 28.886153, "K-Best 10": 29.324655, "K-Best 30": 29.324655, "Lookahead": 10 }