{ "Minimin": 35.125401, "Bellman": 25.270761, "Nancy": 25.270761, "Cserna": 36.121198, "Cserna Pemberton Belief": 36.121198, "K-Best 3": 25.496128, "K-Best 10": 27.136368, "K-Best 30": 27.136368, "Lookahead": 10 }