{ "Minimin": 30.743322, "Bellman": 21.904122, "Nancy": 21.904122, "Cserna": 24.529112, "Cserna Pemberton Belief": 24.842831, "K-Best 3": 22.459664, "K-Best 10": 22.979928, "K-Best 30": 24.662903, "Lookahead": 1000 }