{ "Minimin": 33.044068, "Bellman": 21.801110, "Nancy": 21.801110, "Cserna": 25.901637, "Cserna Pemberton Belief": 22.627342, "K-Best 3": 20.922263, "K-Best 10": 23.503984, "K-Best 30": 23.698546, "Lookahead": 1000 }