{ "Minimin": 40.172034, "Bellman": 24.484849, "Nancy": 24.484849, "Cserna": 25.274261, "Cserna Pemberton Belief": 28.240496, "K-Best 3": 26.635700, "K-Best 10": 25.274261, "K-Best 30": 25.274261, "Lookahead": 10 }