{ "Minimin": 32.088229, "Bellman": 22.812471, "Nancy": 22.812471, "Cserna": 34.081596, "Cserna Pemberton Belief": 34.081596, "K-Best 3": 22.812471, "K-Best 10": 20.691594, "K-Best 30": 22.069311, "Lookahead": 1000 }