{ "Minimin": 37.167535, "Bellman": 22.623022, "Nancy": 22.623022, "Cserna": 26.487809, "Cserna Pemberton Belief": 25.960701, "K-Best 3": 23.092554, "K-Best 10": 23.359302, "K-Best 30": 23.492469, "Lookahead": 100 }