{ "Minimin": 34.580296, "Bellman": 22.053547, "Nancy": 22.053547, "Cserna": 37.076567, "Cserna Pemberton Belief": 37.076567, "K-Best 3": 23.730541, "K-Best 10": 21.495165, "K-Best 30": 25.896962, "Lookahead": 100 }