{ "Minimin": 34.834637, "Bellman": 20.483483, "Nancy": 20.483483, "Cserna": 24.878566, "Cserna Pemberton Belief": 23.284474, "K-Best 3": 22.129924, "K-Best 10": 20.942946, "K-Best 30": 23.149316, "K-Best 3 Pemberton Belief": 45.908084, "K-Best 10 Pemberton Belief": 44.694104, "K-Best 30 Pemberton Belief": 38.693814, "Lookahead": 1000 }