{ "Minimin": 38.733034, "Bellman": 22.246316, "Nancy": 22.246316, "Cserna": 31.285145, "Cserna Pemberton Belief": 31.285145, "K-Best 3": 27.996844, "K-Best 10": 27.677174, "K-Best 30": 27.677174, "Lookahead": 10 }