{ "Minimin": 39.416803, "Bellman": 23.693245, "Nancy": 23.693245, "Cserna": 24.046699, "Cserna Pemberton Belief": 25.428485, "K-Best 3": 23.628615, "K-Best 10": 24.014939, "K-Best 30": 24.617608, "Lookahead": 100 }