{ "Minimin": 35.005680, "Bellman": 21.700464, "Nancy": 21.700464, "Cserna": 25.438224, "Cserna Pemberton Belief": 24.425124, "K-Best 3": 19.641120, "K-Best 10": 21.211361, "K-Best 30": 21.572250, "K-Best 3 Pemberton Belief": 44.867209, "K-Best 10 Pemberton Belief": 40.822453, "K-Best 30 Pemberton Belief": 42.084033, "Lookahead": 1000 }