{ "Minimin": 38.060502, "Bellman": 21.784248, "Nancy": 21.784248, "Cserna": 35.574797, "Cserna Pemberton Belief": 35.574797, "K-Best 3": 22.244898, "K-Best 10": 23.351831, "K-Best 30": 23.682068, "Lookahead": 100 }