{ "Minimin": 36.292527, "Bellman": 22.976009, "Nancy": 22.976009, "Cserna": 33.681241, "Cserna Pemberton Belief": 33.681241, "K-Best 3": 20.528121, "K-Best 10": 25.708381, "K-Best 30": 25.442886, "Lookahead": 100 }