{ "Minimin": 36.430655, "Bellman": 22.880827, "Nancy": 22.880827, "Cserna": 25.108206, "Cserna Pemberton Belief": 25.242151, "K-Best 3": 22.668939, "K-Best 10": 24.411301, "K-Best 30": 26.143452, "K-Best 3 Pemberton Belief": 43.773225, "K-Best 10 Pemberton Belief": 39.365926, "K-Best 30 Pemberton Belief": 31.096218, "Lookahead": 100 }