{ "Minimin": 30.630299, "Bellman": 21.452747, "Nancy": 21.452747, "Cserna": 31.037324, "Cserna Pemberton Belief": 31.037324, "K-Best 3": 21.639890, "K-Best 10": 20.735941, "K-Best 30": 21.179517, "Lookahead": 1000 }