{ "Minimin": 36.366533, "Bellman": 23.069924, "Nancy": 23.069924, "Cserna": 25.303429, "Cserna Pemberton Belief": 23.950901, "K-Best 3": 22.044598, "K-Best 10": 21.650431, "K-Best 30": 23.491055, "Lookahead": 1000 }