{ "Minimin": 36.981627, "Bellman": 21.339594, "Nancy": 21.339594, "Cserna": 32.614860, "Cserna Pemberton Belief": 32.614860, "K-Best 3": 20.959744, "K-Best 10": 24.623250, "K-Best 30": 24.422692, "Lookahead": 100 }