{ "Minimin": 38.760266, "Bellman": 26.178049, "Nancy": 26.178049, "Cserna": 35.047983, "Cserna Pemberton Belief": 35.047983, "K-Best 3": 24.086408, "K-Best 10": 27.725025, "K-Best 30": 27.725025, "Lookahead": 10 }