{ "Minimin": 35.886689, "Bellman": 26.400401, "Nancy": 26.400401, "Cserna": 32.986635, "Cserna Pemberton Belief": 32.986635, "K-Best 3": 25.795493, "K-Best 10": 26.115722, "K-Best 30": 26.115722, "Lookahead": 10 }