{ "Minimin": 34.521438, "Bellman": 24.167141, "Nancy": 24.167141, "Cserna": 25.724967, "Cserna Pemberton Belief": 30.067198, "K-Best 3": 25.934014, "K-Best 10": 25.724967, "K-Best 30": 25.724967, "K-Best 3 Pemberton Belief": 38.230214, "K-Best 10 Pemberton Belief": 30.067198, "K-Best 30 Pemberton Belief": 30.067198, "Lookahead": 10 }