{ "Minimin": 31.289483, "Bellman": 22.327143, "Nancy": 22.327143, "Cserna": 24.542751, "Cserna Pemberton Belief": 27.127139, "K-Best 3": 22.818793, "K-Best 10": 21.760489, "K-Best 30": 21.768458, "K-Best 3 Pemberton Belief": 45.591311, "K-Best 10 Pemberton Belief": 41.365034, "K-Best 30 Pemberton Belief": 30.236470, "Lookahead": 100 }