{ "Minimin": 45.410875, "Bellman": 25.471418, "Nancy": 25.471418, "Cserna": 27.058802, "Cserna Pemberton Belief": 34.418896, "K-Best 3": 28.258273, "K-Best 10": 27.058802, "K-Best 30": 27.058802, "Lookahead": 10 }