{ "Minimin": 44.069713, "Bellman": 21.730036, "Nancy": 21.730036, "Cserna": 23.549834, "Cserna Pemberton Belief": 23.850611, "K-Best 3": 23.207700, "K-Best 10": 22.697044, "K-Best 30": 24.404398, "K-Best 3 Pemberton Belief": 46.518860, "K-Best 10 Pemberton Belief": 44.948288, "K-Best 30 Pemberton Belief": 30.650210, "Lookahead": 100 }