{ "Minimin": 33.180172, "Bellman": 22.948182, "Nancy": 22.948182, "Cserna": 29.388688, "Cserna Pemberton Belief": 29.388688, "K-Best 3": 22.170418, "K-Best 10": 22.785013, "K-Best 30": 23.956380, "Lookahead": 100 }