{ "Minimin": 35.737689, "Bellman": 21.777313, "Nancy": 21.777313, "Cserna": 36.369768, "Cserna Pemberton Belief": 36.369768, "K-Best 3": 21.672804, "K-Best 10": 21.672804, "K-Best 30": 21.992563, "Lookahead": 1000 }