{ "Minimin": 30.482104, "Bellman": 22.837911, "Nancy": 22.837911, "Cserna": 33.600316, "Cserna Pemberton Belief": 33.600316, "K-Best 3": 21.330754, "K-Best 10": 21.330614, "K-Best 30": 24.236078, "Lookahead": 100 }