{ "Minimin": 34.390628, "Bellman": 22.120807, "Nancy": 22.120807, "Cserna": 35.181274, "Cserna Pemberton Belief": 35.181274, "K-Best 3": 21.757942, "K-Best 10": 21.495832, "K-Best 30": 22.782477, "Lookahead": 1000 }