{ "Minimin": 34.219899, "Bellman": 24.273376, "Nancy": 24.273376, "Cserna": 21.559771, "Cserna Pemberton Belief": 28.572942, "K-Best 3": 23.105697, "K-Best 10": 24.178054, "K-Best 30": 26.176588, "Lookahead": 100 }