{ "Minimin": 33.049896, "Bellman": 23.035130, "Nancy": 23.035130, "Cserna": 23.825246, "Cserna Pemberton Belief": 25.439061, "K-Best 3": 23.171669, "K-Best 10": 22.354359, "K-Best 30": 22.672553, "K-Best 3 Pemberton Belief": 43.369259, "K-Best 10 Pemberton Belief": 39.023008, "K-Best 30 Pemberton Belief": 31.072456, "Lookahead": 100 }