{ "Minimin": 34.534535, "Bellman": 24.223058, "Nancy": 24.223058, "Cserna": 34.759010, "Cserna Pemberton Belief": 34.759010, "K-Best 3": 25.940018, "K-Best 10": 27.678322, "K-Best 30": 27.678322, "Lookahead": 10 }