{ "Minimin": 38.333557, "Bellman": 21.921977, "Nancy": 21.921977, "Cserna": 22.602640, "Cserna Pemberton Belief": 25.856898, "K-Best 3": 21.921977, "K-Best 10": 23.528856, "K-Best 30": 26.089030, "K-Best 3 Pemberton Belief": 46.274239, "K-Best 10 Pemberton Belief": 42.594304, "K-Best 30 Pemberton Belief": 30.736600, "Lookahead": 100 }