{ "Minimin": 41.181652, "Bellman": 26.258031, "Nancy": 26.258031, "Cserna": 25.460515, "Cserna Pemberton Belief": 31.565719, "K-Best 3": 26.360138, "K-Best 10": 25.460515, "K-Best 30": 25.460515, "K-Best 3 Pemberton Belief": 35.034869, "K-Best 10 Pemberton Belief": 31.565719, "K-Best 30 Pemberton Belief": 31.565719, "Lookahead": 10 }