{ "Minimin": 38.432387, "Bellman": 20.631068, "Nancy": 20.631068, "Cserna": 25.684226, "Cserna Pemberton Belief": 25.733446, "K-Best 3": 21.554673, "K-Best 10": 20.088555, "K-Best 30": 20.609795, "Lookahead": 1000 }