{ "Minimin": 33.102119, "Bellman": 23.399317, "Nancy": 23.399317, "Cserna": 22.989583, "Cserna Pemberton Belief": 24.897684, "K-Best 3": 23.397227, "K-Best 10": 24.800782, "K-Best 30": 24.388624, "K-Best 3 Pemberton Belief": 44.963251, "K-Best 10 Pemberton Belief": 36.159324, "K-Best 30 Pemberton Belief": 31.795753, "Lookahead": 100 }