{ "Minimin": 31.944827, "Bellman": 20.293699, "Nancy": 20.293699, "Cserna": 37.125780, "Cserna Pemberton Belief": 37.125780, "K-Best 3": 21.102091, "K-Best 10": 21.889331, "K-Best 30": 21.182354, "Lookahead": 1000 }