{ "Minimin": 32.554608, "Bellman": 23.249559, "Nancy": 23.249559, "Cserna": 25.465635, "Cserna Pemberton Belief": 24.388095, "K-Best 3": 20.646416, "K-Best 10": 22.517854, "K-Best 30": 22.983785, "Lookahead": 1000 }