{ "Minimin": 36.016555, "Bellman": 26.573201, "Nancy": 26.573201, "Cserna": 27.589079, "Cserna Pemberton Belief": 28.419958, "K-Best 3": 25.151822, "K-Best 10": 27.589079, "K-Best 30": 27.589079, "Lookahead": 10 }