{ "Minimin": 33.031046, "Bellman": 25.215122, "Nancy": 25.215122, "Cserna": 26.652836, "Cserna Pemberton Belief": 31.745030, "K-Best 3": 25.465014, "K-Best 10": 26.652836, "K-Best 30": 26.652836, "Lookahead": 10 }