{ "Minimin": 36.093593, "Bellman": 21.670524, "Nancy": 21.670524, "Cserna": 23.847590, "Cserna Pemberton Belief": 25.059792, "K-Best 3": 21.545732, "K-Best 10": 24.521714, "K-Best 30": 23.931328, "Lookahead": 100 }