{ "Minimin": 37.010170, "Bellman": 24.237118, "Nancy": 24.237118, "Cserna": 25.470313, "Cserna Pemberton Belief": 29.264111, "K-Best 3": 25.260202, "K-Best 10": 24.617648, "K-Best 30": 23.978517, "K-Best 3 Pemberton Belief": 41.927778, "K-Best 10 Pemberton Belief": 41.408661, "K-Best 30 Pemberton Belief": 31.482009, "Lookahead": 100 }