{ "Minimin": 39.885549, "Bellman": 23.791852, "Nancy": 23.791852, "Cserna": 23.857845, "Cserna Pemberton Belief": 29.686310, "K-Best 3": 24.242945, "K-Best 10": 24.358077, "K-Best 30": 26.817758, "Lookahead": 100 }