{ "Minimin": 36.956082, "Bellman": 21.994052, "Nancy": 21.463646, "Cserna": 38.001851, "Cserna Pemberton Belief": 38.001851, "K-Best 3": 21.990838, "K-Best 10": 22.043609, "K-Best 30": 21.416753, "Lookahead": 1000 }