{ "Minimin": 32.581118, "Bellman": 22.133677, "Nancy": 22.133677, "Cserna": 30.451930, "Cserna Pemberton Belief": 30.451930, "K-Best 3": 22.471678, "K-Best 10": 24.670989, "K-Best 30": 22.172242, "Lookahead": 100 }