{ "Minimin": 36.529915, "Bellman": 23.824674, "Nancy": 23.824674, "Cserna": 25.518058, "Cserna Pemberton Belief": 28.035904, "K-Best 3": 28.748685, "K-Best 10": 25.518058, "K-Best 30": 25.518058, "K-Best 3 Pemberton Belief": 37.307217, "K-Best 10 Pemberton Belief": 28.035904, "K-Best 30 Pemberton Belief": 28.035904, "Lookahead": 10 }