{ "Minimin": 37.588399, "Bellman": 22.014828, "Nancy": 22.014828, "Cserna": 24.743401, "Cserna Pemberton Belief": 25.304235, "K-Best 3": 21.146304, "K-Best 10": 22.133536, "K-Best 30": 22.732973, "K-Best 3 Pemberton Belief": 43.606585, "K-Best 10 Pemberton Belief": 42.193671, "K-Best 30 Pemberton Belief": 41.273140, "Lookahead": 1000 }