{ "Minimin": 36.038308, "Bellman": 24.010602, "Nancy": 24.010602, "Cserna": 34.698964, "Cserna Pemberton Belief": 34.698964, "K-Best 3": 24.227331, "K-Best 10": 27.543142, "K-Best 30": 27.543142, "Lookahead": 10 }