{ "Minimin": 38.908972, "Bellman": 23.644244, "Nancy": 23.644244, "Cserna": 29.852148, "Cserna Pemberton Belief": 29.852148, "K-Best 3": 21.556397, "K-Best 10": 21.498150, "K-Best 30": 25.793299, "Lookahead": 100 }