{ "Minimin": 35.346630, "Bellman": 24.379742, "Nancy": 24.379742, "Cserna": 31.401164, "Cserna Pemberton Belief": 31.401164, "K-Best 3": 21.843607, "K-Best 10": 22.193359, "K-Best 30": 23.631449, "Lookahead": 100 }