{ "Minimin": 33.285399, "Bellman": 27.785300, "Nancy": 27.785300, "Cserna": 30.038464, "Cserna Pemberton Belief": 30.038464, "K-Best 3": 25.446980, "K-Best 10": 26.579207, "K-Best 30": 26.579207, "Lookahead": 10 }