{ "Minimin": 32.848048, "Bellman": 20.889178, "Nancy": 20.889178, "Cserna": 35.551547, "Cserna Pemberton Belief": 35.551547, "K-Best 3": 20.889178, "K-Best 10": 21.217797, "K-Best 30": 23.119568, "Lookahead": 1000 }