{ "Minimin": 33.438829, "Bellman": 21.982777, "Nancy": 21.982777, "Cserna": 25.235948, "Cserna Pemberton Belief": 26.701544, "K-Best 3": 21.922206, "K-Best 10": 21.966206, "K-Best 30": 22.700425, "Lookahead": 100 }