{ "Minimin": 37.136491, "Bellman": 26.893860, "Nancy": 26.893860, "Cserna": 27.198094, "Cserna Pemberton Belief": 28.187975, "K-Best 3": 22.186495, "K-Best 10": 27.198094, "K-Best 30": 27.198094, "Lookahead": 10 }