{ "Minimin": 34.666122, "Bellman": 22.185258, "Nancy": 22.185258, "Cserna": 23.448575, "Cserna Pemberton Belief": 23.566709, "K-Best 3": 22.252477, "K-Best 10": 20.864057, "K-Best 30": 20.864057, "Lookahead": 1000 }