{ "Minimin": 38.622855, "Bellman": 23.204108, "Nancy": 23.204108, "Cserna": 32.641476, "Cserna Pemberton Belief": 32.641476, "K-Best 3": 22.105100, "K-Best 10": 22.665008, "K-Best 30": 22.665008, "Lookahead": 100 }