{ "Minimin": 37.489213, "Bellman": 25.139142, "Nancy": 25.139142, "Cserna": 33.226174, "Cserna Pemberton Belief": 33.226174, "K-Best 3": 24.935028, "K-Best 10": 24.219016, "K-Best 30": 24.219016, "Lookahead": 10 }