{ "Minimin": 39.024218, "Bellman": 23.375934, "Nancy": 23.375934, "Cserna": 33.817368, "Cserna Pemberton Belief": 33.817368, "K-Best 3": 24.137929, "K-Best 10": 22.214345, "K-Best 30": 23.630927, "Lookahead": 100 }