{ "Minimin": 41.191511, "Bellman": 29.447252, "Nancy": 29.447252, "Cserna": 33.009619, "Cserna Pemberton Belief": 33.009619, "K-Best 3": 26.007978, "K-Best 10": 27.900479, "K-Best 30": 27.900479, "Lookahead": 10 }