{ "Minimin": 40.155683, "Bellman": 22.304162, "Nancy": 22.304162, "Cserna": 32.867116, "Cserna Pemberton Belief": 32.867116, "K-Best 3": 24.399404, "K-Best 10": 23.045099, "K-Best 30": 24.104478, "Lookahead": 100 }