{ "Minimin": 33.890518, "Bellman": 20.734277, "Nancy": 20.734277, "Cserna": 22.649587, "Cserna Pemberton Belief": 23.557765, "K-Best 3": 21.225012, "K-Best 10": 21.152958, "K-Best 30": 22.048707, "K-Best 3 Pemberton Belief": 36.372122, "K-Best 10 Pemberton Belief": 41.143484, "K-Best 30 Pemberton Belief": 43.049639, "Lookahead": 1000 }