{ "Minimin": 37.457686, "Bellman": 26.992177, "Nancy": 26.992177, "Cserna": 25.610613, "Cserna Pemberton Belief": 27.698120, "K-Best 3": 24.799253, "K-Best 10": 25.610613, "K-Best 30": 25.610613, "K-Best 3 Pemberton Belief": 31.272441, "K-Best 10 Pemberton Belief": 27.698120, "K-Best 30 Pemberton Belief": 27.698120, "Lookahead": 10 }