{ "Minimin": 41.361496, "Bellman": 26.159500, "Nancy": 26.159500, "Cserna": 28.295359, "Cserna Pemberton Belief": 32.564765, "K-Best 3": 27.371407, "K-Best 10": 28.295359, "K-Best 30": 28.295359, "Lookahead": 10 }