{ "Minimin": 31.835220, "Bellman": 23.074993, "Nancy": 23.074993, "Cserna": 26.500447, "Cserna Pemberton Belief": 23.473763, "K-Best 3": 22.259156, "K-Best 10": 22.466273, "K-Best 30": 26.715639, "Lookahead": 1000 }