{ "Minimin": 37.238328, "Bellman": 24.842212, "Nancy": 24.842212, "Cserna": 26.465000, "Cserna Pemberton Belief": 27.612907, "K-Best 3": 23.570953, "K-Best 10": 26.465000, "K-Best 30": 26.465000, "Lookahead": 10 }