{ "Minimin": 41.165353, "Bellman": 21.755671, "Nancy": 21.755671, "Cserna": 24.300242, "Cserna Pemberton Belief": 27.551839, "K-Best 3": 22.042802, "K-Best 10": 21.614065, "K-Best 30": 24.126716, "Lookahead": 100 }