{ "Minimin": 38.709604, "Bellman": 20.660924, "Nancy": 20.660924, "Cserna": 23.809960, "Cserna Pemberton Belief": 22.148729, "K-Best 3": 20.734491, "K-Best 10": 21.459993, "K-Best 30": 21.984957, "K-Best 3 Pemberton Belief": 46.916294, "K-Best 10 Pemberton Belief": 39.658332, "K-Best 30 Pemberton Belief": 42.641495, "Lookahead": 1000 }