{ "Minimin": 37.998561, "Bellman": 22.132825, "Nancy": 22.132825, "Cserna": 30.138115, "Cserna Pemberton Belief": 30.138115, "K-Best 3": 19.936446, "K-Best 10": 21.348502, "K-Best 30": 21.850346, "Lookahead": 100 }