{ "Minimin": 37.622547, "Bellman": 21.996900, "Nancy": 21.996900, "Cserna": 31.887769, "Cserna Pemberton Belief": 31.887769, "K-Best 3": 23.206121, "K-Best 10": 21.149844, "K-Best 30": 22.849774, "Lookahead": 1000 }