{ "Minimin": 39.045336, "Bellman": 22.554867, "Nancy": 23.310453, "Cserna": 34.198130, "Cserna Pemberton Belief": 34.198130, "K-Best 3": 23.161835, "K-Best 10": 23.149014, "K-Best 30": 24.098615, "Lookahead": 100 }