{ "Minimin": 38.104029, "Bellman": 22.411066, "Nancy": 22.411066, "Cserna": 22.880836, "Cserna Pemberton Belief": 28.711048, "K-Best 3": 21.470322, "K-Best 10": 22.636894, "K-Best 30": 22.254621, "Lookahead": 100 }