{ "Minimin": 35.225820, "Bellman": 22.620952, "Nancy": 22.620952, "Cserna": 35.526087, "Cserna Pemberton Belief": 35.526087, "K-Best 3": 22.128626, "K-Best 10": 22.324045, "K-Best 30": 22.598553, "Lookahead": 100 }