{ "Minimin": 33.966900, "Bellman": 22.468235, "Nancy": 22.468235, "Cserna": 25.555047, "Cserna Pemberton Belief": 25.183401, "K-Best 3": 24.129987, "K-Best 10": 25.657635, "K-Best 30": 25.112520, "Lookahead": 100 }