{ "Minimin": 33.163729, "Bellman": 21.838294, "Nancy": 21.838294, "Cserna": 26.122031, "Cserna Pemberton Belief": 26.341344, "K-Best 3": 21.838294, "K-Best 10": 22.782228, "K-Best 30": 23.781435, "Lookahead": 1000 }