{ "Minimin": 36.082894, "Bellman": 24.498473, "Nancy": 24.498473, "Cserna": 31.719409, "Cserna Pemberton Belief": 31.719409, "K-Best 3": 22.719223, "K-Best 10": 23.649194, "K-Best 30": 23.649194, "Lookahead": 10 }