{ "Minimin": 34.938669, "Bellman": 27.899177, "Nancy": 27.899177, "Cserna": 34.522502, "Cserna Pemberton Belief": 34.522502, "K-Best 3": 26.635378, "K-Best 10": 27.487737, "K-Best 30": 27.487737, "Lookahead": 10 }