{ "Minimin": 32.176127, "Bellman": 21.356400, "Nancy": 21.356400, "Cserna": 29.080777, "Cserna Pemberton Belief": 26.022754, "K-Best 3": 21.512169, "K-Best 10": 21.678471, "K-Best 30": 21.622444, "Lookahead": 1000 }