{ "Minimin": 32.734611, "Bellman": 23.458679, "Nancy": 23.458679, "Cserna": 28.214633, "Cserna Pemberton Belief": 28.214633, "K-Best 3": 21.966668, "K-Best 10": 24.242204, "K-Best 30": 25.650582, "Lookahead": 100 }