{ "Minimin": 34.933354, "Bellman": 21.362617, "Nancy": 21.362617, "Cserna": 23.511310, "Cserna Pemberton Belief": 26.251836, "K-Best 3": 22.816354, "K-Best 10": 23.329143, "K-Best 30": 24.670405, "Lookahead": 100 }