{ "BFS": 3.199577, "A*": 2.925620, "F-Hat": 3.023861, "Risk": 2.925620, "Lookahead": 100 }