{ "BFS": 2.710389, "A*": 2.710389, "F-Hat": 2.812895, "Risk": 2.812895, "Lookahead": 10 }