{ "BFS": 3.092435, "A*": 3.092435, "F-Hat": 3.092435, "Risk": 3.791607, "Lookahead": 1000 }