{ "BFS": 2.184221, "A*": 2.184221, "F-Hat": 2.184221, "Risk": 2.971126, "Lookahead": 1000 }