{ "BFS": 2.519532, "A*": 2.519532, "F-Hat": 2.519532, "Risk": 2.519532, "Lookahead": 10 }