{ "BFS": 3.042178, "A*": 3.042178, "F-Hat": 3.616204, "Risk": 3.565699, "Lookahead": 1000 }