{ "BFS": 2.816993, "A*": 2.753896, "F-Hat": 2.880563, "Risk": 2.816993, "Lookahead": 100 }