{ "BFS": 2.275439, "A*": 2.275439, "F-Hat": 2.876284, "Risk": 2.275439, "Lookahead": 1000 }