{ "BFS": 2.905898, "A*": 2.905898, "F-Hat": 2.905898, "Risk": 3.371041, "Lookahead": 10 }