{ "BFS": 3.730515, "A*": 2.432056, "F-Hat": 3.094028, "Risk": 2.432056, "Lookahead": 10 }