{ "BFS": 2.588916, "A*": 2.588916, "F-Hat": 2.658793, "Risk": 2.658793, "Lookahead": 100 }