{ "BFS": 3.680544, "A*": 3.738220, "F-Hat": 3.822544, "Risk": 3.398115, "Lookahead": 10 }