{ "BFS": 2.016564, "A*": 2.016564, "F-Hat": 2.016564, "Risk": 2.016564, "Lookahead": 10 }