{ "BFS": 2.300829, "A*": 2.300829, "F-Hat": 2.300829, "Risk": 2.300829, "Lookahead": 10 }