{ "BFS": 2.562973, "A*": 2.562973, "F-Hat": 3.112096, "Risk": 2.562973, "Lookahead": 10 }