{ "BFS": 3.198063, "A*": 3.198063, "F-Hat": 3.371545, "Risk": 3.198063, "Lookahead": 100 }