{ "BFS": 2.603843, "A*": 2.603843, "F-Hat": 2.603843, "Risk": 2.963882, "Lookahead": 1000 }