{ "BFS": 3.658457, "A*": 2.770803, "F-Hat": 2.770803, "Risk": 2.770803, "Lookahead": 10 }