{ "BFS": 3.080984, "A*": 2.888599, "F-Hat": 2.888599, "Risk": 2.888599, "Lookahead": 100 }