{ "BFS": 1.681486, "A*": 1.681486, "F-Hat": 1.945807, "Risk": 1.681486, "Lookahead": 100 }