{ "BFS": 2.931973, "A*": 2.446490, "F-Hat": 2.931973, "Risk": 2.564220, "Lookahead": 10 }