{ "BFS": 2.772554, "A*": 2.772554, "F-Hat": 3.644272, "Risk": 2.772554, "Lookahead": 100 }