{ "BFS": 2.817646, "A*": 2.552972, "F-Hat": 2.685695, "Risk": 2.734027, "Lookahead": 100 }