{ "BFS": 2.442995, "A*": 2.442995, "F-Hat": 2.948118, "Risk": 2.442995, "Lookahead": 100 }