{ "BFS": 2.385507, "A*": 2.385507, "F-Hat": 2.452270, "Risk": 2.436592, "Lookahead": 1000 }