{ "BFS": 1.935869, "A*": 1.935869, "F-Hat": 2.535300, "Risk": 1.935869, "Lookahead": 1000 }