{ "BFS": 2.776434, "A*": 2.201499, "F-Hat": 2.201499, "Risk": 2.201499, "Lookahead": 100 }