{ "BFS": 2.040540, "A*": 1.939030, "F-Hat": 2.040540, "Risk": 1.939030, "Lookahead": 10 }