{ "BFS": 3.474995, "A*": 3.474995, "F-Hat": 3.799962, "Risk": 3.606614, "Lookahead": 10 }