{ "BFS": 3.540453, "A*": 2.958623, "F-Hat": 2.775405, "Risk": 2.552241, "Lookahead": 10 }