{ "BFS": 2.676222, "A*": 2.445348, "F-Hat": 2.610371, "Risk": 2.283886, "Lookahead": 10 }