{ "BFS": 2.394497, "A*": 2.394497, "F-Hat": 3.006577, "Risk": 2.394497, "Lookahead": 1000 }