{ "BFS": 2.719906, "A*": 2.719906, "F-Hat": 3.074974, "Risk": 2.719906, "Lookahead": 100 }