{ "BFS": 3.037069, "A*": 3.037069, "F-Hat": 3.742567, "Risk": 4.228012, "Lookahead": 1000 }