{ "BFS": 2.598384, "A*": 1.960250, "F-Hat": 2.786269, "Risk": 2.525812, "Lookahead": 100 }