{ "BFS": 2.925677, "A*": 2.696978, "F-Hat": 2.696978, "Risk": 2.130692, "Lookahead": 10 }