{ "BFS": 3.563846, "A*": 3.563846, "F-Hat": 3.563846, "Risk": 3.444067, "Lookahead": 10 }