{ "BFS": 3.685593, "A*": 3.498605, "F-Hat": 3.705061, "Risk": 3.255010, "Lookahead": 10 }