{ "BFS": 2.939917, "A*": 2.939917, "F-Hat": 3.001162, "Risk": 3.001162, "Lookahead": 1000 }