{ "BFS": 3.047524, "A*": 3.047524, "F-Hat": 3.100994, "Risk": 3.337366, "Lookahead": 1000 }