{ "BFS": 3.096659, "A*": 2.815548, "F-Hat": 2.815548, "Risk": 2.815548, "Lookahead": 100 }