{ "BFS": 2.358911, "A*": 2.255462, "F-Hat": 2.358911, "Risk": 3.720490, "Lookahead": 100 }