{ "BFS": 3.074536, "A*": 2.327338, "F-Hat": 2.624020, "Risk": 2.327338, "Lookahead": 10 }