{ "BFS": 2.748994, "A*": 2.695863, "F-Hat": 2.748994, "Risk": 2.997466, "Lookahead": 100 }