{ "BFS": 3.235364, "A*": 2.307466, "F-Hat": 3.235364, "Risk": 2.419486, "Lookahead": 10 }