{ "BFS": 1.947379, "A*": 1.947379, "F-Hat": 2.042577, "Risk": 2.042577, "Lookahead": 1000 }