{ "BFS": 2.219105, "A*": 2.219105, "F-Hat": 2.781315, "Risk": 2.713571, "Lookahead": 1000 }