{ "BFS": 2.540931, "A*": 2.249313, "F-Hat": 2.249313, "Risk": 3.302824, "Lookahead": 10 }