{ "BFS": 2.587123, "A*": 2.587123, "F-Hat": 2.587123, "Risk": 2.587123, "Lookahead": 10 }