{ "BFS": 2.628972, "A*": 2.628972, "F-Hat": 2.825772, "Risk": 2.825772, "Lookahead": 10 }