{ "BFS": 3.747203, "A*": 3.634480, "F-Hat": 3.626174, "Risk": 3.634480, "Lookahead": 10 }