{ "BFS": 2.211584, "A*": 2.211584, "F-Hat": 2.211584, "Risk": 2.211584, "Lookahead": 1000 }