{ "BFS": 2.245539, "A*": 2.245539, "F-Hat": 2.245539, "Risk": 3.079972, "Lookahead": 10 }