{ "BFS": 3.483973, "A*": 3.483973, "F-Hat": 3.670959, "Risk": 3.483973, "Lookahead": 10 }