{ "BFS": 2.676587, "A*": 2.587334, "F-Hat": 2.587334, "Risk": 3.050382, "Lookahead": 10 }