{ "BFS": 1.760971, "A*": 1.760971, "F-Hat": 2.370769, "Risk": 1.760971, "Lookahead": 1000 }