{ "BFS": 2.077029, "A*": 2.077029, "F-Hat": 2.314899, "Risk": 2.579316, "Lookahead": 10 }