{ "BFS": 2.971175, "A*": 2.838966, "F-Hat": 3.273716, "Risk": 3.276715, "Lookahead": 100 }