{ "BFS": 2.835790, "A*": 2.835790, "F-Hat": 2.835790, "Risk": 2.835790, "Lookahead": 100 }