{ "BFS": 1.416659, "A*": 1.416659, "F-Hat": 1.416659, "Risk": 1.416659, "Lookahead": 1000 }