{ "BFS": 2.228853, "A*": 2.228853, "F-Hat": 2.901748, "Risk": 2.228853, "Lookahead": 100 }