{ "BFS": 1.849810, "A*": 1.849810, "F-Hat": 1.849810, "Risk": 1.849810, "Lookahead": 1000 }