{ "BFS": 2.537710, "A*": 2.537710, "F-Hat": 2.733719, "Risk": 2.710977, "Lookahead": 100 }