{ "BFS": 2.691076, "A*": 2.691076, "F-Hat": 2.790811, "Risk": 3.034032, "Lookahead": 100 }