{ "BFS": 2.123207, "A*": 2.123207, "F-Hat": 2.473042, "Risk": 2.565092, "Lookahead": 100 }