{ "BFS": 2.767098, "A*": 2.767098, "F-Hat": 3.059408, "Risk": 2.767098, "Lookahead": 10 }