{ "BFS": 2.562044, "A*": 2.562044, "F-Hat": 1.347430, "Risk": 1.347430, "Lookahead": 10 }