{ "BFS": 2.021393, "A*": 2.021393, "F-Hat": 2.021393, "Risk": 2.462272, "Lookahead": 10 }