{ "BFS": 2.647664, "A*": 2.443228, "F-Hat": 3.143864, "Risk": 2.632385, "Lookahead": 10 }