{ "BFS": 2.845476, "A*": 2.407305, "F-Hat": 2.634839, "Risk": 2.634839, "Lookahead": 100 }