{ "BFS": 2.505082, "A*": 2.505082, "F-Hat": 3.151727, "Risk": 2.685414, "Lookahead": 1000 }