{ "BFS": 2.084515, "A*": 2.084515, "F-Hat": 2.084515, "Risk": 2.084515, "Lookahead": 100 }