{ "BFS": 2.980356, "A*": 2.980356, "F-Hat": 2.980356, "Risk": 3.131142, "Lookahead": 1000 }