{ "BFS": 2.608766, "A*": 2.608766, "F-Hat": 2.871327, "Risk": 2.608766, "Lookahead": 1000 }