{ "BFS": 2.322072, "A*": 2.322072, "F-Hat": 2.422701, "Risk": 2.520960, "Lookahead": 1000 }