{ "BFS": 2.408280, "A*": 2.408280, "F-Hat": 2.479471, "Risk": 2.441043, "Lookahead": 1000 }