{ "BFS": 2.701969, "A*": 2.400823, "F-Hat": 2.701969, "Risk": 2.680017, "Lookahead": 10 }