{ "BFS": 2.300035, "A*": 2.300035, "F-Hat": 2.300035, "Risk": 2.300035, "Lookahead": 1000 }