{ "BFS": 2.126234, "A*": 2.126234, "F-Hat": 2.807530, "Risk": 2.178551, "Lookahead": 1000 }