{ "BFS": 2.576288, "A*": 1.898842, "F-Hat": 1.898842, "Risk": 1.898842, "Lookahead": 10 }