{ "BFS": 3.036330, "A*": 2.860092, "F-Hat": 3.036330, "Risk": 3.036330, "Lookahead": 100 }