{ "BFS": 2.834579, "A*": 2.834579, "F-Hat": 3.617255, "Risk": 3.330999, "Lookahead": 100 }