{ "BFS": 2.431392, "A*": 2.431392, "F-Hat": 3.034779, "Risk": 2.948058, "Lookahead": 100 }