{ "BFS": 2.771297, "A*": 2.771297, "F-Hat": 3.398874, "Risk": 2.965548, "Lookahead": 100 }