{ "BFS": 2.742199, "A*": 2.335888, "F-Hat": 2.984151, "Risk": 3.139864, "Lookahead": 100 }