{ "BFS": 2.451008, "A*": 2.249883, "F-Hat": 2.880671, "Risk": 2.249883, "Lookahead": 100 }