{ "BFS": 3.862952, "A*": 3.862952, "F-Hat": 3.894635, "Risk": 3.327081, "Lookahead": 10 }