{ "BFS": 3.518884, "A*": 3.133321, "F-Hat": 3.133321, "Risk": 4.056260, "Lookahead": 10 }