{ "BFS": 2.703852, "A*": 2.703852, "F-Hat": 3.421618, "Risk": 2.703852, "Lookahead": 100 }