{ "BFS": 2.884563, "A*": 2.269593, "F-Hat": 2.377380, "Risk": 2.377380, "Lookahead": 100 }