{ "BFS": 2.861648, "A*": 2.861648, "F-Hat": 2.917492, "Risk": 2.879535, "Lookahead": 1000 }