{ "BFS": 2.685871, "A*": 2.685871, "F-Hat": 2.685871, "Risk": 2.685871, "Lookahead": 10 }