{ "BFS": 2.994967, "A*": 2.994967, "F-Hat": 2.994967, "Risk": 2.673471, "Lookahead": 10 }