{ "BFS": 2.834680, "A*": 2.760637, "F-Hat": 3.377564, "Risk": 3.377564, "Lookahead": 10 }