{ "BFS": 3.107647, "A*": 2.681970, "F-Hat": 3.546153, "Risk": 2.681970, "Lookahead": 100 }