{ "BFS": 2.474028, "A*": 2.282678, "F-Hat": 2.489981, "Risk": 2.474028, "Lookahead": 100 }