{ "BFS": 2.685050, "A*": 2.685050, "F-Hat": 3.227018, "Risk": 2.948475, "Lookahead": 1000 }