{ "BFS": 2.842173, "A*": 2.842173, "F-Hat": 3.713547, "Risk": 3.016381, "Lookahead": 1000 }