{ "BFS": 3.501438, "A*": 3.369093, "F-Hat": 3.635060, "Risk": 3.541992, "Lookahead": 100 }