{ "BFS": 2.882898, "A*": 2.870694, "F-Hat": 3.389880, "Risk": 3.298444, "Lookahead": 100 }