{ "BFS": 3.185995, "A*": 3.027967, "F-Hat": 3.295475, "Risk": 2.308507, "Lookahead": 10 }