{ "BFS": 2.306122, "A*": 2.306122, "F-Hat": 2.443819, "Risk": 2.443819, "Lookahead": 100 }