{ "BFS": 2.535191, "A*": 2.535191, "F-Hat": 3.203103, "Risk": 2.845099, "Lookahead": 1000 }