{ "BFS": 2.448404, "A*": 2.361441, "F-Hat": 2.928627, "Risk": 2.448404, "Lookahead": 100 }