{ "BFS": 2.678730, "A*": 2.605411, "F-Hat": 3.116784, "Risk": 2.605411, "Lookahead": 100 }