{ "BFS": 4.145555, "A*": 2.993406, "F-Hat": 3.781087, "Risk": 3.547430, "Lookahead": 10 }