{ "BFS": 2.317576, "A*": 2.447684, "F-Hat": 2.447684, "Risk": 2.447684, "Lookahead": 10 }