{ "BFS": 2.864818, "A*": 2.864818, "F-Hat": 3.108746, "Risk": 3.127474, "Lookahead": 100 }