{ "BFS": 2.584958, "A*": 2.024330, "F-Hat": 2.024330, "Risk": 2.024330, "Lookahead": 10 }