{ "BFS": 2.316539, "A*": 2.316539, "F-Hat": 2.711398, "Risk": 2.349202, "Lookahead": 1000 }