{ "BFS": 2.585051, "A*": 2.585051, "F-Hat": 2.787738, "Risk": 2.585051, "Lookahead": 1000 }