{ "BFS": 2.593857, "A*": 2.593857, "F-Hat": 3.115603, "Risk": 2.207559, "Lookahead": 10 }