{ "BFS": 2.786930, "A*": 2.786930, "F-Hat": 3.235553, "Risk": 3.151075, "Lookahead": 100 }