{ "BFS": 2.625556, "A*": 2.625556, "F-Hat": 2.625556, "Risk": 2.625556, "Lookahead": 10 }