{ "BFS": 2.987201, "A*": 2.161995, "F-Hat": 2.987201, "Risk": 2.161995, "Lookahead": 10 }