{ "BFS": 1.622703, "A*": 1.622703, "F-Hat": 1.622703, "Risk": 2.010700, "Lookahead": 100 }