{ "BFS": 2.987344, "A*": 2.987344, "F-Hat": 2.987344, "Risk": 3.039676, "Lookahead": 1000 }