{ "BFS": 2.204388, "A*": 2.204388, "F-Hat": 2.306091, "Risk": 2.465618, "Lookahead": 1000 }