{ "BFS": 1.856778, "A*": 1.856778, "F-Hat": 1.856778, "Risk": 1.856778, "Lookahead": 10 }