{ "BFS": 3.113339, "A*": 2.797324, "F-Hat": 2.797324, "Risk": 2.797324, "Lookahead": 10 }