{ "BFS": 2.679872, "A*": 2.679872, "F-Hat": 3.163476, "Risk": 2.679872, "Lookahead": 1000 }