{ "BFS": 3.626663, "A*": 3.185293, "F-Hat": 3.185293, "Risk": 3.510257, "Lookahead": 10 }