{ "BFS": 1.673162, "A*": 1.673162, "F-Hat": 1.761961, "Risk": 1.761961, "Lookahead": 1000 }