{ "BFS": 2.196650, "A*": 2.196650, "F-Hat": 2.878396, "Risk": 2.196650, "Lookahead": 100 }