{ "BFS": 2.864715, "A*": 2.851903, "F-Hat": 2.864715, "Risk": 2.851903, "Lookahead": 10 }