{ "BFS": 3.001319, "A*": 3.001319, "F-Hat": 3.262948, "Risk": 2.682070, "Lookahead": 10 }