{ "BFS": 2.468268, "A*": 2.390862, "F-Hat": 2.468268, "Risk": 2.390862, "Lookahead": 10 }