{ "BFS": 3.334839, "A*": 3.334839, "F-Hat": 2.459725, "Risk": 2.459725, "Lookahead": 10 }