{ "BFS": 3.939035, "A*": 3.160563, "F-Hat": 3.430813, "Risk": 3.407611, "Lookahead": 10 }