{ "BFS": 2.757509, "A*": 2.757509, "F-Hat": 2.757509, "Risk": 3.094458, "Lookahead": 100 }