{ "BFS": 3.227529, "A*": 3.227529, "F-Hat": 3.589306, "Risk": 3.342548, "Lookahead": 10 }