{ "BFS": 2.270173, "A*": 2.338773, "F-Hat": 2.338773, "Risk": 2.338773, "Lookahead": 10 }