{ "BFS": 3.047232, "A*": 2.946439, "F-Hat": 3.376577, "Risk": 3.047232, "Lookahead": 100 }