{ "BFS": 2.470136, "A*": 2.192349, "F-Hat": 2.470136, "Risk": 2.192349, "Lookahead": 10 }