{ "BFS": 2.093714, "A*": 2.093714, "F-Hat": 2.300984, "Risk": 2.093714, "Lookahead": 100 }