{ "BFS": 2.462726, "A*": 2.462726, "F-Hat": 2.462726, "Risk": 2.816148, "Lookahead": 10 }