{ "BFS": 2.962946, "A*": 2.962946, "F-Hat": 3.029505, "Risk": 3.222050, "Lookahead": 1000 }