{ "BFS": 2.726851, "A*": 2.726851, "F-Hat": 2.726851, "Risk": 2.726851, "Lookahead": 10 }