{ "BFS": 1.848904, "A*": 2.383781, "F-Hat": 2.386223, "Risk": 2.315360, "Lookahead": 10 }