{ "BFS": 2.099690, "A*": 2.099690, "F-Hat": 2.155196, "Risk": 2.668921, "Lookahead": 10 }