{ "BFS": 3.185303, "A*": 3.327730, "F-Hat": 3.258568, "Risk": 3.579603, "Lookahead": 10 }