{ "BFS": 2.112249, "A*": 2.488058, "F-Hat": 2.488058, "Risk": 2.488058, "Lookahead": 10 }