{ "BFS": 2.512643, "A*": 2.512643, "F-Hat": 2.797564, "Risk": 3.087492, "Lookahead": 1000 }