{ "BFS": 2.881182, "A*": 2.881182, "F-Hat": 3.456057, "Risk": 3.574297, "Lookahead": 1000 }