{ "BFS": 3.092471, "A*": 3.092471, "F-Hat": 2.711275, "Risk": 3.434211, "Lookahead": 10 }