{ "BFS": 2.645045, "A*": 2.645045, "F-Hat": 2.645045, "Risk": 2.645045, "Lookahead": 100 }