{ "BFS": 2.088435, "A*": 2.088435, "F-Hat": 2.104240, "Risk": 2.104240, "Lookahead": 100 }