{ "BFS": 2.545788, "A*": 2.289846, "F-Hat": 2.545788, "Risk": 2.289846, "Lookahead": 100 }