{ "BFS": 2.980439, "A*": 2.357939, "F-Hat": 2.357939, "Risk": 2.357939, "Lookahead": 10 }