{ "BFS": 2.714472, "A*": 2.714472, "F-Hat": 3.128452, "Risk": 3.598052, "Lookahead": 1000 }