{ "BFS": 2.180510, "A*": 2.180510, "F-Hat": 2.180510, "Risk": 2.180510, "Lookahead": 100 }