{ "BFS": 2.634795, "A*": 2.634795, "F-Hat": 3.282243, "Risk": 3.224638, "Lookahead": 100 }