{ "BFS": 3.416380, "A*": 3.063550, "F-Hat": 3.092483, "Risk": 3.567591, "Lookahead": 10 }