{ "BFS": 2.641293, "A*": 2.641293, "F-Hat": 2.641293, "Risk": 2.641293, "Lookahead": 10 }