{ "BFS": 1.810889, "A*": 1.810889, "F-Hat": 1.810889, "Risk": 2.634845, "Lookahead": 100 }