{ "BFS": 2.289207, "A*": 2.289207, "F-Hat": 2.289998, "Risk": 2.289207, "Lookahead": 10 }