{ "BFS": 3.142241, "A*": 3.142241, "F-Hat": 3.142241, "Risk": 3.142241, "Lookahead": 100 }