{ "BFS": 2.013188, "A*": 2.013188, "F-Hat": 2.013188, "Risk": 2.013188, "Lookahead": 100 }