{ "BFS": 2.852699, "A*": 3.152177, "F-Hat": 2.852699, "Risk": 2.975925, "Lookahead": 10 }