{ "BFS": 3.419825, "A*": 3.362696, "F-Hat": 3.654847, "Risk": 3.477320, "Lookahead": 100 }