{ "BFS": 2.674830, "A*": 2.674830, "F-Hat": 2.674830, "Risk": 2.674830, "Lookahead": 1000 }