{ "BFS": 1.947776, "A*": 1.947776, "F-Hat": 1.947776, "Risk": 2.235627, "Lookahead": 1000 }