{ "BFS": 2.216892, "A*": 2.216892, "F-Hat": 2.704014, "Risk": 2.784767, "Lookahead": 1000 }