{ "BFS": 2.416552, "A*": 2.416552, "F-Hat": 3.404217, "Risk": 3.128741, "Lookahead": 10 }