{ "BFS": 3.477711, "A*": 2.372709, "F-Hat": 2.130433, "Risk": 2.372709, "Lookahead": 10 }