{ "BFS": 2.406840, "A*": 2.406840, "F-Hat": 3.025794, "Risk": 2.729048, "Lookahead": 1000 }