{ "BFS": 2.507707, "A*": 2.507707, "F-Hat": 3.394905, "Risk": 2.507707, "Lookahead": 100 }