{ "BFS": 3.205658, "A*": 3.117911, "F-Hat": 2.735630, "Risk": 3.103314, "Lookahead": 10 }