{ "BFS": 2.865524, "A*": 2.865524, "F-Hat": 2.865524, "Risk": 2.865524, "Lookahead": 10 }