{ "BFS": 3.200200, "A*": 3.200200, "F-Hat": 3.580845, "Risk": 3.200200, "Lookahead": 10 }