{ "BFS": 1.825351, "A*": 2.127015, "F-Hat": 1.685385, "Risk": 2.567504, "Lookahead": 10 }