{ "BFS": 3.330121, "A*": 3.330121, "F-Hat": 3.416501, "Risk": 3.330121, "Lookahead": 10 }