{ "BFS": 3.082799, "A*": 2.898931, "F-Hat": 3.082799, "Risk": 3.318245, "Lookahead": 100 }