{ "BFS": 2.333728, "A*": 2.019674, "F-Hat": 2.019674, "Risk": 2.910756, "Lookahead": 10 }