{ "BFS": 2.564969, "A*": 2.564969, "F-Hat": 2.564969, "Risk": 2.564969, "Lookahead": 1000 }