{ "BFS": 2.324392, "A*": 2.324392, "F-Hat": 2.525699, "Risk": 2.324392, "Lookahead": 1000 }