{ "BFS": 2.223202, "A*": 2.223202, "F-Hat": 2.223202, "Risk": 2.223202, "Lookahead": 100 }