{ "BFS": 2.564211, "A*": 2.044255, "F-Hat": 2.491110, "Risk": 2.044255, "Lookahead": 10 }