{ "BFS": 2.341183, "A*": 2.341183, "F-Hat": 3.079009, "Risk": 3.078670, "Lookahead": 1000 }