{ "BFS": 2.118413, "A*": 2.118413, "F-Hat": 2.861640, "Risk": 2.730888, "Lookahead": 100 }