{ "BFS": 1.936908, "A*": 1.936908, "F-Hat": 1.936908, "Risk": 1.936908, "Lookahead": 1000 }