{ "BFS": 3.582333, "A*": 2.905900, "F-Hat": 2.905900, "Risk": 2.905900, "Lookahead": 10 }