{ "BFS": 1.947210, "A*": 1.947210, "F-Hat": 3.052185, "Risk": 3.052185, "Lookahead": 10 }