{ "BFS": 2.182057, "A*": 2.182057, "F-Hat": 2.282109, "Risk": 2.182057, "Lookahead": 100 }