{ "BFS": 3.112698, "A*": 2.536363, "F-Hat": 2.536363, "Risk": 2.536363, "Lookahead": 10 }