{ "BFS": 2.723213, "A*": 2.723213, "F-Hat": 2.723213, "Risk": 2.723213, "Lookahead": 10 }