{ "BFS": 3.258050, "A*": 3.258050, "F-Hat": 3.689973, "Risk": 3.490969, "Lookahead": 1000 }