{ "BFS": 2.191557, "A*": 2.191557, "F-Hat": 2.191557, "Risk": 2.455562, "Lookahead": 100 }