{ "BFS": 3.054326, "A*": 3.017685, "F-Hat": 2.538117, "Risk": 3.005464, "Lookahead": 10 }