{ "BFS": 2.674290, "A*": 2.574142, "F-Hat": 2.574142, "Risk": 2.674290, "Lookahead": 100 }