{ "BFS": 2.847031, "A*": 2.847031, "F-Hat": 3.273957, "Risk": 3.336464, "Lookahead": 1000 }