{ "BFS": 2.720574, "A*": 2.720574, "F-Hat": 3.118074, "Risk": 2.799196, "Lookahead": 1000 }