{ "BFS": 2.333216, "A*": 2.333216, "F-Hat": 2.465388, "Risk": 2.333216, "Lookahead": 10 }