{ "BFS": 2.049877, "A*": 2.049877, "F-Hat": 2.049877, "Risk": 2.246927, "Lookahead": 1000 }