{ "BFS": 3.764366, "A*": 2.914373, "F-Hat": 2.914373, "Risk": 3.822765, "Lookahead": 10 }