{ "BFS": 2.696428, "A*": 2.483744, "F-Hat": 2.820720, "Risk": 2.820720, "Lookahead": 100 }