{ "BFS": 3.198984, "A*": 3.543097, "F-Hat": 3.198984, "Risk": 3.594183, "Lookahead": 10 }