{ "BFS": 2.940619, "A*": 2.940619, "F-Hat": 3.228952, "Risk": 3.185294, "Lookahead": 1000 }