{ "BFS": 2.704418, "A*": 2.704418, "F-Hat": 2.774289, "Risk": 2.704418, "Lookahead": 1000 }