{ "BFS": 2.815991, "A*": 2.488474, "F-Hat": 2.518195, "Risk": 2.488474, "Lookahead": 100 }