{ "BFS": 2.753279, "A*": 2.753279, "F-Hat": 3.137667, "Risk": 2.753279, "Lookahead": 1000 }