{ "BFS": 3.258915, "A*": 3.258915, "F-Hat": 3.258915, "Risk": 3.707417, "Lookahead": 10 }