{ "BFS": 2.588769, "A*": 2.588769, "F-Hat": 2.588769, "Risk": 2.588769, "Lookahead": 10 }