{ "BFS": 2.473429, "A*": 2.473429, "F-Hat": 2.473429, "Risk": 2.473429, "Lookahead": 1000 }