{ "BFS": 1.807052, "A*": 1.807052, "F-Hat": 2.010454, "Risk": 1.807052, "Lookahead": 100 }