{ "BFS": 3.267317, "A*": 3.267317, "F-Hat": 3.958776, "Risk": 3.537073, "Lookahead": 1000 }