{ "BFS": 2.768800, "A*": 2.625167, "F-Hat": 2.768800, "Risk": 2.625167, "Lookahead": 100 }