{ "BFS": 2.336333, "A*": 2.336333, "F-Hat": 2.731804, "Risk": 2.336333, "Lookahead": 100 }