{ "BFS": 3.040479, "A*": 3.040479, "F-Hat": 3.298516, "Risk": 3.095086, "Lookahead": 1000 }