{ "BFS": 2.590585, "A*": 2.450382, "F-Hat": 2.450382, "Risk": 2.709206, "Lookahead": 100 }