{ "BFS": 2.562083, "A*": 2.429979, "F-Hat": 2.705231, "Risk": 2.627075, "Lookahead": 10 }