{ "BFS": 2.602879, "A*": 2.602879, "F-Hat": 3.212473, "Risk": 2.602879, "Lookahead": 1000 }