{ "BFS": 2.440611, "A*": 2.440611, "F-Hat": 2.743895, "Risk": 2.910105, "Lookahead": 1000 }