{ "BFS": 2.717128, "A*": 2.562365, "F-Hat": 2.717128, "Risk": 2.717128, "Lookahead": 10 }