{ "BFS": 4.114461, "A*": 3.214847, "F-Hat": 3.321355, "Risk": 3.214847, "Lookahead": 10 }