{ "BFS": 2.517800, "A*": 2.517800, "F-Hat": 3.138486, "Risk": 2.716136, "Lookahead": 100 }