{ "BFS": 3.124911, "A*": 2.652060, "F-Hat": 3.468396, "Risk": 3.494717, "Lookahead": 100 }