{ "BFS": 2.140300, "A*": 2.140300, "F-Hat": 2.140300, "Risk": 2.392787, "Lookahead": 1000 }