{ "BFS": 2.680701, "A*": 2.680701, "F-Hat": 2.936718, "Risk": 2.936718, "Lookahead": 100 }