{ "BFS": 2.741661, "A*": 2.630197, "F-Hat": 2.868525, "Risk": 2.630197, "Lookahead": 100 }