{ "BFS": 3.796317, "A*": 2.906793, "F-Hat": 2.850799, "Risk": 2.776388, "Lookahead": 10 }