{ "BFS": 2.826154, "A*": 2.826154, "F-Hat": 3.503632, "Risk": 2.998780, "Lookahead": 1000 }