{ "BFS": 2.792895, "A*": 2.792895, "F-Hat": 3.159916, "Risk": 3.159916, "Lookahead": 1000 }