{ "BFS": 2.774512, "A*": 2.774512, "F-Hat": 2.959996, "Risk": 2.866806, "Lookahead": 1000 }