{ "BFS": 3.021190, "A*": 2.772596, "F-Hat": 2.772596, "Risk": 2.772596, "Lookahead": 100 }