{ "BFS": 2.707228, "A*": 2.674195, "F-Hat": 2.707228, "Risk": 2.984200, "Lookahead": 100 }