{ "BFS": 2.116685, "A*": 2.116685, "F-Hat": 2.800211, "Risk": 2.115378, "Lookahead": 10 }