{ "BFS": 2.565596, "A*": 2.565596, "F-Hat": 2.919696, "Risk": 2.891679, "Lookahead": 1000 }