{ "BFS": 2.557411, "A*": 2.557411, "F-Hat": 1.823157, "Risk": 1.823157, "Lookahead": 10 }