{ "BFS": 2.257390, "A*": 2.257390, "F-Hat": 2.257390, "Risk": 3.113599, "Lookahead": 100 }