{ "BFS": 1.586132, "A*": 1.586132, "F-Hat": 1.586132, "Risk": 1.586132, "Lookahead": 1000 }