{ "BFS": 2.471925, "A*": 2.471925, "F-Hat": 2.471925, "Risk": 3.251218, "Lookahead": 10 }