{ "BFS": 2.831315, "A*": 2.752313, "F-Hat": 2.831315, "Risk": 2.831315, "Lookahead": 100 }