{ "BFS": 2.273445, "A*": 2.273445, "F-Hat": 3.545521, "Risk": 2.616122, "Lookahead": 100 }