{ "BFS": 2.232320, "A*": 2.232320, "F-Hat": 2.934476, "Risk": 3.976705, "Lookahead": 1000 }