{ "BFS": 2.546840, "A*": 2.546840, "F-Hat": 2.830002, "Risk": 2.951049, "Lookahead": 100 }