{ "BFS": 2.999731, "A*": 2.678723, "F-Hat": 3.148615, "Risk": 2.678723, "Lookahead": 100 }