{ "BFS": 2.869971, "A*": 2.869971, "F-Hat": 3.368823, "Risk": 3.082398, "Lookahead": 1000 }