{ "BFS": 1.669282, "A*": 1.891463, "F-Hat": 1.669282, "Risk": 1.669282, "Lookahead": 10 }