{ "BFS": 2.895998, "A*": 2.895998, "F-Hat": 3.661980, "Risk": 2.895998, "Lookahead": 1000 }