{ "BFS": 2.261878, "A*": 2.261878, "F-Hat": 2.261878, "Risk": 2.261878, "Lookahead": 10 }