{ "BFS": 2.502865, "A*": 2.502865, "F-Hat": 2.555962, "Risk": 2.555962, "Lookahead": 100 }