{ "BFS": 2.973810, "A*": 2.644018, "F-Hat": 3.056607, "Risk": 3.049339, "Lookahead": 10 }