{ "BFS": 2.954747, "A*": 2.954747, "F-Hat": 3.147040, "Risk": 2.954747, "Lookahead": 10 }