{ "BFS": 2.234700, "A*": 2.234700, "F-Hat": 2.684964, "Risk": 2.646551, "Lookahead": 1000 }