{ "BFS": 3.747024, "A*": 3.443414, "F-Hat": 3.790233, "Risk": 4.305443, "Lookahead": 10 }