{ "BFS": 3.301117, "A*": 3.301117, "F-Hat": 3.432685, "Risk": 3.323830, "Lookahead": 1000 }