{ "BFS": 3.119113, "A*": 3.119113, "F-Hat": 3.226911, "Risk": 3.217032, "Lookahead": 1000 }