{ "BFS": 2.627691, "A*": 2.538848, "F-Hat": 3.120217, "Risk": 2.970493, "Lookahead": 10 }