{ "BFS": 2.314395, "A*": 2.314395, "F-Hat": 2.314395, "Risk": 2.469680, "Lookahead": 1000 }