{ "BFS": 2.530739, "A*": 2.530739, "F-Hat": 2.530739, "Risk": 2.530739, "Lookahead": 1000 }