{ "BFS": 2.049277, "A*": 2.049277, "F-Hat": 2.564704, "Risk": 2.049277, "Lookahead": 100 }