{ "BFS": 3.205675, "A*": 3.205675, "F-Hat": 3.205675, "Risk": 3.798287, "Lookahead": 10 }