{ "BFS": 2.105162, "A*": 1.626926, "F-Hat": 2.105162, "Risk": 1.626926, "Lookahead": 100 }