{ "BFS": 2.906804, "A*": 2.906804, "F-Hat": 2.969146, "Risk": 3.015988, "Lookahead": 1000 }