{ "BFS": 2.773998, "A*": 2.421937, "F-Hat": 2.773998, "Risk": 2.421937, "Lookahead": 10 }