{ "BFS": 3.392538, "A*": 3.392538, "F-Hat": 3.475209, "Risk": 3.425301, "Lookahead": 100 }