{ "BFS": 3.197025, "A*": 3.197025, "F-Hat": 3.197025, "Risk": 3.653806, "Lookahead": 1000 }