{ "BFS": 3.115413, "A*": 3.351805, "F-Hat": 3.115413, "Risk": 3.538338, "Lookahead": 10 }