{ "BFS": 2.520456, "A*": 3.265941, "F-Hat": 2.520456, "Risk": 2.520456, "Lookahead": 10 }