{ "BFS": 3.591094, "A*": 3.298720, "F-Hat": 3.298720, "Risk": 3.298720, "Lookahead": 10 }