{ "BFS": 3.080463, "A*": 2.300910, "F-Hat": 2.448514, "Risk": 2.300910, "Lookahead": 10 }