{ "BFS": 3.323076, "A*": 2.836458, "F-Hat": 3.190841, "Risk": 3.775797, "Lookahead": 10 }