{ "BFS": 2.133843, "A*": 2.133843, "F-Hat": 1.875903, "Risk": 1.875903, "Lookahead": 10 }