{ "BFS": 2.114113, "A*": 2.114113, "F-Hat": 2.885488, "Risk": 2.435809, "Lookahead": 100 }