{ "BFS": 3.073896, "A*": 3.073896, "F-Hat": 3.073896, "Risk": 3.073896, "Lookahead": 100 }