{ "BFS": 2.369854, "A*": 2.369854, "F-Hat": 2.435576, "Risk": 2.435576, "Lookahead": 1000 }