{ "BFS": 2.570912, "A*": 2.570912, "F-Hat": 3.252269, "Risk": 2.570912, "Lookahead": 1000 }