{ "BFS": 2.790791, "A*": 2.496003, "F-Hat": 2.790791, "Risk": 2.585161, "Lookahead": 100 }