{ "BFS": 2.390708, "A*": 2.723202, "F-Hat": 2.390708, "Risk": 2.390708, "Lookahead": 10 }