{ "BFS": 2.873323, "A*": 2.548295, "F-Hat": 2.873323, "Risk": 2.709299, "Lookahead": 10 }