{ "BFS": 2.702848, "A*": 2.702848, "F-Hat": 2.721967, "Risk": 2.721967, "Lookahead": 100 }