{ "BFS": 2.343092, "A*": 2.343092, "F-Hat": 2.559862, "Risk": 2.559862, "Lookahead": 1000 }