{ "BFS": 2.568163, "A*": 2.568163, "F-Hat": 2.568163, "Risk": 2.568163, "Lookahead": 10 }