{ "BFS": 2.572882, "A*": 2.572882, "F-Hat": 3.566857, "Risk": 2.572882, "Lookahead": 1000 }