{ "BFS": 2.269238, "A*": 2.269238, "F-Hat": 2.789897, "Risk": 2.269238, "Lookahead": 1000 }