{ "BFS": 3.216908, "A*": 3.216908, "F-Hat": 3.216908, "Risk": 3.216908, "Lookahead": 1000 }