{ "BFS": 2.432509, "A*": 2.432509, "F-Hat": 2.432509, "Risk": 2.432509, "Lookahead": 1000 }