{ "BFS": 2.475380, "A*": 2.475380, "F-Hat": 2.475380, "Risk": 2.598785, "Lookahead": 100 }