{ "BFS": 1.495995, "A*": 1.495995, "F-Hat": 1.622399, "Risk": 1.639357, "Lookahead": 1000 }