{ "BFS": 2.815370, "A*": 2.815370, "F-Hat": 3.599625, "Risk": 3.143200, "Lookahead": 1000 }