{ "BFS": 2.214198, "A*": 2.214198, "F-Hat": 2.725872, "Risk": 2.214198, "Lookahead": 1000 }