{ "BFS": 3.013935, "A*": 3.013935, "F-Hat": 3.260831, "Risk": 3.260831, "Lookahead": 1000 }