{ "BFS": 3.239011, "A*": 2.917965, "F-Hat": 2.917965, "Risk": 2.917965, "Lookahead": 100 }