{ "BFS": 2.168594, "A*": 2.168594, "F-Hat": 2.604513, "Risk": 2.237755, "Lookahead": 10 }