{ "BFS": 2.843305, "A*": 3.119529, "F-Hat": 3.188501, "Risk": 3.119529, "Lookahead": 10 }