{ "BFS": 3.212263, "A*": 2.412342, "F-Hat": 2.721709, "Risk": 3.391234, "Lookahead": 100 }