{ "BFS": 2.768668, "A*": 2.373916, "F-Hat": 2.479262, "Risk": 2.871869, "Lookahead": 10 }