{ "BFS": 1.906937, "A*": 1.961551, "F-Hat": 2.022962, "Risk": 1.961551, "Lookahead": 10 }