{ "BFS": 1.585754, "A*": 1.585754, "F-Hat": 1.710592, "Risk": 1.710592, "Lookahead": 10 }