{ "BFS": 3.452858, "A*": 2.846991, "F-Hat": 2.846991, "Risk": 2.846991, "Lookahead": 10 }