{ "BFS": 3.736821, "A*": 3.985003, "F-Hat": 3.736821, "Risk": 3.653952, "Lookahead": 10 }