{ "BFS": 2.665411, "A*": 2.665411, "F-Hat": 3.203686, "Risk": 2.848840, "Lookahead": 100 }