{ "BFS": 2.470869, "A*": 2.470869, "F-Hat": 2.560155, "Risk": 3.175141, "Lookahead": 1000 }