{ "BFS": 2.863027, "A*": 2.957773, "F-Hat": 2.548423, "Risk": 2.957773, "Lookahead": 10 }