{ "BFS": 2.726798, "A*": 2.711080, "F-Hat": 2.711080, "Risk": 2.978525, "Lookahead": 100 }