{ "BFS": 2.195049, "A*": 2.195049, "F-Hat": 2.195049, "Risk": 2.195049, "Lookahead": 10 }