{ "BFS": 2.188284, "A*": 1.889155, "F-Hat": 2.980259, "Risk": 1.889155, "Lookahead": 100 }