{ "BFS": 2.495074, "A*": 2.495074, "F-Hat": 2.692609, "Risk": 2.495074, "Lookahead": 10 }