{ "BFS": 2.530682, "A*": 2.530682, "F-Hat": 2.983270, "Risk": 2.530682, "Lookahead": 10 }