{ "BFS": 2.310467, "A*": 2.310467, "F-Hat": 2.624095, "Risk": 2.624095, "Lookahead": 1000 }