{ "BFS": 2.583544, "A*": 2.452252, "F-Hat": 2.452252, "Risk": 2.452252, "Lookahead": 10 }