{ "BFS": 2.497454, "A*": 2.497454, "F-Hat": 3.294891, "Risk": 2.497454, "Lookahead": 1000 }