{ "BFS": 2.829750, "A*": 2.743564, "F-Hat": 2.829750, "Risk": 3.154782, "Lookahead": 10 }