{ "BFS": 2.931881, "A*": 2.931881, "F-Hat": 3.203131, "Risk": 2.931881, "Lookahead": 1000 }