{ "BFS": 3.194195, "A*": 2.753178, "F-Hat": 2.624918, "Risk": 2.692727, "Lookahead": 10 }