{ "BFS": 2.555903, "A*": 2.555903, "F-Hat": 3.854820, "Risk": 2.676447, "Lookahead": 10 }