{ "BFS": 3.600942, "A*": 2.959884, "F-Hat": 2.745229, "Risk": 2.959884, "Lookahead": 10 }