{ "BFS": 2.948901, "A*": 2.858491, "F-Hat": 3.327649, "Risk": 3.707438, "Lookahead": 1000 }