{ "BFS": 2.551999, "A*": 2.551999, "F-Hat": 2.551999, "Risk": 2.551999, "Lookahead": 10 }