{ "BFS": 2.988005, "A*": 2.988005, "F-Hat": 3.153484, "Risk": 3.153484, "Lookahead": 1000 }