{ "BFS": 2.898168, "A*": 2.546274, "F-Hat": 2.546274, "Risk": 2.444980, "Lookahead": 10 }