{ "BFS": 1.884008, "A*": 1.884008, "F-Hat": 1.884008, "Risk": 2.025009, "Lookahead": 1000 }