{ "BFS": 3.366146, "A*": 2.803085, "F-Hat": 2.803085, "Risk": 2.803085, "Lookahead": 10 }