{ "BFS": 1.827599, "A*": 1.827599, "F-Hat": 1.971037, "Risk": 1.971037, "Lookahead": 10 }