{ "BFS": 2.634375, "A*": 2.634375, "F-Hat": 2.634375, "Risk": 2.640989, "Lookahead": 10 }