{ "BFS": 2.677167, "A*": 2.157912, "F-Hat": 2.234063, "Risk": 2.234063, "Lookahead": 10 }