{ "BFS": 2.654507, "A*": 2.245188, "F-Hat": 3.026177, "Risk": 2.783410, "Lookahead": 100 }