{ "BFS": 2.738535, "A*": 2.178126, "F-Hat": 2.738535, "Risk": 2.178126, "Lookahead": 10 }