{ "BFS": 3.445497, "A*": 2.784822, "F-Hat": 3.445497, "Risk": 2.784822, "Lookahead": 10 }