{ "BFS": 3.422344, "A*": 2.295721, "F-Hat": 3.321318, "Risk": 2.625257, "Lookahead": 10 }