{ "BFS": 2.985068, "A*": 2.985068, "F-Hat": 3.686678, "Risk": 2.985068, "Lookahead": 100 }