{ "BFS": 1.740239, "A*": 1.740239, "F-Hat": 2.594840, "Risk": 1.740239, "Lookahead": 100 }