{ "BFS": 2.269583, "A*": 2.231709, "F-Hat": 2.988231, "Risk": 2.269583, "Lookahead": 100 }