{ "BFS": 2.511167, "A*": 2.511167, "F-Hat": 2.511167, "Risk": 2.511167, "Lookahead": 10 }