{ "BFS": 2.857750, "A*": 2.678205, "F-Hat": 2.857750, "Risk": 2.857750, "Lookahead": 100 }