{ "BFS": 3.239013, "A*": 3.239013, "F-Hat": 3.586478, "Risk": 3.639094, "Lookahead": 1000 }