{ "BFS": 2.509508, "A*": 2.509508, "F-Hat": 2.509508, "Risk": 2.509508, "Lookahead": 100 }