{ "BFS": 1.586446, "A*": 1.561440, "F-Hat": 1.586446, "Risk": 1.561440, "Lookahead": 10 }