{ "BFS": 2.383712, "A*": 2.100143, "F-Hat": 2.100143, "Risk": 2.100143, "Lookahead": 100 }