{ "BFS": 3.329963, "A*": 3.329963, "F-Hat": 2.941508, "Risk": 3.854117, "Lookahead": 10 }