{ "BFS": 2.550916, "A*": 2.550916, "F-Hat": 3.274085, "Risk": 2.550916, "Lookahead": 100 }