{ "BFS": 2.653202, "A*": 2.653202, "F-Hat": 3.129526, "Risk": 2.653202, "Lookahead": 1000 }