{ "BFS": 2.274761, "A*": 2.274761, "F-Hat": 2.726068, "Risk": 2.523348, "Lookahead": 10 }