{ "BFS": 2.450049, "A*": 2.450049, "F-Hat": 2.450049, "Risk": 2.764946, "Lookahead": 1000 }