{ "BFS": 2.354828, "A*": 2.132192, "F-Hat": 2.132192, "Risk": 2.132192, "Lookahead": 10 }