{ "BFS": 3.233945, "A*": 3.213628, "F-Hat": 3.258487, "Risk": 3.992594, "Lookahead": 10 }