{ "BFS": 2.144500, "A*": 2.144500, "F-Hat": 3.334104, "Risk": 3.956097, "Lookahead": 1000 }