{ "BFS": 2.537513, "A*": 2.537513, "F-Hat": 2.537513, "Risk": 2.537513, "Lookahead": 100 }