{ "BFS": 2.475901, "A*": 2.475901, "F-Hat": 2.475901, "Risk": 2.475901, "Lookahead": 100 }