{ "BFS": 3.286888, "A*": 3.286888, "F-Hat": 3.286888, "Risk": 4.201446, "Lookahead": 1000 }