{ "BFS": 2.894567, "A*": 2.879082, "F-Hat": 3.058573, "Risk": 2.879082, "Lookahead": 100 }