{ "BFS": 2.260522, "A*": 2.552203, "F-Hat": 2.260522, "Risk": 2.260522, "Lookahead": 10 }