{ "BFS": 2.665155, "A*": 2.665155, "F-Hat": 2.665155, "Risk": 2.823572, "Lookahead": 100 }