{ "BFS": 2.929785, "A*": 2.929785, "F-Hat": 2.929785, "Risk": 2.991478, "Lookahead": 1000 }