{ "BFS": 1.775493, "A*": 1.775493, "F-Hat": 1.775493, "Risk": 2.433588, "Lookahead": 10 }