{ "BFS": 2.462888, "A*": 2.453276, "F-Hat": 2.648371, "Risk": 2.453276, "Lookahead": 100 }