{ "BFS": 2.396493, "A*": 2.396493, "F-Hat": 2.396493, "Risk": 2.396493, "Lookahead": 1000 }