{ "BFS": 3.400013, "A*": 3.212718, "F-Hat": 3.212718, "Risk": 3.212718, "Lookahead": 10 }