{ "BFS": 2.689168, "A*": 2.689168, "F-Hat": 2.111868, "Risk": 2.913421, "Lookahead": 10 }