{ "BFS": 1.798776, "A*": 1.798776, "F-Hat": 1.798776, "Risk": 1.798776, "Lookahead": 100 }