{ "BFS": 2.787904, "A*": 2.515910, "F-Hat": 2.515910, "Risk": 2.616086, "Lookahead": 10 }