{ "BFS": 2.972152, "A*": 2.972152, "F-Hat": 3.431178, "Risk": 3.023578, "Lookahead": 1000 }