{ "BFS": 2.479844, "A*": 2.479844, "F-Hat": 2.984578, "Risk": 2.479844, "Lookahead": 100 }