{ "BFS": 2.570822, "A*": 2.570822, "F-Hat": 2.716973, "Risk": 2.645241, "Lookahead": 1000 }