{ "BFS": 3.054059, "A*": 3.269522, "F-Hat": 3.269522, "Risk": 3.530109, "Lookahead": 100 }