{ "BFS": 2.883638, "A*": 2.773039, "F-Hat": 2.875991, "Risk": 3.315497, "Lookahead": 100 }