{ "BFS": 2.748478, "A*": 2.748478, "F-Hat": 2.937244, "Risk": 2.937244, "Lookahead": 1000 }