{ "BFS": 2.763724, "A*": 2.763724, "F-Hat": 3.517408, "Risk": 2.763724, "Lookahead": 1000 }