{ "BFS": 2.938718, "A*": 2.923855, "F-Hat": 3.526690, "Risk": 2.923855, "Lookahead": 100 }