{ "BFS": 2.647634, "A*": 2.647634, "F-Hat": 3.445726, "Risk": 2.647634, "Lookahead": 100 }