{ "BFS": 2.805709, "A*": 2.805709, "F-Hat": 3.563242, "Risk": 2.650156, "Lookahead": 10 }