{ "BFS": 1.871610, "A*": 1.871610, "F-Hat": 2.705954, "Risk": 2.842085, "Lookahead": 10 }