{ "BFS": 2.553406, "A*": 2.553406, "F-Hat": 3.054893, "Risk": 2.629937, "Lookahead": 10 }