{ "BFS": 3.850411, "A*": 3.661857, "F-Hat": 3.850411, "Risk": 4.189477, "Lookahead": 10 }