{ "BFS": 3.237646, "A*": 3.330589, "F-Hat": 3.578843, "Risk": 3.444512, "Lookahead": 10 }