{ "BFS": 2.686853, "A*": 2.686853, "F-Hat": 3.165405, "Risk": 3.079914, "Lookahead": 1000 }