{ "BFS": 2.581548, "A*": 2.581548, "F-Hat": 2.581548, "Risk": 2.581548, "Lookahead": 1000 }