{ "BFS": 4.053293, "A*": 3.806101, "F-Hat": 3.126226, "Risk": 3.091506, "Lookahead": 10 }