{ "BFS": 2.883279, "A*": 2.883279, "F-Hat": 2.883279, "Risk": 2.974509, "Lookahead": 10 }