{ "BFS": 2.840342, "A*": 2.758087, "F-Hat": 2.790581, "Risk": 2.790581, "Lookahead": 100 }