{ "BFS": 2.830414, "A*": 2.511870, "F-Hat": 2.830414, "Risk": 2.967085, "Lookahead": 10 }