{ "BFS": 2.482700, "A*": 2.530573, "F-Hat": 2.166305, "Risk": 2.166305, "Lookahead": 10 }