{ "BFS": 2.303428, "A*": 2.303428, "F-Hat": 2.526771, "Risk": 2.526771, "Lookahead": 100 }