{ "BFS": 2.434194, "A*": 2.226688, "F-Hat": 2.226688, "Risk": 2.226688, "Lookahead": 100 }