{ "BFS": 2.016895, "A*": 2.016895, "F-Hat": 2.491849, "Risk": 2.316854, "Lookahead": 1000 }