{ "BFS": 3.140522, "A*": 2.791076, "F-Hat": 3.031181, "Risk": 2.791076, "Lookahead": 100 }