{ "BFS": 2.201499, "A*": 2.201499, "F-Hat": 2.201499, "Risk": 2.201499, "Lookahead": 1000 }