{ "BFS": 3.323819, "A*": 2.559622, "F-Hat": 2.559622, "Risk": 2.559622, "Lookahead": 10 }