{ "BFS": 2.813520, "A*": 2.813520, "F-Hat": 3.634399, "Risk": 3.196880, "Lookahead": 1000 }