{ "BFS": 2.049501, "A*": 2.049501, "F-Hat": 2.117132, "Risk": 1.919690, "Lookahead": 10 }