{ "BFS": 3.675560, "A*": 3.322150, "F-Hat": 3.070993, "Risk": 3.459670, "Lookahead": 10 }