{ "BFS": 3.031126, "A*": 3.031126, "F-Hat": 3.251186, "Risk": 3.251186, "Lookahead": 1000 }