{ "BFS": 2.775826, "A*": 2.775826, "F-Hat": 2.981918, "Risk": 3.004978, "Lookahead": 100 }