{ "BFS": 2.957951, "A*": 2.935896, "F-Hat": 2.935896, "Risk": 2.935896, "Lookahead": 100 }