{ "BFS": 1.698914, "A*": 1.698914, "F-Hat": 1.698914, "Risk": 2.237826, "Lookahead": 100 }