{ "BFS": 1.805415, "A*": 1.805415, "F-Hat": 1.805415, "Risk": 1.827090, "Lookahead": 10 }