{ "BFS": 2.795315, "A*": 2.795315, "F-Hat": 2.853671, "Risk": 2.496904, "Lookahead": 10 }