{ "BFS": 2.191297, "A*": 2.106974, "F-Hat": 2.326441, "Risk": 2.106974, "Lookahead": 100 }