{ "BFS": 2.558502, "A*": 2.558502, "F-Hat": 2.558502, "Risk": 2.558502, "Lookahead": 1000 }