{ "BFS": 3.014055, "A*": 2.634311, "F-Hat": 3.181290, "Risk": 2.857559, "Lookahead": 100 }