{ "BFS": 2.898644, "A*": 2.898644, "F-Hat": 3.179090, "Risk": 2.992038, "Lookahead": 1000 }