{ "BFS": 3.396340, "A*": 3.504211, "F-Hat": 3.586789, "Risk": 3.396340, "Lookahead": 10 }