{ "BFS": 3.794221, "A*": 3.785249, "F-Hat": 3.868904, "Risk": 3.728496, "Lookahead": 10 }