{ "BFS": 2.543864, "A*": 2.919308, "F-Hat": 2.879890, "Risk": 2.919308, "Lookahead": 10 }