{ "BFS": 2.419540, "A*": 2.419540, "F-Hat": 2.419540, "Risk": 2.931181, "Lookahead": 10 }