{ "BFS": 3.946962, "A*": 3.723190, "F-Hat": 3.946962, "Risk": 3.390368, "Lookahead": 10 }