{ "BFS": 3.047271, "A*": 3.047271, "F-Hat": 3.460494, "Risk": 3.047271, "Lookahead": 1000 }