{ "BFS": 2.532711, "A*": 2.532711, "F-Hat": 2.532711, "Risk": 2.532711, "Lookahead": 100 }