{ "BFS": 2.828557, "A*": 2.828557, "F-Hat": 2.828557, "Risk": 2.828557, "Lookahead": 10 }