{ "BFS": 3.610994, "A*": 2.624078, "F-Hat": 2.624078, "Risk": 2.624078, "Lookahead": 10 }