{ "BFS": 3.209327, "A*": 3.209327, "F-Hat": 3.156569, "Risk": 3.328687, "Lookahead": 10 }