{ "BFS": 3.266557, "A*": 3.266557, "F-Hat": 3.266557, "Risk": 3.457951, "Lookahead": 10 }