{ "BFS": 2.789678, "A*": 2.534682, "F-Hat": 2.534682, "Risk": 3.344214, "Lookahead": 100 }