{ "BFS": 2.901753, "A*": 2.823486, "F-Hat": 2.921600, "Risk": 2.901753, "Lookahead": 100 }