{ "BFS": 3.207516, "A*": 3.207516, "F-Hat": 3.207516, "Risk": 3.207516, "Lookahead": 1000 }