{ "BFS": 3.056675, "A*": 3.133899, "F-Hat": 3.213341, "Risk": 3.375398, "Lookahead": 10 }