{ "BFS": 2.938695, "A*": 2.851402, "F-Hat": 3.032658, "Risk": 3.722614, "Lookahead": 10 }