{ "BFS": 2.690567, "A*": 2.690567, "F-Hat": 2.690567, "Risk": 2.548050, "Lookahead": 10 }