{ "BFS": 2.539804, "A*": 2.539804, "F-Hat": 2.547849, "Risk": 2.547849, "Lookahead": 1000 }