{ "BFS": 2.351199, "A*": 2.572932, "F-Hat": 2.351199, "Risk": 2.572932, "Lookahead": 10 }