{ "BFS": 2.675862, "A*": 3.077267, "F-Hat": 3.364723, "Risk": 3.326823, "Lookahead": 10 }