{ "BFS": 2.908999, "A*": 2.700095, "F-Hat": 2.710965, "Risk": 2.874021, "Lookahead": 100 }