{ "BFS": 2.457536, "A*": 2.457536, "F-Hat": 2.926619, "Risk": 2.028443, "Lookahead": 10 }