{ "BFS": 1.845719, "A*": 1.845719, "F-Hat": 1.845719, "Risk": 1.845719, "Lookahead": 10 }