{ "BFS": 1.938622, "A*": 1.938622, "F-Hat": 2.187826, "Risk": 2.209264, "Lookahead": 100 }