{ "BFS": 2.425768, "A*": 2.425768, "F-Hat": 2.425768, "Risk": 2.425768, "Lookahead": 1000 }