{ "BFS": 2.353302, "A*": 2.353302, "F-Hat": 2.353302, "Risk": 2.353302, "Lookahead": 100 }