{ "BFS": 3.160454, "A*": 3.160454, "F-Hat": 3.508921, "Risk": 3.849472, "Lookahead": 1000 }