{ "BFS": 2.431423, "A*": 2.431423, "F-Hat": 2.462840, "Risk": 2.431423, "Lookahead": 100 }