{ "BFS": 3.434267, "A*": 3.434267, "F-Hat": 3.958776, "Risk": 3.537073, "Lookahead": 100 }