{ "BFS": 2.555320, "A*": 2.555320, "F-Hat": 2.663297, "Risk": 2.860813, "Lookahead": 1000 }