{ "BFS": 2.511411, "A*": 2.511411, "F-Hat": 3.058966, "Risk": 3.058966, "Lookahead": 1000 }