{ "BFS": 2.142159, "A*": 2.142159, "F-Hat": 2.475742, "Risk": 2.420847, "Lookahead": 1000 }