{ "BFS": 2.196833, "A*": 2.196833, "F-Hat": 2.196833, "Risk": 2.278253, "Lookahead": 1000 }