{ "BFS": 2.272636, "A*": 2.272636, "F-Hat": 2.844842, "Risk": 2.929563, "Lookahead": 1000 }