{ "BFS": 2.875010, "A*": 2.722781, "F-Hat": 2.675279, "Risk": 2.722781, "Lookahead": 10 }