{ "BFS": 2.123847, "A*": 2.123847, "F-Hat": 2.123847, "Risk": 2.123847, "Lookahead": 10 }