{ "BFS": 2.440996, "A*": 2.440996, "F-Hat": 2.574115, "Risk": 2.574115, "Lookahead": 100 }