{ "BFS": 2.469790, "A*": 2.469790, "F-Hat": 2.469790, "Risk": 2.436998, "Lookahead": 10 }