{ "BFS": 2.363217, "A*": 2.363217, "F-Hat": 2.990634, "Risk": 2.697008, "Lookahead": 10 }