{ "BFS": 2.157154, "A*": 2.157154, "F-Hat": 3.438820, "Risk": 2.631378, "Lookahead": 10 }