{ "BFS": 2.299022, "A*": 2.193787, "F-Hat": 2.299022, "Risk": 2.299022, "Lookahead": 100 }