{ "BFS": 3.372899, "A*": 2.391450, "F-Hat": 3.712985, "Risk": 3.092203, "Lookahead": 10 }