{ "BFS": 3.027121, "A*": 3.027121, "F-Hat": 3.858580, "Risk": 3.330298, "Lookahead": 100 }