{ "BFS": 2.244276, "A*": 2.244276, "F-Hat": 2.244276, "Risk": 2.244276, "Lookahead": 100 }