{ "BFS": 3.236091, "A*": 2.717141, "F-Hat": 2.717141, "Risk": 2.415298, "Lookahead": 10 }