{ "BFS": 2.953081, "A*": 2.953081, "F-Hat": 2.953081, "Risk": 3.418549, "Lookahead": 10 }