{ "BFS": 2.603269, "A*": 3.160972, "F-Hat": 2.845674, "Risk": 2.603269, "Lookahead": 10 }