{ "BFS": 2.343489, "A*": 2.343489, "F-Hat": 2.343489, "Risk": 2.696525, "Lookahead": 10 }