{ "BFS": 2.071063, "A*": 2.450909, "F-Hat": 2.071063, "Risk": 2.071063, "Lookahead": 10 }