{ "BFS": 2.525395, "A*": 2.410945, "F-Hat": 2.504173, "Risk": 2.527525, "Lookahead": 10 }