{ "BFS": 2.177955, "A*": 2.177955, "F-Hat": 2.306055, "Risk": 2.619239, "Lookahead": 1000 }