{ "BFS": 2.426573, "A*": 2.426573, "F-Hat": 2.936984, "Risk": 2.426573, "Lookahead": 1000 }