{ "BFS": 3.058591, "A*": 3.058591, "F-Hat": 3.541336, "Risk": 3.469061, "Lookahead": 1000 }