{ "BFS": 2.626905, "A*": 2.374310, "F-Hat": 2.374792, "Risk": 2.374310, "Lookahead": 10 }