{ "BFS": 2.691692, "A*": 2.691692, "F-Hat": 3.016933, "Risk": 2.861289, "Lookahead": 1000 }