{ "BFS": 1.784611, "A*": 1.784611, "F-Hat": 2.091640, "Risk": 1.784611, "Lookahead": 100 }