{ "BFS": 1.607025, "A*": 1.607025, "F-Hat": 1.607025, "Risk": 1.607025, "Lookahead": 10 }