{ "BFS": 3.077070, "A*": 3.045207, "F-Hat": 3.077070, "Risk": 3.383602, "Lookahead": 100 }