{ "BFS": 3.172490, "A*": 2.663788, "F-Hat": 3.172490, "Risk": 2.434679, "Lookahead": 10 }