{ "BFS": 2.081594, "A*": 2.081594, "F-Hat": 2.083127, "Risk": 2.440899, "Lookahead": 1000 }