{ "BFS": 2.495930, "A*": 2.495930, "F-Hat": 2.960632, "Risk": 2.825492, "Lookahead": 10 }