{ "BFS": 1.658564, "A*": 1.658564, "F-Hat": 1.796848, "Risk": 1.924984, "Lookahead": 1000 }