{ "BFS": 2.415555, "A*": 2.400535, "F-Hat": 2.841288, "Risk": 2.400535, "Lookahead": 100 }