{ "BFS": 2.721123, "A*": 2.721123, "F-Hat": 2.721123, "Risk": 2.721123, "Lookahead": 10 }