{ "BFS": 2.690076, "A*": 2.625892, "F-Hat": 2.625892, "Risk": 2.928520, "Lookahead": 100 }