{ "BFS": 2.295307, "A*": 2.118301, "F-Hat": 2.118301, "Risk": 2.320198, "Lookahead": 10 }