{ "BFS": 3.662074, "A*": 3.034716, "F-Hat": 3.487432, "Risk": 3.132639, "Lookahead": 10 }