{ "BFS": 3.589382, "A*": 3.051879, "F-Hat": 3.342320, "Risk": 3.406137, "Lookahead": 10 }