{ "BFS": 2.309745, "A*": 2.205634, "F-Hat": 2.652660, "Risk": 2.205634, "Lookahead": 100 }