{ "BFS": 2.445434, "A*": 2.445434, "F-Hat": 2.445434, "Risk": 2.579958, "Lookahead": 10 }