{ "BFS": 2.668118, "A*": 2.668118, "F-Hat": 2.903127, "Risk": 3.246431, "Lookahead": 1000 }