{ "BFS": 2.322162, "A*": 2.322162, "F-Hat": 2.564704, "Risk": 2.049277, "Lookahead": 10 }