{ "BFS": 2.677530, "A*": 2.677530, "F-Hat": 2.952194, "Risk": 3.651106, "Lookahead": 10 }