{ "BFS": 2.254531, "A*": 2.254531, "F-Hat": 2.334148, "Risk": 3.593931, "Lookahead": 1000 }