{ "BFS": 2.309846, "A*": 2.309846, "F-Hat": 2.472936, "Risk": 2.472936, "Lookahead": 1000 }