{ "BFS": 2.488314, "A*": 2.961347, "F-Hat": 2.488314, "Risk": 2.294940, "Lookahead": 10 }