{ "BFS": 2.419542, "A*": 2.419542, "F-Hat": 2.419542, "Risk": 2.432250, "Lookahead": 1000 }