{ "BFS": 2.972063, "A*": 2.925126, "F-Hat": 3.426252, "Risk": 3.952896, "Lookahead": 10 }