{ "BFS": 1.419108, "A*": 1.419108, "F-Hat": 2.637151, "Risk": 1.419108, "Lookahead": 100 }