{ "BFS": 3.072750, "A*": 3.072750, "F-Hat": 2.525440, "Risk": 3.438126, "Lookahead": 10 }