{ "BFS": 3.207197, "A*": 3.207197, "F-Hat": 3.340048, "Risk": 3.340048, "Lookahead": 1000 }