{ "BFS": 1.935650, "A*": 1.935650, "F-Hat": 2.061960, "Risk": 2.515300, "Lookahead": 1000 }