{ "BFS": 2.770977, "A*": 2.770977, "F-Hat": 3.053580, "Risk": 3.663870, "Lookahead": 1000 }