{ "BFS": 3.170411, "A*": 3.170411, "F-Hat": 3.462319, "Risk": 3.212185, "Lookahead": 1000 }