{ "BFS": 3.813113, "A*": 3.225273, "F-Hat": 3.623372, "Risk": 3.225273, "Lookahead": 10 }