{ "BFS": 2.215766, "A*": 2.215766, "F-Hat": 2.775805, "Risk": 2.215766, "Lookahead": 100 }