{ "BFS": 2.755757, "A*": 2.716871, "F-Hat": 2.755757, "Risk": 2.716871, "Lookahead": 100 }