{ "BFS": 2.741257, "A*": 2.741257, "F-Hat": 3.189843, "Risk": 2.741257, "Lookahead": 10 }