{ "BFS": 2.793570, "A*": 2.793570, "F-Hat": 2.793570, "Risk": 3.557580, "Lookahead": 10 }