{ "BFS": 2.941574, "A*": 2.888466, "F-Hat": 2.941574, "Risk": 3.083472, "Lookahead": 100 }