{ "BFS": 2.453562, "A*": 2.453562, "F-Hat": 2.537935, "Risk": 2.602194, "Lookahead": 1000 }