{ "BFS": 1.838895, "A*": 1.838895, "F-Hat": 1.838895, "Risk": 1.838895, "Lookahead": 10 }