{ "BFS": 2.294385, "A*": 2.294385, "F-Hat": 2.757200, "Risk": 3.591234, "Lookahead": 1000 }