{ "BFS": 3.377710, "A*": 3.377710, "F-Hat": 3.402420, "Risk": 3.475721, "Lookahead": 10 }