{ "BFS": 3.134467, "A*": 3.134467, "F-Hat": 2.958859, "Risk": 2.757631, "Lookahead": 10 }