{ "BFS": 2.172623, "A*": 2.172623, "F-Hat": 2.172623, "Risk": 2.172623, "Lookahead": 1000 }