{ "BFS": 2.832520, "A*": 2.616340, "F-Hat": 2.883684, "Risk": 2.616340, "Lookahead": 100 }