{ "BFS": 3.294722, "A*": 2.977630, "F-Hat": 3.550359, "Risk": 3.138433, "Lookahead": 10 }