{ "BFS": 2.758515, "A*": 2.758515, "F-Hat": 2.758515, "Risk": 3.491557, "Lookahead": 100 }