{ "BFS": 2.782466, "A*": 2.782466, "F-Hat": 2.782466, "Risk": 2.782466, "Lookahead": 10 }