{ "BFS": 2.435300, "A*": 2.435300, "F-Hat": 3.012914, "Risk": 2.640271, "Lookahead": 1000 }