{ "BFS": 3.359218, "A*": 2.626242, "F-Hat": 3.421481, "Risk": 3.359218, "Lookahead": 10 }