{ "BFS": 4.240785, "A*": 3.843120, "F-Hat": 4.296905, "Risk": 3.843120, "Lookahead": 10 }