{ "BFS": 2.896313, "A*": 2.896313, "F-Hat": 3.196442, "Risk": 2.912708, "Lookahead": 1000 }