{ "BFS": 3.317916, "A*": 2.857177, "F-Hat": 2.857177, "Risk": 2.731433, "Lookahead": 10 }