{ "BFS": 2.841899, "A*": 2.801495, "F-Hat": 3.266695, "Risk": 3.273338, "Lookahead": 10 }