{ "BFS": 2.691524, "A*": 2.691524, "F-Hat": 3.106100, "Risk": 2.916131, "Lookahead": 1000 }