{ "BFS": 2.894296, "A*": 2.894296, "F-Hat": 3.747261, "Risk": 2.894296, "Lookahead": 100 }