{ "BFS": 3.236732, "A*": 3.016245, "F-Hat": 3.333332, "Risk": 3.413696, "Lookahead": 100 }