{ "BFS": 3.206089, "A*": 3.206089, "F-Hat": 3.520803, "Risk": 4.128516, "Lookahead": 1000 }