{ "BFS": 2.660121, "A*": 2.950849, "F-Hat": 3.021844, "Risk": 2.832839, "Lookahead": 10 }