{ "BFS": 1.628215, "A*": 1.628215, "F-Hat": 1.801601, "Risk": 2.113028, "Lookahead": 1000 }