{ "BFS": 2.308798, "A*": 2.911800, "F-Hat": 2.611767, "Risk": 2.911800, "Lookahead": 10 }