{ "BFS": 2.419356, "A*": 2.419356, "F-Hat": 2.419356, "Risk": 2.419356, "Lookahead": 100 }