{ "BFS": 2.793599, "A*": 2.793599, "F-Hat": 2.801345, "Risk": 3.009876, "Lookahead": 10 }