{ "BFS": 2.743276, "A*": 2.743276, "F-Hat": 3.074707, "Risk": 2.743276, "Lookahead": 1000 }