{ "BFS": 2.724081, "A*": 2.491705, "F-Hat": 2.491705, "Risk": 2.491705, "Lookahead": 10 }