{ "BFS": 3.674189, "A*": 2.712622, "F-Hat": 3.314401, "Risk": 2.712622, "Lookahead": 10 }