{ "BFS": 4.205731, "A*": 3.518585, "F-Hat": 3.645338, "Risk": 3.525458, "Lookahead": 10 }