{ "BFS": 1.145026, "A*": 1.145026, "F-Hat": 1.145026, "Risk": 1.145026, "Lookahead": 100 }