{ "BFS": 2.933055, "A*": 2.933055, "F-Hat": 2.933055, "Risk": 2.933055, "Lookahead": 10 }