{ "BFS": 2.653354, "A*": 2.653354, "F-Hat": 3.076864, "Risk": 2.653354, "Lookahead": 100 }