{ "BFS": 2.936880, "A*": 2.936880, "F-Hat": 3.715804, "Risk": 3.219144, "Lookahead": 1000 }