{ "BFS": 3.185021, "A*": 3.185021, "F-Hat": 4.054167, "Risk": 3.185021, "Lookahead": 1000 }