{ "BFS": 2.849664, "A*": 2.849664, "F-Hat": 3.274385, "Risk": 3.132974, "Lookahead": 1000 }