{ "BFS": 2.800944, "A*": 2.800944, "F-Hat": 3.248621, "Risk": 2.800944, "Lookahead": 1000 }