{ "BFS": 2.782265, "A*": 2.525079, "F-Hat": 2.423932, "Risk": 2.782265, "Lookahead": 10 }