{ "BFS": 1.919281, "A*": 1.919281, "F-Hat": 1.973057, "Risk": 1.973057, "Lookahead": 10 }