{ "BFS": 2.092702, "A*": 2.888181, "F-Hat": 3.057691, "Risk": 2.092702, "Lookahead": 10 }