{ "BFS": 1.944017, "A*": 1.944017, "F-Hat": 2.233959, "Risk": 2.304821, "Lookahead": 1000 }