{ "BFS": 2.753984, "A*": 2.753984, "F-Hat": 3.419895, "Risk": 3.483437, "Lookahead": 100 }