{ "BFS": 2.103809, "A*": 2.103809, "F-Hat": 2.634034, "Risk": 2.103809, "Lookahead": 1000 }