{ "BFS": 3.040878, "A*": 3.040878, "F-Hat": 3.109301, "Risk": 3.040878, "Lookahead": 10 }