{ "BFS": 3.392960, "A*": 3.392960, "F-Hat": 3.184045, "Risk": 3.184045, "Lookahead": 10 }