{ "BFS": 2.816914, "A*": 2.816914, "F-Hat": 2.985739, "Risk": 2.816914, "Lookahead": 1000 }