{ "BFS": 2.510188, "A*": 2.092662, "F-Hat": 3.147333, "Risk": 2.741548, "Lookahead": 100 }