{ "BFS": 2.672954, "A*": 2.672954, "F-Hat": 2.902745, "Risk": 3.440121, "Lookahead": 1000 }