{ "BFS": 1.912950, "A*": 1.912950, "F-Hat": 2.782340, "Risk": 1.949833, "Lookahead": 100 }