{ "BFS": 2.559668, "A*": 2.559668, "F-Hat": 2.559668, "Risk": 2.559668, "Lookahead": 100 }