{ "BFS": 2.448959, "A*": 2.448959, "F-Hat": 2.703599, "Risk": 2.651561, "Lookahead": 100 }