{ "BFS": 2.045860, "A*": 2.045860, "F-Hat": 2.045860, "Risk": 2.045860, "Lookahead": 100 }