{ "BFS": 2.138432, "A*": 2.138432, "F-Hat": 2.727090, "Risk": 2.138432, "Lookahead": 100 }