{ "BFS": 2.988399, "A*": 3.411601, "F-Hat": 3.135564, "Risk": 2.988399, "Lookahead": 10 }