{ "BFS": 3.229616, "A*": 1.419108, "F-Hat": 2.637151, "Risk": 3.191907, "Lookahead": 10 }