{ "BFS": 2.259480, "A*": 2.259480, "F-Hat": 2.259480, "Risk": 2.259480, "Lookahead": 100 }