{ "BFS": 2.757663, "A*": 2.757663, "F-Hat": 3.435000, "Risk": 3.213413, "Lookahead": 1000 }