{ "BFS": 2.332488, "A*": 2.332488, "F-Hat": 2.332488, "Risk": 2.332488, "Lookahead": 10 }