{ "BFS": 1.771251, "A*": 1.771251, "F-Hat": 1.771251, "Risk": 1.771251, "Lookahead": 1000 }