{ "BFS": 2.872624, "A*": 2.872624, "F-Hat": 3.583362, "Risk": 3.639239, "Lookahead": 1000 }