{ "BFS": 3.522930, "A*": 2.764400, "F-Hat": 3.522930, "Risk": 2.764400, "Lookahead": 10 }