{ "BFS": 2.476132, "A*": 2.476132, "F-Hat": 2.476132, "Risk": 2.476132, "Lookahead": 100 }