{ "BFS": 2.449130, "A*": 2.449130, "F-Hat": 2.449130, "Risk": 2.379863, "Lookahead": 10 }