{ "BFS": 2.346676, "A*": 2.346676, "F-Hat": 2.346676, "Risk": 2.346676, "Lookahead": 10 }