{ "BFS": 2.422907, "A*": 2.422907, "F-Hat": 2.811662, "Risk": 2.700722, "Lookahead": 100 }