{ "BFS": 2.900155, "A*": 2.900155, "F-Hat": 3.052143, "Risk": 2.900155, "Lookahead": 1000 }