{ "BFS": 3.368690, "A*": 3.368690, "F-Hat": 3.200540, "Risk": 3.098560, "Lookahead": 10 }