{ "BFS": 3.190843, "A*": 2.426338, "F-Hat": 3.444854, "Risk": 2.895604, "Lookahead": 10 }