{ "BFS": 2.857263, "A*": 2.857263, "F-Hat": 3.144644, "Risk": 2.857263, "Lookahead": 1000 }