{ "BFS": 3.154409, "A*": 3.154409, "F-Hat": 3.154409, "Risk": 2.730758, "Lookahead": 10 }