{ "BFS": 2.400755, "A*": 2.400755, "F-Hat": 2.693730, "Risk": 2.400755, "Lookahead": 10 }