{ "BFS": 2.648744, "A*": 2.648744, "F-Hat": 3.178010, "Risk": 2.948991, "Lookahead": 1000 }