{ "BFS": 3.939682, "A*": 2.088123, "F-Hat": 2.671659, "Risk": 2.088123, "Lookahead": 10 }