{ "BFS": 3.349392, "A*": 3.349392, "F-Hat": 3.556972, "Risk": 3.533055, "Lookahead": 10 }