{ "BFS": 3.285965, "A*": 3.285965, "F-Hat": 3.285965, "Risk": 3.469328, "Lookahead": 10 }