{ "BFS": 2.651281, "A*": 2.651281, "F-Hat": 3.266035, "Risk": 2.651281, "Lookahead": 100 }