{ "BFS": 2.377541, "A*": 2.377541, "F-Hat": 3.046113, "Risk": 2.826450, "Lookahead": 1000 }