{ "BFS": 2.511953, "A*": 2.511953, "F-Hat": 3.234969, "Risk": 3.169064, "Lookahead": 1000 }