{ "BFS": 2.457466, "A*": 2.457466, "F-Hat": 2.649423, "Risk": 2.649423, "Lookahead": 1000 }