{ "BFS": 2.963733, "A*": 2.963733, "F-Hat": 3.075505, "Risk": 2.998664, "Lookahead": 1000 }