{ "BFS": 3.231133, "A*": 3.013695, "F-Hat": 3.234741, "Risk": 3.013695, "Lookahead": 100 }