{ "BFS": 2.239985, "A*": 3.200710, "F-Hat": 2.239985, "Risk": 2.239985, "Lookahead": 10 }