{ "BFS": 2.075071, "A*": 2.075071, "F-Hat": 2.797800, "Risk": 2.567451, "Lookahead": 100 }