{ "BFS": 3.709463, "A*": 3.587584, "F-Hat": 4.255536, "Risk": 3.587584, "Lookahead": 10 }