{ "BFS": 3.057662, "A*": 2.968527, "F-Hat": 3.273583, "Risk": 3.124823, "Lookahead": 100 }