{ "BFS": 2.534912, "A*": 2.574775, "F-Hat": 2.895867, "Risk": 2.734343, "Lookahead": 10 }