{ "BFS": 2.972676, "A*": 2.664384, "F-Hat": 2.664384, "Risk": 3.017335, "Lookahead": 100 }