{ "BFS": 3.516507, "A*": 3.217032, "F-Hat": 3.226911, "Risk": 3.217032, "Lookahead": 100 }