{ "BFS": 2.729582, "A*": 2.695504, "F-Hat": 2.943307, "Risk": 2.695504, "Lookahead": 100 }