{ "BFS": 2.701847, "A*": 2.398507, "F-Hat": 2.398507, "Risk": 2.506043, "Lookahead": 100 }