{ "BFS": 2.565596, "A*": 2.081166, "F-Hat": 2.081166, "Risk": 2.081166, "Lookahead": 10 }