{ "BFS": 3.860522, "A*": 3.860522, "F-Hat": 3.860522, "Risk": 3.365711, "Lookahead": 10 }