{ "BFS": 3.157872, "A*": 3.157872, "F-Hat": 3.432553, "Risk": 3.276524, "Lookahead": 1000 }