{ "BFS": 2.432594, "A*": 2.432594, "F-Hat": 2.759648, "Risk": 3.142023, "Lookahead": 100 }