{ "BFS": 3.342005, "A*": 3.342005, "F-Hat": 3.574427, "Risk": 3.244537, "Lookahead": 100 }