{ "BFS": 2.724221, "A*": 2.724221, "F-Hat": 2.769035, "Risk": 2.724221, "Lookahead": 1000 }