{ "BFS": 1.277443, "A*": 0.948263, "F-Hat": 0.948263, "Risk": 0.948263, "Lookahead": 10 }