{ "BFS": 2.753933, "A*": 2.674762, "F-Hat": 2.664677, "Risk": 2.674762, "Lookahead": 10 }