{ "BFS": 3.467638, "A*": 3.467638, "F-Hat": 3.468506, "Risk": 3.496323, "Lookahead": 1000 }