{ "BFS": 2.714163, "A*": 2.714163, "F-Hat": 3.538815, "Risk": 2.731180, "Lookahead": 10 }