{ "BFS": 2.424667, "A*": 2.424667, "F-Hat": 2.378296, "Risk": 2.507425, "Lookahead": 10 }