{ "BFS": 3.102678, "A*": 2.708473, "F-Hat": 3.203365, "Risk": 3.203365, "Lookahead": 100 }