{ "BFS": 3.992109, "A*": 2.633053, "F-Hat": 3.156938, "Risk": 2.633053, "Lookahead": 10 }