{ "BFS": 2.561483, "A*": 2.342956, "F-Hat": 2.342956, "Risk": 2.342956, "Lookahead": 100 }