{ "BFS": 3.159923, "A*": 3.082261, "F-Hat": 3.159923, "Risk": 3.159923, "Lookahead": 100 }