{ "BFS": 3.369168, "A*": 2.601625, "F-Hat": 3.369168, "Risk": 2.270818, "Lookahead": 10 }