{ "BFS": 2.163289, "A*": 2.163289, "F-Hat": 2.163289, "Risk": 2.163289, "Lookahead": 10 }