{ "BFS": 1.491046, "A*": 1.491046, "F-Hat": 1.491046, "Risk": 1.706220, "Lookahead": 10 }