{ "BFS": 2.566217, "A*": 2.539717, "F-Hat": 2.968866, "Risk": 2.687279, "Lookahead": 100 }