{ "BFS": 2.844679, "A*": 2.844679, "F-Hat": 2.844679, "Risk": 2.772271, "Lookahead": 10 }