{ "BFS": 2.220079, "A*": 2.220079, "F-Hat": 2.220079, "Risk": 2.220079, "Lookahead": 1000 }