{ "BFS": 2.770639, "A*": 2.865165, "F-Hat": 2.770639, "Risk": 2.984612, "Lookahead": 100 }