{ "BFS": 3.068194, "A*": 3.051507, "F-Hat": 3.068194, "Risk": 2.754291, "Lookahead": 10 }