{ "BFS": 2.007903, "A*": 2.007903, "F-Hat": 2.101435, "Risk": 2.007903, "Lookahead": 100 }