{ "BFS": 3.027822, "A*": 3.027822, "F-Hat": 3.238652, "Risk": 3.303763, "Lookahead": 1000 }