{ "BFS": 2.928934, "A*": 2.779919, "F-Hat": 2.928934, "Risk": 2.928934, "Lookahead": 100 }