{ "BFS": 2.662652, "A*": 2.662652, "F-Hat": 2.962555, "Risk": 2.840799, "Lookahead": 1000 }