{ "BFS": 2.262377, "A*": 2.262377, "F-Hat": 2.563396, "Risk": 2.262377, "Lookahead": 100 }