{ "BFS": 3.606758, "A*": 3.220370, "F-Hat": 3.707661, "Risk": 3.628660, "Lookahead": 10 }