{ "BFS": 2.411411, "A*": 2.411411, "F-Hat": 2.751661, "Risk": 2.411411, "Lookahead": 10 }