{ "BFS": 2.414876, "A*": 2.414876, "F-Hat": 2.601435, "Risk": 3.091802, "Lookahead": 1000 }