{ "BFS": 3.404620, "A*": 3.404620, "F-Hat": 3.508669, "Risk": 3.508669, "Lookahead": 1000 }