{ "BFS": 2.393352, "A*": 2.393352, "F-Hat": 2.650014, "Risk": 3.414278, "Lookahead": 1000 }