{ "BFS": 2.766516, "A*": 3.091913, "F-Hat": 2.766516, "Risk": 2.766516, "Lookahead": 10 }