{ "BFS": 3.140332, "A*": 3.140332, "F-Hat": 4.019691, "Risk": 4.427534, "Lookahead": 100 }