{ "BFS": 2.696365, "A*": 2.997160, "F-Hat": 2.696365, "Risk": 2.696365, "Lookahead": 10 }