{ "BFS": 2.863584, "A*": 2.357709, "F-Hat": 2.931703, "Risk": 2.357709, "Lookahead": 10 }