{ "BFS": 2.835702, "A*": 2.438208, "F-Hat": 2.878657, "Risk": 2.838186, "Lookahead": 100 }