{ "BFS": 3.078630, "A*": 2.458950, "F-Hat": 3.078630, "Risk": 3.493798, "Lookahead": 100 }