{ "BFS": 3.469999, "A*": 3.469999, "F-Hat": 3.589590, "Risk": 3.633427, "Lookahead": 100 }