{ "BFS": 3.060529, "A*": 2.893678, "F-Hat": 3.060529, "Risk": 2.893678, "Lookahead": 10 }