{ "BFS": 2.501909, "A*": 2.501909, "F-Hat": 2.762911, "Risk": 2.762911, "Lookahead": 1000 }