{ "BFS": 2.497884, "A*": 2.497884, "F-Hat": 2.497884, "Risk": 2.497884, "Lookahead": 100 }