{ "BFS": 3.346535, "A*": 2.757847, "F-Hat": 2.566418, "Risk": 2.566418, "Lookahead": 10 }