{ "BFS": 3.276006, "A*": 3.056493, "F-Hat": 3.056493, "Risk": 3.117576, "Lookahead": 10 }