{ "BFS": 2.594924, "A*": 2.365039, "F-Hat": 2.855415, "Risk": 2.365039, "Lookahead": 100 }