{ "BFS": 2.248050, "A*": 2.248050, "F-Hat": 2.248050, "Risk": 2.248050, "Lookahead": 1000 }