{ "BFS": 2.537732, "A*": 2.537732, "F-Hat": 2.922885, "Risk": 2.922885, "Lookahead": 1000 }