{ "BFS": 3.250521, "A*": 3.250521, "F-Hat": 3.508339, "Risk": 2.899247, "Lookahead": 10 }