{ "BFS": 2.780577, "A*": 2.736787, "F-Hat": 2.736787, "Risk": 3.215486, "Lookahead": 100 }