{ "BFS": 2.793996, "A*": 2.643853, "F-Hat": 2.956443, "Risk": 3.321911, "Lookahead": 100 }