{ "BFS": 2.205823, "A*": 2.205823, "F-Hat": 2.452920, "Risk": 2.452920, "Lookahead": 1000 }