{ "BFS": 2.157854, "A*": 2.157854, "F-Hat": 2.157854, "Risk": 2.157854, "Lookahead": 1000 }