{ "BFS": 2.621632, "A*": 2.621632, "F-Hat": 3.463279, "Risk": 3.235941, "Lookahead": 1000 }