{ "BFS": 3.159741, "A*": 3.159741, "F-Hat": 3.460758, "Risk": 3.239707, "Lookahead": 1000 }