{ "BFS": 3.856359, "A*": 3.544490, "F-Hat": 3.856359, "Risk": 3.544490, "Lookahead": 100 }