{ "BFS": 2.875807, "A*": 2.875807, "F-Hat": 3.168935, "Risk": 2.875807, "Lookahead": 1000 }