{ "BFS": 2.828836, "A*": 2.828836, "F-Hat": 2.828836, "Risk": 2.828836, "Lookahead": 1000 }