{ "BFS": 2.315023, "A*": 2.315023, "F-Hat": 2.524406, "Risk": 2.524406, "Lookahead": 1000 }