{ "BFS": 2.984559, "A*": 2.739832, "F-Hat": 2.984559, "Risk": 2.739832, "Lookahead": 10 }