{ "BFS": 2.521442, "A*": 2.521442, "F-Hat": 2.521442, "Risk": 2.521442, "Lookahead": 1000 }