{ "BFS": 3.112727, "A*": 3.112727, "F-Hat": 3.303817, "Risk": 3.112727, "Lookahead": 10 }