{ "BFS": 2.770432, "A*": 2.770432, "F-Hat": 2.794955, "Risk": 2.770432, "Lookahead": 100 }