{ "BFS": 2.646367, "A*": 2.646367, "F-Hat": 2.646367, "Risk": 2.646367, "Lookahead": 100 }