{ "BFS": 2.590697, "A*": 2.590697, "F-Hat": 2.937506, "Risk": 2.855565, "Lookahead": 1000 }