{ "BFS": 2.570891, "A*": 1.920232, "F-Hat": 2.570891, "Risk": 2.359557, "Lookahead": 10 }