{ "BFS": 2.718486, "A*": 3.140209, "F-Hat": 3.306907, "Risk": 3.089588, "Lookahead": 10 }