{ "BFS": 2.886496, "A*": 2.886496, "F-Hat": 2.924859, "Risk": 2.886496, "Lookahead": 10 }