{ "BFS": 2.860851, "A*": 2.860851, "F-Hat": 2.743815, "Risk": 2.743815, "Lookahead": 10 }