{ "BFS": 3.086384, "A*": 2.816997, "F-Hat": 3.099512, "Risk": 3.417569, "Lookahead": 100 }