{ "BFS": 2.684146, "A*": 2.672496, "F-Hat": 2.672496, "Risk": 2.782230, "Lookahead": 100 }