{ "BFS": 2.581199, "A*": 2.139909, "F-Hat": 2.139909, "Risk": 2.504102, "Lookahead": 10 }