{ "BFS": 3.649950, "A*": 3.593465, "F-Hat": 3.336486, "Risk": 3.454952, "Lookahead": 10 }