{ "BFS": 2.794688, "A*": 2.189714, "F-Hat": 2.826129, "Risk": 2.189714, "Lookahead": 10 }