{ "BFS": 3.709773, "A*": 2.657411, "F-Hat": 3.577250, "Risk": 2.657411, "Lookahead": 10 }