{ "BFS": 3.811974, "A*": 3.082328, "F-Hat": 2.978807, "Risk": 3.082328, "Lookahead": 10 }