{ "BFS": 1.849868, "A*": 2.302055, "F-Hat": 1.849868, "Risk": 2.302055, "Lookahead": 10 }