{ "BFS": 2.404553, "A*": 2.404553, "F-Hat": 2.404553, "Risk": 2.407379, "Lookahead": 10 }