{ "BFS": 2.160998, "A*": 2.160998, "F-Hat": 2.594298, "Risk": 2.160998, "Lookahead": 1000 }