{ "BFS": 2.161775, "A*": 2.161775, "F-Hat": 2.969454, "Risk": 2.161775, "Lookahead": 1000 }