{ "BFS": 2.270733, "A*": 2.270733, "F-Hat": 2.452100, "Risk": 2.582594, "Lookahead": 1000 }