{ "BFS": 2.471123, "A*": 2.471123, "F-Hat": 2.471123, "Risk": 2.471123, "Lookahead": 1000 }