{ "BFS": 2.774566, "A*": 2.665920, "F-Hat": 2.774566, "Risk": 2.870974, "Lookahead": 100 }