{ "BFS": 1.747924, "A*": 1.747924, "F-Hat": 1.747924, "Risk": 1.883019, "Lookahead": 1000 }