{ "BFS": 3.135665, "A*": 2.829521, "F-Hat": 3.289230, "Risk": 3.551328, "Lookahead": 100 }