{ "BFS": 2.349847, "A*": 2.349847, "F-Hat": 2.934693, "Risk": 2.548322, "Lookahead": 100 }