{ "BFS": 2.546047, "A*": 2.546047, "F-Hat": 2.546047, "Risk": 2.586330, "Lookahead": 1000 }