{ "BFS": 2.805502, "A*": 2.805502, "F-Hat": 2.831858, "Risk": 3.090712, "Lookahead": 10 }