{ "BFS": 2.419020, "A*": 2.419020, "F-Hat": 2.594600, "Risk": 2.753579, "Lookahead": 1000 }