{ "BFS": 2.616174, "A*": 2.979941, "F-Hat": 3.504321, "Risk": 3.300571, "Lookahead": 10 }