{ "BFS": 3.128288, "A*": 2.714583, "F-Hat": 3.734382, "Risk": 2.714583, "Lookahead": 100 }