{ "BFS": 2.962131, "A*": 2.962131, "F-Hat": 3.494914, "Risk": 3.001830, "Lookahead": 100 }