{ "BFS": 3.212452, "A*": 2.963567, "F-Hat": 2.304459, "Risk": 2.304459, "Lookahead": 10 }