{ "BFS": 2.460210, "A*": 2.460210, "F-Hat": 2.565504, "Risk": 2.695323, "Lookahead": 1000 }