{ "BFS": 3.406682, "A*": 3.345988, "F-Hat": 3.630679, "Risk": 3.345988, "Lookahead": 10 }