{ "BFS": 2.049294, "A*": 2.049294, "F-Hat": 2.049294, "Risk": 2.538052, "Lookahead": 100 }