{ "BFS": 2.788948, "A*": 2.788948, "F-Hat": 2.788948, "Risk": 2.788948, "Lookahead": 1000 }