{ "BFS": 3.073276, "A*": 3.073276, "F-Hat": 3.519052, "Risk": 3.406127, "Lookahead": 1000 }