{ "BFS": 2.363766, "A*": 2.363766, "F-Hat": 2.363766, "Risk": 2.465865, "Lookahead": 1000 }