{ "BFS": 2.340797, "A*": 3.181948, "F-Hat": 2.340797, "Risk": 3.347998, "Lookahead": 10 }