{ "BFS": 1.949143, "A*": 1.949143, "F-Hat": 1.949143, "Risk": 1.949143, "Lookahead": 10 }