{ "BFS": 2.673471, "A*": 2.673471, "F-Hat": 2.994967, "Risk": 2.673471, "Lookahead": 1000 }