{ "BFS": 2.499599, "A*": 2.508453, "F-Hat": 2.508453, "Risk": 2.956839, "Lookahead": 10 }