{ "BFS": 3.010096, "A*": 3.010096, "F-Hat": 3.054705, "Risk": 3.037209, "Lookahead": 10 }