{ "BFS": 3.238366, "A*": 3.238366, "F-Hat": 3.608209, "Risk": 3.518019, "Lookahead": 10 }