{ "BFS": 3.068724, "A*": 2.772323, "F-Hat": 3.185672, "Risk": 2.772323, "Lookahead": 10 }