{ "BFS": 2.936226, "A*": 3.234063, "F-Hat": 3.389340, "Risk": 2.936226, "Lookahead": 10 }