{ "BFS": 2.125835, "A*": 2.125835, "F-Hat": 2.266985, "Risk": 2.404833, "Lookahead": 100 }