{ "BFS": 2.986164, "A*": 2.986164, "F-Hat": 3.068267, "Risk": 3.215031, "Lookahead": 100 }