{ "BFS": 2.820051, "A*": 2.725477, "F-Hat": 2.825143, "Risk": 3.181454, "Lookahead": 100 }