{ "BFS": 3.543950, "A*": 3.109381, "F-Hat": 3.140904, "Risk": 3.140904, "Lookahead": 10 }