{ "BFS": 2.165720, "A*": 2.165720, "F-Hat": 2.878874, "Risk": 2.343884, "Lookahead": 100 }