{ "BFS": 2.856250, "A*": 2.856250, "F-Hat": 2.982224, "Risk": 2.982224, "Lookahead": 10 }