{ "BFS": 3.377168, "A*": 3.155167, "F-Hat": 3.389112, "Risk": 3.155167, "Lookahead": 10 }