{ "BFS": 1.726890, "A*": 1.726890, "F-Hat": 1.726890, "Risk": 1.726890, "Lookahead": 10 }