{ "BFS": 1.843397, "A*": 1.843397, "F-Hat": 2.851974, "Risk": 1.843397, "Lookahead": 100 }