{ "BFS": 2.788562, "A*": 2.339804, "F-Hat": 2.339804, "Risk": 2.339804, "Lookahead": 100 }