{ "BFS": 3.342562, "A*": 3.342562, "F-Hat": 3.342562, "Risk": 3.376864, "Lookahead": 10 }