{ "BFS": 3.122940, "A*": 3.122940, "F-Hat": 3.122940, "Risk": 3.122940, "Lookahead": 1000 }