{ "BFS": 2.098503, "A*": 2.098503, "F-Hat": 2.851713, "Risk": 2.098503, "Lookahead": 1000 }