{ "BFS": 3.435532, "A*": 3.026180, "F-Hat": 3.167979, "Risk": 3.452932, "Lookahead": 10 }