{ "BFS": 2.752691, "A*": 2.752691, "F-Hat": 2.752691, "Risk": 2.752691, "Lookahead": 10 }