{ "BFS": 2.560236, "A*": 2.560236, "F-Hat": 2.903768, "Risk": 2.560236, "Lookahead": 100 }