{ "BFS": 2.359842, "A*": 2.359842, "F-Hat": 2.359842, "Risk": 2.359842, "Lookahead": 10 }