{ "BFS": 2.172092, "A*": 2.172092, "F-Hat": 2.172092, "Risk": 2.172092, "Lookahead": 100 }