{ "BFS": 1.652431, "A*": 1.652431, "F-Hat": 1.726408, "Risk": 1.726408, "Lookahead": 1000 }