{ "BFS": 2.672698, "A*": 2.575713, "F-Hat": 2.672698, "Risk": 2.672698, "Lookahead": 10 }