{ "BFS": 2.923245, "A*": 2.618602, "F-Hat": 2.923245, "Risk": 3.166149, "Lookahead": 100 }