{ "BFS": 1.809620, "A*": 1.809620, "F-Hat": 1.809620, "Risk": 1.809620, "Lookahead": 10 }