{ "BFS": 1.754314, "A*": 1.754314, "F-Hat": 1.965550, "Risk": 1.900924, "Lookahead": 1000 }