{ "BFS": 2.257165, "A*": 2.257165, "F-Hat": 2.759179, "Risk": 2.748343, "Lookahead": 100 }