{ "BFS": 2.459681, "A*": 2.241467, "F-Hat": 2.577279, "Risk": 2.241467, "Lookahead": 100 }