{ "BFS": 2.589290, "A*": 2.589290, "F-Hat": 2.800387, "Risk": 2.589290, "Lookahead": 1000 }