{ "BFS": 2.931845, "A*": 2.931845, "F-Hat": 2.525455, "Risk": 3.283425, "Lookahead": 10 }