{ "BFS": 3.122258, "A*": 2.884849, "F-Hat": 2.695973, "Risk": 2.884849, "Lookahead": 10 }