{ "BFS": 2.132958, "A*": 2.132958, "F-Hat": 2.132958, "Risk": 2.141390, "Lookahead": 10 }