{ "BFS": 2.391250, "A*": 2.391250, "F-Hat": 2.391250, "Risk": 3.024372, "Lookahead": 10 }