{ "BFS": 2.911571, "A*": 2.911571, "F-Hat": 3.775646, "Risk": 3.461477, "Lookahead": 1000 }