{ "BFS": 2.865182, "A*": 2.611210, "F-Hat": 2.611210, "Risk": 2.611210, "Lookahead": 100 }