{ "BFS": 3.478606, "A*": 3.310230, "F-Hat": 3.427938, "Risk": 3.310230, "Lookahead": 10 }