{ "BFS": 2.315439, "A*": 2.315439, "F-Hat": 2.315439, "Risk": 2.687476, "Lookahead": 10 }