{ "BFS": 2.373001, "A*": 2.373001, "F-Hat": 2.885342, "Risk": 2.373001, "Lookahead": 1000 }