{ "BFS": 2.890305, "A*": 2.750934, "F-Hat": 2.890305, "Risk": 2.893332, "Lookahead": 100 }