{ "BFS": 3.709778, "A*": 3.507669, "F-Hat": 3.786900, "Risk": 2.855173, "Lookahead": 10 }