{ "BFS": 2.258574, "A*": 2.258574, "F-Hat": 2.587695, "Risk": 3.199150, "Lookahead": 1000 }