{ "BFS": 2.413444, "A*": 1.662258, "F-Hat": 2.274073, "Risk": 2.036158, "Lookahead": 10 }