{ "BFS": 2.936891, "A*": 2.936891, "F-Hat": 2.936891, "Risk": 3.340872, "Lookahead": 10 }