{ "BFS": 2.585167, "A*": 2.557256, "F-Hat": 2.585167, "Risk": 3.213443, "Lookahead": 10 }