{ "BFS": 2.430420, "A*": 2.430420, "F-Hat": 2.430420, "Risk": 2.362738, "Lookahead": 10 }