{ "BFS": 2.005637, "A*": 2.005637, "F-Hat": 2.005637, "Risk": 2.005637, "Lookahead": 10 }