{ "BFS": 2.993448, "A*": 2.993448, "F-Hat": 3.623078, "Risk": 3.219440, "Lookahead": 1000 }