{ "BFS": 2.044446, "A*": 2.375259, "F-Hat": 1.988027, "Risk": 2.044446, "Lookahead": 10 }