{ "BFS": 3.065811, "A*": 3.065811, "F-Hat": 3.388680, "Risk": 3.530433, "Lookahead": 1000 }