{ "BFS": 2.932307, "A*": 2.932307, "F-Hat": 3.658524, "Risk": 2.932307, "Lookahead": 10 }