{ "BFS": 2.994917, "A*": 2.994917, "F-Hat": 3.497450, "Risk": 2.994917, "Lookahead": 100 }