{ "BFS": 2.533092, "A*": 2.533092, "F-Hat": 2.906914, "Risk": 2.695845, "Lookahead": 1000 }