{ "BFS": 2.548971, "A*": 2.274204, "F-Hat": 2.498345, "Risk": 2.478639, "Lookahead": 10 }