{ "BFS": 1.966659, "A*": 1.966659, "F-Hat": 2.273418, "Risk": 2.117911, "Lookahead": 1000 }