{ "BFS": 2.731133, "A*": 2.731133, "F-Hat": 2.731133, "Risk": 2.731133, "Lookahead": 10 }