{ "BFS": 2.081112, "A*": 2.081112, "F-Hat": 2.401571, "Risk": 2.401571, "Lookahead": 1000 }