{ "BFS": 3.677474, "A*": 3.267991, "F-Hat": 3.425901, "Risk": 3.267991, "Lookahead": 10 }