{ "BFS": 3.056407, "A*": 3.056407, "F-Hat": 3.056407, "Risk": 3.313828, "Lookahead": 10 }