{ "BFS": 3.602151, "A*": 3.526683, "F-Hat": 3.714006, "Risk": 3.822177, "Lookahead": 100 }