{ "BFS": 2.580975, "A*": 2.580975, "F-Hat": 2.580975, "Risk": 2.766859, "Lookahead": 1000 }