{ "BFS": 2.243389, "A*": 2.243389, "F-Hat": 2.521590, "Risk": 2.630281, "Lookahead": 100 }