{ "BFS": 2.810664, "A*": 2.675486, "F-Hat": 2.810664, "Risk": 2.810664, "Lookahead": 10 }