{ "BFS": 2.404412, "A*": 2.284786, "F-Hat": 3.280668, "Risk": 3.232078, "Lookahead": 100 }