{ "BFS": 2.155061, "A*": 2.155061, "F-Hat": 2.966504, "Risk": 3.591381, "Lookahead": 100 }