{ "BFS": 3.293863, "A*": 3.042596, "F-Hat": 3.042596, "Risk": 3.116036, "Lookahead": 10 }