{ "BFS": 2.566159, "A*": 2.566159, "F-Hat": 3.541303, "Risk": 2.907891, "Lookahead": 10 }