{ "BFS": 1.965156, "A*": 1.965156, "F-Hat": 1.965156, "Risk": 1.965156, "Lookahead": 10 }