{ "BFS": 2.539578, "A*": 2.875478, "F-Hat": 2.926759, "Risk": 2.539578, "Lookahead": 10 }