{ "BFS": 2.450284, "A*": 2.450284, "F-Hat": 2.450284, "Risk": 2.450284, "Lookahead": 1000 }