{ "BFS": 3.354154, "A*": 3.354154, "F-Hat": 3.299590, "Risk": 3.381241, "Lookahead": 10 }