{ "BFS": 2.472549, "A*": 2.381529, "F-Hat": 2.622661, "Risk": 2.513677, "Lookahead": 10 }