{ "BFS": 2.893212, "A*": 2.893212, "F-Hat": 2.893212, "Risk": 3.415196, "Lookahead": 1000 }