{ "BFS": 2.975419, "A*": 2.975419, "F-Hat": 3.080187, "Risk": 2.975419, "Lookahead": 10 }