{ "BFS": 2.964232, "A*": 2.964232, "F-Hat": 3.034779, "Risk": 2.948058, "Lookahead": 10 }