{ "BFS": 2.852767, "A*": 2.852767, "F-Hat": 2.852767, "Risk": 2.932313, "Lookahead": 100 }