{ "BFS": 2.019616, "A*": 2.837407, "F-Hat": 2.019616, "Risk": 2.837407, "Lookahead": 10 }