{ "BFS": 2.803514, "A*": 2.803514, "F-Hat": 2.732723, "Risk": 2.803514, "Lookahead": 10 }