{ "BFS": 2.577119, "A*": 2.577119, "F-Hat": 2.577119, "Risk": 2.577119, "Lookahead": 1000 }