{ "BFS": 2.463522, "A*": 2.463522, "F-Hat": 2.463522, "Risk": 2.505008, "Lookahead": 100 }