{ "BFS": 2.490819, "A*": 2.490819, "F-Hat": 2.802654, "Risk": 2.819938, "Lookahead": 100 }