{ "BFS": 2.199506, "A*": 2.199506, "F-Hat": 2.199506, "Risk": 2.216210, "Lookahead": 100 }