{ "BFS": 2.426814, "A*": 2.426814, "F-Hat": 2.426814, "Risk": 2.475870, "Lookahead": 10 }