{ "BFS": 2.687509, "A*": 2.687509, "F-Hat": 2.974481, "Risk": 2.687509, "Lookahead": 1000 }