{ "BFS": 2.352672, "A*": 1.470884, "F-Hat": 2.360528, "Risk": 1.470884, "Lookahead": 10 }