{ "BFS": 3.885625, "A*": 3.885625, "F-Hat": 3.274933, "Risk": 3.274933, "Lookahead": 10 }