{ "BFS": 3.046537, "A*": 3.046537, "F-Hat": 3.920537, "Risk": 3.165344, "Lookahead": 1000 }