{ "BFS": 2.705323, "A*": 2.355397, "F-Hat": 2.355397, "Risk": 1.949890, "Lookahead": 10 }