{ "BFS": 3.705926, "A*": 3.256859, "F-Hat": 3.586621, "Risk": 3.256859, "Lookahead": 10 }