{ "BFS": 4.004425, "A*": 3.444828, "F-Hat": 3.864040, "Risk": 3.203567, "Lookahead": 10 }