{ "BFS": 2.578635, "A*": 2.578635, "F-Hat": 3.013564, "Risk": 2.578635, "Lookahead": 1000 }