{ "BFS": 2.429954, "A*": 2.429954, "F-Hat": 2.678789, "Risk": 2.579275, "Lookahead": 1000 }