{ "BFS": 2.442010, "A*": 2.442010, "F-Hat": 3.349056, "Risk": 2.442010, "Lookahead": 1000 }