{ "BFS": 2.355657, "A*": 2.355657, "F-Hat": 2.979175, "Risk": 2.355657, "Lookahead": 10 }