{ "BFS": 2.492678, "A*": 2.492678, "F-Hat": 3.142297, "Risk": 3.415684, "Lookahead": 1000 }