{ "BFS": 2.781425, "A*": 2.781425, "F-Hat": 3.575374, "Risk": 3.806766, "Lookahead": 1000 }