{ "BFS": 2.778739, "A*": 2.778739, "F-Hat": 2.960121, "Risk": 3.117695, "Lookahead": 1000 }