{ "BFS": 2.411639, "A*": 2.411639, "F-Hat": 2.986256, "Risk": 2.411639, "Lookahead": 1000 }