{ "BFS": 1.841087, "A*": 1.841087, "F-Hat": 2.345628, "Risk": 2.586808, "Lookahead": 10 }