{ "BFS": 3.533084, "A*": 3.247654, "F-Hat": 3.533084, "Risk": 3.016585, "Lookahead": 10 }