{ "BFS": 2.300634, "A*": 2.300634, "F-Hat": 3.070195, "Risk": 2.543822, "Lookahead": 1000 }