{ "BFS": 2.689451, "A*": 3.238183, "F-Hat": 2.818830, "Risk": 2.689451, "Lookahead": 10 }