{ "BFS": 3.045421, "A*": 3.514425, "F-Hat": 3.400211, "Risk": 2.893890, "Lookahead": 10 }