{ "BFS": 2.799217, "A*": 2.797843, "F-Hat": 2.799217, "Risk": 2.799217, "Lookahead": 100 }