{ "BFS": 3.274671, "A*": 2.829668, "F-Hat": 2.829668, "Risk": 2.829668, "Lookahead": 10 }