{ "BFS": 2.841539, "A*": 2.841539, "F-Hat": 2.841539, "Risk": 2.964669, "Lookahead": 100 }