{ "BFS": 2.765525, "A*": 2.677373, "F-Hat": 2.765525, "Risk": 3.214983, "Lookahead": 100 }