{ "BFS": 2.085809, "A*": 2.085809, "F-Hat": 2.146249, "Risk": 2.146249, "Lookahead": 1000 }