{ "BFS": 2.079879, "A*": 2.079879, "F-Hat": 2.836783, "Risk": 2.627354, "Lookahead": 100 }