{ "BFS": 2.427529, "A*": 2.151316, "F-Hat": 3.341182, "Risk": 2.683700, "Lookahead": 100 }