{ "BFS": 3.091093, "A*": 3.091093, "F-Hat": 3.091093, "Risk": 3.117107, "Lookahead": 100 }