{ "BFS": 3.040019, "A*": 3.040019, "F-Hat": 3.108339, "Risk": 3.108339, "Lookahead": 100 }