{ "BFS": 2.546609, "A*": 2.546609, "F-Hat": 3.048722, "Risk": 2.830182, "Lookahead": 100 }