{ "BFS": 2.816370, "A*": 3.144054, "F-Hat": 3.444314, "Risk": 2.988881, "Lookahead": 10 }