{ "BFS": 3.076158, "A*": 2.719732, "F-Hat": 3.225143, "Risk": 3.076158, "Lookahead": 100 }