{ "BFS": 3.316985, "A*": 3.316985, "F-Hat": 3.316985, "Risk": 3.316985, "Lookahead": 100 }