{ "BFS": 2.716430, "A*": 2.716430, "F-Hat": 3.445839, "Risk": 2.851756, "Lookahead": 1000 }