{ "BFS": 2.504402, "A*": 2.504402, "F-Hat": 3.102133, "Risk": 2.504402, "Lookahead": 1000 }