{ "BFS": 3.422512, "A*": 3.282104, "F-Hat": 3.422512, "Risk": 3.282104, "Lookahead": 10 }