{ "BFS": 2.679113, "A*": 3.302270, "F-Hat": 2.679113, "Risk": 3.302270, "Lookahead": 10 }