{ "BFS": 2.130952, "A*": 2.130952, "F-Hat": 2.455304, "Risk": 3.187998, "Lookahead": 1000 }