{ "BFS": 3.446861, "A*": 2.626282, "F-Hat": 2.626282, "Risk": 2.053341, "Lookahead": 10 }