{ "BFS": 2.741624, "A*": 2.741624, "F-Hat": 2.741624, "Risk": 2.767693, "Lookahead": 100 }