{ "BFS": 2.870110, "A*": 2.870110, "F-Hat": 3.049825, "Risk": 2.870110, "Lookahead": 1000 }