{ "BFS": 2.244468, "A*": 2.846140, "F-Hat": 2.846140, "Risk": 2.893305, "Lookahead": 10 }