{ "BFS": 2.829108, "A*": 2.738570, "F-Hat": 2.829108, "Risk": 2.816708, "Lookahead": 100 }