{ "BFS": 3.654978, "A*": 3.258971, "F-Hat": 3.654978, "Risk": 2.946182, "Lookahead": 10 }