{ "BFS": 2.906071, "A*": 2.906071, "F-Hat": 3.348887, "Risk": 2.826944, "Lookahead": 10 }