{ "BFS": 2.990854, "A*": 2.964238, "F-Hat": 2.964238, "Risk": 2.964238, "Lookahead": 10 }