{ "BFS": 2.498073, "A*": 2.498073, "F-Hat": 2.721123, "Risk": 2.721123, "Lookahead": 1000 }