{ "BFS": 2.479487, "A*": 2.479487, "F-Hat": 3.226203, "Risk": 2.777026, "Lookahead": 1000 }