{ "BFS": 2.822116, "A*": 2.738732, "F-Hat": 2.757590, "Risk": 2.986407, "Lookahead": 10 }