{ "BFS": 2.606174, "A*": 2.606174, "F-Hat": 2.820631, "Risk": 2.984484, "Lookahead": 1000 }