{ "BFS": 2.552593, "A*": 2.364733, "F-Hat": 2.464206, "Risk": 2.464206, "Lookahead": 100 }