{ "BFS": 3.185776, "A*": 2.699840, "F-Hat": 2.699840, "Risk": 3.585707, "Lookahead": 10 }