{ "BFS": 2.691324, "A*": 2.412806, "F-Hat": 2.765310, "Risk": 2.681716, "Lookahead": 100 }