{ "BFS": 3.097222, "A*": 2.592789, "F-Hat": 2.592789, "Risk": 3.305170, "Lookahead": 10 }