{ "BFS": 2.244828, "A*": 1.959313, "F-Hat": 2.400215, "Risk": 2.639017, "Lookahead": 10 }