{ "BFS": 2.358221, "A*": 2.358221, "F-Hat": 2.929783, "Risk": 2.789464, "Lookahead": 1000 }