{ "BFS": 2.662627, "A*": 2.154861, "F-Hat": 2.223498, "Risk": 3.082489, "Lookahead": 10 }