{ "BFS": 2.529682, "A*": 2.529682, "F-Hat": 2.529682, "Risk": 2.780966, "Lookahead": 1000 }