{ "BFS": 2.803210, "A*": 2.761066, "F-Hat": 3.078138, "Risk": 2.865365, "Lookahead": 10 }