{ "BFS": 2.272899, "A*": 2.272899, "F-Hat": 2.272899, "Risk": 3.094099, "Lookahead": 1000 }