{ "BFS": 2.592895, "A*": 2.592895, "F-Hat": 2.592895, "Risk": 2.916889, "Lookahead": 1000 }