{ "BFS": 2.599852, "A*": 2.599852, "F-Hat": 3.323912, "Risk": 2.943774, "Lookahead": 1000 }