{ "BFS": 2.398444, "A*": 2.507345, "F-Hat": 2.398444, "Risk": 3.051763, "Lookahead": 10 }