{ "BFS": 3.570239, "A*": 3.317467, "F-Hat": 3.518544, "Risk": 3.518544, "Lookahead": 100 }