{ "BFS": 3.007743, "A*": 3.007743, "F-Hat": 3.064845, "Risk": 3.257297, "Lookahead": 1000 }