{ "BFS": 3.052636, "A*": 3.052575, "F-Hat": 2.001044, "Risk": 2.001044, "Lookahead": 10 }