{ "BFS": 3.395296, "A*": 3.377277, "F-Hat": 3.377277, "Risk": 3.377277, "Lookahead": 100 }