{ "BFS": 2.549481, "A*": 2.549481, "F-Hat": 2.641258, "Risk": 3.051536, "Lookahead": 10 }