{ "BFS": 3.500207, "A*": 3.534340, "F-Hat": 3.702317, "Risk": 3.557560, "Lookahead": 10 }