{ "BFS": 2.491831, "A*": 2.235762, "F-Hat": 2.893393, "Risk": 2.235762, "Lookahead": 100 }