{ "BFS": 2.576610, "A*": 2.576610, "F-Hat": 2.683722, "Risk": 2.850063, "Lookahead": 10 }