{ "BFS": 2.408102, "A*": 2.408102, "F-Hat": 2.660021, "Risk": 3.243639, "Lookahead": 1000 }