{ "BFS": 1.875528, "A*": 1.875528, "F-Hat": 1.897446, "Risk": 1.897446, "Lookahead": 100 }