{ "BFS": 2.925595, "A*": 2.925595, "F-Hat": 3.531966, "Risk": 3.046756, "Lookahead": 1000 }