{ "BFS": 2.250796, "A*": 2.569700, "F-Hat": 2.643160, "Risk": 2.569700, "Lookahead": 10 }