{ "BFS": 2.488426, "A*": 2.488426, "F-Hat": 2.704800, "Risk": 2.488426, "Lookahead": 100 }