{ "BFS": 2.474438, "A*": 2.474438, "F-Hat": 2.539686, "Risk": 2.539686, "Lookahead": 100 }