{ "BFS": 2.632974, "A*": 2.343729, "F-Hat": 2.343729, "Risk": 2.343729, "Lookahead": 10 }