{ "BFS": 2.170518, "A*": 2.170518, "F-Hat": 2.887989, "Risk": 2.663221, "Lookahead": 1000 }