{ "BFS": 2.206972, "A*": 2.206972, "F-Hat": 2.355783, "Risk": 2.206972, "Lookahead": 100 }