{ "BFS": 2.537700, "A*": 2.537700, "F-Hat": 3.278941, "Risk": 2.909522, "Lookahead": 1000 }