{ "BFS": 2.251390, "A*": 2.251390, "F-Hat": 2.251390, "Risk": 2.251390, "Lookahead": 10 }