{ "BFS": 2.872846, "A*": 2.872846, "F-Hat": 2.872846, "Risk": 3.354760, "Lookahead": 10 }