{ "BFS": 2.730814, "A*": 2.129254, "F-Hat": 2.129254, "Risk": 2.809846, "Lookahead": 10 }