{ "BFS": 2.067115, "A*": 2.067115, "F-Hat": 2.509938, "Risk": 2.067115, "Lookahead": 1000 }