{ "BFS": 3.197299, "A*": 3.187470, "F-Hat": 3.197299, "Risk": 3.224707, "Lookahead": 10 }