{ "BFS": 2.976792, "A*": 2.976792, "F-Hat": 3.192856, "Risk": 3.003667, "Lookahead": 1000 }