{ "BFS": 2.753432, "A*": 2.705409, "F-Hat": 2.753432, "Risk": 3.015548, "Lookahead": 100 }