{ "BFS": 2.218972, "A*": 2.218972, "F-Hat": 2.707266, "Risk": 2.483202, "Lookahead": 1000 }