{ "BFS": 3.251242, "A*": 3.148877, "F-Hat": 3.799946, "Risk": 3.251242, "Lookahead": 100 }