{ "BFS": 2.750268, "A*": 2.750268, "F-Hat": 3.039898, "Risk": 3.160119, "Lookahead": 1000 }