{ "BFS": 2.822346, "A*": 2.559532, "F-Hat": 2.295086, "Risk": 2.559532, "Lookahead": 10 }