{ "BFS": 2.914190, "A*": 2.629880, "F-Hat": 2.629880, "Risk": 2.629880, "Lookahead": 10 }