{ "BFS": 2.811084, "A*": 2.811084, "F-Hat": 2.990521, "Risk": 2.823965, "Lookahead": 1000 }