{ "BFS": 2.650517, "A*": 2.650517, "F-Hat": 3.102197, "Risk": 2.707265, "Lookahead": 1000 }