{ "BFS": 2.916551, "A*": 2.916551, "F-Hat": 2.916551, "Risk": 3.074336, "Lookahead": 10 }