{ "BFS": 3.660977, "A*": 3.114332, "F-Hat": 3.311271, "Risk": 3.311271, "Lookahead": 10 }