{ "BFS": 2.287318, "A*": 2.287318, "F-Hat": 2.287318, "Risk": 2.367034, "Lookahead": 1000 }