{ "BFS": 2.985772, "A*": 2.985772, "F-Hat": 3.365454, "Risk": 3.955384, "Lookahead": 1000 }