{ "BFS": 1.931163, "A*": 1.931163, "F-Hat": 2.645262, "Risk": 1.931163, "Lookahead": 100 }