{ "BFS": 2.731026, "A*": 2.731026, "F-Hat": 2.089273, "Risk": 2.885730, "Lookahead": 10 }