{ "BFS": 2.487892, "A*": 2.449172, "F-Hat": 2.317518, "Risk": 2.843987, "Lookahead": 10 }