{ "BFS": 2.682598, "A*": 2.682598, "F-Hat": 3.346303, "Risk": 2.682598, "Lookahead": 100 }