{ "BFS": 2.169476, "A*": 2.169476, "F-Hat": 2.891043, "Risk": 2.169476, "Lookahead": 1000 }