{ "BFS": 2.314504, "A*": 2.109877, "F-Hat": 2.531133, "Risk": 2.314504, "Lookahead": 100 }