{ "BFS": 2.465157, "A*": 2.465157, "F-Hat": 2.665008, "Risk": 2.791580, "Lookahead": 1000 }