{ "BFS": 2.305051, "A*": 2.305051, "F-Hat": 2.744717, "Risk": 2.744717, "Lookahead": 1000 }