{ "BFS": 2.760282, "A*": 2.760282, "F-Hat": 3.077611, "Risk": 2.789609, "Lookahead": 100 }