{ "BFS": 2.535071, "A*": 2.535071, "F-Hat": 2.956689, "Risk": 2.535071, "Lookahead": 10 }