{ "BFS": 2.812195, "A*": 2.655306, "F-Hat": 2.812195, "Risk": 3.228887, "Lookahead": 100 }