{ "BFS": 2.489775, "A*": 2.489775, "F-Hat": 3.210349, "Risk": 2.489775, "Lookahead": 100 }