{ "BFS": 2.238085, "A*": 2.238085, "F-Hat": 2.238085, "Risk": 2.238085, "Lookahead": 1000 }