{ "BFS": 2.587782, "A*": 2.587782, "F-Hat": 3.366530, "Risk": 2.587782, "Lookahead": 1000 }