{ "BFS": 2.875179, "A*": 2.875179, "F-Hat": 3.081551, "Risk": 3.057348, "Lookahead": 10 }