{ "BFS": 3.726453, "A*": 3.176011, "F-Hat": 3.726453, "Risk": 4.265454, "Lookahead": 10 }