{ "BFS": 3.325778, "A*": 2.734242, "F-Hat": 2.734242, "Risk": 2.734242, "Lookahead": 10 }