{ "BFS": 2.621073, "A*": 2.621073, "F-Hat": 2.708100, "Risk": 2.701598, "Lookahead": 10 }