{ "BFS": 2.794836, "A*": 2.683972, "F-Hat": 2.683972, "Risk": 2.811050, "Lookahead": 100 }