{ "BFS": 2.456014, "A*": 2.456014, "F-Hat": 2.456014, "Risk": 2.700492, "Lookahead": 1000 }