{ "BFS": 4.249566, "A*": 2.932019, "F-Hat": 3.281947, "Risk": 3.491157, "Lookahead": 10 }