{ "BFS": 2.027841, "A*": 2.027841, "F-Hat": 2.027841, "Risk": 2.027841, "Lookahead": 1000 }