{ "BFS": 2.148002, "A*": 2.148002, "F-Hat": 2.148002, "Risk": 2.345524, "Lookahead": 100 }