{ "BFS": 2.327151, "A*": 2.037416, "F-Hat": 2.358351, "Risk": 1.995216, "Lookahead": 10 }