{ "BFS": 3.592070, "A*": 3.474409, "F-Hat": 3.474409, "Risk": 3.605266, "Lookahead": 10 }