{ "BFS": 2.787780, "A*": 2.787780, "F-Hat": 2.799621, "Risk": 2.799621, "Lookahead": 1000 }