{ "BFS": 2.294259, "A*": 2.294259, "F-Hat": 2.401592, "Risk": 2.401592, "Lookahead": 1000 }