{ "BFS": 2.135046, "A*": 1.815318, "F-Hat": 2.242791, "Risk": 1.815318, "Lookahead": 100 }