{ "BFS": 2.969775, "A*": 2.969775, "F-Hat": 2.992736, "Risk": 2.969775, "Lookahead": 1000 }