{ "BFS": 2.668671, "A*": 2.668671, "F-Hat": 2.740491, "Risk": 2.780734, "Lookahead": 1000 }