{ "BFS": 4.081012, "A*": 3.884236, "F-Hat": 3.972613, "Risk": 3.553129, "Lookahead": 10 }