{ "BFS": 2.185268, "A*": 2.185268, "F-Hat": 2.930938, "Risk": 2.185268, "Lookahead": 100 }