{ "BFS": 2.649825, "A*": 2.526322, "F-Hat": 3.275637, "Risk": 2.765277, "Lookahead": 100 }