{ "BFS": 2.848023, "A*": 2.848023, "F-Hat": 3.011556, "Risk": 2.848023, "Lookahead": 1000 }