{ "BFS": 2.429979, "A*": 2.429979, "F-Hat": 2.705231, "Risk": 3.395405, "Lookahead": 1000 }