{ "BFS": 2.552832, "A*": 2.552832, "F-Hat": 2.559400, "Risk": 2.930879, "Lookahead": 10 }