{ "BFS": 2.823927, "A*": 2.823927, "F-Hat": 2.967969, "Risk": 2.823927, "Lookahead": 1000 }