{ "BFS": 2.301869, "A*": 2.301869, "F-Hat": 2.301869, "Risk": 2.972991, "Lookahead": 10 }