{ "BFS": 3.028287, "A*": 3.028287, "F-Hat": 3.163817, "Risk": 3.028287, "Lookahead": 100 }