{ "BFS": 2.922394, "A*": 2.649795, "F-Hat": 2.965322, "Risk": 3.284439, "Lookahead": 100 }