{ "BFS": 2.897479, "A*": 2.811548, "F-Hat": 2.948555, "Risk": 2.811548, "Lookahead": 10 }