{ "BFS": 2.219672, "A*": 2.219672, "F-Hat": 2.609240, "Risk": 3.667410, "Lookahead": 100 }