{ "BFS": 3.407251, "A*": 3.321211, "F-Hat": 3.407251, "Risk": 3.439890, "Lookahead": 100 }