{ "BFS": 2.905561, "A*": 2.905561, "F-Hat": 2.905561, "Risk": 2.905561, "Lookahead": 1000 }