{ "BFS": 2.147418, "A*": 2.147418, "F-Hat": 2.147418, "Risk": 2.147418, "Lookahead": 10 }