{ "BFS": 2.990706, "A*": 2.990706, "F-Hat": 2.992770, "Risk": 2.992770, "Lookahead": 1000 }