{ "BFS": 3.058644, "A*": 1.995977, "F-Hat": 1.995977, "Risk": 2.188326, "Lookahead": 10 }