{ "BFS": 3.250166, "A*": 3.250166, "F-Hat": 2.721092, "Risk": 2.566720, "Lookahead": 10 }