{ "BFS": 3.587394, "A*": 2.996722, "F-Hat": 3.199739, "Risk": 3.005114, "Lookahead": 100 }