{ "BFS": 3.555071, "A*": 2.862595, "F-Hat": 2.862595, "Risk": 2.862595, "Lookahead": 10 }