{ "BFS": 3.046227, "A*": 2.903817, "F-Hat": 2.903817, "Risk": 3.021188, "Lookahead": 10 }