{ "BFS": 3.619085, "A*": 3.535065, "F-Hat": 3.535065, "Risk": 3.763513, "Lookahead": 100 }