{ "BFS": 3.246623, "A*": 3.246623, "F-Hat": 3.277820, "Risk": 3.366964, "Lookahead": 1000 }