{ "BFS": 2.695801, "A*": 2.042929, "F-Hat": 2.952408, "Risk": 2.665394, "Lookahead": 10 }