{ "BFS": 2.946687, "A*": 2.946687, "F-Hat": 3.013740, "Risk": 2.946687, "Lookahead": 1000 }