{ "BFS": 2.624082, "A*": 2.624082, "F-Hat": 3.063899, "Risk": 2.821446, "Lookahead": 1000 }