{ "BFS": 2.938171, "A*": 2.938171, "F-Hat": 3.188969, "Risk": 2.953580, "Lookahead": 100 }