{ "BFS": 2.871106, "A*": 2.871106, "F-Hat": 3.198114, "Risk": 3.242349, "Lookahead": 100 }