{ "BFS": 2.710780, "A*": 2.690878, "F-Hat": 2.805947, "Risk": 2.805947, "Lookahead": 100 }