{ "BFS": 2.748871, "A*": 2.748871, "F-Hat": 2.962180, "Risk": 3.081272, "Lookahead": 1000 }