{ "BFS": 2.434975, "A*": 2.425429, "F-Hat": 2.434975, "Risk": 2.434975, "Lookahead": 100 }