{ "BFS": 2.544558, "A*": 2.544558, "F-Hat": 2.544558, "Risk": 2.581418, "Lookahead": 100 }