{ "BFS": 2.244979, "A*": 2.068630, "F-Hat": 2.519346, "Risk": 2.244979, "Lookahead": 100 }