{ "BFS": 3.169704, "A*": 3.140570, "F-Hat": 3.529184, "Risk": 3.169704, "Lookahead": 100 }