{ "BFS": 2.563736, "A*": 2.460158, "F-Hat": 3.082883, "Risk": 2.460158, "Lookahead": 100 }