{ "BFS": 2.092169, "A*": 2.092169, "F-Hat": 2.092169, "Risk": 2.092169, "Lookahead": 1000 }