{ "BFS": 2.356286, "A*": 2.356286, "F-Hat": 2.490784, "Risk": 2.490784, "Lookahead": 1000 }