{ "BFS": 2.853798, "A*": 2.423241, "F-Hat": 2.423241, "Risk": 2.423241, "Lookahead": 10 }