{ "BFS": 3.173277, "A*": 2.738217, "F-Hat": 3.288422, "Risk": 2.938072, "Lookahead": 100 }