{ "BFS": 3.033212, "A*": 2.957237, "F-Hat": 2.957237, "Risk": 2.957237, "Lookahead": 10 }