{ "BFS": 1.987834, "A*": 1.972511, "F-Hat": 2.189952, "Risk": 1.972511, "Lookahead": 100 }