{ "BFS": 2.819482, "A*": 2.680654, "F-Hat": 2.680654, "Risk": 2.680654, "Lookahead": 100 }