{ "BFS": 1.722841, "A*": 1.722841, "F-Hat": 1.722841, "Risk": 1.722841, "Lookahead": 100 }