{ "BFS": 3.434336, "A*": 3.293101, "F-Hat": 3.506099, "Risk": 3.862358, "Lookahead": 100 }