{ "BFS": 2.846930, "A*": 2.846930, "F-Hat": 2.675319, "Risk": 2.846930, "Lookahead": 10 }