{ "BFS": 3.097978, "A*": 3.097978, "F-Hat": 3.294653, "Risk": 3.334926, "Lookahead": 1000 }