{ "BFS": 2.522458, "A*": 2.413629, "F-Hat": 2.565121, "Risk": 2.413629, "Lookahead": 100 }