{ "BFS": 2.843635, "A*": 2.843635, "F-Hat": 3.249878, "Risk": 2.843635, "Lookahead": 100 }