{ "BFS": 2.468773, "A*": 2.468773, "F-Hat": 3.366975, "Risk": 3.206380, "Lookahead": 1000 }