{ "BFS": 2.267834, "A*": 2.243287, "F-Hat": 2.982020, "Risk": 2.243287, "Lookahead": 10 }