{ "BFS": 2.813853, "A*": 2.813853, "F-Hat": 3.285295, "Risk": 2.813853, "Lookahead": 1000 }