{ "BFS": 2.503261, "A*": 2.503261, "F-Hat": 2.717266, "Risk": 2.868827, "Lookahead": 100 }