{ "BFS": 3.582281, "A*": 3.348183, "F-Hat": 3.205924, "Risk": 3.348183, "Lookahead": 10 }