{ "BFS": 1.824141, "A*": 2.127554, "F-Hat": 2.095276, "Risk": 1.824141, "Lookahead": 10 }