{ "BFS": 3.235745, "A*": 3.214414, "F-Hat": 3.732753, "Risk": 3.378978, "Lookahead": 100 }