{ "BFS": 3.235885, "A*": 3.235885, "F-Hat": 3.550421, "Risk": 3.716341, "Lookahead": 10 }