{ "BFS": 2.056248, "A*": 2.056248, "F-Hat": 2.056248, "Risk": 2.675322, "Lookahead": 1000 }