{ "BFS": 2.125417, "A*": 2.125417, "F-Hat": 2.989001, "Risk": 2.125417, "Lookahead": 10 }