{ "BFS": 3.343455, "A*": 2.399618, "F-Hat": 3.012075, "Risk": 2.406554, "Lookahead": 10 }