{ "BFS": 3.607846, "A*": 3.489174, "F-Hat": 2.936671, "Risk": 4.066226, "Lookahead": 10 }