{ "BFS": 3.276348, "A*": 3.276348, "F-Hat": 3.333159, "Risk": 3.326882, "Lookahead": 1000 }