{ "BFS": 2.911372, "A*": 2.787885, "F-Hat": 2.911372, "Risk": 2.787885, "Lookahead": 10 }