{ "BFS": 2.565126, "A*": 2.204197, "F-Hat": 2.204197, "Risk": 2.204197, "Lookahead": 10 }