{ "BFS": 3.082380, "A*": 2.807391, "F-Hat": 2.869407, "Risk": 2.912478, "Lookahead": 10 }