{ "BFS": 2.991669, "A*": 2.991669, "F-Hat": 3.542905, "Risk": 3.218995, "Lookahead": 1000 }