{ "BFS": 2.945063, "A*": 2.670709, "F-Hat": 3.526841, "Risk": 3.128455, "Lookahead": 100 }