{ "BFS": 3.015422, "A*": 3.975895, "F-Hat": 3.015422, "Risk": 3.975895, "Lookahead": 10 }