{ "BFS": 2.900749, "A*": 2.395608, "F-Hat": 2.723960, "Risk": 2.395608, "Lookahead": 10 }