{ "BFS": 2.917632, "A*": 2.917632, "F-Hat": 3.185188, "Risk": 3.031451, "Lookahead": 100 }