{ "BFS": 2.808157, "A*": 2.858971, "F-Hat": 2.808157, "Risk": 2.858971, "Lookahead": 10 }