{ "BFS": 1.737881, "A*": 1.737881, "F-Hat": 2.515104, "Risk": 1.952149, "Lookahead": 1000 }