{ "BFS": 1.933108, "A*": 1.933108, "F-Hat": 1.933108, "Risk": 2.392999, "Lookahead": 100 }