{ "BFS": 2.480515, "A*": 2.304909, "F-Hat": 3.221158, "Risk": 2.600447, "Lookahead": 10 }