{ "BFS": 3.213900, "A*": 3.213900, "F-Hat": 3.760083, "Risk": 3.785497, "Lookahead": 1000 }