{ "BFS": 1.855998, "A*": 1.855998, "F-Hat": 1.855998, "Risk": 1.855998, "Lookahead": 10 }