{ "BFS": 2.961535, "A*": 2.389951, "F-Hat": 2.826579, "Risk": 3.009627, "Lookahead": 100 }