{ "BFS": 3.077186, "A*": 3.077186, "F-Hat": 3.932807, "Risk": 3.588833, "Lookahead": 1000 }