{ "BFS": 2.309226, "A*": 2.309226, "F-Hat": 3.217027, "Risk": 2.309226, "Lookahead": 1000 }