{ "BFS": 3.322302, "A*": 2.938918, "F-Hat": 2.938918, "Risk": 2.938918, "Lookahead": 100 }