{ "BFS": 2.262862, "A*": 2.262862, "F-Hat": 2.393208, "Risk": 2.393208, "Lookahead": 10 }