{ "BFS": 2.867382, "A*": 1.856014, "F-Hat": 2.233336, "Risk": 2.233336, "Lookahead": 10 }