{ "BFS": 2.513802, "A*": 2.318127, "F-Hat": 3.481776, "Risk": 2.318127, "Lookahead": 10 }