{ "BFS": 2.247031, "A*": 2.247031, "F-Hat": 2.417976, "Risk": 2.475067, "Lookahead": 10 }