{ "BFS": 2.726496, "A*": 2.726496, "F-Hat": 3.374218, "Risk": 3.481830, "Lookahead": 10 }