{ "BFS": 2.640575, "A*": 2.405396, "F-Hat": 2.640575, "Risk": 2.968662, "Lookahead": 10 }