{ "BFS": 3.162572, "A*": 3.162572, "F-Hat": 3.162572, "Risk": 3.285199, "Lookahead": 10 }