{ "BFS": 2.976023, "A*": 2.976023, "F-Hat": 3.319352, "Risk": 2.976023, "Lookahead": 1000 }