{ "BFS": 2.794464, "A*": 2.657582, "F-Hat": 2.794464, "Risk": 2.860168, "Lookahead": 10 }