{ "BFS": 2.696031, "A*": 2.696031, "F-Hat": 3.277891, "Risk": 2.696031, "Lookahead": 1000 }