{ "BFS": 2.721846, "A*": 2.799721, "F-Hat": 2.799721, "Risk": 2.799721, "Lookahead": 10 }