{ "BFS": 2.268938, "A*": 2.268938, "F-Hat": 2.268938, "Risk": 2.835306, "Lookahead": 1000 }