{ "BFS": 2.362354, "A*": 2.362354, "F-Hat": 2.922885, "Risk": 3.086333, "Lookahead": 1000 }