{ "BFS": 3.062839, "A*": 3.062839, "F-Hat": 3.062839, "Risk": 3.062839, "Lookahead": 1000 }