{ "BFS": 3.051732, "A*": 3.051732, "F-Hat": 3.764456, "Risk": 3.051732, "Lookahead": 100 }