{ "BFS": 3.207402, "A*": 3.062958, "F-Hat": 2.937912, "Risk": 2.563426, "Lookahead": 10 }