{ "BFS": 2.067125, "A*": 2.067125, "F-Hat": 2.067125, "Risk": 2.067125, "Lookahead": 100 }