{ "BFS": 2.521000, "A*": 3.235124, "F-Hat": 2.622764, "Risk": 2.622764, "Lookahead": 10 }