{ "BFS": 2.402744, "A*": 2.402744, "F-Hat": 2.570670, "Risk": 2.402744, "Lookahead": 100 }