{ "BFS": 3.256420, "A*": 3.223793, "F-Hat": 3.223793, "Risk": 3.223793, "Lookahead": 100 }