{ "BFS": 1.930750, "A*": 1.930750, "F-Hat": 2.597478, "Risk": 1.930750, "Lookahead": 100 }