{ "BFS": 3.089582, "A*": 3.089582, "F-Hat": 3.644201, "Risk": 3.348829, "Lookahead": 100 }