{ "BFS": 3.029576, "A*": 3.029576, "F-Hat": 3.469946, "Risk": 3.743314, "Lookahead": 1000 }