{ "BFS": 2.807876, "A*": 2.922375, "F-Hat": 3.337550, "Risk": 2.922375, "Lookahead": 10 }