{ "BFS": 2.096679, "A*": 2.096679, "F-Hat": 2.598845, "Risk": 2.276009, "Lookahead": 10 }