{ "BFS": 3.034164, "A*": 2.510251, "F-Hat": 2.594331, "Risk": 2.612258, "Lookahead": 10 }