{ "BFS": 2.415289, "A*": 2.296732, "F-Hat": 2.531695, "Risk": 2.424551, "Lookahead": 100 }