{ "BFS": 2.791109, "A*": 2.784921, "F-Hat": 2.138954, "Risk": 2.968137, "Lookahead": 10 }