{ "BFS": 2.725823, "A*": 2.725823, "F-Hat": 2.933510, "Risk": 2.803885, "Lookahead": 100 }