{ "BFS": 2.268284, "A*": 2.268284, "F-Hat": 2.268284, "Risk": 2.268284, "Lookahead": 100 }