{ "BFS": 3.074926, "A*": 3.074926, "F-Hat": 3.496983, "Risk": 3.074926, "Lookahead": 1000 }