{ "BFS": 2.501827, "A*": 2.501827, "F-Hat": 2.627686, "Risk": 2.627686, "Lookahead": 1000 }