{ "BFS": 2.423309, "A*": 2.244597, "F-Hat": 2.655142, "Risk": 2.390260, "Lookahead": 100 }