{ "BFS": 2.775660, "A*": 2.775660, "F-Hat": 2.866084, "Risk": 2.775660, "Lookahead": 1000 }