{ "BFS": 3.301896, "A*": 2.590924, "F-Hat": 2.534549, "Risk": 3.131447, "Lookahead": 10 }