{ "BFS": 3.331402, "A*": 3.061009, "F-Hat": 3.331402, "Risk": 3.137367, "Lookahead": 100 }