{ "BFS": 1.145493, "A*": 1.145493, "F-Hat": 1.145493, "Risk": 1.145493, "Lookahead": 10 }