{ "BFS": 2.593596, "A*": 2.593596, "F-Hat": 2.593596, "Risk": 2.593596, "Lookahead": 10 }