{ "BFS": 2.559199, "A*": 2.559199, "F-Hat": 2.559199, "Risk": 2.559199, "Lookahead": 100 }