{ "BFS": 3.320706, "A*": 3.144353, "F-Hat": 3.144353, "Risk": 3.276791, "Lookahead": 10 }