{ "BFS": 3.510277, "A*": 3.510277, "F-Hat": 3.817958, "Risk": 3.063902, "Lookahead": 10 }