{ "BFS": 2.801751, "A*": 2.801751, "F-Hat": 2.814161, "Risk": 3.285140, "Lookahead": 100 }