{ "BFS": 2.512997, "A*": 2.247477, "F-Hat": 2.495338, "Risk": 2.495338, "Lookahead": 10 }