{ "BFS": 1.823718, "A*": 1.823718, "F-Hat": 2.380470, "Risk": 1.910417, "Lookahead": 1000 }