{ "BFS": 2.370179, "A*": 2.110556, "F-Hat": 2.536809, "Risk": 2.832810, "Lookahead": 10 }