{ "BFS": 3.102785, "A*": 2.912133, "F-Hat": 3.116234, "Risk": 3.194707, "Lookahead": 100 }