{ "BFS": 2.615345, "A*": 2.437237, "F-Hat": 3.000635, "Risk": 3.212644, "Lookahead": 100 }