{ "BFS": 2.532577, "A*": 2.532577, "F-Hat": 3.088740, "Risk": 2.799927, "Lookahead": 1000 }