{ "BFS": 3.247991, "A*": 3.249034, "F-Hat": 3.458438, "Risk": 3.249034, "Lookahead": 10 }