{ "BFS": 2.904194, "A*": 3.395796, "F-Hat": 3.111354, "Risk": 2.528586, "Lookahead": 10 }