{ "BFS": 2.223862, "A*": 2.223862, "F-Hat": 2.432100, "Risk": 2.640103, "Lookahead": 1000 }