{ "BFS": 2.618470, "A*": 2.618470, "F-Hat": 3.652774, "Risk": 3.367977, "Lookahead": 100 }