{ "BFS": 2.451999, "A*": 3.039057, "F-Hat": 2.451999, "Risk": 3.148991, "Lookahead": 10 }