{ "BFS": 3.167006, "A*": 2.991532, "F-Hat": 3.299241, "Risk": 3.307881, "Lookahead": 10 }