{ "BFS": 2.942260, "A*": 2.942260, "F-Hat": 2.942260, "Risk": 2.942260, "Lookahead": 1000 }