{ "BFS": 2.809388, "A*": 2.809388, "F-Hat": 3.388639, "Risk": 3.106626, "Lookahead": 1000 }