{ "BFS": 2.829534, "A*": 3.367059, "F-Hat": 3.367059, "Risk": 3.027617, "Lookahead": 10 }