{ "BFS": 1.870646, "A*": 1.870646, "F-Hat": 1.870646, "Risk": 1.870646, "Lookahead": 1000 }