{ "BFS": 2.740155, "A*": 2.504488, "F-Hat": 2.740155, "Risk": 2.504488, "Lookahead": 100 }