{ "BFS": 2.551280, "A*": 2.551280, "F-Hat": 2.551280, "Risk": 2.551280, "Lookahead": 10 }