{ "BFS": 3.576047, "A*": 3.183306, "F-Hat": 3.498160, "Risk": 3.294418, "Lookahead": 10 }