{ "BFS": 2.410801, "A*": 2.383096, "F-Hat": 3.001922, "Risk": 2.894702, "Lookahead": 100 }