{ "BFS": 2.910747, "A*": 2.910747, "F-Hat": 3.006296, "Risk": 2.910747, "Lookahead": 1000 }