{ "BFS": 4.061822, "A*": 2.788264, "F-Hat": 2.861670, "Risk": 2.788264, "Lookahead": 10 }