{ "BFS": 2.212382, "A*": 2.619934, "F-Hat": 2.212382, "Risk": 2.212382, "Lookahead": 10 }