{ "BFS": 2.475219, "A*": 2.475219, "F-Hat": 2.953759, "Risk": 2.634282, "Lookahead": 1000 }