{ "BFS": 2.615724, "A*": 2.672679, "F-Hat": 2.615724, "Risk": 3.113412, "Lookahead": 10 }