{ "BFS": 1.682375, "A*": 1.682375, "F-Hat": 2.128553, "Risk": 1.986062, "Lookahead": 1000 }