{ "BFS": 3.297603, "A*": 2.974385, "F-Hat": 3.191934, "Risk": 3.018504, "Lookahead": 100 }