{ "BFS": 2.003381, "A*": 2.003381, "F-Hat": 2.693419, "Risk": 2.029130, "Lookahead": 1000 }