{ "BFS": 1.963888, "A*": 1.963888, "F-Hat": 2.351723, "Risk": 2.108476, "Lookahead": 100 }