{ "BFS": 3.088740, "A*": 3.088740, "F-Hat": 3.088740, "Risk": 3.027913, "Lookahead": 10 }