{ "BFS": 1.899382, "A*": 1.899382, "F-Hat": 2.494101, "Risk": 2.328520, "Lookahead": 100 }