{ "BFS": 2.111067, "A*": 2.111067, "F-Hat": 2.427482, "Risk": 2.111067, "Lookahead": 100 }