{ "BFS": 2.288833, "A*": 2.193317, "F-Hat": 2.146249, "Risk": 2.193317, "Lookahead": 10 }