{ "BFS": 3.027031, "A*": 2.615634, "F-Hat": 2.835524, "Risk": 2.615634, "Lookahead": 10 }