{ "BFS": 2.693789, "A*": 2.693789, "F-Hat": 2.802713, "Risk": 2.802713, "Lookahead": 100 }