{ "BFS": 2.019336, "A*": 2.132985, "F-Hat": 2.132985, "Risk": 2.132985, "Lookahead": 10 }