{ "BFS": 3.482538, "A*": 3.482538, "F-Hat": 3.482538, "Risk": 3.268150, "Lookahead": 10 }