{ "BFS": 2.839863, "A*": 2.839863, "F-Hat": 3.246815, "Risk": 2.900886, "Lookahead": 1000 }