{ "BFS": 2.931636, "A*": 2.656630, "F-Hat": 3.021272, "Risk": 3.021272, "Lookahead": 10 }