{ "BFS": 1.935251, "A*": 1.935251, "F-Hat": 1.935251, "Risk": 1.935251, "Lookahead": 1000 }