{ "BFS": 2.086347, "A*": 2.086347, "F-Hat": 2.086347, "Risk": 2.086347, "Lookahead": 1000 }