{ "BFS": 2.516762, "A*": 2.516762, "F-Hat": 2.614526, "Risk": 2.598882, "Lookahead": 1000 }