{ "BFS": 2.417176, "A*": 2.417176, "F-Hat": 1.962353, "Risk": 3.223904, "Lookahead": 10 }