{ "BFS": 2.229831, "A*": 2.229831, "F-Hat": 2.229831, "Risk": 2.229831, "Lookahead": 100 }