{ "BFS": 2.493248, "A*": 2.493248, "F-Hat": 2.832174, "Risk": 3.478557, "Lookahead": 1000 }