{ "BFS": 2.867275, "A*": 2.867275, "F-Hat": 3.066814, "Risk": 2.867275, "Lookahead": 10 }