{ "BFS": 3.711896, "A*": 3.711896, "F-Hat": 3.338605, "Risk": 3.338605, "Lookahead": 10 }