{ "BFS": 3.209105, "A*": 3.112811, "F-Hat": 3.465841, "Risk": 3.209105, "Lookahead": 10 }