{ "BFS": 3.031817, "A*": 2.481820, "F-Hat": 2.942886, "Risk": 2.481820, "Lookahead": 10 }