{ "BFS": 2.196320, "A*": 2.196320, "F-Hat": 2.794184, "Risk": 2.734179, "Lookahead": 10 }