{ "BFS": 1.823157, "A*": 1.823157, "F-Hat": 1.823157, "Risk": 1.823157, "Lookahead": 1000 }