{ "BFS": 3.043970, "A*": 3.043970, "F-Hat": 3.043970, "Risk": 3.204872, "Lookahead": 1000 }