{ "BFS": 2.764272, "A*": 2.764272, "F-Hat": 3.672789, "Risk": 2.764272, "Lookahead": 10 }