{ "BFS": 2.733501, "A*": 2.733501, "F-Hat": 2.996332, "Risk": 2.946169, "Lookahead": 1000 }