{ "BFS": 2.494893, "A*": 2.494893, "F-Hat": 2.769707, "Risk": 2.881129, "Lookahead": 1000 }