{ "BFS": 2.871981, "A*": 2.871981, "F-Hat": 2.871981, "Risk": 2.843381, "Lookahead": 10 }