{ "BFS": 3.350238, "A*": 3.350238, "F-Hat": 3.557486, "Risk": 3.350238, "Lookahead": 1000 }