{ "BFS": 2.192282, "A*": 2.192282, "F-Hat": 2.591694, "Risk": 2.347908, "Lookahead": 1000 }