{ "BFS": 2.532278, "A*": 2.532278, "F-Hat": 2.808986, "Risk": 2.789176, "Lookahead": 10 }