{ "BFS": 2.603409, "A*": 2.603409, "F-Hat": 2.989398, "Risk": 2.604629, "Lookahead": 1000 }