{ "BFS": 2.072725, "A*": 2.181051, "F-Hat": 2.128074, "Risk": 2.181051, "Lookahead": 10 }