{ "BFS": 2.397290, "A*": 2.397290, "F-Hat": 2.973749, "Risk": 3.339618, "Lookahead": 100 }