{ "BFS": 2.967535, "A*": 2.967535, "F-Hat": 2.967535, "Risk": 3.412418, "Lookahead": 10 }