{ "BFS": 2.163881, "A*": 2.163881, "F-Hat": 2.234458, "Risk": 2.550953, "Lookahead": 100 }