{ "BFS": 3.028205, "A*": 2.302954, "F-Hat": 3.297533, "Risk": 2.302954, "Lookahead": 10 }