{ "BFS": 3.154145, "A*": 2.526783, "F-Hat": 2.970474, "Risk": 2.526783, "Lookahead": 100 }