{ "BFS": 2.884568, "A*": 2.884568, "F-Hat": 3.067365, "Risk": 3.067365, "Lookahead": 10 }