{ "BFS": 2.934287, "A*": 2.698202, "F-Hat": 2.419188, "Risk": 2.698202, "Lookahead": 10 }