{ "BFS": 2.953522, "A*": 2.953522, "F-Hat": 3.142449, "Risk": 3.501926, "Lookahead": 10 }