{ "BFS": 2.406857, "A*": 2.406857, "F-Hat": 2.406857, "Risk": 2.406857, "Lookahead": 1000 }