{ "BFS": 2.521929, "A*": 2.521929, "F-Hat": 2.766461, "Risk": 2.553167, "Lookahead": 1000 }