{ "BFS": 3.140471, "A*": 2.699320, "F-Hat": 2.902920, "Risk": 2.902920, "Lookahead": 10 }