{ "BFS": 2.384570, "A*": 2.174112, "F-Hat": 2.174112, "Risk": 2.174112, "Lookahead": 10 }