{ "BFS": 2.270621, "A*": 2.270621, "F-Hat": 3.077266, "Risk": 2.270621, "Lookahead": 1000 }