{ "BFS": 3.017500, "A*": 2.154315, "F-Hat": 3.017500, "Risk": 2.154315, "Lookahead": 10 }