{ "BFS": 2.730983, "A*": 2.730983, "F-Hat": 3.258892, "Risk": 3.510563, "Lookahead": 100 }