{ "BFS": 2.845157, "A*": 2.785022, "F-Hat": 2.972229, "Risk": 2.785022, "Lookahead": 1000 }