{ "BFS": 2.669761, "A*": 2.669761, "F-Hat": 3.044995, "Risk": 2.669761, "Lookahead": 1000 }