{ "BFS": 2.228322, "A*": 2.228322, "F-Hat": 3.244775, "Risk": 2.228322, "Lookahead": 1000 }