{ "BFS": 3.026875, "A*": 2.678087, "F-Hat": 2.678087, "Risk": 2.719887, "Lookahead": 100 }