{ "BFS": 2.936180, "A*": 3.037406, "F-Hat": 3.037406, "Risk": 3.187971, "Lookahead": 10 }