{ "BFS": 2.924404, "A*": 2.924404, "F-Hat": 3.016379, "Risk": 2.924404, "Lookahead": 10 }