{ "BFS": 4.263990, "A*": 2.756904, "F-Hat": 2.756904, "Risk": 2.882008, "Lookahead": 10 }