{ "BFS": 1.711154, "A*": 1.711154, "F-Hat": 2.021311, "Risk": 2.402420, "Lookahead": 10 }