{ "BFS": 3.295157, "A*": 3.645115, "F-Hat": 3.295157, "Risk": 3.434602, "Lookahead": 10 }