{ "BFS": 4.103547, "A*": 4.066109, "F-Hat": 4.201500, "Risk": 3.962220, "Lookahead": 100 }