{ "BFS": 2.492101, "A*": 2.492101, "F-Hat": 2.762648, "Risk": 2.492101, "Lookahead": 1000 }