{ "BFS": 3.032802, "A*": 3.032802, "F-Hat": 3.137264, "Risk": 3.137264, "Lookahead": 1000 }