{ "BFS": 3.246973, "A*": 2.691872, "F-Hat": 3.213974, "Risk": 3.553482, "Lookahead": 10 }