{ "BFS": 3.234637, "A*": 2.990348, "F-Hat": 3.516356, "Risk": 3.096372, "Lookahead": 100 }