{ "BFS": 2.657507, "A*": 2.657507, "F-Hat": 2.961976, "Risk": 2.964044, "Lookahead": 1000 }