{ "BFS": 2.744122, "A*": 2.744122, "F-Hat": 3.220936, "Risk": 3.263713, "Lookahead": 1000 }