{ "BFS": 2.305689, "A*": 2.174086, "F-Hat": 2.305689, "Risk": 2.174086, "Lookahead": 10 }