{ "BFS": 2.908861, "A*": 2.908861, "F-Hat": 2.908861, "Risk": 3.105125, "Lookahead": 1000 }