{ "BFS": 2.143027, "A*": 2.143027, "F-Hat": 2.264859, "Risk": 2.264859, "Lookahead": 10 }