{ "BFS": 3.768623, "A*": 3.104825, "F-Hat": 3.104825, "Risk": 3.400904, "Lookahead": 100 }