{ "BFS": 3.833461, "A*": 3.833461, "F-Hat": 3.788378, "Risk": 3.833461, "Lookahead": 10 }