{ "BFS": 4.151927, "A*": 3.300356, "F-Hat": 3.300356, "Risk": 4.074895, "Lookahead": 10 }