{ "BFS": 2.391146, "A*": 2.391146, "F-Hat": 3.066015, "Risk": 2.391146, "Lookahead": 100 }