{ "BFS": 3.521854, "A*": 3.521854, "F-Hat": 3.814078, "Risk": 3.532032, "Lookahead": 1000 }