{ "BFS": 2.399757, "A*": 2.187684, "F-Hat": 2.755078, "Risk": 2.187684, "Lookahead": 10 }