{ "BFS": 2.784883, "A*": 2.784883, "F-Hat": 2.943745, "Risk": 3.706210, "Lookahead": 100 }