{ "BFS": 3.338730, "A*": 3.338730, "F-Hat": 3.644500, "Risk": 3.525992, "Lookahead": 1000 }