{ "BFS": 2.878843, "A*": 2.878843, "F-Hat": 2.924836, "Risk": 3.792243, "Lookahead": 1000 }