{ "BFS": 3.058936, "A*": 3.058936, "F-Hat": 3.058936, "Risk": 3.058936, "Lookahead": 10 }