{ "BFS": 2.266565, "A*": 2.266565, "F-Hat": 2.266565, "Risk": 2.266565, "Lookahead": 100 }