{ "BFS": 2.243276, "A*": 2.243276, "F-Hat": 2.887463, "Risk": 2.243276, "Lookahead": 1000 }