{ "BFS": 2.808283, "A*": 2.989113, "F-Hat": 3.041457, "Risk": 2.853424, "Lookahead": 10 }