{ "BFS": 2.988581, "A*": 2.944566, "F-Hat": 3.452233, "Risk": 2.661529, "Lookahead": 100 }