{ "BFS": 2.761771, "A*": 2.995043, "F-Hat": 3.325453, "Risk": 2.761771, "Lookahead": 10 }