{ "BFS": 2.861920, "A*": 2.626707, "F-Hat": 2.866423, "Risk": 2.979049, "Lookahead": 100 }