{ "BFS": 3.489856, "A*": 3.339779, "F-Hat": 3.572590, "Risk": 3.546893, "Lookahead": 100 }