{ "BFS": 2.591702, "A*": 2.591702, "F-Hat": 2.981293, "Risk": 3.091987, "Lookahead": 1000 }