{ "BFS": 2.964351, "A*": 2.521689, "F-Hat": 2.964351, "Risk": 3.056264, "Lookahead": 100 }