{ "BFS": 3.157450, "A*": 3.044590, "F-Hat": 3.044590, "Risk": 3.157450, "Lookahead": 1000 }