{ "BFS": 2.924981, "A*": 2.903464, "F-Hat": 2.903464, "Risk": 2.903464, "Lookahead": 10 }