{ "BFS": 2.774113, "A*": 2.774113, "F-Hat": 3.736350, "Risk": 4.298691, "Lookahead": 10 }