{ "BFS": 2.810261, "A*": 2.739467, "F-Hat": 2.739467, "Risk": 2.739467, "Lookahead": 100 }