{ "BFS": 2.192333, "A*": 2.192333, "F-Hat": 3.013026, "Risk": 2.947016, "Lookahead": 10 }