{ "BFS": 3.395651, "A*": 3.543103, "F-Hat": 3.387344, "Risk": 3.395651, "Lookahead": 10 }