{ "BFS": 2.777687, "A*": 2.777687, "F-Hat": 2.646533, "Risk": 2.478666, "Lookahead": 10 }