{ "BFS": 2.251520, "A*": 2.251520, "F-Hat": 2.339710, "Risk": 2.251520, "Lookahead": 10 }