{ "BFS": 2.762751, "A*": 2.264279, "F-Hat": 2.762751, "Risk": 2.264279, "Lookahead": 10 }