{ "BFS": 2.707228, "A*": 2.707228, "F-Hat": 2.707228, "Risk": 2.958164, "Lookahead": 10 }