{ "BFS": 2.658781, "A*": 2.658781, "F-Hat": 2.658781, "Risk": 2.824282, "Lookahead": 10 }