{ "BFS": 2.990369, "A*": 2.990369, "F-Hat": 3.446571, "Risk": 3.008039, "Lookahead": 1000 }