{ "BFS": 2.461319, "A*": 2.461319, "F-Hat": 2.461319, "Risk": 2.837630, "Lookahead": 1000 }