{ "BFS": 3.605833, "A*": 3.262397, "F-Hat": 3.262397, "Risk": 3.368429, "Lookahead": 10 }