{ "BFS": 2.963714, "A*": 2.485811, "F-Hat": 3.028245, "Risk": 2.801053, "Lookahead": 100 }