{ "BFS": 2.640852, "A*": 2.640852, "F-Hat": 2.640852, "Risk": 2.640852, "Lookahead": 10 }