{ "BFS": 3.634742, "A*": 3.008555, "F-Hat": 3.700052, "Risk": 2.955931, "Lookahead": 10 }