{ "BFS": 2.311177, "A*": 2.311177, "F-Hat": 3.179396, "Risk": 2.311177, "Lookahead": 1000 }