{ "BFS": 2.746672, "A*": 2.746672, "F-Hat": 2.841763, "Risk": 2.709969, "Lookahead": 10 }