{ "BFS": 1.898644, "A*": 2.013932, "F-Hat": 1.898644, "Risk": 1.898644, "Lookahead": 10 }