{ "BFS": 2.839785, "A*": 2.839785, "F-Hat": 3.492782, "Risk": 2.839785, "Lookahead": 1000 }