{ "BFS": 2.237012, "A*": 2.237012, "F-Hat": 2.237012, "Risk": 2.237012, "Lookahead": 1000 }