{ "BFS": 2.466774, "A*": 2.782133, "F-Hat": 2.647088, "Risk": 2.789989, "Lookahead": 10 }