{ "BFS": 2.804885, "A*": 2.429021, "F-Hat": 3.000918, "Risk": 2.429021, "Lookahead": 100 }