{ "BFS": 3.085622, "A*": 2.689507, "F-Hat": 3.085622, "Risk": 2.689507, "Lookahead": 100 }