{ "BFS": 2.264105, "A*": 2.264105, "F-Hat": 2.779224, "Risk": 2.676813, "Lookahead": 1000 }