{ "BFS": 1.945596, "A*": 1.945596, "F-Hat": 1.945596, "Risk": 1.945596, "Lookahead": 10 }