{ "BFS": 2.062291, "A*": 2.062291, "F-Hat": 2.062291, "Risk": 2.062291, "Lookahead": 1000 }