{ "BFS": 2.990634, "A*": 2.990634, "F-Hat": 3.238551, "Risk": 3.547972, "Lookahead": 10 }