{ "BFS": 2.459720, "A*": 2.459720, "F-Hat": 2.615914, "Risk": 2.600737, "Lookahead": 100 }