{ "BFS": 2.713803, "A*": 2.713803, "F-Hat": 2.713803, "Risk": 2.713803, "Lookahead": 100 }