{ "BFS": 3.083301, "A*": 3.083301, "F-Hat": 3.083301, "Risk": 3.305487, "Lookahead": 1000 }