{ "BFS": 2.598573, "A*": 2.598573, "F-Hat": 3.345562, "Risk": 2.575554, "Lookahead": 10 }