{ "BFS": 3.037120, "A*": 2.660022, "F-Hat": 2.875137, "Risk": 2.836763, "Lookahead": 100 }