{ "BFS": 2.689611, "A*": 2.689611, "F-Hat": 3.125360, "Risk": 3.133696, "Lookahead": 100 }