{ "BFS": 2.987446, "A*": 2.311103, "F-Hat": 3.048618, "Risk": 3.555683, "Lookahead": 100 }