{ "BFS": 2.574659, "A*": 2.574659, "F-Hat": 2.971674, "Risk": 2.865558, "Lookahead": 100 }