{ "BFS": 2.789984, "A*": 2.683218, "F-Hat": 3.515086, "Risk": 2.789984, "Lookahead": 10 }