{ "BFS": 2.843842, "A*": 2.843842, "F-Hat": 3.030569, "Risk": 3.138295, "Lookahead": 1000 }