{ "BFS": 3.114756, "A*": 3.041084, "F-Hat": 3.590983, "Risk": 3.717811, "Lookahead": 100 }