{ "BFS": 3.166841, "A*": 2.699946, "F-Hat": 2.699946, "Risk": 2.699946, "Lookahead": 10 }