{ "BFS": 2.431630, "A*": 2.241431, "F-Hat": 2.774197, "Risk": 2.389956, "Lookahead": 100 }