{ "BFS": 2.816526, "A*": 2.655749, "F-Hat": 2.900296, "Risk": 2.655749, "Lookahead": 100 }