{ "BFS": 2.023468, "A*": 1.968925, "F-Hat": 2.873676, "Risk": 2.023468, "Lookahead": 100 }