{ "BFS": 3.341668, "A*": 3.341668, "F-Hat": 3.605047, "Risk": 3.341668, "Lookahead": 1000 }