{ "BFS": 2.668696, "A*": 2.668696, "F-Hat": 2.668696, "Risk": 2.735319, "Lookahead": 10 }