{ "BFS": 3.306427, "A*": 3.306427, "F-Hat": 3.447003, "Risk": 3.272652, "Lookahead": 100 }