{ "BFS": 2.311923, "A*": 2.311923, "F-Hat": 2.352512, "Risk": 2.352512, "Lookahead": 100 }