{ "BFS": 1.647586, "A*": 1.647586, "F-Hat": 1.647586, "Risk": 1.647586, "Lookahead": 100 }