{ "BFS": 2.540770, "A*": 2.961116, "F-Hat": 2.961116, "Risk": 3.356034, "Lookahead": 10 }