{ "BFS": 2.657396, "A*": 2.529087, "F-Hat": 2.529087, "Risk": 2.529087, "Lookahead": 100 }