{ "BFS": 2.209142, "A*": 2.209142, "F-Hat": 2.483331, "Risk": 2.974348, "Lookahead": 100 }