{ "BFS": 2.418136, "A*": 2.418136, "F-Hat": 2.418136, "Risk": 2.842103, "Lookahead": 10 }