{ "BFS": 3.430070, "A*": 3.341746, "F-Hat": 3.249420, "Risk": 2.343857, "Lookahead": 10 }