{ "BFS": 3.160450, "A*": 2.844260, "F-Hat": 2.946978, "Risk": 3.128788, "Lookahead": 10 }