{ "BFS": 2.855876, "A*": 2.855876, "F-Hat": 2.952335, "Risk": 2.855876, "Lookahead": 1000 }