{ "BFS": 3.205462, "A*": 2.539555, "F-Hat": 2.539555, "Risk": 2.539555, "Lookahead": 10 }