{ "BFS": 3.405969, "A*": 3.405969, "F-Hat": 3.405969, "Risk": 2.574178, "Lookahead": 10 }