{ "BFS": 3.137477, "A*": 3.137477, "F-Hat": 3.577068, "Risk": 3.137477, "Lookahead": 1000 }