{ "BFS": 2.055251, "A*": 2.055251, "F-Hat": 2.241444, "Risk": 2.412780, "Lookahead": 1000 }