{ "BFS": 2.925083, "A*": 2.925083, "F-Hat": 3.107324, "Risk": 2.925083, "Lookahead": 1000 }