{ "BFS": 2.982584, "A*": 3.167439, "F-Hat": 2.982584, "Risk": 2.992245, "Lookahead": 10 }