{ "BFS": 4.592537, "A*": 4.186722, "F-Hat": 2.872669, "Risk": 3.875398, "Lookahead": 10 }