{ "BFS": 2.280737, "A*": 2.280737, "F-Hat": 2.883092, "Risk": 2.280737, "Lookahead": 100 }