{ "BFS": 1.900679, "A*": 1.900679, "F-Hat": 2.112593, "Risk": 1.900679, "Lookahead": 100 }