{ "BFS": 2.808753, "A*": 2.808753, "F-Hat": 3.432344, "Risk": 2.591431, "Lookahead": 10 }