{ "BFS": 3.143486, "A*": 2.888857, "F-Hat": 2.888857, "Risk": 2.888857, "Lookahead": 100 }