{ "BFS": 2.813553, "A*": 2.552863, "F-Hat": 3.613519, "Risk": 2.757272, "Lookahead": 10 }