{ "BFS": 2.200478, "A*": 2.200478, "F-Hat": 2.834228, "Risk": 2.393224, "Lookahead": 1000 }