{ "BFS": 2.880009, "A*": 2.880009, "F-Hat": 3.368018, "Risk": 3.117040, "Lookahead": 1000 }