{ "BFS": 3.274798, "A*": 2.212429, "F-Hat": 2.212429, "Risk": 3.049727, "Lookahead": 10 }