{ "BFS": 2.618358, "A*": 2.618358, "F-Hat": 3.174853, "Risk": 2.981771, "Lookahead": 10 }