{ "BFS": 2.750357, "A*": 2.649488, "F-Hat": 2.750357, "Risk": 2.750357, "Lookahead": 10 }