{ "BFS": 2.406072, "A*": 2.406072, "F-Hat": 2.406072, "Risk": 2.653272, "Lookahead": 1000 }