{ "BFS": 2.616084, "A*": 2.616084, "F-Hat": 2.914615, "Risk": 2.756980, "Lookahead": 1000 }