{ "BFS": 2.607799, "A*": 2.607799, "F-Hat": 2.848281, "Risk": 2.848281, "Lookahead": 10 }