{ "BFS": 2.580877, "A*": 2.580877, "F-Hat": 2.580877, "Risk": 2.613697, "Lookahead": 1000 }