{ "BFS": 2.668708, "A*": 2.668708, "F-Hat": 3.029666, "Risk": 2.789772, "Lookahead": 10 }