{ "BFS": 2.792118, "A*": 2.616324, "F-Hat": 2.879037, "Risk": 2.803006, "Lookahead": 100 }