{ "BFS": 2.041490, "A*": 2.041490, "F-Hat": 2.041490, "Risk": 2.216022, "Lookahead": 1000 }