{ "BFS": 2.792815, "A*": 2.905137, "F-Hat": 2.792815, "Risk": 3.348626, "Lookahead": 10 }