{ "BFS": 2.518019, "A*": 2.650201, "F-Hat": 3.145491, "Risk": 2.650201, "Lookahead": 10 }