{ "BFS": 2.492332, "A*": 2.492332, "F-Hat": 2.484930, "Risk": 2.484930, "Lookahead": 10 }