{ "BFS": 3.241859, "A*": 2.416043, "F-Hat": 2.416043, "Risk": 3.213328, "Lookahead": 10 }