{ "BFS": 3.099955, "A*": 3.099955, "F-Hat": 3.099955, "Risk": 3.099955, "Lookahead": 10 }