{ "BFS": 2.716058, "A*": 2.716058, "F-Hat": 2.716058, "Risk": 2.417067, "Lookahead": 10 }