{ "BFS": 2.661800, "A*": 2.515360, "F-Hat": 2.515815, "Risk": 2.515360, "Lookahead": 100 }