{ "BFS": 3.033929, "A*": 2.754457, "F-Hat": 3.380399, "Risk": 2.754457, "Lookahead": 100 }