{ "BFS": 2.768585, "A*": 2.768585, "F-Hat": 3.319400, "Risk": 2.768585, "Lookahead": 100 }