{ "BFS": 1.784178, "A*": 1.784178, "F-Hat": 1.784178, "Risk": 1.784178, "Lookahead": 1000 }