{ "BFS": 2.348727, "A*": 2.348727, "F-Hat": 2.348727, "Risk": 2.348727, "Lookahead": 100 }