{ "BFS": 2.189644, "A*": 2.189644, "F-Hat": 2.636462, "Risk": 2.189644, "Lookahead": 1000 }