{ "BFS": 3.190626, "A*": 3.103556, "F-Hat": 3.240968, "Risk": 3.103556, "Lookahead": 100 }