{ "BFS": 3.412214, "A*": 3.412214, "F-Hat": 3.412214, "Risk": 3.527809, "Lookahead": 10 }