{ "BFS": 2.765528, "A*": 2.190653, "F-Hat": 2.039822, "Risk": 2.479475, "Lookahead": 10 }