{ "BFS": 2.398443, "A*": 2.398443, "F-Hat": 2.735268, "Risk": 3.118493, "Lookahead": 1000 }