{ "BFS": 2.554446, "A*": 2.554446, "F-Hat": 2.901042, "Risk": 2.780577, "Lookahead": 100 }