{ "BFS": 2.151481, "A*": 2.151481, "F-Hat": 2.406138, "Risk": 2.390251, "Lookahead": 1000 }