{ "BFS": 2.657856, "A*": 2.561830, "F-Hat": 2.561830, "Risk": 2.661244, "Lookahead": 100 }