{ "BFS": 3.015011, "A*": 3.046504, "F-Hat": 3.117967, "Risk": 3.201551, "Lookahead": 100 }