{ "BFS": 2.388440, "A*": 2.892552, "F-Hat": 2.388440, "Risk": 2.318115, "Lookahead": 10 }