{ "BFS": 2.477643, "A*": 2.279937, "F-Hat": 2.666208, "Risk": 2.279937, "Lookahead": 100 }