{ "BFS": 3.122062, "A*": 3.122062, "F-Hat": 3.122062, "Risk": 3.122062, "Lookahead": 10 }