{ "BFS": 2.369210, "A*": 1.985574, "F-Hat": 2.488933, "Risk": 2.631259, "Lookahead": 100 }