{ "BFS": 2.112717, "A*": 2.112717, "F-Hat": 2.315932, "Risk": 2.315932, "Lookahead": 1000 }