{ "BFS": 2.748657, "A*": 2.767053, "F-Hat": 2.767053, "Risk": 2.767053, "Lookahead": 10 }