{ "BFS": 2.471051, "A*": 1.831093, "F-Hat": 2.204984, "Risk": 2.169956, "Lookahead": 10 }