{ "BFS": 1.902595, "A*": 1.902595, "F-Hat": 1.902595, "Risk": 1.902595, "Lookahead": 10 }