{ "BFS": 3.081985, "A*": 2.840512, "F-Hat": 3.784016, "Risk": 2.840512, "Lookahead": 10 }