{ "BFS": 2.634276, "A*": 2.421330, "F-Hat": 2.903773, "Risk": 2.634276, "Lookahead": 100 }