{ "BFS": 3.705435, "A*": 3.375916, "F-Hat": 3.609766, "Risk": 4.113318, "Lookahead": 10 }