{ "BFS": 3.452871, "A*": 2.996816, "F-Hat": 3.611690, "Risk": 3.452871, "Lookahead": 10 }