{ "BFS": 1.932794, "A*": 1.932794, "F-Hat": 1.932794, "Risk": 1.932794, "Lookahead": 1000 }