{ "BFS": 3.039260, "A*": 2.556289, "F-Hat": 3.101027, "Risk": 2.556289, "Lookahead": 100 }