{ "BFS": 2.450276, "A*": 2.450276, "F-Hat": 2.699483, "Risk": 2.450276, "Lookahead": 100 }