{ "BFS": 2.081258, "A*": 2.081258, "F-Hat": 2.358489, "Risk": 2.036032, "Lookahead": 10 }