{ "BFS": 1.599912, "A*": 1.599912, "F-Hat": 2.117851, "Risk": 1.599912, "Lookahead": 1000 }