{ "BFS": 3.727286, "A*": 2.910644, "F-Hat": 2.910644, "Risk": 3.175016, "Lookahead": 10 }