{ "BFS": 1.568225, "A*": 1.568225, "F-Hat": 2.258076, "Risk": 1.772526, "Lookahead": 1000 }