{ "BFS": 2.543798, "A*": 2.543798, "F-Hat": 3.139131, "Risk": 2.543798, "Lookahead": 1000 }