{ "BFS": 2.986967, "A*": 2.986967, "F-Hat": 4.009848, "Risk": 3.383803, "Lookahead": 1000 }