{ "BFS": 3.275997, "A*": 3.275997, "F-Hat": 3.311851, "Risk": 3.476346, "Lookahead": 10 }