{ "BFS": 2.495610, "A*": 2.495610, "F-Hat": 3.099320, "Risk": 2.495610, "Lookahead": 1000 }