{ "BFS": 2.754806, "A*": 2.788037, "F-Hat": 2.352423, "Risk": 2.788037, "Lookahead": 10 }