{ "BFS": 2.616596, "A*": 2.496826, "F-Hat": 2.616596, "Risk": 2.496826, "Lookahead": 100 }