{ "BFS": 3.189739, "A*": 2.915996, "F-Hat": 3.191737, "Risk": 3.189739, "Lookahead": 100 }