{ "BFS": 2.669186, "A*": 2.669186, "F-Hat": 2.669186, "Risk": 2.963630, "Lookahead": 1000 }