{ "BFS": 2.863330, "A*": 3.382594, "F-Hat": 3.508869, "Risk": 2.949358, "Lookahead": 10 }