{ "BFS": 3.000201, "A*": 2.388507, "F-Hat": 3.000201, "Risk": 2.388507, "Lookahead": 10 }