{ "BFS": 1.781776, "A*": 1.781776, "F-Hat": 1.781776, "Risk": 1.949730, "Lookahead": 100 }