{ "BFS": 2.352555, "A*": 2.352555, "F-Hat": 3.291119, "Risk": 2.352555, "Lookahead": 100 }