{ "BFS": 2.365972, "A*": 2.365972, "F-Hat": 2.534222, "Risk": 2.365972, "Lookahead": 10 }