{ "BFS": 2.710164, "A*": 2.524698, "F-Hat": 2.710164, "Risk": 2.524698, "Lookahead": 10 }