{ "BFS": 2.252596, "A*": 1.885196, "F-Hat": 1.885196, "Risk": 2.252596, "Lookahead": 10 }