{ "BFS": 3.225462, "A*": 3.225462, "F-Hat": 3.512837, "Risk": 3.408345, "Lookahead": 100 }