{ "BFS": 2.208768, "A*": 2.208768, "F-Hat": 2.831805, "Risk": 2.374222, "Lookahead": 1000 }