{ "BFS": 2.766198, "A*": 2.766198, "F-Hat": 2.766198, "Risk": 2.767571, "Lookahead": 10 }