{ "BFS": 3.365314, "A*": 2.574522, "F-Hat": 2.785684, "Risk": 2.574522, "Lookahead": 10 }