{ "BFS": 1.991267, "A*": 1.991267, "F-Hat": 1.991267, "Risk": 2.353071, "Lookahead": 1000 }