{ "BFS": 2.928617, "A*": 2.928617, "F-Hat": 3.218789, "Risk": 2.952182, "Lookahead": 1000 }