{ "BFS": 3.509578, "A*": 3.295967, "F-Hat": 2.740325, "Risk": 3.105689, "Lookahead": 10 }