{ "BFS": 3.247215, "A*": 2.954857, "F-Hat": 3.247215, "Risk": 3.153571, "Lookahead": 100 }