{ "BFS": 2.289530, "A*": 2.415418, "F-Hat": 2.289530, "Risk": 2.637561, "Lookahead": 10 }