{ "BFS": 2.450085, "A*": 2.239751, "F-Hat": 2.442964, "Risk": 2.239751, "Lookahead": 100 }