{ "BFS": 2.896993, "A*": 2.896993, "F-Hat": 3.068154, "Risk": 3.068154, "Lookahead": 1000 }