{ "BFS": 2.788603, "A*": 3.114146, "F-Hat": 2.000921, "Risk": 2.000921, "Lookahead": 10 }