{ "BFS": 1.994647, "A*": 1.994647, "F-Hat": 2.291418, "Risk": 2.197478, "Lookahead": 1000 }