{ "BFS": 3.205868, "A*": 3.205868, "F-Hat": 3.831872, "Risk": 3.521126, "Lookahead": 1000 }