{ "BFS": 2.124483, "A*": 2.124483, "F-Hat": 2.320037, "Risk": 2.124483, "Lookahead": 100 }