{ "BFS": 3.105763, "A*": 2.720620, "F-Hat": 2.540554, "Risk": 2.712125, "Lookahead": 10 }