{ "BFS": 2.787287, "A*": 2.459111, "F-Hat": 2.865553, "Risk": 3.013618, "Lookahead": 10 }