{ "BFS": 1.865072, "A*": 1.865072, "F-Hat": 2.709772, "Risk": 1.865072, "Lookahead": 1000 }