{ "BFS": 3.011810, "A*": 2.676470, "F-Hat": 2.600306, "Risk": 2.676470, "Lookahead": 10 }