{ "BFS": 2.283228, "A*": 2.283228, "F-Hat": 2.631466, "Risk": 2.360010, "Lookahead": 1000 }