{ "BFS": 2.314831, "A*": 2.314831, "F-Hat": 2.314831, "Risk": 2.314831, "Lookahead": 100 }