{ "BFS": 2.126973, "A*": 2.126973, "F-Hat": 2.243040, "Risk": 2.190612, "Lookahead": 1000 }