{ "BFS": 2.908779, "A*": 2.785591, "F-Hat": 2.785591, "Risk": 2.905104, "Lookahead": 10 }