{ "BFS": 2.298875, "A*": 2.575000, "F-Hat": 3.512159, "Risk": 2.298875, "Lookahead": 10 }