{ "BFS": 2.447590, "A*": 2.447590, "F-Hat": 2.755416, "Risk": 2.774808, "Lookahead": 10 }