{ "BFS": 2.659576, "A*": 2.659576, "F-Hat": 2.659576, "Risk": 2.659576, "Lookahead": 100 }