{ "BFS": 2.296559, "A*": 2.296559, "F-Hat": 2.296559, "Risk": 2.296559, "Lookahead": 1000 }