{ "BFS": 2.826624, "A*": 3.108651, "F-Hat": 3.108651, "Risk": 2.883672, "Lookahead": 10 }