{ "BFS": 2.312807, "A*": 2.312807, "F-Hat": 3.082644, "Risk": 2.558538, "Lookahead": 10 }