{ "BFS": 2.518779, "A*": 1.900526, "F-Hat": 2.529612, "Risk": 1.900526, "Lookahead": 10 }