{ "BFS": 3.157896, "A*": 3.120742, "F-Hat": 3.264319, "Risk": 3.372303, "Lookahead": 100 }