{ "BFS": 3.106078, "A*": 3.166928, "F-Hat": 3.190509, "Risk": 3.106078, "Lookahead": 10 }