{ "BFS": 2.883348, "A*": 2.883348, "F-Hat": 2.883348, "Risk": 3.214160, "Lookahead": 10 }