{ "BFS": 2.465568, "A*": 2.465568, "F-Hat": 3.048472, "Risk": 2.465568, "Lookahead": 100 }