{ "BFS": 2.351071, "A*": 1.937808, "F-Hat": 1.937808, "Risk": 1.937808, "Lookahead": 10 }