{ "BFS": 2.669186, "A*": 2.669186, "F-Hat": 2.669186, "Risk": 2.669186, "Lookahead": 10 }