{ "BFS": 1.770144, "A*": 1.770144, "F-Hat": 1.834306, "Risk": 1.834306, "Lookahead": 1000 }