{ "BFS": 2.442257, "A*": 2.442257, "F-Hat": 2.809931, "Risk": 2.603507, "Lookahead": 1000 }