{ "BFS": 1.220666, "A*": 1.220666, "F-Hat": 1.495304, "Risk": 1.220666, "Lookahead": 1000 }