{ "BFS": 3.039327, "A*": 3.039327, "F-Hat": 3.277508, "Risk": 3.277508, "Lookahead": 100 }