{ "BFS": 2.848768, "A*": 2.502883, "F-Hat": 2.892841, "Risk": 2.502883, "Lookahead": 10 }