{ "BFS": 3.815326, "A*": 3.479835, "F-Hat": 2.770388, "Risk": 2.533285, "Lookahead": 10 }