{ "BFS": 3.057815, "A*": 3.012000, "F-Hat": 3.057815, "Risk": 3.012000, "Lookahead": 100 }