{ "BFS": 2.190084, "A*": 2.190084, "F-Hat": 2.535640, "Risk": 2.436965, "Lookahead": 1000 }