{ "BFS": 2.772310, "A*": 2.772310, "F-Hat": 2.866774, "Risk": 2.772310, "Lookahead": 1000 }