{ "BFS": 2.765762, "A*": 2.765762, "F-Hat": 3.019337, "Risk": 3.245993, "Lookahead": 1000 }