{ "BFS": 2.589371, "A*": 2.589371, "F-Hat": 3.038174, "Risk": 2.803304, "Lookahead": 1000 }