{ "BFS": 3.561111, "A*": 3.461028, "F-Hat": 4.058022, "Risk": 3.804107, "Lookahead": 10 }