{ "BFS": 2.507120, "A*": 2.507120, "F-Hat": 2.853740, "Risk": 2.703933, "Lookahead": 100 }