{ "BFS": 1.597144, "A*": 1.597144, "F-Hat": 1.822790, "Risk": 1.597144, "Lookahead": 10 }