{ "BFS": 3.002799, "A*": 2.729558, "F-Hat": 2.729558, "Risk": 2.729558, "Lookahead": 100 }