{ "BFS": 2.818992, "A*": 2.818992, "F-Hat": 3.754775, "Risk": 3.216592, "Lookahead": 1000 }