{ "BFS": 1.813734, "A*": 1.813734, "F-Hat": 1.813734, "Risk": 2.031937, "Lookahead": 100 }