{ "BFS": 2.608948, "A*": 2.608948, "F-Hat": 3.240234, "Risk": 3.263512, "Lookahead": 1000 }