{ "BFS": 2.878582, "A*": 2.878582, "F-Hat": 3.112005, "Risk": 3.588418, "Lookahead": 100 }