{ "BFS": 2.269130, "A*": 2.269130, "F-Hat": 2.269130, "Risk": 2.654131, "Lookahead": 100 }