{ "BFS": 2.868298, "A*": 2.868298, "F-Hat": 2.868298, "Risk": 3.035796, "Lookahead": 1000 }