{ "BFS": 3.619596, "A*": 3.072369, "F-Hat": 3.072369, "Risk": 3.267691, "Lookahead": 10 }