{ "BFS": 2.166115, "A*": 2.166115, "F-Hat": 2.313798, "Risk": 2.202372, "Lookahead": 1000 }