{ "BFS": 2.247353, "A*": 2.247353, "F-Hat": 2.247353, "Risk": 2.277717, "Lookahead": 100 }