{ "BFS": 3.012901, "A*": 3.012901, "F-Hat": 3.056416, "Risk": 2.067717, "Lookahead": 10 }