{ "BFS": 2.994093, "A*": 2.994093, "F-Hat": 3.210963, "Risk": 3.210963, "Lookahead": 1000 }