{ "BFS": 3.579741, "A*": 3.209230, "F-Hat": 3.532053, "Risk": 3.532692, "Lookahead": 100 }