{ "BFS": 2.097979, "A*": 2.097979, "F-Hat": 3.057980, "Risk": 3.216532, "Lookahead": 100 }