{ "BFS": 2.452473, "A*": 2.452473, "F-Hat": 2.794735, "Risk": 2.452473, "Lookahead": 1000 }