{ "BFS": 2.723118, "A*": 2.723118, "F-Hat": 3.079717, "Risk": 3.305267, "Lookahead": 100 }