{ "BFS": 2.925977, "A*": 2.925977, "F-Hat": 3.074157, "Risk": 3.074157, "Lookahead": 1000 }