{ "BFS": 3.467995, "A*": 3.435756, "F-Hat": 3.597004, "Risk": 3.435756, "Lookahead": 100 }