{ "BFS": 2.757542, "A*": 2.719506, "F-Hat": 3.435036, "Risk": 2.719506, "Lookahead": 100 }