{ "BFS": 2.308993, "A*": 2.308993, "F-Hat": 2.308993, "Risk": 2.308993, "Lookahead": 100 }