{ "BFS": 3.137228, "A*": 2.628173, "F-Hat": 2.628173, "Risk": 2.628173, "Lookahead": 10 }