{ "BFS": 3.098815, "A*": 3.881043, "F-Hat": 3.971463, "Risk": 3.428728, "Lookahead": 10 }