{ "BFS": 2.563412, "A*": 2.491445, "F-Hat": 2.563412, "Risk": 3.179693, "Lookahead": 100 }