{ "BFS": 2.960760, "A*": 3.082468, "F-Hat": 3.418647, "Risk": 3.418647, "Lookahead": 10 }