{ "BFS": 3.192424, "A*": 3.299488, "F-Hat": 3.192424, "Risk": 3.362054, "Lookahead": 10 }