{ "BFS": 2.683135, "A*": 2.683135, "F-Hat": 3.310194, "Risk": 3.005565, "Lookahead": 100 }