{ "BFS": 3.581812, "A*": 3.581812, "F-Hat": 3.608973, "Risk": 3.517155, "Lookahead": 10 }