{ "BFS": 3.197033, "A*": 3.197033, "F-Hat": 3.197033, "Risk": 3.197033, "Lookahead": 10 }