{ "BFS": 2.325759, "A*": 2.325759, "F-Hat": 2.901020, "Risk": 2.364653, "Lookahead": 100 }