{ "BFS": 3.371004, "A*": 3.371004, "F-Hat": 3.612638, "Risk": 3.794715, "Lookahead": 10 }