{ "BFS": 3.558804, "A*": 3.401758, "F-Hat": 3.359027, "Risk": 3.401758, "Lookahead": 10 }