{ "BFS": 2.256094, "A*": 2.256094, "F-Hat": 3.187987, "Risk": 2.256094, "Lookahead": 100 }