{ "BFS": 3.211614, "A*": 3.211614, "F-Hat": 3.602157, "Risk": 3.211614, "Lookahead": 1000 }