{ "BFS": 2.322520, "A*": 2.322520, "F-Hat": 2.499254, "Risk": 2.499254, "Lookahead": 1000 }