{ "BFS": 2.896504, "A*": 2.896504, "F-Hat": 3.456755, "Risk": 2.896504, "Lookahead": 1000 }