{ "BFS": 2.359012, "A*": 2.359012, "F-Hat": 2.627294, "Risk": 2.359012, "Lookahead": 1000 }