{ "BFS": 2.368827, "A*": 2.368827, "F-Hat": 2.699739, "Risk": 2.368827, "Lookahead": 100 }