{ "BFS": 3.825093, "A*": 3.825093, "F-Hat": 3.740506, "Risk": 3.740506, "Lookahead": 10 }