{ "BFS": 3.039853, "A*": 3.039853, "F-Hat": 3.265286, "Risk": 3.488706, "Lookahead": 1000 }