{ "BFS": 3.385827, "A*": 3.364805, "F-Hat": 3.421796, "Risk": 3.364805, "Lookahead": 10 }