{ "BFS": 2.910600, "A*": 2.910600, "F-Hat": 3.723276, "Risk": 2.910600, "Lookahead": 100 }