{ "BFS": 2.664730, "A*": 2.664730, "F-Hat": 3.342524, "Risk": 3.406681, "Lookahead": 1000 }