{ "BFS": 1.680631, "A*": 1.988542, "F-Hat": 2.697930, "Risk": 1.680631, "Lookahead": 10 }