{ "BFS": 2.714365, "A*": 2.237277, "F-Hat": 2.795136, "Risk": 2.237277, "Lookahead": 100 }