{ "BFS": 1.759090, "A*": 1.759090, "F-Hat": 1.923334, "Risk": 1.759090, "Lookahead": 1000 }