{ "BFS": 3.840750, "A*": 3.662020, "F-Hat": 3.802368, "Risk": 3.802368, "Lookahead": 10 }