{ "BFS": 1.717952, "A*": 1.717952, "F-Hat": 1.717952, "Risk": 1.717952, "Lookahead": 10 }