{ "BFS": 2.693123, "A*": 2.572293, "F-Hat": 3.028654, "Risk": 3.731831, "Lookahead": 10 }