{ "BFS": 2.351354, "A*": 3.619822, "F-Hat": 2.826265, "Risk": 2.848582, "Lookahead": 10 }