{ "BFS": 3.573858, "A*": 3.038000, "F-Hat": 3.038000, "Risk": 3.287999, "Lookahead": 10 }