{ "BFS": 3.562808, "A*": 2.329534, "F-Hat": 3.562808, "Risk": 2.329534, "Lookahead": 10 }