{ "BFS": 2.396375, "A*": 2.396375, "F-Hat": 2.466914, "Risk": 2.466914, "Lookahead": 1000 }