{ "BFS": 2.598767, "A*": 2.598767, "F-Hat": 2.598767, "Risk": 3.801507, "Lookahead": 10 }