{ "BFS": 3.220883, "A*": 2.996455, "F-Hat": 3.447931, "Risk": 3.447931, "Lookahead": 10 }