{ "BFS": 3.170495, "A*": 3.170495, "F-Hat": 3.764752, "Risk": 3.170495, "Lookahead": 1000 }