{ "BFS": 2.419242, "A*": 2.419242, "F-Hat": 2.419242, "Risk": 2.983871, "Lookahead": 1000 }