{ "BFS": 3.215345, "A*": 3.215345, "F-Hat": 3.376014, "Risk": 3.266912, "Lookahead": 10 }