{ "BFS": 2.767663, "A*": 2.488840, "F-Hat": 2.894558, "Risk": 2.949921, "Lookahead": 100 }