{ "BFS": 2.820138, "A*": 2.820138, "F-Hat": 3.108049, "Risk": 3.015020, "Lookahead": 1000 }