{ "BFS": 1.789962, "A*": 1.789962, "F-Hat": 2.131602, "Risk": 1.922847, "Lookahead": 10 }