{ "BFS": 3.528837, "A*": 3.545475, "F-Hat": 3.124066, "Risk": 3.482653, "Lookahead": 10 }