{ "BFS": 2.492041, "A*": 2.460524, "F-Hat": 2.676343, "Risk": 2.460524, "Lookahead": 100 }