{ "BFS": 2.333417, "A*": 2.333417, "F-Hat": 2.333417, "Risk": 2.333417, "Lookahead": 100 }