{ "BFS": 3.723504, "A*": 3.668788, "F-Hat": 2.921130, "Risk": 3.330267, "Lookahead": 10 }