{ "BFS": 3.191153, "A*": 3.191153, "F-Hat": 4.050206, "Risk": 3.522693, "Lookahead": 1000 }