{ "BFS": 3.679810, "A*": 3.126259, "F-Hat": 3.679810, "Risk": 3.305423, "Lookahead": 100 }