{ "BFS": 1.767796, "A*": 1.767796, "F-Hat": 1.767796, "Risk": 1.767796, "Lookahead": 100 }