{ "BFS": 1.754010, "A*": 1.754010, "F-Hat": 1.754010, "Risk": 2.037539, "Lookahead": 1000 }