{ "BFS": 2.968666, "A*": 2.968666, "F-Hat": 3.532753, "Risk": 2.968666, "Lookahead": 1000 }