{ "BFS": 3.178821, "A*": 3.178821, "F-Hat": 3.626031, "Risk": 2.523322, "Lookahead": 10 }