{ "BFS": 3.236714, "A*": 3.469277, "F-Hat": 3.236714, "Risk": 3.509399, "Lookahead": 10 }