{ "BFS": 3.531994, "A*": 2.211474, "F-Hat": 2.270002, "Risk": 2.211474, "Lookahead": 10 }