{ "BFS": 2.769700, "A*": 2.769700, "F-Hat": 2.968434, "Risk": 2.769700, "Lookahead": 1000 }