{ "BFS": 2.661687, "A*": 2.661687, "F-Hat": 3.366136, "Risk": 2.661687, "Lookahead": 1000 }