{ "BFS": 3.314587, "A*": 3.314587, "F-Hat": 3.687814, "Risk": 4.083291, "Lookahead": 1000 }