{ "BFS": 2.988229, "A*": 2.272159, "F-Hat": 2.988229, "Risk": 2.988229, "Lookahead": 10 }