{ "BFS": 2.405007, "A*": 2.405007, "F-Hat": 2.516206, "Risk": 2.516206, "Lookahead": 10 }