{ "BFS": 4.168635, "A*": 3.995983, "F-Hat": 3.995983, "Risk": 3.811541, "Lookahead": 10 }