{ "BFS": 2.496590, "A*": 2.496590, "F-Hat": 3.081452, "Risk": 2.932837, "Lookahead": 10 }