{ "BFS": 2.357867, "A*": 2.357867, "F-Hat": 2.662484, "Risk": 2.814557, "Lookahead": 1000 }