{ "BFS": 2.630810, "A*": 2.630810, "F-Hat": 3.365239, "Risk": 2.630810, "Lookahead": 1000 }