{ "BFS": 3.143504, "A*": 3.143504, "F-Hat": 3.160880, "Risk": 3.160880, "Lookahead": 1000 }