{ "BFS": 2.743997, "A*": 2.743997, "F-Hat": 2.982424, "Risk": 3.057807, "Lookahead": 1000 }