{ "BFS": 2.628697, "A*": 2.516140, "F-Hat": 2.516140, "Risk": 2.093398, "Lookahead": 10 }