{ "BFS": 2.145882, "A*": 2.145882, "F-Hat": 2.047544, "Risk": 2.145882, "Lookahead": 10 }