{ "BFS": 1.754384, "A*": 1.754384, "F-Hat": 1.754384, "Risk": 1.754384, "Lookahead": 1000 }