{ "BFS": 2.864260, "A*": 2.864260, "F-Hat": 3.002137, "Risk": 3.188214, "Lookahead": 1000 }