{ "BFS": 2.735691, "A*": 2.735691, "F-Hat": 3.172035, "Risk": 3.444904, "Lookahead": 1000 }