{ "BFS": 2.912352, "A*": 2.912352, "F-Hat": 2.975781, "Risk": 4.103603, "Lookahead": 1000 }