{ "BFS": 2.762153, "A*": 2.762153, "F-Hat": 2.821256, "Risk": 2.762153, "Lookahead": 100 }