{ "BFS": 2.960844, "A*": 2.867115, "F-Hat": 2.867115, "Risk": 3.206170, "Lookahead": 10 }