{ "BFS": 2.783026, "A*": 2.783026, "F-Hat": 3.367955, "Risk": 2.783026, "Lookahead": 1000 }