{ "BFS": 2.486125, "A*": 2.244978, "F-Hat": 2.244978, "Risk": 2.244978, "Lookahead": 10 }