{ "BFS": 2.215514, "A*": 2.215514, "F-Hat": 2.745622, "Risk": 2.215514, "Lookahead": 100 }