{ "BFS": 2.865423, "A*": 2.076425, "F-Hat": 2.076425, "Risk": 2.076425, "Lookahead": 10 }