{ "BFS": 2.287113, "A*": 2.850248, "F-Hat": 2.850248, "Risk": 2.287113, "Lookahead": 10 }