{ "BFS": 2.922212, "A*": 2.606484, "F-Hat": 2.283617, "Risk": 2.283617, "Lookahead": 10 }