{ "BFS": 2.335509, "A*": 1.884864, "F-Hat": 3.270348, "Risk": 1.884864, "Lookahead": 10 }