{ "BFS": 3.505130, "A*": 3.051410, "F-Hat": 3.333787, "Risk": 3.051410, "Lookahead": 10 }