{ "BFS": 2.651632, "A*": 2.651632, "F-Hat": 2.906192, "Risk": 2.906192, "Lookahead": 10 }