{ "BFS": 2.830277, "A*": 2.830277, "F-Hat": 2.901684, "Risk": 3.204826, "Lookahead": 1000 }