{ "BFS": 2.707312, "A*": 2.707312, "F-Hat": 2.794990, "Risk": 3.287795, "Lookahead": 10 }