{ "BFS": 3.229318, "A*": 3.229318, "F-Hat": 3.239906, "Risk": 3.528161, "Lookahead": 1000 }