{ "BFS": 2.207416, "A*": 2.207416, "F-Hat": 2.207416, "Risk": 2.207416, "Lookahead": 1000 }