{ "BFS": 2.025692, "A*": 2.025692, "F-Hat": 2.025692, "Risk": 2.025692, "Lookahead": 100 }