{ "BFS": 3.448442, "A*": 3.916562, "F-Hat": 3.448442, "Risk": 4.216811, "Lookahead": 10 }