{ "BFS": 2.523143, "A*": 2.523143, "F-Hat": 2.954423, "Risk": 2.523143, "Lookahead": 100 }