{ "BFS": 2.856798, "A*": 2.856798, "F-Hat": 3.611294, "Risk": 3.346995, "Lookahead": 1000 }