{ "BFS": 2.173443, "A*": 2.173443, "F-Hat": 2.173443, "Risk": 2.173443, "Lookahead": 100 }