{ "BFS": 2.450823, "A*": 2.450823, "F-Hat": 2.860014, "Risk": 2.450823, "Lookahead": 100 }