{ "BFS": 2.257007, "A*": 2.257007, "F-Hat": 2.257007, "Risk": 2.316586, "Lookahead": 1000 }