{ "BFS": 2.546045, "A*": 2.546045, "F-Hat": 2.967330, "Risk": 3.199020, "Lookahead": 1000 }