{ "BFS": 2.533318, "A*": 2.245294, "F-Hat": 2.942544, "Risk": 2.245294, "Lookahead": 10 }