{ "BFS": 3.542109, "A*": 3.542109, "F-Hat": 3.610760, "Risk": 3.610760, "Lookahead": 100 }