{ "BFS": 2.555510, "A*": 2.555510, "F-Hat": 2.776055, "Risk": 2.776055, "Lookahead": 100 }