{ "BFS": 2.802049, "A*": 2.802049, "F-Hat": 3.061275, "Risk": 2.802049, "Lookahead": 1000 }