{ "BFS": 2.325266, "A*": 2.325266, "F-Hat": 2.325266, "Risk": 2.325266, "Lookahead": 100 }