{ "BFS": 2.976622, "A*": 2.725404, "F-Hat": 2.864664, "Risk": 3.095052, "Lookahead": 100 }