{ "BFS": 2.959507, "A*": 2.959507, "F-Hat": 2.959507, "Risk": 2.959507, "Lookahead": 1000 }