{ "BFS": 2.419260, "A*": 2.419260, "F-Hat": 3.117379, "Risk": 2.790177, "Lookahead": 1000 }