{ "BFS": 2.172891, "A*": 2.172891, "F-Hat": 2.649663, "Risk": 2.172891, "Lookahead": 1000 }