{ "BFS": 2.569526, "A*": 2.569526, "F-Hat": 2.595900, "Risk": 2.569526, "Lookahead": 100 }