{ "BFS": 2.134193, "A*": 2.134193, "F-Hat": 2.427418, "Risk": 2.134193, "Lookahead": 1000 }