{ "BFS": 2.457053, "A*": 2.379990, "F-Hat": 2.648934, "Risk": 2.379990, "Lookahead": 100 }