{ "BFS": 2.057451, "A*": 2.057451, "F-Hat": 2.604176, "Risk": 2.185746, "Lookahead": 10 }