{ "BFS": 2.652291, "A*": 2.521721, "F-Hat": 2.652291, "Risk": 2.521721, "Lookahead": 10 }