{ "BFS": 1.938661, "A*": 1.938661, "F-Hat": 2.182247, "Risk": 2.182247, "Lookahead": 1000 }