{ "BFS": 3.570774, "A*": 3.570774, "F-Hat": 3.538831, "Risk": 3.570774, "Lookahead": 10 }