{ "BFS": 1.756321, "A*": 1.756321, "F-Hat": 2.011170, "Risk": 2.363577, "Lookahead": 10 }