{ "BFS": 2.891386, "A*": 2.991793, "F-Hat": 2.770047, "Risk": 2.770047, "Lookahead": 10 }