{ "BFS": 2.173848, "A*": 2.173848, "F-Hat": 2.173848, "Risk": 2.173848, "Lookahead": 10 }