{ "BFS": 3.343620, "A*": 3.272452, "F-Hat": 3.343620, "Risk": 3.530469, "Lookahead": 10 }