{ "BFS": 2.834283, "A*": 2.691609, "F-Hat": 3.085875, "Risk": 3.046637, "Lookahead": 100 }