{ "BFS": 2.457869, "A*": 2.550217, "F-Hat": 2.457869, "Risk": 2.550217, "Lookahead": 10 }