{ "BFS": 2.483788, "A*": 2.483788, "F-Hat": 2.483788, "Risk": 2.907339, "Lookahead": 100 }