{ "BFS": 2.716504, "A*": 2.716504, "F-Hat": 3.119316, "Risk": 2.730492, "Lookahead": 1000 }