{ "BFS": 2.836845, "A*": 2.836845, "F-Hat": 3.198597, "Risk": 2.836845, "Lookahead": 1000 }