{ "BFS": 1.535534, "A*": 1.535534, "F-Hat": 1.535534, "Risk": 1.535534, "Lookahead": 100 }