{ "BFS": 1.506862, "A*": 1.506862, "F-Hat": 1.506862, "Risk": 1.506862, "Lookahead": 1000 }