{ "BFS": 3.273214, "A*": 3.283282, "F-Hat": 2.975688, "Risk": 3.612230, "Lookahead": 10 }