{ "BFS": 3.251843, "A*": 3.251843, "F-Hat": 2.747605, "Risk": 3.046336, "Lookahead": 10 }