{ "BFS": 1.735151, "A*": 1.735151, "F-Hat": 3.028111, "Risk": 1.735151, "Lookahead": 1000 }