{ "BFS": 3.690745, "A*": 3.445563, "F-Hat": 3.756218, "Risk": 3.745302, "Lookahead": 100 }