{ "BFS": 1.984061, "A*": 1.984061, "F-Hat": 1.984061, "Risk": 1.984061, "Lookahead": 1000 }