{ "BFS": 1.920070, "A*": 1.920070, "F-Hat": 2.605762, "Risk": 2.429507, "Lookahead": 1000 }