{ "BFS": 2.874929, "A*": 2.874929, "F-Hat": 3.305434, "Risk": 2.874929, "Lookahead": 10 }