{ "BFS": 2.664669, "A*": 2.664669, "F-Hat": 2.664669, "Risk": 2.664669, "Lookahead": 10 }