{ "BFS": 3.075056, "A*": 3.075056, "F-Hat": 3.075056, "Risk": 3.182744, "Lookahead": 100 }