{ "BFS": 2.287534, "A*": 2.287534, "F-Hat": 2.488319, "Risk": 2.287534, "Lookahead": 100 }