{ "BFS": 2.498578, "A*": 2.259164, "F-Hat": 3.074191, "Risk": 2.766918, "Lookahead": 100 }