{ "BFS": 2.387262, "A*": 2.387262, "F-Hat": 2.387262, "Risk": 3.043702, "Lookahead": 10 }