{ "BFS": 2.855870, "A*": 2.183279, "F-Hat": 2.183279, "Risk": 2.245167, "Lookahead": 10 }