{ "BFS": 2.511626, "A*": 2.511626, "F-Hat": 2.511626, "Risk": 2.511626, "Lookahead": 10 }