{ "BFS": 3.110399, "A*": 2.785538, "F-Hat": 2.843018, "Risk": 2.764703, "Lookahead": 10 }