{ "BFS": 2.845276, "A*": 2.585846, "F-Hat": 3.081996, "Risk": 2.585846, "Lookahead": 10 }