{ "BFS": 2.705162, "A*": 2.237336, "F-Hat": 2.963991, "Risk": 2.237336, "Lookahead": 10 }