{ "BFS": 2.861074, "A*": 2.452414, "F-Hat": 3.153747, "Risk": 2.861074, "Lookahead": 100 }