{ "BFS": 3.096027, "A*": 2.936373, "F-Hat": 2.639273, "Risk": 2.936373, "Lookahead": 10 }