{ "BFS": 3.296445, "A*": 2.827334, "F-Hat": 2.827334, "Risk": 3.152164, "Lookahead": 100 }