{ "BFS": 2.706007, "A*": 2.904018, "F-Hat": 3.273102, "Risk": 2.904018, "Lookahead": 10 }