{ "BFS": 2.473959, "A*": 2.387043, "F-Hat": 2.387043, "Risk": 2.387043, "Lookahead": 100 }