{ "BFS": 1.893302, "A*": 1.893302, "F-Hat": 1.893302, "Risk": 1.893302, "Lookahead": 10 }