{ "BFS": 1.962409, "A*": 1.962409, "F-Hat": 1.962409, "Risk": 1.962409, "Lookahead": 10 }