{ "BFS": 2.530193, "A*": 2.330507, "F-Hat": 2.330507, "Risk": 2.330507, "Lookahead": 100 }