{ "BFS": 1.929466, "A*": 1.929466, "F-Hat": 2.435138, "Risk": 1.929466, "Lookahead": 100 }