{ "BFS": 2.972865, "A*": 2.972865, "F-Hat": 3.024181, "Risk": 2.693277, "Lookahead": 10 }