{ "BFS": 2.805811, "A*": 2.805811, "F-Hat": 2.865682, "Risk": 2.805811, "Lookahead": 10 }