{ "BFS": 2.845698, "A*": 2.845698, "F-Hat": 2.845698, "Risk": 3.229672, "Lookahead": 1000 }