{ "BFS": 2.801398, "A*": 2.801398, "F-Hat": 2.801398, "Risk": 2.801398, "Lookahead": 10 }