{ "BFS": 2.048273, "A*": 2.048273, "F-Hat": 2.048273, "Risk": 2.048273, "Lookahead": 10 }