{ "BFS": 3.324311, "A*": 3.115100, "F-Hat": 3.324311, "Risk": 2.980976, "Lookahead": 10 }