{ "BFS": 3.080274, "A*": 2.950232, "F-Hat": 2.685985, "Risk": 2.685985, "Lookahead": 10 }