{ "BFS": 2.567784, "A*": 2.345106, "F-Hat": 2.757656, "Risk": 2.345106, "Lookahead": 100 }