{ "BFS": 2.784822, "A*": 2.784822, "F-Hat": 3.445497, "Risk": 3.333987, "Lookahead": 1000 }