{ "BFS": 2.950074, "A*": 2.950074, "F-Hat": 3.799021, "Risk": 2.950074, "Lookahead": 1000 }