{ "BFS": 2.769923, "A*": 2.769923, "F-Hat": 3.162572, "Risk": 2.769923, "Lookahead": 100 }