{ "BFS": 2.598199, "A*": 2.598199, "F-Hat": 2.598199, "Risk": 2.816717, "Lookahead": 1000 }