{ "BFS": 2.678580, "A*": 2.678580, "F-Hat": 3.042705, "Risk": 2.678580, "Lookahead": 1000 }