{ "BFS": 2.552668, "A*": 2.394538, "F-Hat": 2.394538, "Risk": 2.394538, "Lookahead": 10 }