{ "BFS": 2.159000, "A*": 2.159000, "F-Hat": 2.159000, "Risk": 2.159000, "Lookahead": 1000 }