{ "BFS": 2.807444, "A*": 2.807444, "F-Hat": 3.048153, "Risk": 3.335784, "Lookahead": 100 }