{ "BFS": 2.280914, "A*": 2.280914, "F-Hat": 2.636325, "Risk": 2.313330, "Lookahead": 10 }