{ "BFS": 3.010096, "A*": 2.495923, "F-Hat": 3.054705, "Risk": 2.495923, "Lookahead": 100 }