{ "BFS": 3.114127, "A*": 2.355575, "F-Hat": 2.355575, "Risk": 2.355575, "Lookahead": 10 }