{ "BFS": 3.306813, "A*": 3.294501, "F-Hat": 3.294501, "Risk": 3.294501, "Lookahead": 10 }