{ "BFS": 2.716629, "A*": 3.307576, "F-Hat": 3.307576, "Risk": 2.742773, "Lookahead": 10 }