{ "BFS": 2.181214, "A*": 2.181214, "F-Hat": 2.181214, "Risk": 2.181214, "Lookahead": 1000 }