{ "BFS": 2.734941, "A*": 2.734941, "F-Hat": 3.293214, "Risk": 2.734941, "Lookahead": 1000 }