{ "BFS": 3.031884, "A*": 3.031884, "F-Hat": 3.031884, "Risk": 3.404554, "Lookahead": 100 }