{ "BFS": 2.355808, "A*": 2.355808, "F-Hat": 2.355808, "Risk": 2.540522, "Lookahead": 10 }