{ "BFS": 1.689830, "A*": 1.689830, "F-Hat": 1.689830, "Risk": 1.689830, "Lookahead": 100 }