{ "BFS": 3.593576, "A*": 3.531038, "F-Hat": 3.531038, "Risk": 3.531038, "Lookahead": 10 }