{ "BFS": 2.160649, "A*": 2.287666, "F-Hat": 1.873028, "Risk": 2.160649, "Lookahead": 10 }