{ "BFS": 3.204597, "A*": 3.187456, "F-Hat": 3.139569, "Risk": 3.139569, "Lookahead": 10 }