{ "BFS": 2.565606, "A*": 2.565606, "F-Hat": 3.414871, "Risk": 2.565606, "Lookahead": 100 }