{ "BFS": 2.353083, "A*": 2.353083, "F-Hat": 2.597290, "Risk": 2.353083, "Lookahead": 1000 }