{ "BFS": 1.429849, "A*": 2.296808, "F-Hat": 1.429849, "Risk": 2.166045, "Lookahead": 10 }