{ "BFS": 2.519824, "A*": 2.519824, "F-Hat": 2.667308, "Risk": 2.806665, "Lookahead": 1000 }