{ "BFS": 2.222368, "A*": 2.222368, "F-Hat": 2.965280, "Risk": 2.222368, "Lookahead": 1000 }