{ "BFS": 2.975839, "A*": 2.975839, "F-Hat": 3.072258, "Risk": 3.437957, "Lookahead": 100 }