{ "BFS": 2.692768, "A*": 2.692768, "F-Hat": 3.419606, "Risk": 4.188030, "Lookahead": 100 }