{ "BFS": 2.725949, "A*": 2.721946, "F-Hat": 2.725949, "Risk": 2.780164, "Lookahead": 10 }