{ "BFS": 2.745181, "A*": 3.771865, "F-Hat": 2.923943, "Risk": 3.710325, "Lookahead": 10 }