{ "BFS": 2.613878, "A*": 2.611686, "F-Hat": 3.110481, "Risk": 3.055145, "Lookahead": 100 }