{ "BFS": 3.435841, "A*": 3.435841, "F-Hat": 3.515794, "Risk": 3.551778, "Lookahead": 100 }