{ "BFS": 3.116143, "A*": 3.116143, "F-Hat": 2.508988, "Risk": 4.039659, "Lookahead": 10 }