{ "BFS": 2.287852, "A*": 2.287852, "F-Hat": 2.528533, "Risk": 2.528533, "Lookahead": 1000 }