{ "BFS": 2.681320, "A*": 2.681320, "F-Hat": 2.681320, "Risk": 2.681320, "Lookahead": 1000 }