{ "BFS": 2.989829, "A*": 2.989829, "F-Hat": 2.989829, "Risk": 2.989829, "Lookahead": 10 }