{ "BFS": 2.867157, "A*": 2.480525, "F-Hat": 3.000935, "Risk": 2.480525, "Lookahead": 100 }