{ "BFS": 2.357324, "A*": 2.357324, "F-Hat": 2.636467, "Risk": 2.657350, "Lookahead": 1000 }