{ "BFS": 2.508293, "A*": 2.462677, "F-Hat": 2.779260, "Risk": 2.508293, "Lookahead": 100 }