{ "BFS": 2.790347, "A*": 2.790347, "F-Hat": 2.837772, "Risk": 3.151631, "Lookahead": 1000 }