{ "BFS": 1.702693, "A*": 1.702693, "F-Hat": 1.702693, "Risk": 1.702693, "Lookahead": 100 }