{ "BFS": 3.353688, "A*": 2.636561, "F-Hat": 3.125739, "Risk": 2.676377, "Lookahead": 10 }