{ "BFS": 2.704022, "A*": 2.704022, "F-Hat": 2.704022, "Risk": 2.938952, "Lookahead": 100 }