{ "BFS": 2.525079, "A*": 2.423932, "F-Hat": 2.423932, "Risk": 2.782265, "Lookahead": 100 }