{ "BFS": 3.120690, "A*": 2.751238, "F-Hat": 3.414068, "Risk": 2.751238, "Lookahead": 10 }