{ "BFS": 2.752007, "A*": 2.752007, "F-Hat": 2.752007, "Risk": 2.967051, "Lookahead": 1000 }