{ "BFS": 3.118740, "A*": 3.118740, "F-Hat": 3.247233, "Risk": 3.537763, "Lookahead": 1000 }