{ "BFS": 2.498021, "A*": 2.498021, "F-Hat": 3.295503, "Risk": 2.498021, "Lookahead": 100 }