{ "BFS": 3.059775, "A*": 3.587741, "F-Hat": 3.851988, "Risk": 3.031227, "Lookahead": 10 }