{ "BFS": 2.203427, "A*": 2.106412, "F-Hat": 2.106412, "Risk": 2.357603, "Lookahead": 10 }