{ "BFS": 2.798846, "A*": 2.798846, "F-Hat": 2.798846, "Risk": 3.127415, "Lookahead": 100 }