{ "BFS": 2.795254, "A*": 2.795254, "F-Hat": 2.810748, "Risk": 2.795254, "Lookahead": 1000 }