{ "BFS": 3.193756, "A*": 3.193756, "F-Hat": 3.725087, "Risk": 3.255328, "Lookahead": 1000 }