{ "BFS": 2.601474, "A*": 2.601474, "F-Hat": 2.739310, "Risk": 2.739310, "Lookahead": 1000 }