{ "BFS": 1.829977, "A*": 1.829977, "F-Hat": 2.146246, "Risk": 2.240862, "Lookahead": 100 }