{ "BFS": 2.990519, "A*": 2.990519, "F-Hat": 3.706830, "Risk": 3.434319, "Lookahead": 1000 }