{ "BFS": 1.935444, "A*": 1.935444, "F-Hat": 2.533041, "Risk": 2.578976, "Lookahead": 1000 }