{ "BFS": 3.387019, "A*": 2.996061, "F-Hat": 3.624607, "Risk": 3.065596, "Lookahead": 10 }