{ "BFS": 2.798573, "A*": 2.798573, "F-Hat": 2.798573, "Risk": 3.091417, "Lookahead": 100 }