{ "BFS": 2.573045, "A*": 2.501088, "F-Hat": 2.586721, "Risk": 2.586721, "Lookahead": 100 }