{ "BFS": 2.278092, "A*": 2.278092, "F-Hat": 2.516810, "Risk": 2.278092, "Lookahead": 1000 }