{ "BFS": 2.577076, "A*": 2.323643, "F-Hat": 2.577076, "Risk": 2.687987, "Lookahead": 10 }