{ "BFS": 3.007856, "A*": 3.021131, "F-Hat": 2.942560, "Risk": 3.021131, "Lookahead": 10 }