{ "BFS": 2.926772, "A*": 2.926772, "F-Hat": 3.111121, "Risk": 2.926772, "Lookahead": 1000 }