{ "BFS": 3.478758, "A*": 4.035106, "F-Hat": 3.139625, "Risk": 3.010523, "Lookahead": 10 }