{ "BFS": 2.750516, "A*": 2.750516, "F-Hat": 2.416611, "Risk": 2.964613, "Lookahead": 10 }