{ "BFS": 3.565291, "A*": 3.565291, "F-Hat": 3.720269, "Risk": 3.596007, "Lookahead": 10 }