{ "BFS": 2.392290, "A*": 2.392290, "F-Hat": 3.077636, "Risk": 2.759832, "Lookahead": 1000 }