{ "BFS": 2.337393, "A*": 2.337393, "F-Hat": 2.337393, "Risk": 2.642911, "Lookahead": 10 }