{ "BFS": 2.039936, "A*": 1.359195, "F-Hat": 1.359195, "Risk": 1.359195, "Lookahead": 10 }