{ "BFS": 3.114418, "A*": 3.377528, "F-Hat": 3.389598, "Risk": 3.114418, "Lookahead": 10 }