{ "BFS": 2.652431, "A*": 2.652431, "F-Hat": 2.652431, "Risk": 3.373101, "Lookahead": 1000 }