{ "BFS": 2.639677, "A*": 2.639677, "F-Hat": 3.001746, "Risk": 2.693431, "Lookahead": 100 }