{ "BFS": 1.916809, "A*": 1.916809, "F-Hat": 2.290313, "Risk": 1.916809, "Lookahead": 100 }