{ "BFS": 3.236506, "A*": 3.236506, "F-Hat": 3.313090, "Risk": 4.069747, "Lookahead": 1000 }