{ "BFS": 2.947586, "A*": 2.484986, "F-Hat": 2.280403, "Risk": 2.280403, "Lookahead": 10 }