{ "BFS": 2.546833, "A*": 2.533583, "F-Hat": 2.533583, "Risk": 3.124047, "Lookahead": 100 }