{ "BFS": 2.457962, "A*": 2.632189, "F-Hat": 2.665881, "Risk": 2.877152, "Lookahead": 10 }