{ "BFS": 3.327726, "A*": 3.030960, "F-Hat": 3.273895, "Risk": 3.030960, "Lookahead": 100 }