{ "BFS": 2.724573, "A*": 2.724573, "F-Hat": 3.311721, "Risk": 2.864930, "Lookahead": 1000 }