{ "BFS": 3.778179, "A*": 3.600972, "F-Hat": 3.896444, "Risk": 3.837263, "Lookahead": 10 }