{ "BFS": 2.845184, "A*": 2.661649, "F-Hat": 2.661649, "Risk": 2.661649, "Lookahead": 100 }