{ "BFS": 2.963259, "A*": 2.489154, "F-Hat": 2.540545, "Risk": 2.540545, "Lookahead": 100 }