{ "BFS": 2.346277, "A*": 2.078574, "F-Hat": 2.078574, "Risk": 2.346277, "Lookahead": 10 }