{ "BFS": 2.168485, "A*": 2.168485, "F-Hat": 3.033127, "Risk": 2.458958, "Lookahead": 1000 }