{ "BFS": 2.225916, "A*": 2.225916, "F-Hat": 3.262386, "Risk": 2.225916, "Lookahead": 100 }