{ "BFS": 3.477976, "A*": 3.127968, "F-Hat": 3.463562, "Risk": 3.433480, "Lookahead": 10 }