{ "BFS": 3.070952, "A*": 3.070952, "F-Hat": 3.680152, "Risk": 3.070952, "Lookahead": 1000 }