{ "BFS": 3.331844, "A*": 2.972967, "F-Hat": 3.020212, "Risk": 3.088393, "Lookahead": 100 }