{ "BFS": 2.150834, "A*": 2.150834, "F-Hat": 2.356067, "Risk": 2.286111, "Lookahead": 100 }