{ "BFS": 2.764862, "A*": 2.764862, "F-Hat": 2.995407, "Risk": 2.995407, "Lookahead": 1000 }