{ "BFS": 2.271894, "A*": 2.271894, "F-Hat": 2.341438, "Risk": 2.413506, "Lookahead": 1000 }