{ "BFS": 3.217854, "A*": 2.854543, "F-Hat": 3.185674, "Risk": 3.206849, "Lookahead": 100 }