{ "BFS": 2.411152, "A*": 2.411152, "F-Hat": 2.551968, "Risk": 2.411152, "Lookahead": 10 }