{ "BFS": 1.546493, "A*": 1.546493, "F-Hat": 1.787500, "Risk": 1.546493, "Lookahead": 100 }