{ "BFS": 2.978940, "A*": 2.978940, "F-Hat": 3.137153, "Risk": 2.978940, "Lookahead": 1000 }