{ "BFS": 2.959917, "A*": 2.959917, "F-Hat": 2.959917, "Risk": 2.959917, "Lookahead": 10 }