{ "BFS": 2.203585, "A*": 2.203585, "F-Hat": 2.203585, "Risk": 2.203585, "Lookahead": 1000 }