{ "BFS": 2.043791, "A*": 1.953871, "F-Hat": 2.194325, "Risk": 1.953871, "Lookahead": 100 }