{ "BFS": 2.105965, "A*": 2.105965, "F-Hat": 2.105965, "Risk": 2.768063, "Lookahead": 1000 }