{ "BFS": 2.741845, "A*": 2.741845, "F-Hat": 3.395454, "Risk": 2.741845, "Lookahead": 10 }