{ "BFS": 3.071246, "A*": 3.071246, "F-Hat": 3.071246, "Risk": 3.173790, "Lookahead": 10 }