{ "BFS": 2.960917, "A*": 2.960917, "F-Hat": 2.960917, "Risk": 2.960917, "Lookahead": 10 }