{ "BFS": 3.146075, "A*": 2.908288, "F-Hat": 2.908288, "Risk": 2.908288, "Lookahead": 100 }