{ "BFS": 1.783154, "A*": 1.625932, "F-Hat": 1.783154, "Risk": 1.625932, "Lookahead": 100 }