{ "BFS": 2.770576, "A*": 2.770576, "F-Hat": 2.826858, "Risk": 2.770576, "Lookahead": 100 }