{ "BFS": 2.572527, "A*": 2.572527, "F-Hat": 2.832859, "Risk": 2.896897, "Lookahead": 1000 }