{ "BFS": 3.677572, "A*": 3.217664, "F-Hat": 3.946018, "Risk": 3.719051, "Lookahead": 10 }