{ "BFS": 3.399831, "A*": 3.359888, "F-Hat": 3.399831, "Risk": 3.775817, "Lookahead": 100 }