{ "BFS": 2.595516, "A*": 3.113872, "F-Hat": 3.113872, "Risk": 2.943016, "Lookahead": 10 }