{ "BFS": 2.566438, "A*": 2.566438, "F-Hat": 2.659372, "Risk": 2.635499, "Lookahead": 100 }