{ "BFS": 2.892976, "A*": 2.892976, "F-Hat": 2.913665, "Risk": 3.417627, "Lookahead": 1000 }