{ "BFS": 2.715962, "A*": 2.715962, "F-Hat": 2.814899, "Risk": 2.814899, "Lookahead": 1000 }