{ "BFS": 2.222262, "A*": 2.222262, "F-Hat": 2.752494, "Risk": 2.321210, "Lookahead": 100 }