{ "BFS": 2.463164, "A*": 2.463164, "F-Hat": 2.776734, "Risk": 2.539912, "Lookahead": 10 }