{ "BFS": 2.469230, "A*": 2.469230, "F-Hat": 2.895636, "Risk": 2.537683, "Lookahead": 1000 }