{ "BFS": 2.365838, "A*": 2.365838, "F-Hat": 2.663024, "Risk": 3.155380, "Lookahead": 10 }