{ "BFS": 2.993406, "A*": 2.793541, "F-Hat": 3.239192, "Risk": 2.793541, "Lookahead": 100 }