{ "BFS": 2.835421, "A*": 2.331190, "F-Hat": 3.600600, "Risk": 2.835421, "Lookahead": 100 }