{ "BFS": 2.275694, "A*": 2.550353, "F-Hat": 2.275694, "Risk": 2.275694, "Lookahead": 10 }