{ "BFS": 2.132486, "A*": 2.132486, "F-Hat": 2.132486, "Risk": 2.132486, "Lookahead": 10 }