{ "BFS": 2.234675, "A*": 2.373666, "F-Hat": 2.402820, "Risk": 2.942875, "Lookahead": 10 }