{ "BFS": 2.895305, "A*": 2.621889, "F-Hat": 3.429542, "Risk": 2.895305, "Lookahead": 10 }