{ "BFS": 1.598710, "A*": 1.598710, "F-Hat": 1.598710, "Risk": 1.598710, "Lookahead": 1000 }