{ "BFS": 2.462685, "A*": 2.462685, "F-Hat": 2.872283, "Risk": 3.052514, "Lookahead": 1000 }