{ "BFS": 2.094370, "A*": 2.094370, "F-Hat": 2.433720, "Risk": 2.094370, "Lookahead": 10 }