{ "BFS": 2.620712, "A*": 2.620712, "F-Hat": 2.775623, "Risk": 2.620712, "Lookahead": 1000 }