{ "BFS": 3.122023, "A*": 2.785990, "F-Hat": 2.785990, "Risk": 2.785990, "Lookahead": 100 }