{ "BFS": 1.843168, "A*": 1.843168, "F-Hat": 3.405319, "Risk": 1.843168, "Lookahead": 10 }