{ "BFS": 1.492850, "A*": 1.492850, "F-Hat": 1.492850, "Risk": 2.333785, "Lookahead": 10 }