{ "BFS": 2.135329, "A*": 2.135329, "F-Hat": 2.755867, "Risk": 2.334868, "Lookahead": 100 }