{ "BFS": 3.408174, "A*": 3.125361, "F-Hat": 2.844785, "Risk": 2.306809, "Lookahead": 10 }