{ "BFS": 2.442946, "A*": 2.442946, "F-Hat": 3.028225, "Risk": 2.980069, "Lookahead": 1000 }