{ "BFS": 2.034279, "A*": 2.034279, "F-Hat": 2.034279, "Risk": 2.034279, "Lookahead": 1000 }