{ "BFS": 3.087079, "A*": 2.940984, "F-Hat": 2.940984, "Risk": 3.087079, "Lookahead": 10 }