{ "BFS": 2.302259, "A*": 2.302259, "F-Hat": 3.114899, "Risk": 2.302259, "Lookahead": 1000 }