{ "BFS": 2.678235, "A*": 2.456399, "F-Hat": 2.678235, "Risk": 2.678235, "Lookahead": 100 }