{ "BFS": 2.275496, "A*": 2.275496, "F-Hat": 2.411895, "Risk": 2.359505, "Lookahead": 10 }