{ "BFS": 2.277890, "A*": 2.277890, "F-Hat": 2.930224, "Risk": 2.631743, "Lookahead": 1000 }