{ "BFS": 2.091210, "A*": 2.541673, "F-Hat": 2.541673, "Risk": 2.541673, "Lookahead": 10 }