{ "BFS": 2.528781, "A*": 2.528781, "F-Hat": 2.905775, "Risk": 2.798228, "Lookahead": 100 }