{ "BFS": 2.805827, "A*": 3.380786, "F-Hat": 3.380786, "Risk": 3.380786, "Lookahead": 10 }