{ "BFS": 2.153118, "A*": 2.122893, "F-Hat": 2.538953, "Risk": 2.171794, "Lookahead": 100 }