{ "BFS": 2.131739, "A*": 2.106113, "F-Hat": 2.128133, "Risk": 2.106113, "Lookahead": 100 }