{ "BFS": 2.475847, "A*": 2.475847, "F-Hat": 3.326737, "Risk": 2.475847, "Lookahead": 10 }