{ "BFS": 3.274543, "A*": 2.513236, "F-Hat": 3.325545, "Risk": 2.620929, "Lookahead": 10 }