{ "BFS": 2.379999, "A*": 2.379999, "F-Hat": 3.199788, "Risk": 2.869368, "Lookahead": 10 }