{ "BFS": 2.074619, "A*": 2.074619, "F-Hat": 2.074619, "Risk": 2.074619, "Lookahead": 10 }