{ "BFS": 2.844371, "A*": 2.832878, "F-Hat": 2.844371, "Risk": 2.844371, "Lookahead": 100 }