{ "BFS": 2.580695, "A*": 2.744150, "F-Hat": 3.587724, "Risk": 2.580695, "Lookahead": 10 }