{ "BFS": 2.850291, "A*": 2.850291, "F-Hat": 2.850291, "Risk": 2.797610, "Lookahead": 10 }