{ "BFS": 2.625536, "A*": 2.625536, "F-Hat": 3.132764, "Risk": 3.056958, "Lookahead": 1000 }