{ "BFS": 2.838922, "A*": 2.838922, "F-Hat": 3.659466, "Risk": 3.494421, "Lookahead": 1000 }