{ "BFS": 2.847128, "A*": 2.847128, "F-Hat": 3.600664, "Risk": 2.922302, "Lookahead": 10 }