{ "BFS": 2.720589, "A*": 2.513316, "F-Hat": 2.941398, "Risk": 2.997692, "Lookahead": 100 }