{ "BFS": 2.558100, "A*": 2.558100, "F-Hat": 2.558100, "Risk": 2.558100, "Lookahead": 1000 }