{ "BFS": 2.723123, "A*": 2.493811, "F-Hat": 2.821161, "Risk": 2.723123, "Lookahead": 100 }