{ "BFS": 1.773553, "A*": 1.698056, "F-Hat": 1.698056, "Risk": 1.773553, "Lookahead": 10 }