{ "BFS": 2.012583, "A*": 2.012583, "F-Hat": 2.030426, "Risk": 2.030426, "Lookahead": 1000 }