{ "BFS": 3.279038, "A*": 2.817262, "F-Hat": 3.382013, "Risk": 3.213955, "Lookahead": 10 }