{ "BFS": 2.750512, "A*": 2.395667, "F-Hat": 3.236307, "Risk": 2.395667, "Lookahead": 100 }