{ "BFS": 2.857262, "A*": 2.857262, "F-Hat": 3.226637, "Risk": 2.857262, "Lookahead": 1000 }