{ "BFS": 2.721072, "A*": 2.618644, "F-Hat": 2.907135, "Risk": 2.907135, "Lookahead": 100 }