{ "BFS": 2.721944, "A*": 2.140906, "F-Hat": 2.140906, "Risk": 3.077383, "Lookahead": 10 }