{ "BFS": 3.748201, "A*": 3.692321, "F-Hat": 4.350733, "Risk": 3.692321, "Lookahead": 100 }