{ "BFS": 2.662651, "A*": 2.662651, "F-Hat": 2.662651, "Risk": 2.326398, "Lookahead": 10 }