{ "BFS": 2.192983, "A*": 2.192983, "F-Hat": 2.676005, "Risk": 2.303410, "Lookahead": 1000 }