{ "BFS": 2.856850, "A*": 2.856850, "F-Hat": 3.015460, "Risk": 3.015460, "Lookahead": 1000 }