{ "BFS": 2.219404, "A*": 2.219404, "F-Hat": 2.587145, "Risk": 2.219404, "Lookahead": 10 }