{ "BFS": 3.134666, "A*": 3.559210, "F-Hat": 3.134666, "Risk": 3.422998, "Lookahead": 10 }