{ "BFS": 2.848188, "A*": 2.892421, "F-Hat": 3.042184, "Risk": 3.042184, "Lookahead": 10 }