{ "BFS": 2.484459, "A*": 2.477080, "F-Hat": 2.477080, "Risk": 2.570511, "Lookahead": 100 }