{ "BFS": 2.522042, "A*": 2.522042, "F-Hat": 3.072217, "Risk": 2.522042, "Lookahead": 1000 }