{ "BFS": 2.822904, "A*": 2.281966, "F-Hat": 2.906022, "Risk": 2.750995, "Lookahead": 100 }