{ "BFS": 2.652544, "A*": 2.652544, "F-Hat": 2.652544, "Risk": 2.652544, "Lookahead": 1000 }