{ "BFS": 3.451236, "A*": 2.654514, "F-Hat": 2.654514, "Risk": 2.953380, "Lookahead": 10 }