{ "BFS": 2.789171, "A*": 2.789171, "F-Hat": 2.789171, "Risk": 3.073465, "Lookahead": 10 }