{ "BFS": 2.801975, "A*": 2.172891, "F-Hat": 2.649663, "Risk": 2.172891, "Lookahead": 100 }