{ "BFS": 2.513481, "A*": 2.513481, "F-Hat": 2.824264, "Risk": 2.357580, "Lookahead": 10 }