{ "BFS": 2.634774, "A*": 2.634774, "F-Hat": 3.661543, "Risk": 2.634774, "Lookahead": 1000 }