{ "BFS": 2.829461, "A*": 2.719131, "F-Hat": 3.158702, "Risk": 3.158702, "Lookahead": 10 }