{ "BFS": 3.316713, "A*": 3.006324, "F-Hat": 3.392727, "Risk": 3.006324, "Lookahead": 10 }