{ "BFS": 2.269472, "A*": 2.269472, "F-Hat": 2.700105, "Risk": 3.676558, "Lookahead": 100 }