{ "BFS": 3.712205, "A*": 2.293897, "F-Hat": 2.293897, "Risk": 2.293897, "Lookahead": 10 }