{ "BFS": 3.087956, "A*": 3.087956, "F-Hat": 2.899553, "Risk": 3.498239, "Lookahead": 10 }