{ "BFS": 2.347270, "A*": 2.347270, "F-Hat": 2.635904, "Risk": 2.664414, "Lookahead": 1000 }