{ "BFS": 2.076934, "A*": 2.076934, "F-Hat": 2.076934, "Risk": 2.269033, "Lookahead": 100 }