{ "BFS": 2.387587, "A*": 2.522601, "F-Hat": 2.458770, "Risk": 2.522601, "Lookahead": 10 }