{ "BFS": 3.126653, "A*": 3.126653, "F-Hat": 3.126653, "Risk": 3.126653, "Lookahead": 1000 }