{ "BFS": 2.414960, "A*": 2.262404, "F-Hat": 2.573131, "Risk": 2.573131, "Lookahead": 100 }