{ "BFS": 1.948626, "A*": 1.948626, "F-Hat": 2.857858, "Risk": 2.384964, "Lookahead": 1000 }