{ "BFS": 1.066851, "A*": 1.066851, "F-Hat": 1.066851, "Risk": 1.066851, "Lookahead": 1000 }