{ "BFS": 3.488111, "A*": 3.166775, "F-Hat": 3.463939, "Risk": 3.945964, "Lookahead": 100 }