{ "BFS": 3.125661, "A*": 2.593295, "F-Hat": 3.125661, "Risk": 2.593295, "Lookahead": 100 }