{ "BFS": 3.234032, "A*": 2.924948, "F-Hat": 3.423709, "Risk": 2.924948, "Lookahead": 10 }