{ "BFS": 2.567860, "A*": 2.567860, "F-Hat": 2.567860, "Risk": 2.567860, "Lookahead": 100 }