{ "BFS": 2.898366, "A*": 2.809958, "F-Hat": 2.898366, "Risk": 2.898366, "Lookahead": 100 }