{ "BFS": 3.180401, "A*": 3.180401, "F-Hat": 3.278019, "Risk": 3.355380, "Lookahead": 1000 }