{ "BFS": 1.519208, "A*": 1.519208, "F-Hat": 1.519208, "Risk": 1.631523, "Lookahead": 1000 }