{ "BFS": 2.874064, "A*": 2.874064, "F-Hat": 2.967957, "Risk": 2.967957, "Lookahead": 10 }