{ "BFS": 2.362782, "A*": 2.362782, "F-Hat": 2.692348, "Risk": 3.122400, "Lookahead": 1000 }