{ "BFS": 2.812033, "A*": 2.812033, "F-Hat": 2.812033, "Risk": 3.121456, "Lookahead": 100 }