{ "BFS": 2.592844, "A*": 2.783537, "F-Hat": 2.986761, "Risk": 2.592844, "Lookahead": 10 }