{ "BFS": 2.852070, "A*": 2.937850, "F-Hat": 2.736199, "Risk": 2.937850, "Lookahead": 10 }