{ "BFS": 2.512368, "A*": 2.367012, "F-Hat": 2.616400, "Risk": 2.917846, "Lookahead": 10 }