{ "BFS": 2.143602, "A*": 2.066597, "F-Hat": 2.143602, "Risk": 2.066597, "Lookahead": 100 }