{ "BFS": 3.217564, "A*": 2.510235, "F-Hat": 3.217564, "Risk": 2.510235, "Lookahead": 10 }