{ "BFS": 2.627078, "A*": 2.645156, "F-Hat": 2.887075, "Risk": 2.975623, "Lookahead": 100 }