{ "BFS": 2.252767, "A*": 2.252767, "F-Hat": 2.252767, "Risk": 2.252767, "Lookahead": 1000 }