{ "BFS": 2.680943, "A*": 2.680943, "F-Hat": 2.801631, "Risk": 2.680943, "Lookahead": 100 }