{ "BFS": 2.120861, "A*": 2.120861, "F-Hat": 2.120861, "Risk": 2.120861, "Lookahead": 100 }