{ "BFS": 2.138428, "A*": 2.138428, "F-Hat": 2.138428, "Risk": 2.138428, "Lookahead": 1000 }