{ "BFS": 3.553185, "A*": 3.553185, "F-Hat": 3.553185, "Risk": 3.127530, "Lookahead": 10 }