{ "BFS": 2.920310, "A*": 2.737673, "F-Hat": 2.726746, "Risk": 3.513185, "Lookahead": 10 }