{ "BFS": 2.575344, "A*": 2.575344, "F-Hat": 2.575344, "Risk": 2.575344, "Lookahead": 1000 }