{ "BFS": 3.272554, "A*": 3.272554, "F-Hat": 3.487359, "Risk": 3.583415, "Lookahead": 1000 }