{ "BFS": 2.676705, "A*": 2.621793, "F-Hat": 2.824131, "Risk": 2.766677, "Lookahead": 100 }