{ "BFS": 2.520117, "A*": 2.604750, "F-Hat": 2.520117, "Risk": 2.516754, "Lookahead": 10 }