{ "BFS": 1.774211, "A*": 1.774211, "F-Hat": 2.632454, "Risk": 2.033136, "Lookahead": 1000 }