{ "BFS": 3.356937, "A*": 3.356937, "F-Hat": 2.642090, "Risk": 2.642090, "Lookahead": 10 }