{ "BFS": 2.294262, "A*": 2.410809, "F-Hat": 2.294262, "Risk": 2.294262, "Lookahead": 10 }