{ "BFS": 3.730316, "A*": 3.730316, "F-Hat": 3.634278, "Risk": 4.203100, "Lookahead": 10 }