{ "BFS": 2.425323, "A*": 2.425323, "F-Hat": 2.652907, "Risk": 2.425323, "Lookahead": 1000 }