{ "BFS": 3.563174, "A*": 2.850639, "F-Hat": 3.273949, "Risk": 3.748792, "Lookahead": 10 }