{ "BFS": 2.294433, "A*": 2.294433, "F-Hat": 2.294433, "Risk": 2.317891, "Lookahead": 10 }