{ "BFS": 2.601870, "A*": 2.465587, "F-Hat": 2.465587, "Risk": 2.465587, "Lookahead": 100 }