{ "BFS": 3.441584, "A*": 3.441584, "F-Hat": 3.611625, "Risk": 3.661991, "Lookahead": 100 }