{ "BFS": 1.833303, "A*": 1.833303, "F-Hat": 2.329440, "Risk": 1.499955, "Lookahead": 10 }