{ "BFS": 2.899189, "A*": 2.883292, "F-Hat": 2.899189, "Risk": 3.718139, "Lookahead": 10 }