{ "BFS": 1.988353, "A*": 1.988353, "F-Hat": 1.988353, "Risk": 1.988353, "Lookahead": 1000 }