{ "BFS": 3.339025, "A*": 2.965678, "F-Hat": 3.473742, "Risk": 3.592048, "Lookahead": 100 }