{ "BFS": 2.275330, "A*": 2.275330, "F-Hat": 2.275330, "Risk": 2.127271, "Lookahead": 10 }