{ "BFS": 2.139033, "A*": 2.139033, "F-Hat": 2.139033, "Risk": 1.970014, "Lookahead": 10 }