{ "BFS": 3.104470, "A*": 3.104470, "F-Hat": 3.178234, "Risk": 3.880924, "Lookahead": 1000 }