{ "BFS": 2.652880, "A*": 2.652880, "F-Hat": 2.652880, "Risk": 3.107770, "Lookahead": 10 }