{ "BFS": 3.470965, "A*": 3.807616, "F-Hat": 3.792358, "Risk": 3.557885, "Lookahead": 10 }