{ "BFS": 2.419628, "A*": 2.419628, "F-Hat": 2.439726, "Risk": 2.821729, "Lookahead": 10 }