{ "BFS": 2.121444, "A*": 2.121444, "F-Hat": 2.121444, "Risk": 2.121444, "Lookahead": 100 }