{ "BFS": 2.524492, "A*": 2.524492, "F-Hat": 2.539736, "Risk": 2.539736, "Lookahead": 100 }