{ "BFS": 3.547983, "A*": 3.547983, "F-Hat": 3.547983, "Risk": 3.547983, "Lookahead": 10 }