{ "BFS": 1.737097, "A*": 1.737097, "F-Hat": 2.229984, "Risk": 1.737097, "Lookahead": 100 }