{ "BFS": 2.252125, "A*": 2.252125, "F-Hat": 2.346841, "Risk": 2.330095, "Lookahead": 1000 }