{ "BFS": 3.313753, "A*": 3.313753, "F-Hat": 3.731368, "Risk": 3.325275, "Lookahead": 1000 }