{ "BFS": 2.314298, "A*": 2.314298, "F-Hat": 2.314298, "Risk": 2.314298, "Lookahead": 10 }