{ "BFS": 3.014671, "A*": 2.675986, "F-Hat": 2.675986, "Risk": 2.591384, "Lookahead": 10 }