{ "BFS": 2.532940, "A*": 2.532940, "F-Hat": 2.532940, "Risk": 2.532940, "Lookahead": 1000 }