{ "BFS": 1.806457, "A*": 1.806457, "F-Hat": 2.008287, "Risk": 1.806457, "Lookahead": 1000 }