{ "BFS": 2.534354, "A*": 2.534354, "F-Hat": 3.196646, "Risk": 3.131548, "Lookahead": 1000 }