{ "BFS": 2.269554, "A*": 2.269554, "F-Hat": 2.344746, "Risk": 2.344746, "Lookahead": 1000 }