{ "BFS": 2.603727, "A*": 2.603727, "F-Hat": 2.769899, "Risk": 2.603727, "Lookahead": 100 }