{ "BFS": 2.850252, "A*": 3.252372, "F-Hat": 3.252372, "Risk": 3.690586, "Lookahead": 10 }