{ "BFS": 3.184765, "A*": 2.996119, "F-Hat": 2.996119, "Risk": 3.184765, "Lookahead": 100 }