{ "BFS": 2.546000, "A*": 2.650742, "F-Hat": 2.650742, "Risk": 2.650742, "Lookahead": 10 }