{ "BFS": 2.446073, "A*": 2.018363, "F-Hat": 2.018363, "Risk": 2.251639, "Lookahead": 10 }