{ "BFS": 2.800687, "A*": 2.800687, "F-Hat": 3.386705, "Risk": 2.831925, "Lookahead": 1000 }