{ "BFS": 2.256163, "A*": 2.256163, "F-Hat": 2.256163, "Risk": 2.291724, "Lookahead": 10 }