{ "BFS": 2.814721, "A*": 2.814721, "F-Hat": 2.882252, "Risk": 2.814721, "Lookahead": 1000 }