{ "BFS": 1.742298, "A*": 1.742298, "F-Hat": 2.170162, "Risk": 1.742298, "Lookahead": 100 }