{ "BFS": 2.710423, "A*": 2.710423, "F-Hat": 2.710423, "Risk": 2.710423, "Lookahead": 1000 }