{ "BFS": 2.937018, "A*": 2.262436, "F-Hat": 2.717368, "Risk": 2.556623, "Lookahead": 10 }