{ "BFS": 2.648403, "A*": 2.556317, "F-Hat": 2.556317, "Risk": 2.621311, "Lookahead": 100 }