{ "BFS": 2.018362, "A*": 2.234358, "F-Hat": 2.564416, "Risk": 2.296179, "Lookahead": 10 }