{ "BFS": 2.485623, "A*": 1.929859, "F-Hat": 1.929859, "Risk": 2.352335, "Lookahead": 10 }