{ "BFS": 2.896419, "A*": 2.896419, "F-Hat": 2.896419, "Risk": 2.999900, "Lookahead": 100 }