{ "BFS": 2.641765, "A*": 2.362341, "F-Hat": 2.641765, "Risk": 2.686510, "Lookahead": 100 }