{ "BFS": 3.878518, "A*": 3.878518, "F-Hat": 3.593046, "Risk": 4.144195, "Lookahead": 10 }