{ "BFS": 2.125053, "A*": 2.125053, "F-Hat": 2.125053, "Risk": 2.510939, "Lookahead": 100 }