{ "BFS": 2.548799, "A*": 2.548799, "F-Hat": 2.584742, "Risk": 2.584742, "Lookahead": 1000 }