{ "BFS": 2.575966, "A*": 2.570554, "F-Hat": 2.570554, "Risk": 2.591521, "Lookahead": 10 }