{ "BFS": 2.249491, "A*": 2.249491, "F-Hat": 2.935228, "Risk": 3.428686, "Lookahead": 1000 }