{ "BFS": 3.755089, "A*": 3.779844, "F-Hat": 3.763565, "Risk": 3.761768, "Lookahead": 100 }