{ "BFS": 2.920456, "A*": 2.891467, "F-Hat": 3.714393, "Risk": 2.891467, "Lookahead": 100 }