{ "BFS": 2.741067, "A*": 2.599351, "F-Hat": 2.849048, "Risk": 3.500312, "Lookahead": 100 }