{ "BFS": 2.388314, "A*": 2.141491, "F-Hat": 2.388314, "Risk": 2.141491, "Lookahead": 10 }