{ "BFS": 2.400572, "A*": 2.400572, "F-Hat": 2.400572, "Risk": 2.824590, "Lookahead": 10 }