{ "BFS": 3.416200, "A*": 3.269876, "F-Hat": 3.269876, "Risk": 3.269876, "Lookahead": 100 }