{ "BFS": 3.253681, "A*": 3.062190, "F-Hat": 3.636922, "Risk": 3.358405, "Lookahead": 100 }