{ "BFS": 2.239719, "A*": 2.239719, "F-Hat": 2.609711, "Risk": 3.102551, "Lookahead": 1000 }