{ "BFS": 2.725732, "A*": 2.725732, "F-Hat": 3.203938, "Risk": 3.010514, "Lookahead": 1000 }