{ "BFS": 3.355161, "A*": 3.355161, "F-Hat": 2.939739, "Risk": 3.071043, "Lookahead": 10 }