{ "BFS": 2.000184, "A*": 2.000184, "F-Hat": 2.000184, "Risk": 2.000184, "Lookahead": 10 }