{ "BFS": 2.113700, "A*": 2.113700, "F-Hat": 2.259292, "Risk": 2.113700, "Lookahead": 1000 }