{ "BFS": 2.836702, "A*": 2.429914, "F-Hat": 2.429914, "Risk": 2.429914, "Lookahead": 100 }