{ "BFS": 3.077640, "A*": 3.077640, "F-Hat": 3.077640, "Risk": 3.077640, "Lookahead": 10 }