{ "BFS": 3.161209, "A*": 3.161209, "F-Hat": 3.161209, "Risk": 4.082722, "Lookahead": 100 }