{ "BFS": 2.112337, "A*": 1.842792, "F-Hat": 2.512024, "Risk": 2.664948, "Lookahead": 100 }