{ "BFS": 3.360794, "A*": 3.674779, "F-Hat": 2.848089, "Risk": 2.848089, "Lookahead": 10 }