{ "BFS": 2.636461, "A*": 2.483710, "F-Hat": 2.709964, "Risk": 2.709964, "Lookahead": 100 }