{ "BFS": 2.909008, "A*": 2.979835, "F-Hat": 3.266061, "Risk": 2.979835, "Lookahead": 100 }