{ "BFS": 2.663853, "A*": 2.584942, "F-Hat": 2.584942, "Risk": 2.663853, "Lookahead": 10 }