{ "BFS": 2.004889, "A*": 2.004889, "F-Hat": 2.544165, "Risk": 2.004889, "Lookahead": 1000 }