{ "BFS": 2.645933, "A*": 2.645933, "F-Hat": 3.126360, "Risk": 2.765176, "Lookahead": 1000 }