{ "BFS": 3.564907, "A*": 3.182124, "F-Hat": 2.034279, "Risk": 3.322540, "Lookahead": 10 }