{ "BFS": 3.377934, "A*": 3.348189, "F-Hat": 3.403225, "Risk": 3.767235, "Lookahead": 10 }