{ "BFS": 2.308399, "A*": 2.308399, "F-Hat": 3.119232, "Risk": 2.846816, "Lookahead": 100 }