{ "BFS": 2.991304, "A*": 2.545441, "F-Hat": 2.545441, "Risk": 2.545441, "Lookahead": 10 }