{ "BFS": 3.154135, "A*": 3.554363, "F-Hat": 3.636455, "Risk": 3.154135, "Lookahead": 10 }