{ "BFS": 2.327979, "A*": 2.124501, "F-Hat": 2.327979, "Risk": 2.381838, "Lookahead": 100 }