{ "BFS": 2.945848, "A*": 2.945848, "F-Hat": 2.945848, "Risk": 3.041277, "Lookahead": 100 }