{ "BFS": 2.780938, "A*": 2.036873, "F-Hat": 2.780938, "Risk": 2.036873, "Lookahead": 10 }