{ "BFS": 2.242067, "A*": 2.242067, "F-Hat": 2.242067, "Risk": 2.242067, "Lookahead": 1000 }