{ "BFS": 2.438313, "A*": 2.177597, "F-Hat": 2.177597, "Risk": 3.115285, "Lookahead": 10 }