{ "BFS": 2.484115, "A*": 2.130274, "F-Hat": 2.130274, "Risk": 2.573268, "Lookahead": 10 }