{ "BFS": 3.925849, "A*": 3.547077, "F-Hat": 3.966083, "Risk": 3.547077, "Lookahead": 100 }