{ "BFS": 3.270158, "A*": 2.701112, "F-Hat": 2.701112, "Risk": 2.701112, "Lookahead": 10 }