{ "BFS": 2.151437, "A*": 2.151437, "F-Hat": 2.151437, "Risk": 2.151437, "Lookahead": 100 }