{ "BFS": 3.108053, "A*": 3.108053, "F-Hat": 3.511694, "Risk": 3.566055, "Lookahead": 10 }