{ "BFS": 2.588618, "A*": 2.588618, "F-Hat": 3.005088, "Risk": 3.445303, "Lookahead": 1000 }