{ "BFS": 2.420197, "A*": 2.420197, "F-Hat": 2.493909, "Risk": 2.493909, "Lookahead": 100 }