{ "BFS": 2.515201, "A*": 2.515201, "F-Hat": 2.515201, "Risk": 2.515201, "Lookahead": 100 }