{ "BFS": 2.660022, "A*": 2.660022, "F-Hat": 2.875137, "Risk": 3.264854, "Lookahead": 10 }