{ "BFS": 2.498284, "A*": 2.498284, "F-Hat": 2.660320, "Risk": 2.660320, "Lookahead": 1000 }