{ "BFS": 2.207466, "A*": 2.207466, "F-Hat": 2.564275, "Risk": 2.221794, "Lookahead": 100 }