{ "BFS": 2.814638, "A*": 2.549469, "F-Hat": 3.303036, "Risk": 2.814638, "Lookahead": 100 }