{ "BFS": 1.736825, "A*": 1.736825, "F-Hat": 1.736825, "Risk": 2.352658, "Lookahead": 100 }