{ "BFS": 2.638062, "A*": 2.638062, "F-Hat": 2.805248, "Risk": 2.840259, "Lookahead": 1000 }