{ "BFS": 3.106043, "A*": 2.733396, "F-Hat": 2.733396, "Risk": 2.733396, "Lookahead": 10 }