{ "BFS": 2.498518, "A*": 2.498518, "F-Hat": 2.770164, "Risk": 2.498518, "Lookahead": 100 }