{ "BFS": 2.903294, "A*": 2.602685, "F-Hat": 2.680108, "Risk": 2.680108, "Lookahead": 100 }