{ "BFS": 3.402034, "A*": 3.571997, "F-Hat": 3.571997, "Risk": 3.571997, "Lookahead": 10 }