{ "BFS": 2.462932, "A*": 2.903058, "F-Hat": 2.976395, "Risk": 3.050288, "Lookahead": 10 }