{ "BFS": 2.699930, "A*": 2.699930, "F-Hat": 3.285584, "Risk": 3.285675, "Lookahead": 1000 }