{ "BFS": 2.604300, "A*": 2.518283, "F-Hat": 2.633319, "Risk": 2.633319, "Lookahead": 100 }