{ "BFS": 1.843858, "A*": 1.843858, "F-Hat": 2.308083, "Risk": 1.843858, "Lookahead": 10 }