{ "BFS": 3.177457, "A*": 3.042006, "F-Hat": 3.177457, "Risk": 3.177457, "Lookahead": 100 }