{ "BFS": 2.475866, "A*": 2.367820, "F-Hat": 2.954330, "Risk": 2.883772, "Lookahead": 10 }