{ "BFS": 3.356273, "A*": 3.356273, "F-Hat": 3.356273, "Risk": 3.378504, "Lookahead": 10 }