{ "BFS": 3.206338, "A*": 3.206338, "F-Hat": 3.206338, "Risk": 3.206338, "Lookahead": 10 }