{ "BFS": 2.676307, "A*": 2.423384, "F-Hat": 2.676307, "Risk": 2.836447, "Lookahead": 100 }