{ "BFS": 2.223208, "A*": 2.223208, "F-Hat": 2.611527, "Risk": 2.631949, "Lookahead": 1000 }