{ "BFS": 2.846684, "A*": 2.598654, "F-Hat": 2.682506, "Risk": 2.677444, "Lookahead": 100 }