{ "BFS": 2.745957, "A*": 2.745957, "F-Hat": 3.194291, "Risk": 2.985599, "Lookahead": 1000 }