{ "BFS": 2.440276, "A*": 2.440276, "F-Hat": 3.608746, "Risk": 3.188268, "Lookahead": 1000 }