{ "BFS": 2.196012, "A*": 2.196012, "F-Hat": 2.196012, "Risk": 2.594538, "Lookahead": 1000 }