{ "BFS": 2.698311, "A*": 2.469440, "F-Hat": 3.056585, "Risk": 2.469440, "Lookahead": 100 }