{ "BFS": 3.175815, "A*": 3.175815, "F-Hat": 3.457216, "Risk": 3.527930, "Lookahead": 100 }