{ "BFS": 3.554905, "A*": 3.554905, "F-Hat": 3.852892, "Risk": 3.554905, "Lookahead": 1000 }