{ "BFS": 3.254823, "A*": 3.252649, "F-Hat": 3.321317, "Risk": 3.765290, "Lookahead": 10 }