{ "BFS": 2.179013, "A*": 2.362132, "F-Hat": 2.371002, "Risk": 2.362132, "Lookahead": 10 }