{ "BFS": 3.148250, "A*": 2.896713, "F-Hat": 2.896713, "Risk": 3.127338, "Lookahead": 10 }