{ "BFS": 3.306562, "A*": 3.099566, "F-Hat": 3.422718, "Risk": 3.422718, "Lookahead": 1000 }