{ "BFS": 2.513477, "A*": 2.513477, "F-Hat": 3.125242, "Risk": 3.075610, "Lookahead": 1000 }