{ "BFS": 3.507752, "A*": 3.395385, "F-Hat": 3.870312, "Risk": 3.870312, "Lookahead": 10 }