{ "BFS": 3.353724, "A*": 3.312138, "F-Hat": 3.705036, "Risk": 3.578216, "Lookahead": 10 }