{ "BFS": 3.459996, "A*": 3.284469, "F-Hat": 3.820176, "Risk": 3.284469, "Lookahead": 100 }