{ "BFS": 1.978835, "A*": 2.261502, "F-Hat": 1.978835, "Risk": 2.261502, "Lookahead": 10 }