{ "BFS": 2.384943, "A*": 2.384943, "F-Hat": 2.559854, "Risk": 2.647654, "Lookahead": 1000 }