{ "BFS": 2.417404, "A*": 2.194621, "F-Hat": 3.302094, "Risk": 2.194621, "Lookahead": 100 }