{ "BFS": 2.462796, "A*": 2.462796, "F-Hat": 2.631954, "Risk": 2.241412, "Lookahead": 10 }