{ "BFS": 3.189391, "A*": 2.986485, "F-Hat": 3.384640, "Risk": 3.384640, "Lookahead": 100 }