{ "BFS": 2.283310, "A*": 2.283310, "F-Hat": 2.765120, "Risk": 2.314306, "Lookahead": 1000 }