{ "BFS": 3.675436, "A*": 3.442930, "F-Hat": 3.956974, "Risk": 3.611104, "Lookahead": 100 }