{ "BFS": 2.209865, "A*": 2.209865, "F-Hat": 2.209865, "Risk": 2.209865, "Lookahead": 100 }