{ "BFS": 1.848488, "A*": 1.654842, "F-Hat": 1.654842, "Risk": 1.654842, "Lookahead": 100 }