{ "BFS": 2.807561, "A*": 2.807561, "F-Hat": 3.756845, "Risk": 2.807561, "Lookahead": 10 }