{ "BFS": 2.517358, "A*": 2.450497, "F-Hat": 2.100143, "Risk": 2.517358, "Lookahead": 10 }