{ "BFS": 2.981404, "A*": 2.981404, "F-Hat": 2.981404, "Risk": 2.981404, "Lookahead": 10 }