{ "BFS": 1.878530, "A*": 1.878530, "F-Hat": 2.457459, "Risk": 2.290356, "Lookahead": 100 }