{ "BFS": 1.916961, "A*": 1.916961, "F-Hat": 1.916961, "Risk": 1.916961, "Lookahead": 1000 }