{ "BFS": 2.345431, "A*": 2.345431, "F-Hat": 2.766293, "Risk": 2.345431, "Lookahead": 1000 }