{ "BFS": 3.321564, "A*": 3.393795, "F-Hat": 3.321564, "Risk": 3.393795, "Lookahead": 10 }