{ "BFS": 2.017050, "A*": 2.017050, "F-Hat": 2.017050, "Risk": 2.017050, "Lookahead": 100 }