{ "BFS": 2.644158, "A*": 2.644158, "F-Hat": 2.644158, "Risk": 3.521618, "Lookahead": 10 }