{ "BFS": 2.102570, "A*": 2.102570, "F-Hat": 2.410226, "Risk": 2.102570, "Lookahead": 1000 }