{ "BFS": 2.238527, "A*": 2.238527, "F-Hat": 2.396937, "Risk": 2.570255, "Lookahead": 100 }