{ "BFS": 2.220420, "A*": 2.220420, "F-Hat": 2.327194, "Risk": 2.493596, "Lookahead": 10 }