{ "BFS": 2.629481, "A*": 2.359144, "F-Hat": 2.359144, "Risk": 2.695968, "Lookahead": 10 }