{ "BFS": 2.415832, "A*": 2.415832, "F-Hat": 3.128756, "Risk": 2.964164, "Lookahead": 1000 }