{ "BFS": 2.309549, "A*": 2.309549, "F-Hat": 2.664308, "Risk": 2.309549, "Lookahead": 1000 }