{ "BFS": 3.291967, "A*": 3.190057, "F-Hat": 3.291967, "Risk": 3.294969, "Lookahead": 100 }