{ "BFS": 2.484942, "A*": 2.484942, "F-Hat": 2.828643, "Risk": 2.484942, "Lookahead": 1000 }