{ "BFS": 2.560358, "A*": 2.560358, "F-Hat": 2.560358, "Risk": 3.028747, "Lookahead": 10 }