{ "BFS": 2.831012, "A*": 2.820122, "F-Hat": 2.820122, "Risk": 2.998466, "Lookahead": 10 }