{ "BFS": 2.179883, "A*": 2.179883, "F-Hat": 2.179883, "Risk": 2.179883, "Lookahead": 1000 }