{ "BFS": 3.518580, "A*": 2.838738, "F-Hat": 3.477797, "Risk": 2.838738, "Lookahead": 10 }