{ "BFS": 2.049445, "A*": 2.049445, "F-Hat": 2.049445, "Risk": 2.087176, "Lookahead": 10 }