{ "BFS": 2.971759, "A*": 2.927280, "F-Hat": 3.011476, "Risk": 2.993633, "Lookahead": 100 }