{ "BFS": 2.852041, "A*": 2.852041, "F-Hat": 3.191157, "Risk": 3.575702, "Lookahead": 100 }