{ "BFS": 2.101535, "A*": 2.101535, "F-Hat": 2.885065, "Risk": 2.653083, "Lookahead": 1000 }