{ "BFS": 2.713462, "A*": 2.713462, "F-Hat": 3.058936, "Risk": 3.166285, "Lookahead": 1000 }