{ "BFS": 2.828549, "A*": 2.828549, "F-Hat": 3.033212, "Risk": 3.002346, "Lookahead": 1000 }