{ "BFS": 1.499997, "A*": 1.499997, "F-Hat": 2.904711, "Risk": 1.499997, "Lookahead": 1000 }