{ "BFS": 3.225973, "A*": 1.632733, "F-Hat": 1.632733, "Risk": 2.014866, "Lookahead": 10 }