{ "BFS": 2.665008, "A*": 2.465157, "F-Hat": 2.665008, "Risk": 2.465157, "Lookahead": 10 }