{ "BFS": 2.382031, "A*": 2.382031, "F-Hat": 2.752159, "Risk": 2.382031, "Lookahead": 1000 }