{ "BFS": 1.967200, "A*": 1.967200, "F-Hat": 2.245433, "Risk": 2.245433, "Lookahead": 100 }