{ "BFS": 2.830882, "A*": 2.830882, "F-Hat": 3.166816, "Risk": 3.166816, "Lookahead": 1000 }