{ "BFS": 2.186383, "A*": 2.186383, "F-Hat": 2.278483, "Risk": 2.710126, "Lookahead": 10 }