{ "BFS": 2.568127, "A*": 2.919534, "F-Hat": 2.718358, "Risk": 2.969694, "Lookahead": 10 }