{ "BFS": 2.306530, "A*": 2.306530, "F-Hat": 2.306530, "Risk": 2.458099, "Lookahead": 10 }