{ "BFS": 2.544943, "A*": 3.283395, "F-Hat": 1.825551, "Risk": 1.825551, "Lookahead": 10 }