{ "BFS": 3.699103, "A*": 3.699103, "F-Hat": 3.699103, "Risk": 3.699103, "Lookahead": 10 }