{ "BFS": 3.372507, "A*": 3.372507, "F-Hat": 3.630505, "Risk": 3.435595, "Lookahead": 10 }