{ "BFS": 2.880030, "A*": 2.880030, "F-Hat": 3.281323, "Risk": 3.464736, "Lookahead": 100 }