{ "BFS": 3.095835, "A*": 3.186250, "F-Hat": 3.186250, "Risk": 3.186250, "Lookahead": 10 }