{ "BFS": 2.393013, "A*": 2.393013, "F-Hat": 2.664988, "Risk": 2.664988, "Lookahead": 10 }