{ "BFS": 2.596592, "A*": 2.596592, "F-Hat": 3.179735, "Risk": 2.985146, "Lookahead": 1000 }