{ "BFS": 2.485341, "A*": 2.112238, "F-Hat": 2.508362, "Risk": 2.255283, "Lookahead": 100 }