{ "BFS": 2.050250, "A*": 2.203332, "F-Hat": 2.019050, "Risk": 2.019050, "Lookahead": 10 }