{ "BFS": 1.986829, "A*": 1.986829, "F-Hat": 1.986829, "Risk": 1.986829, "Lookahead": 100 }