{ "BFS": 2.196389, "A*": 2.196389, "F-Hat": 2.701033, "Risk": 2.677936, "Lookahead": 1000 }