{ "BFS": 2.307744, "A*": 2.307744, "F-Hat": 2.430260, "Risk": 2.482152, "Lookahead": 1000 }