{ "BFS": 3.185755, "A*": 2.973555, "F-Hat": 3.185755, "Risk": 3.185755, "Lookahead": 10 }