{ "BFS": 2.991306, "A*": 2.912651, "F-Hat": 3.146010, "Risk": 2.912651, "Lookahead": 100 }