{ "BFS": 2.653975, "A*": 2.653975, "F-Hat": 2.759049, "Risk": 2.759049, "Lookahead": 1000 }