{ "BFS": 1.947081, "A*": 1.947081, "F-Hat": 1.947081, "Risk": 1.947081, "Lookahead": 10 }