{ "BFS": 2.373214, "A*": 2.109943, "F-Hat": 2.932868, "Risk": 2.109943, "Lookahead": 100 }