{ "BFS": 2.446030, "A*": 2.446030, "F-Hat": 2.982801, "Risk": 3.200327, "Lookahead": 1000 }