{ "BFS": 2.498359, "A*": 2.242797, "F-Hat": 2.242797, "Risk": 2.242797, "Lookahead": 100 }