{ "BFS": 2.081125, "A*": 1.874170, "F-Hat": 1.924176, "Risk": 1.874170, "Lookahead": 100 }