{ "BFS": 2.374498, "A*": 2.374498, "F-Hat": 3.283637, "Risk": 3.420370, "Lookahead": 1000 }