{ "BFS": 3.218171, "A*": 3.008662, "F-Hat": 3.422334, "Risk": 3.008662, "Lookahead": 100 }