{ "BFS": 3.502857, "A*": 3.502857, "F-Hat": 3.526072, "Risk": 3.526072, "Lookahead": 1000 }