{ "BFS": 2.512850, "A*": 2.512850, "F-Hat": 2.767322, "Risk": 2.991169, "Lookahead": 1000 }