{ "BFS": 3.462289, "A*": 3.436580, "F-Hat": 3.579572, "Risk": 3.462289, "Lookahead": 10 }