{ "BFS": 3.672492, "A*": 2.345985, "F-Hat": 2.345985, "Risk": 2.345985, "Lookahead": 10 }