{ "BFS": 3.121944, "A*": 3.121944, "F-Hat": 4.041371, "Risk": 3.121944, "Lookahead": 1000 }