{ "BFS": 2.415808, "A*": 2.415808, "F-Hat": 2.942851, "Risk": 2.459618, "Lookahead": 1000 }