{ "BFS": 2.664727, "A*": 2.664727, "F-Hat": 3.335475, "Risk": 2.664727, "Lookahead": 1000 }