{ "BFS": 2.108088, "A*": 2.108088, "F-Hat": 2.228614, "Risk": 2.108088, "Lookahead": 1000 }