{ "BFS": 2.859462, "A*": 2.357465, "F-Hat": 2.357465, "Risk": 2.357465, "Lookahead": 10 }