{ "BFS": 1.964998, "A*": 1.964998, "F-Hat": 3.238064, "Risk": 1.964998, "Lookahead": 1000 }