{ "BFS": 2.668954, "A*": 2.750022, "F-Hat": 3.435364, "Risk": 2.750022, "Lookahead": 10 }