{ "BFS": 2.693374, "A*": 2.972445, "F-Hat": 3.072260, "Risk": 2.677132, "Lookahead": 10 }