{ "BFS": 2.953197, "A*": 3.139259, "F-Hat": 2.700721, "Risk": 2.493181, "Lookahead": 10 }