{ "BFS": 3.261471, "A*": 3.261471, "F-Hat": 3.261471, "Risk": 3.466434, "Lookahead": 10 }